name,ats,slug
0g Labs,ashby,0g
0x,ashby,0x
10x Team,ashby,10xteam
115 Ventures LLC,ashby,115ventures
1mind,ashby,1mind
1Password,ashby,1password
1X,ashby,1x
30 Minutes to President's Club,ashby,30mpc
3Commas,ashby,3commas
3E,ashby,3e
3i Members,ashby,3imembers
3Y Health,ashby,3y-health
"80,000 Hours",ashby,80000hours
8Fleet Inc.,ashby,8fleet-inc
9 Mothers,ashby,9-mothers
9amHealth,ashby,join9am
9fin,ashby,9fin
A Place for Mom,ashby,a-place-for-mom
A.Team,ashby,a-team
a16z,ashby,a16z
a16z New Media,ashby,a16z-new-media
Aaron School,ashby,aaron-school
Aaru,ashby,aaru
Abacum,ashby,abacum
Abby Care,ashby,abby-care
Abe,ashby,abe
Abound,ashby,abound
Abridge,ashby,abridge
Absorb,ashby,absorblms
Abundant,ashby,abundant
Abusix,ashby,abusix
Academia.edu,ashby,academia
Accelevents,ashby,accelevents
Access Destination Services,ashby,access
Accord,ashby,accord
Accurx,ashby,accurx
Ace 1 Media,ashby,ace-1-media
Acorns,ashby,acorns
Acquisition.com,ashby,acquisition
Active Site,ashby,activesite
Adapt API,ashby,adapt
adaption,ashby,adaption
Adaptive,ashby,adaptive
Adaptive Home Health,ashby,fira-health
Adaptive ML,ashby,adaptive-ml
Adaptive Security,ashby,adaptivesecurity
Addi,ashby,addi
Additive AI,ashby,additiveai
Adonis,ashby,adonis
Adthena,ashby,adthena
Aerotime,ashby,aerotime
AeroVect,ashby,aerovect
Aescape,ashby,aescape
Afference Inc,ashby,afference
Affinity Analytics,ashby,affinity
Afresh,ashby,afresh
AfterQuery,ashby,afterquery
Agen,ashby,agen
Agent,ashby,agent
Agentio,ashby,agentio
Agentis Capital Advisors,ashby,agentis-capital-advisors
AgentMail,ashby,agentmail
Aghanim,ashby,aghanim
Agreena,ashby,agreena
"Agresta, Storms & O’Leary, PC",ashby,aso-careers
AgZen,ashby,agzen
AIA Contract Documents,ashby,acd
Aida,ashby,aida
AidKit,ashby,aidkit
AIM,ashby,aim
AIOS (YC W20/S21),ashby,aios
AIR,ashby,air
Air Apps,ashby,airapps
AirGarage,ashby,airgarage
Airgoods,ashby,airgoods
AirOps,ashby,airops
Airtable,ashby,airtable
Airtasker,ashby,airtasker
Airwallex,ashby,airwallex
Aisle,ashby,aisle
Aiwyn,ashby,aiwyn
Ajax,ashby,ajax
Akur8,ashby,akur8
Alan,ashby,alan
Alcazar Energy,ashby,alcazar-energy
Alchemy,ashby,alchemy
"Alden Labs, Inc.",ashby,alden
Alembic,ashby,alembic
Aleph,ashby,aleph
Aleph Alpha,ashby,alephalpha
Alex AI,ashby,alexai
All in Bits,ashby,allinbits
Allara,ashby,allarahealth
Alleviate Health,ashby,alleviatehealth
Allica Bank,ashby,allica-bank
Allium,ashby,allium
Alljoined,ashby,alljoined
Allocate,ashby,allocate
Alloy Enterprises,ashby,alloyenterprises
Alma,ashby,tryalma
Almabase,ashby,almabase
Almedia,ashby,almedia
Alohi SA,ashby,alohi
Alpaca Health,ashby,alpacahealth
Alpha,ashby,alpha
ALSO,ashby,ridealso
Alternative Payments,ashby,alternativepayments
Altimate.ai,ashby,altimate
Altis,ashby,altis
Altura,ashby,altura
Alurion Talent Group,ashby,aluriontalentgroup
"Alva Energy, Inc",ashby,alva-energy
Ambience Healthcare,ashby,ambiencehealthcare
AMBOSS,ashby,amboss
Ambrook,ashby,ambrook
Ameba,ashby,ameba
Amenitiz Solutions,ashby,amenitiz
American Operator,ashby,americanoperator
AMI,ashby,ami
Amigo,ashby,amigo
Amma Inc.,ashby,amma
amo,ashby,amo
Amplify,ashby,amplify
Amplitude,ashby,amplitude
amplo,ashby,amplo
Anagram,ashby,anagram
Anagram,ashby,goanagram
Anam AI,ashby,anam
Anara,ashby,anara
Andela,ashby,andela
Andercore,ashby,andercore
Angi,ashby,angi
Angle Health,ashby,anglehealth
Anima,ashby,anima
Ankar,ashby,ankar
Ankorstore,ashby,ankorstore
Anna Autism Care,ashby,annaautismcare
Anon,ashby,anon
Anrok,ashby,anrok
AnsibleHealth Inc.,ashby,ansiblehealth
AnswersNow Inc,ashby,answersnow
Antai Ventures,ashby,antaiventures
Antares,ashby,antares
Anterior,ashby,anterior
Antimetal,ashby,antimetal
Antioch,ashby,antioch
Anuvaya Labs,ashby,anuvaya
Anyscale,ashby,anyscale
AnySignal,ashby,anysignal
Anything,ashby,anything
AnyVan,ashby,anyvan
Apella,ashby,apella
"Apex Technology, Inc.",ashby,apex-technology-inc
Aphex,ashby,aphex
Apify Technologies s.r.o.,ashby,apify
Apiphany,ashby,apiphany
Apollo Information Systems,ashby,apollo-information-systems
Apple Roofing,ashby,apple-roofing
Applied Behavioral Services,ashby,applied-behavioral-services
Applied Intuition,ashby,applied
AppSumo,ashby,appsumo
april,ashby,april
Apron,ashby,apron
Aptible,ashby,aptible
Aptura,ashby,aptura
Aquant,ashby,aquant
Aquatic,ashby,aquatic
Arago,ashby,arago
ARB Interactive,ashby,arb-interactive
Arbiter AI,ashby,arbiter-ai
Arbor,ashby,arbor
Arbor,ashby,findarbor
Arcade,ashby,arcade
Arcade,ashby,arcade-ai
Arcade,ashby,arcadeai
Arch Solutions,ashby,arch-solutions
Archil,ashby,archil
Architect,ashby,architect
Archive,ashby,archive
Arcturus,ashby,arcturus
"Arena Intelligence, Inc.",ashby,arena
Aries.com,ashby,aries
Arlo,ashby,arlo
Armory,ashby,armory
ARQ,ashby,arq
arqu,ashby,arqu
Arrakis Finance,ashby,arrakis
Array Behavioral Care,ashby,array-behavioral-care
Artemis,ashby,artemis
Artemis,ashby,artemisanalytics
Arthur Robotics,ashby,arthur
Articul8,ashby,articul8
"Artificial Analysis, Inc.",ashby,artificialanalysis
Artificial Intelligence Underwriting Company,ashby,aiuc
Artisan,ashby,artisan
Artsy,ashby,artsy
Ascertain,ashby,ascertain
Ashby,ashby,ashby
ashby-embed-demo-org,ashby,ashby-embed-demo-org
Asimov,ashby,asimov
Aspora,ashby,aspora
Assembled,ashby,assembledhq
Assembly,ashby,assembly
Assort Health,ashby,assorthealth
Assured,ashby,assured
Assured,ashby,assured-health
Astera Institute,ashby,astera
Astra,ashby,astra
Astral,ashby,astral
Astro Mechanica,ashby,astro-mechanica
Astrocade,ashby,astrocade
Astronomer,ashby,astronomer
Atalanta,ashby,atalanta
Ataraxis AI,ashby,ataraxis-ai
ATG,ashby,atg
Athena Actuarial Consulting,ashby,athenaactuarial
Atlan,ashby,atlan
Atlas,ashby,atlas
Atlas Oncology Partners,ashby,atlasonc
Atlas Residential,ashby,atlasresidential
AtoB,ashby,atob
Atomic,ashby,atomic
Atomic Industries,ashby,atomicindustries
Atomic Semi,ashby,atomicsemi
Atominvest,ashby,atominvest
Atria,ashby,atria
Atrix AI,ashby,atrix
Atropos Health,ashby,atroposhealth
Attention Engineering,ashby,attention
Attentive,ashby,attentivemobile
Atticus,ashby,atticus
Attio,ashby,attio
Auctor,ashby,auctor
Audacious Ventures,ashby,audacious
Audiohook,ashby,audiohook
Augur Initiative Ltd,ashby,augur
August,ashby,august
August Health,ashby,august-health
Augustus,ashby,augustus
Augustus,ashby,getivy
Aurelian,ashby,aurelian
Auror,ashby,auror
Aurora Solar,ashby,aurorasolar
"Automat, Inc.",ashby,automat
Autoscience,ashby,autoscience
Avantos AI,ashby,avantos
Aven,ashby,aven
Aviator,ashby,aviator
Avid4 Adventure,ashby,avid4
Avida,ashby,avida
Avoca,ashby,avoca
Away,ashby,away
Axel,ashby,axel
Axelera AI,ashby,axelera
Axiom,ashby,axiom
Axiom,ashby,axiom-co
Axiom,ashby,axiombio
Axion,ashby,axion
Axle Energy,ashby,axle-careers
Baba,ashby,baba
Babbel,ashby,babbel
Back Market,ashby,backmarket
Backflip,ashby,backflip
Backpack,ashby,backpack
Bankjoy,ashby,bankjoy
Barkbus,ashby,barkbus
Barnes & Thornburg LLP,ashby,barnes
Barti,ashby,barti
Basata Inc,ashby,basata
Base,ashby,base
Base Operations,ashby,base-operations
Base Power Company,ashby,base-power
Basecamp Research,ashby,basecamp-research
Baseten,ashby,baseten
Basic Capital,ashby,basiccapital
Basis AI,ashby,basis-ai
Bastion,ashby,bastion
Baton,ashby,baton
"Bayesian Health, Inc.",ashby,bayesianhealth
Beach Bum,ashby,beach-bum
Beacon AI,ashby,beaconai
Beacon Software,ashby,beaconsoftware
Beacons,ashby,beacons
Beam,ashby,beam
Beam Impact,ashby,beamimpact
Beamery,ashby,beamery
Bedford,ashby,learn-bedford
Bedrock Data,ashby,bedrock
Bedrock Ocean Exploration,ashby,bedrockocean
Believer,ashby,believer
bem,ashby,bem
Ben,ashby,ben
Benchling,ashby,benchling
Benepass,ashby,benepass
Benevity,ashby,benevity
Bento Setup Sandbox,ashby,bento
Beside,ashby,beside
Bespoke Labs,ashby,bespokelabs
Bestow,ashby,bestow
Better Health,ashby,joinbetter
Better Mortgage,ashby,better-mortgage
Bettermile,ashby,bettermile
BetterUp,ashby,betterup
Bevel,ashby,bevel
Beyond Sports,ashby,wearebeyondsports
Bhblasted,ashby,bhblasted
Biconomy,ashby,biconomy
Bifrost AI,ashby,bifrost
Bigger Games,ashby,biggergames
Billie,ashby,billie
billups,ashby,billups
Binalyze,ashby,binalyze
Binance,ashby,binance
Binti,ashby,binti
BIO,ashby,bio
Biofire,ashby,biofire
Biograph,ashby,biograph
BIOptimizers,ashby,bioptimizers
Birdie,ashby,birdie
Bitstack,ashby,bitstack
Bitvavo,ashby,bitvavo
Bjak,ashby,bjakcareer
Blackbird Labs Inc,ashby,blackbird-labs-inc
BlackBox Strategies,ashby,blackbox-strategies
Blacksmith,ashby,blacksmith
Bland,ashby,bland
Blank Metal,ashby,blank-metal
Blaxel,ashby,blaxel
Blink Tech Inc,ashby,blink
Bliro GmbH,ashby,bliro
Blissway Inc.,ashby,blissway
Block Labs,ashby,block-labs
Blockdaemon,ashby,blockdaemon
Blockhouse,ashby,blockhouse
Blockit AI,ashby,blockit
Blockstream,ashby,blockstream
Blockworks,ashby,blockworks
Blooming Health,ashby,blooming-health
Blossom Health,ashby,blossom-health
Blowhammer,ashby,blowhammer
Bloxd,ashby,bloxd
Blue AI,ashby,blue-ai
Blue Energy,ashby,blue-energy
Blueberry Pediatrics,ashby,blueberrypediatrics
BlueDot Impact,ashby,bluedot
Blumen Systems,ashby,blumen
Boam AI,ashby,boam
Body & Soul Studios,ashby,bodysoul
Bold.org,ashby,bold
Bolt,ashby,bolt
Bolt Farm Treehouse,ashby,bolt-farm
Boom,ashby,boom
Boomi,ashby,boomi
"Boon Technologies, Inc.",ashby,boon
Boost,ashby,boost
Boosters,ashby,boosters
Botanic Tonics,ashby,botanictonics
BotCrew,ashby,botcrew
Bounce,ashby,bounce
Braiins,ashby,braiins
Brain Co.,ashby,brainco
Brainly,ashby,brainly
Braintrust,ashby,braintrust
Brale,ashby,brale
"Branch Financial, LLC",ashby,branchinsurance
Breadcrumb,ashby,breadcrumb
Breadwinner,ashby,breadwinner
Breaker,ashby,breaker
Bree,ashby,bree
Brelle,ashby,brelle
Brellium,ashby,brellium
Bretton AI,ashby,brettonai
Bridger,ashby,bridger
Brighterly,ashby,brighterly
Brightline,ashby,hellobrightline
Brightstar.AI,ashby,brightstar-ai
brightwheel,ashby,brightwheel
Brigit,ashby,brigit
Brimstone,ashby,brimstone
BRINC,ashby,brinc
Brisk Teaching,ashby,brisk-teaching
Broccoli AI,ashby,broccoli
Brookwood,ashby,brookwood
Browserbase,ashby,browserbase
Bubble,ashby,bubble
Buffer,ashby,buffer
Build AI,ashby,build-ai
Build Technologies,ashby,build
Builder Prime,ashby,builder-prime
BuildingWorks,ashby,buildingworks
Buildlinx GmbH,ashby,buildlinx
Buildout,ashby,buildout
Bullpen Talent,ashby,bullpen-talent
Bumble,ashby,bumble
bunch,ashby,bunch
Bunny,ashby,bunny
Bureau,ashby,bureau
Burkland Associates,ashby,burklandassociates
BusPatrol,ashby,buspatrol
ButterflyMX,ashby,butterflymx
Button Labs,ashby,button
Bynder,ashby,bynder
C1,ashby,c1
Cache,ashby,cache
Cadre,ashby,cadre
CADRE GOVERNMENT SOLUTIONS,ashby,cadregs
Calder,ashby,calder
Camber,ashby,camber
Cambio AI Inc.,ashby,cambio
Cambium,ashby,cambium
Cambly,ashby,cambly
Cambridge Boston Alignment Initiative,ashby,cbai
Campfire,ashby,campfire
Campus,ashby,campus
Camunda,ashby,camunda
CanadaVisa,ashby,canadavisa
Canals,ashby,canals
Candid Health,ashby,candidhealth
Candid Intelligence,ashby,candidintelligence
candidate fyi,ashby,candidate.fyi
Canopy,ashby,canopy
Cantina,ashby,cantina
Capchase,ashby,capchase
Cape,ashby,cape
Capi Money,ashby,capimoney
Capsule,ashby,capsule
Carbon Health,ashby,carbonhealth
Cardless,ashby,cardless
Careers,ashby,proto-town
Careway Health,ashby,careway
Cargado,ashby,cargado
cargo.one,ashby,cargo-one
CARIAN,ashby,carian
Caribou,ashby,caribou
Carolina Complete Health Network,ashby,cchn
Carrara,ashby,carrara
Cartesia,ashby,cartesia
Caruso,ashby,caruso
Carwow,ashby,carwow
Casa,ashby,casa
Casap,ashby,casap
Casca,ashby,casca
Cascade,ashby,cascade
Casium,ashby,casium
Castle,ashby,castle
Castleton Tower,ashby,castletontower
Catalog,ashby,catalog
Catch,ashby,catch
Catchafire,ashby,catchafire
Category Labs,ashby,category-labs
Catena,ashby,catena-labs
Catio,ashby,catio
Causaly,ashby,causaly
Cedar,ashby,cedar
Cellular Intelligence,ashby,cellular-intelligence
Centari,ashby,centari
Centivo,ashby,centivo
"Certifid, Inc",ashby,certifid
CertifyOS,ashby,certifyos
Certn,ashby,certn
Cerve Global Ltd,ashby,cerve
Chai Discovery,ashby,chaidiscovery
Chainalysis,ashby,chainalysis-careers
Chalk,ashby,chalk
Chalkboard,ashby,chalkboard
Chamber,ashby,chamber
Change.org,ashby,change
Chapter,ashby,chapter
Character.AI,ashby,character
Charge Robotics,ashby,charge-robotics
Chatbase,ashby,chatbase
Check Technologies,ashby,check-technologies
Checkatrade,ashby,checkatrade
Checkly,ashby,checkly
Cheiron,ashby,cheiron
Chestnut,ashby,chestnut
Chief,ashby,chief
Chili Piper,ashby,chilipiper
Chimera Investment Corporation,ashby,chimerareit
Choco,ashby,choco
Chord,ashby,chord
Chromatic,ashby,chromatic
Chronosphere,ashby,chronospherejobs
Cinder,ashby,cinder
Circle Health,ashby,circle-health
CircuitHub,ashby,circuithub
Circular Economy Systems,ashby,circulareconomysystems
Ciro,ashby,ciro
Citadel AI,ashby,citadel-ai
Citizen,ashby,citizen
CivilGrid,ashby,civilgrid
Claim Health,ashby,claim-health
ClaimSorted,ashby,claimsorted
Clair,ashby,clair
Clarion,ashby,clarion
Clarity,ashby,clarity
ClarityPay,ashby,claritypay
Clarium,ashby,clarium
Clasp,ashby,clasp-group
ClassDojo,ashby,classdojo
Clay Labs,ashby,claylabs
clearalpha,ashby,clearalpha
ClearBank,ashby,clearbank
Clearco,ashby,clearco
Clera,ashby,clera
Cleric,ashby,cleric
Clerk,ashby,clerk
"Clerky, Inc.",ashby,clerky
Clever,ashby,clever
ClickUp,ashby,clickup
Climate Finance Solutions,ashby,climate-finance-solutions
Climatiq,ashby,climatiq
Clinically AI,ashby,clinicallyai
Clipboard,ashby,clipboard
Cloaked,ashby,cloaked
Close,ashby,close
Closetamerica,ashby,closetamerica
Cloud Accountant Staffing,ashby,cas
Cloud9,ashby,cloud9
CloudKitchens,ashby,cloudkitchens
Cloudscaler,ashby,cloudscaler
CloudTrucks,ashby,cloudtrucks
CloudZero,ashby,cloudzero
Clove,ashby,clove
Clover Sonoma,ashby,clover-sonoma
Clubhouse,ashby,clubhouse
Cluely,ashby,cluely
Clutch,ashby,withclutch
Coactive AI,ashby,coactive
Coalesce,ashby,coalesce
Coastal Community Bank,ashby,coastal
Cobot,ashby,cobot
Coco,ashby,cocodelivery
Cocoon,ashby,cocoon
Codat,ashby,codat
Code Metal,ashby,code-metal
Coder,ashby,coder
CodeRabbit,ashby,coderabbit
Codes Health,ashby,codes-health
Codex,ashby,codex
Coefficient Giving,ashby,coefficientgiving
Coframe,ashby,coframe
Cogent Security,ashby,cogent-security
Cognition,ashby,cognition
Cohen Immigration Law,ashby,cohen-immigration-law
Cohere,ashby,cohere
Coinflow,ashby,coinflow
Coinhako,ashby,coinhako
CoinTracker,ashby,cointracker
Cold Start Ventures,ashby,coldstartventures
Collective,ashby,collective
Colonist,ashby,colonist
Column,ashby,column
Column Tax,ashby,columntax
Comfy,ashby,comfy-org
Comity,ashby,comity
Common Room,ashby,commonroom
Commons,ashby,commons
Commure,ashby,commure
Compa,ashby,compa
Company name,ashby,cribl
Company.ai,ashby,company-ai
Compass Surgical Partners,ashby,compass-surgical-partners
Complement,ashby,complement
Complete,ashby,complete
Composio,ashby,composio
"Compound Planning, Inc.",ashby,compound
Comprehensive,ashby,comprehensive
CompScience,ashby,compscience
comstruct ICT,ashby,comstruct
Comulate,ashby,comulate
Comun,ashby,comun
Concourse,ashby,concourse
Condor Software,ashby,condor-software
Conductor,ashby,conductor
ConductorAI,ashby,conductorai
Conduit,ashby,conduit
Confiant,ashby,confiant
Confluent,ashby,confluent
Connectly Inc,ashby,connectly
Conquest,ashby,conquest
Conscious Talent,ashby,conscious-talent
Console,ashby,console
Constructor,ashby,constructor
Context,ashby,context
Continue,ashby,continue
Contoro Inc.,ashby,contoro
Contra,ashby,contra
Conveo.ai,ashby,conveo
Conversion,ashby,conversion
Convex,ashby,convex-dev
Convey (formerly Message Broadcast),ashby,convey
Copilot Money,ashby,copilot-money
Coral AI,ashby,coralai
Coram AI,ashby,coram-ai
Core of the Heart,ashby,coreoftheheart
coreflow,ashby,coreflow
CorePlan,ashby,coreplan
Corgi Insurance,ashby,corgi
Corridor,ashby,corridor
Cortea AI,ashby,cortea
Corti,ashby,corti
Cosine,ashby,cosine
Cosmic Robotics,ashby,cosmic-robotics
cosmos GmbH,ashby,cosmos
Council Capital,ashby,council-capital
Counsel Health,ashby,counsel
Count,ashby,count
Counterpart,ashby,counterpart
CourseCareers,ashby,coursecareers
Coverbase,ashby,coverbase
Coverdash,ashby,coverdash
CoW DAO,ashby,cow-dao
Cowboy Space Corp.,ashby,aetherflux
Coworker.ai,ashby,coworker
CPOHQ + Knoetic AI,ashby,knoetic
Cracken,ashby,crackenagi
Cradle,ashby,cradlebio
Craze,ashby,craze
Creatify Lab Inc,ashby,creatify
CreatorIQ,ashby,creatoriq
Credal,ashby,credal
Credit Genie,ashby,creditgenie
Crete Professionals Alliance,ashby,crete-professionals-alliance
CrewBloom,ashby,crewbloom
Crisp,ashby,crisp
Crisp,ashby,crispgrowth
Critical Energy,ashby,critical-energy
Crosby,ashby,crosby
crossjoin-solutions,ashby,crossjoin-solutions
Crunchbase (Lever),ashby,crunchbase
Crusoe,ashby,crusoe
Crux,ashby,cruxclimate
Cryptio,ashby,cryptio
Cside,ashby,cside
CTGT,ashby,ctgt
CUBE,ashby,cube
Cube,ashby,cubesoftware
Cubic³,ashby,cubic3
Cubist,ashby,cubist
Cuesta Partners,ashby,cuesta-partners
Curated,ashby,curated
Curie,ashby,curie
Curri,ashby,curri
cursor,ashby,cursor
CuspAI,ashby,cuspai
Customuse,ashby,customuse
Cyberhaven,ashby,cyberhaven
CYBRET AI,ashby,cybret
Cygnify,ashby,cygnify
Cylinder Health,ashby,cylinderhealth
Cyvl,ashby,cyvl
d-Matrix,ashby,d-matrix
d/dx,ashby,ddx
DailyPay,ashby,dailypay
Dakota,ashby,dakota
Dandelion Energy,ashby,dandelion
Dandy,ashby,dandy
Darkroom,ashby,darkroom
Darwin,ashby,darwin
Dash0,ashby,dash0
DataGuard,ashby,dataguard
Datatonic,ashby,datatonic
DatologyAI,ashby,datologyai
Datum,ashby,datum
Dave,ashby,dave
David AI,ashby,david-ai
David Energy,ashby,davidenergy
Davis Technology Management,ashby,davistechnologymanagement
Daydream,ashby,daydream-ai
daydream,ashby,withdaydream
DayDream,ashby,daydream
dClimate,ashby,dclimate
DDN,ashby,ddn
DealMaker,ashby,dealmaker
Decagon,ashby,decagon
Decimal,ashby,decimal
Dedale Intelligence,ashby,dedale-intelligence
Deductive AI,ashby,deductive
Deel,ashby,deel
Deepgram,ashby,deepgram
DeepJudge,ashby,deepjudge
DeepL,ashby,deepl
DeepSky,ashby,deepsky
DeepSource,ashby,deepsource
Deeptune,ashby,deeptune
Deeter Analytics,ashby,deeter-analytics
Defense,ashby,defense
Defy Security,ashby,defy-security
Dehazelabs,ashby,dehazelabs
Delian Alliance Industries,ashby,delian
Delinea,ashby,delinea
Deliveroo,ashby,deliveroo
Delphi,ashby,delphi
Deltia,ashby,deltia
Delve,ashby,delve
Demandbase,ashby,demandbase
Deposco,ashby,deposco
Depot,ashby,depot
Designworks Talent,ashby,designworkstalent
Detail,ashby,detail
Develop Health,ashby,develop-health
DevSavant Inc.,ashby,devsavant
Dex,ashby,dex
Dexmate,ashby,dexmate
Diagrid,ashby,diagrid
digg,ashby,digg
Dimension,ashby,dimension
Dimensional Inc.,ashby,dimensional
Dipper,ashby,dipper
Directive,ashby,directive
Dispatch,ashby,dispatch
Distributed Spectrum,ashby,distributed-spectrum
Distributor Wire & Cable,ashby,distributor-wire-cable
Distyl AI,ashby,distyl
Ditto,ashby,ditto
Diversified Botanics,ashby,diversified-botanics
Docebo,ashby,docebo
Docker,ashby,docker
Docplanner,ashby,docplanner
Doctolib,ashby,doctolib
Doctronic,ashby,doctronic
doe,ashby,doe
Doji,ashby,doji
DoktorTakvimi,ashby,doktortakvimi
Domu AI,ashby,domu
Don's Garage Doors,ashby,dons-garage-doors
Doppel,ashby,doppel
Doppler,ashby,doppler
DOSS,ashby,doss
"Dosu, Inc.",ashby,dosu
dottxt,ashby,dottxt
Double,ashby,double
Double the Donation,ashby,double-the-donation
Dovetail,ashby,dovetail
Dr. Comfort,ashby,drcomfort
Drata,ashby,drata
Dressly,ashby,dressly
Drogue,ashby,drogue
Droyd,ashby,droyd
DualEntry,ashby,dualentry
DubClub,ashby,dubclub
DuckDuckGo,ashby,duck-duck-go
Duet,ashby,duet
Duffel,ashby,duffel
Duna,ashby,duna
Dune,ashby,dune
Dusk,ashby,dusk
Dust,ashby,dust
Dusty,ashby,jobs
Duvo Inc,ashby,duvo
Dweet,ashby,dweet
Dwelling,ashby,dwelling
Dyna Robotics,ashby,dyna-robotics
Dynamic,ashby,dynamic
Dyneti,ashby,dyneti
Eagle,ashby,eagle
Earned,ashby,earnedwealth
Eastwood & Cleef,ashby,eastwoodcleef
Easygenerator,ashby,easygenerator
Echo Neurotechnologies,ashby,echo
EchoMark,ashby,echomark
Edia,ashby,edia
Ediphi,ashby,ediphi
EDITED,ashby,edited
Edlink,ashby,edlink
Edra,ashby,edra
EdSights,ashby,edsights
EdVisorly,ashby,edvisorly
Egra,ashby,egra
Eigen Labs,ashby,eigen-labs
Eight Sleep,ashby,eightsleep
Eka,ashby,ekarobotics
Ekho,ashby,ekho
Ekumen,ashby,ekumenlabs
ElastixAI INC.,ashby,elastix
Electric,ashby,electric
ElevenLabs,ashby,elevenlabs
Eli Health,ashby,eli
Elicit,ashby,elicit
EliseAI,ashby,eliseai
Eliza,ashby,eliza
ellamind,ashby,ellamind
Ellipsis Labs,ashby,ellipsislabs
Elliptic,ashby,elliptic
Ello,ashby,ello
Eloquent AI,ashby,eloquentai
Ema,ashby,ema
Emanate,ashby,emanate
Embeddable,ashby,embeddable
Embedding VC,ashby,embedding-vc
Emberos,ashby,emberos
embo,ashby,embo
Emergence Software,ashby,emergence
Emora Health,ashby,emora-health
Empathic,ashby,empathic
Empirical Security,ashby,empirical-security
Empora Title,ashby,empora
Endex,ashby,endex
Endgame,ashby,endgame
Endurance Energy,ashby,endurance-energy
EngFlow,ashby,engflow
Engram Lab,ashby,engram
Enode,ashby,enode
Enpal,ashby,enpal
ENS Labs,ashby,ens-labs
Ent Security,ashby,ent-security
Envoy,ashby,envoy
Epia Neuro,ashby,epianeuro
Equal Ventures,ashby,equal-ventures
Equal1,ashby,equal1
Equi,ashby,equi
Equip Health,ashby,equip
Ernest,ashby,ernest
Escape Technologies,ashby,escape
Espa Labs,ashby,espa
Essential AI,ashby,essentialai
Etched,ashby,etched
Ethereum Foundation,ashby,ethereum-foundation
ETHGlobal Inc,ashby,ethglobal
Ethyca,ashby,ethyca
Euphoric Global,ashby,euphoric
Eventual,ashby,eventualcomputing
Eventual,ashby,eventual
EverAI,ashby,everai
Everbridge,ashby,everbridge
Everfield,ashby,everfield
Everis,ashby,everis
EverOps,ashby,everops
Everself,ashby,everself
Everstar,ashby,everstar
Evertune,ashby,evertune
Evervault,ashby,evervault
Every.io,ashby,every-io
Evolve AI Ltd,ashby,evolve
Evolve Tech LLC,ashby,evolve-tech-llc
Exa,ashby,exa
Excelerate,ashby,excelerate
Exegy,ashby,exegy
Expa,ashby,expa
Expanding Circle Ltd,ashby,altruistiq
Expensify,ashby,expensify
Expressable,ashby,expressable
Extend,ashby,extend
Extend Your Team,ashby,eyt
Eye Security,ashby,eye-security
Eyebot,ashby,eyebot
"EyeTell, Inc.",ashby,eyetell
EZ Health,ashby,ezhealth
EZTexting,ashby,eztexting
F2,ashby,f2-ai
Fable Security,ashby,fable
Fabrion,ashby,fabrion
FacilityOS,ashby,facilityos
Faction,ashby,faction
Factor Eleven,ashby,factor-eleven
Factory,ashby,factory
Faculty,ashby,faculty
Falconer,ashby,falconer
Farmers Insurance,ashby,farmersd73
FarmRaise,ashby,farmraise
Farsight AI,ashby,farsight
fastino.ai,ashby,fastino-ai
Fathom,ashby,fathom
Faves,ashby,faves
Featherless AI,ashby,featherlessai
Feathery,ashby,feathery
Feathr,ashby,feathr
FeedbackFruits,ashby,feedbackfruits
Felix,ashby,felix
Fellow,ashby,fellow
Fencer,ashby,fencer
Fern,ashby,buildwithfern
Ferry,ashby,ferryhealth
fhiaremodeling,ashby,fhiaremodeling
Fiddler AI,ashby,fiddler-ai
Fiducial,ashby,fiducial
Field Technologies FZCO,ashby,infinitefield
Fieldguide,ashby,fieldguide
Fig,ashby,fig
Figure,ashby,figure
Filigran,ashby,filigran
Filmhub,ashby,filmhub
Fin,ashby,fin
Finalis,ashby,finalis
finally,ashby,finally
Finary,ashby,finary
Finch Care,ashby,finch
Finch Legal,ashby,finch-legal
Finni Health,ashby,finni-health
FINNY,ashby,finny
Finout,ashby,finout
Finvest,ashby,finvest
Firebird Music,ashby,firebirdmusic
Firecrawl,ashby,firecrawl
Firetiger,ashby,firetiger
First Resonance,ashby,first-resonance
First Round Capital,ashby,firstround
First Street,ashby,firststreet
Firsthand,ashby,firsthand
FirstMate,ashby,firstmate
FirstPrinciples,ashby,firstprinciples
Fitt Talent Partners,ashby,fitt
Fizz,ashby,fizz
Flagler Health,ashby,flaglerhealth
Flagstone,ashby,flagstone
Flai,ashby,flai
Fleek,ashby,fleek
FleetWorks,ashby,fleetworks
Flent,ashby,flentasticjobs
Flex,ashby,withflex
Flink Robotics,ashby,flink
Flint,ashby,flint
Flipper,ashby,flipper
Flipturn,ashby,flipturn
Float,ashby,float
FloatMe,ashby,floatme
Flock,ashby,flock
FLORA,ashby,flora
"FloSports, Inc.",ashby,flosports
Flow Engineering,ashby,flowengineering
Flowhub,ashby,flowhub
Flox,ashby,flox
Fluency,ashby,fluency
Fluidstack,ashby,fluidstack
FlutterFlow,ashby,flutterflow
Flux,ashby,flux
Fnatic,ashby,fnatic
Focal,ashby,focal
Focus,ashby,focus
Focused,ashby,focused
Foley,ashby,foley
Folio,ashby,folio
Fonoa,ashby,fonoa
Forerunner,ashby,forerunner
Foresight Data,ashby,foresight
Foresight Health,ashby,foresight-health
Foresite Labs (Stealth Co),ashby,foresite-labs-fl2024-006
Forge,ashby,forge
Forma,ashby,forma
Formal,ashby,formal
Formance,ashby,formance
Formenergy,ashby,formenergy
Formula,ashby,formula
Fortreum,ashby,fortreum
Forus,ashby,tandem
Found,ashby,found
Foundation,ashby,foundation
Foundation Health,ashby,foundationhealthcareers
Foundational,ashby,foundational
Founders Factory,ashby,founders-factory
Foundry for Good,ashby,foundry-for-good
Foundry Robotics Inc.,ashby,foundry-robotics
Fourier,ashby,fourier
Foursquare,ashby,foursquare
FourTwoThree,ashby,fourtwothree
Foxelli Group,ashby,foxelligroup
Foxglove,ashby,foxglove
Fractional AI,ashby,fractional-ai
Fram Energy,ashby,framenergy
Freckle,ashby,freckle
Freed,ashby,freed
Freetrade,ashby,freetrade
FreeWill,ashby,freewill
Freshpaint,ashby,freshpaint
Fresno Summit Advisors,ashby,fresnosummit
Front,ashby,frontcareers
Front Analytics,ashby,frontapp
Frontier Audio,ashby,frontier
Fruitist,ashby,fruitist
FS Studio,ashby,fs-studio
ftmo,ashby,ftmo
Fuel Cycle,ashby,fuel-cycle
Fulcrum,ashby,fulcrum
Fullstory,ashby,fullstory
Fundamental,ashby,fundamental
Fundamental Research Labs,ashby,fundamentalresearchlabs
Funding Circle,ashby,fundingcircle
Fundwell,ashby,fundwell
FuriosaAI,ashby,furiosa-ai
FURTHER,ashby,further
FurtherAI,ashby,furtherai
Fuse,ashby,fuse
Fuser,ashby,fuser
Future Works,ashby,futureworks
FutureFit AI,ashby,futurefitai
Fyxer,ashby,fyxer
G2,ashby,g2
G2i Inc.,ashby,g2i
Gadget,ashby,gadget
Gainsight,ashby,gainsight
GameChanger,ashby,gamechanger
Gamma,ashby,gamma
Garage,ashby,garage
Garage Door Doctor,ashby,garage-door-doctor
Gardens Interactive,ashby,gardens
Gearset,ashby,gearset
Gecko Robotics,ashby,gecko-robotics
Gelato,ashby,gelato
Gen Digital Inc.,ashby,gen-digital
General Context,ashby,general-context
General Intuition & Medal,ashby,medal
General Medicine,ashby,general-medicine
Generate,ashby,generate
Generator Health,ashby,generatorhealth
Genesis,ashby,genesis-ai
Genies,ashby,genies
Genmo,ashby,genmo
Genomics,ashby,genomics
Genspark Inc,ashby,genspark
Geoforce,ashby,geoforce
GetGround,ashby,getground
Ghost,ashby,ghost
Giga,ashby,gigaml
Gimlet Labs,ashby,gimlet
GitBook,ashby,gitbook
Givebutter,ashby,givebutter
Glacier,ashby,glacier
Glacis,ashby,glacis-ai
Glade,ashby,glade
Gladia,ashby,gladia
Glia,ashby,glia
Glide,ashby,glide
Glimpse,ashby,glimpse
Global X ETFs,ashby,global-x-etfs
Glomopay,ashby,glomo
Glow,ashby,glow
Glow25,ashby,glow25
Go Nimbly,ashby,go-nimbly
GoHenry,ashby,gohenry
Going,ashby,going
Good Maven,ashby,goodmaven
GoodData,ashby,gooddata
Goodlord,ashby,goodlord
GoodParty.org,ashby,goodparty
GoodShip,ashby,goodship
Goodstack,ashby,goodstack
Goody,ashby,goody
Gorgias,ashby,gorgias
Gorilla,ashby,gorilla
GotPhoto,ashby,gotphoto
GovDash,ashby,govdash
GovSignals,ashby,govsignals
GovWell,ashby,govwell
GPTZero,ashby,gptzero
GrabAGun,ashby,grabagun
Gradera Inc.,ashby,gradera
gradient,ashby,gradient
Gradient Labs,ashby,gradient-labs
Grand Intelligence,ashby,grand
Granica,ashby,granica
Granola,ashby,granola
Granted,ashby,granted
Grapevine,ashby,grapevine
Graphite,ashby,graphite
Graphite,ashby,graphitehq
Gratia,ashby,gratia
Gravity,ashby,gravity
Gravity,ashby,gravityclimate
Gravity Sketch,ashby,gravitysketch
GrayMatter Robotics,ashby,graymatter-robotics
Great Question,ashby,greatquestion
Green Tree School & Services,ashby,green-tree-school-and-services
Greenlight,ashby,greenlight
GreenLight Workforce Solutions Inc,ashby,greenlight-workforce-solutions
GreenLite,ashby,greenlitecareers
Grepr,ashby,grepr
Greptile,ashby,greptile
Grid,ashby,gridverify
GridCARE,ashby,gridcare
Gridium,ashby,gridium
GridUnity,ashby,gridunity
Griffin,ashby,griffin
Gritt Robotics Inc,ashby,gritt
Gruntwork,ashby,gruntwork
GRVT TECHNOLOGIES,ashby,grvt
GT,ashby,gt-hq
GT Bio,ashby,gt-bio
Guild.ai,ashby,guild
Gumloop,ashby,gumloop
H Company,ashby,hcompany
H3X Technologies,ashby,h3x-technologies
HackerOne,ashby,hackerone
Hadrian Automation,ashby,hadrian-automation
Halliday,ashby,halliday
Halter,ashby,halter
Hamster,ashby,hamster
Handshake,ashby,handshake
Handspring,ashby,handspring
Hang,ashby,hang
happyhotel,ashby,happyhotel
Harmattan AI,ashby,harmattan-ai
Harmonic,ashby,harmonic
"Harmonic Security, Inc",ashby,harmonic-security-inc
Harper,ashby,harperinsure
Hartbeat,ashby,hartbeat
Harvey,ashby,harvey
Hatch,ashby,hatch
Haus Analytics,ashby,haus
haven-headache,ashby,haven-headache
HavocAI,ashby,havocai
Hawk,ashby,hawk
Hawk-Eye Innovations (HEI),ashby,hawkeyeinnovations
Hayden AI,ashby,haydenai
Hayla,ashby,hayla
Haystack News,ashby,haystacknews
Hazel,ashby,hazel
Headway,ashby,headway
Health Progress Hub,ashby,healthprogresshub
"HealthAxis Group, LLC",ashby,healthaxis
HealthLeap,ashby,healthleap
HealthSherpa,ashby,healthsherpa
Hedra,ashby,hedra
Heirloom Carbon,ashby,heirloomcarbon
Helion,ashby,helion
Helius,ashby,helius
Heliux Inc.,ashby,heliux
Hello Patient,ashby,hellopatient
Hellyeah AI,ashby,finalroundai
Helm.ai,ashby,helm-ai
Help Scout,ashby,helpscout
Hera,ashby,hellohera
Hercules,ashby,hercules
Heron Data,ashby,herondata
Heron Power,ashby,heron-power
Hexa,ashby,hexa
HeyJobs,ashby,heyjobs
HIFI,ashby,hifi
Higgsfield,ashby,higgsfieldai
Higharc,ashby,higharc
Highbeam,ashby,highbeam
HighlightTA,ashby,highlightta
Hightouch,ashby,hightouch
Hiive,ashby,hiive
Hike Medical,ashby,hike-medical
Hilbert's AI,ashby,hilberts
Hims & Hers,ashby,hims-and-hers
Hinge Health,ashby,hinge-health
Hire Hangar,ashby,hirehangar
hirehire,ashby,hirehire
Hiring Pros,ashby,hiring-pros
Hive Health,ashby,hivehealth
HiveMQ GmbH,ashby,hivemq
Hiverge Ltd,ashby,hiverge
HiveSmart Consulting,ashby,hivesmart-consulting
Hiya,ashby,hiya
Hobbes,ashby,hobbes
HockeyStack,ashby,hockeystack
Homebase,ashby,homebase
Homebot,ashby,homebot
Homebound,ashby,homebound
Homera Health,ashby,homera-health
HomeVision,ashby,homevision
HoneyBook,ashby,honeybook
Honeydew,ashby,honeydew
Hook,ashby,hook
Hook Music,ashby,hookmusic
Hooli,ashby,hooli
Hopae,ashby,hopae
Hopper,ashby,hopper
Horizon Institute for Public Service,ashby,horizon
Horizon3 AI,ashby,horizon3ai
Hostinger,ashby,hostinger
Hotplate,ashby,hotplate
Hotspex Media,ashby,hotspexmedia
Hoxhunt,ashby,hoxhunt
HRS,ashby,hrs
HTTPie,ashby,httpie
Hubstaff,ashby,hubstaff
HUD,ashby,hud
Hudson River Trading,ashby,hrt
Hudu,ashby,hudu
Humaans,ashby,humaans
HUMAN,ashby,human
Humanly,ashby,humanly
Humanoid,ashby,humanoid
humans&,ashby,humans-and
"Humata Health, Inc",ashby,humatahealth
Hutora,ashby,hutora
HV Capital Manager,ashby,hv
Hyde,ashby,hyde
Hyperbolic Labs,ashby,hyperbolic
Hyperbound,ashby,hyperbound
Hypercore Inc.,ashby,hypercore
hyperexponential,ashby,hyperexponential
HyperHug,ashby,hyperhug
Hyperscale,ashby,hyperscale
i3D.net,ashby,i3d
IA Collaborative,ashby,iacollaborative
"Iambic Therapeutics, Inc",ashby,iambic-therapeutics
Ibotta,ashby,ibotta
ICEYE,ashby,iceye
Icon,ashby,icon
Ideals,ashby,ideals
Ideogram,ashby,ideogram
Idler,ashby,idler
Ignition,ashby,ignition
ILLUIN Technology,ashby,illuin
Illumio,ashby,illumio
Immersive,ashby,immersivelabs
imper.ai,ashby,imper
Imprint,ashby,imprint
Improbable,ashby,improbable
Impulse Labs,ashby,impulse
Inato,ashby,inato
Incandescent,ashby,incandescent
Incard,ashby,incard
incident.io,ashby,incident
Inclined,ashby,inclined
Indent,ashby,indent
Inductive Bio,ashby,inductive-bio
Industrious,ashby,industrious
Ineffable Intelligence,ashby,ineffable
Inertia,ashby,inertia
Inferact,ashby,inferact
Inference,ashby,inference
Infinitus Systems,ashby,infinitus
Infinity,ashby,infinity-constellation
Infisical,ashby,infisical
InfluxData,ashby,influxdata
Infracost,ashby,infracost
Injective,ashby,injective
Inkeep,ashby,inkeep
Innatera Nanosystems,ashby,innatera
Inngest,ashby,inngest
Inovalon,ashby,inovalon
Inshur,ashby,inshur
insitro,ashby,insitro
Inspiration Commerce Group,ashby,inspiration-commerce-group
Inspiren,ashby,inspiren
Instil Software Ltd,ashby,instil
"Instructure, Inc.",ashby,instructure
Integral,ashby,integral
Intellistack,ashby,intellistack
Interaction,ashby,interaction
Interface,ashby,interface
Interplay,ashby,interplay
Intology,ashby,intology
Intrinsic,ashby,intrinsic
Intro,ashby,intro
IntusCare,ashby,intus
Inversion,ashby,inversion-cap
Invert,ashby,invert
Investors Heritage,ashby,investorsheritage
Iridium Consulting Ltd,ashby,iridiumc
Ironclad,ashby,ironcladhq
Irreducible,ashby,irreducible
irregular,ashby,irregular
Isometric,ashby,isometric
iVerify,ashby,iverify
Ivo Inc.,ashby,ivo-inc
iyo,ashby,iyo
Jack & Jill,ashby,jack-jill-external-ats
Jameda,ashby,jameda
Jane,ashby,jane
January,ashby,january
Jellyfish,ashby,jellyfish
Jellyfish,ashby,jellyfishcareers
Jigsaw Tech,ashby,jigsaw
Jinba.io,ashby,carnot-ai
Jitter,ashby,jitter
Jobber,ashby,jobber
Joko,ashby,joko
Jolly,ashby,jolly
JOOR,ashby,joor
Josys,ashby,josys
Joyful Health,ashby,joyfulhealth
Joyteractive,ashby,joyteractive
Jua,ashby,jua
Juicebox,ashby,juicebox
Julius AI,ashby,julius
Jump,ashby,jump
Jump,ashby,jump-app
Junction,ashby,junction
Junior AI,ashby,junior
Juniper Square,ashby,junipersquare
Juno,ashby,juno
JUPUS,ashby,jupus
Juro,ashby,juro
JustPlay GmbH,ashby,justplay-gmbh
k-ID,ashby,k-id
KAANNAN & Associates,ashby,kaannan
Kafene,ashby,kafene
Kaizen Labs,ashby,kaizenlabs
Kale,ashby,kale
Kalibri Labs,ashby,kalibri-labs
Kallikor,ashby,kallikor
Kalshi,ashby,kalshi
Kamiwaza AI,ashby,kamiwaza
Kastle,ashby,kastle
Katana,ashby,katana
Katapult Labs,ashby,katapult-labs
KAYAK,ashby,kayak
Keel,ashby,keel
Keep,ashby,keep
KeepTruckin,ashby,keeptruckin
Kepler,ashby,kepler
Keragon Inc,ashby,keragon
Kernel,ashby,kernel
Kernel,ashby,usekernel
Kevin's Natural Foods,ashby,kevins-natural-foods
Keyrock,ashby,keyrock
Kiddom,ashby,kiddom
Kilo Code,ashby,kilocode
Kin Insurance,ashby,kin
Kindred,ashby,kindred
Kinetic,ashby,kinetic
Kingdom,ashby,kingdom
Kins,ashby,kins
Kinship,ashby,kinship
Kinstead,ashby,kinsteadhealth
Kira,ashby,kira
Kirin,ashby,kirin
Kit,ashby,kit
Kittl,ashby,kittl
Kiwi Financial Inc,ashby,kiwi
Klarity,ashby,klarity-ai
Klim GmbH,ashby,klim
Klue,ashby,klue
Knock,ashby,knock
Knot,ashby,knot
Knowledge Road,ashby,knowledge-road
Known,ashby,known
knownwell,ashby,knownwell
Knowtex,ashby,knowtex
Knowunity GmbH,ashby,knowunity
Kodex,ashby,kodex
Kodifly,ashby,kodifly
Kognitos,ashby,kognitos
Kognity,ashby,kognity
KOHO,ashby,koho
Kombo,ashby,kombo
Kong,ashby,kong
Kontakt.io,ashby,kontakt
Konvu,ashby,konvu
Kota,ashby,kota
Kovo,ashby,kovo
Kraken (Analytics Only),ashby,kraken
Kraken Kinetics,ashby,kraken-kinetics
Krea,ashby,krea
Krew,ashby,krew
Kueski,ashby,kueski
Kustomer,ashby,kustomer
Kyan Health,ashby,kyanhealth
KYP Holding B.V.,ashby,kyp
Kyra,ashby,kyra
LABHOUSE,ashby,labhouse
Ladder,ashby,ladder
Lago,ashby,lago
Lambda,ashby,lambda
Lanai,ashby,lanai
Lance,ashby,lance
LanceDB,ashby,lancedb
LangChain,ashby,langchain
Langdock,ashby,langdock
Langfuse,ashby,langfuse
LAP Coffee,ashby,lap
Lark Health,ashby,lark
LAT Aerospace Private,ashby,lat
LatamCent,ashby,latamcent
Latent,ashby,latent
Latent Labs,ashby,latentlabs
Latitude,ashby,latitude
LaunchDarkly,ashby,launchdarkly
LaunchWell Group,ashby,launchwellgroup
Laurel,ashby,laurel
Lavendo,ashby,lavendo
LawDepot,ashby,lawdepot
Lawhive,ashby,lawhive
Layer,ashby,layer
Lazer,ashby,lazer
Lead,ashby,leadbank
Lean TECHniques,ashby,leantechniques
Lean Technologies,ashby,leantech
Leap,ashby,leap
Leapsome,ashby,leapsome
Learner,ashby,learner
Leavitt Group,ashby,leavitt
Ledge,ashby,ledge
Ledger,ashby,ledger
Legion Health,ashby,legionhealth
Legora AB,ashby,legora
Leland,ashby,leland
LemFi,ashby,lemfi
lemlist,ashby,lemlist
lemon.markets,ashby,lemon-markets
lemonade,ashby,lemonade
Lendable,ashby,lendable
LENS Inc.,ashby,lens
Leona Health,ashby,leona
"Leopard, Inc.",ashby,leopard
Leopards,ashby,leopards
LeoVegas Gaming Group,ashby,leovegas
Letta,ashby,letta
Level,ashby,level
Levelpath,ashby,levelpath
Leveraged Media,ashby,leveragedmedia
Lexroom,ashby,lexroom
LG Ad Solutions,ashby,lgads
Life Space Digital,ashby,life-space-digital
Lifen,ashby,lifen
LifeStance Health,ashby,lifestance
Lifetime Quality,ashby,lifetime-quality-roofing-storm-restoration
Liftoff,ashby,liftoff
Light,ashby,light
Lightdash,ashby,lightdash
Lightfield,ashby,lightfield
Lightning Labs,ashby,lightning
Lightspark,ashby,lightspark
"Lightspeed Commerce, Inc.",ashby,lightspeedhq
LILT,ashby,lilt-corporate
LILT (Production),ashby,lilt-production
Limbic,ashby,limbic
Limble,ashby,limble
Linda AI,ashby,linda
Lindy,ashby,lindy
Linear,ashby,linear
Lio,ashby,lio
Liquid,ashby,liquid
Liquid AI,ashby,liquid-ai
Listen Labs,ashby,listenlabs
LiteLLM,ashby,litellm
Litmus,ashby,litmus
LIV Golf,ashby,liv-golf
Live it Up,ashby,liveitup
LiveFlow,ashby,liveflow
LiveKit,ashby,livekit
Liven,ashby,liven
livingHR,ashby,livinghr
LlamaIndex,ashby,llamaindex
Loadshare,ashby,loadshare
Loancrate,ashby,loancrate
Loft,ashby,loft
Loki Robotics,ashby,loki
Loom,ashby,loom
Loopio Inc.,ashby,loopio
Loot Labs,ashby,loot-labs
Lorikeet,ashby,lorikeet
Lottie,ashby,lottie
Lotus Health AI,ashby,lotushealth
Lovable,ashby,lovable
loveholidays,ashby,loveholidays
Lovelace AI,ashby,lovelace
"LPA, Inc.",ashby,lpadesignstudios
LTV,ashby,ltv
LucidLink,ashby,lucidlink
Lucra Sports,ashby,lucra-sports
Lumbra,ashby,lumbra
Lumen,ashby,lumen
Lumilens,ashby,lumilens
Luminai,ashby,luminai
Lumos,ashby,lumos
Lunar,ashby,lunar
Lunar Solar Group,ashby,lunar-solar-group
Luxor Technology Corporation,ashby,luxor
Lydian,ashby,lydian
Lynk,ashby,lynk
Lyra Health,ashby,lyrahealth
Lyric,ashby,lyric
M-KOPA,ashby,m-kopa
M13,ashby,m13
MACA,ashby,maca
Mach Industries,ashby,mach
Mach9,ashby,mach9
Machine Intelligence Research Institute,ashby,miri
Macroscope,ashby,macroscope
Made Card,ashby,madecard
Madhive,ashby,madhive
Magentic,ashby,magentic
Magic Eden,ashby,magiceden
Magic Patterns,ashby,magicpatterns
Magical,ashby,magical
MagicSchool AI,ashby,magicschool
Magoosh,ashby,magoosh
MAI,ashby,mai
Maihem,ashby,maihem
Maincode,ashby,maincode
Mainstay Labs Inc.,ashby,mainstay
MaintainX,ashby,maintainx
Makai Labs,ashby,makai-labs
MakiPeople,ashby,maki
Mandolin,ashby,mandolin
Mandrel,ashby,mandrel
Mangomint,ashby,mangomint
Manifest Law,ashby,manifest-law
Manus AI,ashby,manusai
Mapbox,ashby,mapbox
Maple,ashby,maple
Marble,ashby,marble
Marco,ashby,marcohire
Mariana Minerals,ashby,marianaminerals
Mariner,ashby,mariner-careers
Marketing Architects,ashby,markarch
Marloo,ashby,marloo
Marqeta,ashby,marqeta
marshmallow,ashby,marshmallow
Marvin Behavioral Health,ashby,meetmarvin
Masabi,ashby,masabi
Mastodon,ashby,mastodon
Matchnode,ashby,matchnode
Material Group,ashby,material
Material Security,ashby,materialsecurity
Materialize,ashby,materialize
Matic,ashby,maticrobots
"Matterworks, Inc.",ashby,matterworks
Maven,ashby,maven
Maven AGI,ashby,maven-agi
Mavericks,ashby,mavericks
Maxhome,ashby,maxhome
Maxima,ashby,maxima
Maxima Consulting,ashby,maxima-consulting
"Maximus Health, Inc.",ashby,maximustribe
MaxRewards,ashby,maxrewards
Maybern,ashby,maybern
Maze,ashby,mazedesign
Maze,ashby,mazehq
MDCalc,ashby,mdcalc
Meadow,ashby,meadow
MeBe,ashby,mebe
"Mechanize, Inc.",ashby,mechanize
Medallion,ashby,medallion
Medely,ashby,medely
"Mednet, Inc.",ashby,mednet
Medra,ashby,medraai
Megazone Cloud US,ashby,megazone
Melotech,ashby,melotech
Mem Protocol,ashby,mem
Mem0,ashby,mem0
Membrane,ashby,membrane
Memfault,ashby,memfault
Memora Health,ashby,memora
Menlo Security,ashby,menlosecurity
Ment,ashby,ment
Mento,ashby,mento
Meow,ashby,meow
Mercator,ashby,mercator
Mercor,ashby,mercor
Mercura,ashby,mercura
Mercury,ashby,mercury
Merge,ashby,merge
MeridianLink,ashby,meridianlink
Meshy LLC,ashby,meshy
Metaforms,ashby,metaforms
Metalenz,ashby,metalenz
Metaview,ashby,metaview
Meter,ashby,meter
Method Financial,ashby,method
Method Integration Inc.,ashby,method-crm
Meticulous,ashby,meticulous
"Mia Labs, Inc.",ashby,mia-labs
Miaplaza,ashby,miaplaza
Middesk,ashby,middesk
Midnite,ashby,midnite
Midstream Health,ashby,midstream
Migaku,ashby,migaku
MikMak,ashby,mikmak
Mimica,ashby,mimica
Mind Robotics,ashby,mindrobotics
Mindbeam,ashby,mindbeam
Mindvalley,ashby,mindvalley
Mine,ashby,mine
Minerva,ashby,minerva-ai
Mintlify,ashby,mintlify
MioDottore,ashby,miodottore
Miovision,ashby,miovision
Mirage,ashby,mirage
Mirelo AI,ashby,mirelo
Miso,ashby,miso
Miter,ashby,miter
Mithrl,ashby,mithrl
Moab,ashby,moab
Modal,ashby,modal
"MODE, Inc.",ashby,tinkermode
Modern Treasury,ashby,moderntreasury
ModernFi,ashby,modernfi
Modus,ashby,modus
MoeGo,ashby,moego
Mogul & Co.,ashby,media-mogul
Molecule Software,ashby,molecule-software
molecule.xyz,ashby,molecule
Mollie,ashby,mollie
Moment Technology,ashby,moment
Momentic,ashby,momentic
Mona,ashby,mona
Monaco,ashby,monaco
Monarch,ashby,monarchcrops
Monarch,ashby,monarch-md
Monarch Money,ashby,monarchmoney
Mondoo,ashby,mondoo
Monk,ashby,monk
Monogram,ashby,monogram
Monte Carlo,ashby,montecarlodata
Monterra,ashby,monterra
Montu UK,ashby,montu-uk
Monumental,ashby,monumental
Moon Active,ashby,moonactive
Moonlake,ashby,moonlake
Moonshot,ashby,moonshot
Moonshot AI,ashby,moonshot-ai
Moonvalley AI,ashby,moonvalley-ai
Morning Consult,ashby,morningconsult
Morse Micro,ashby,morse-micro
Mosaic,ashby,mosaic
Mosey,ashby,mosey
Moss,ashby,moss
MotherDuck,ashby,motherduck
Motorway,ashby,motorway
MOXFIVE,ashby,moxfive
Moxie,ashby,moxie
MSquared,ashby,msquared
MUBI,ashby,mubi
Mudflap,ashby,mudflap
MUI,ashby,mui
Multiply,ashby,multiply
Multiverse,ashby,multiverse
MultiVM Labs,ashby,multivmlabs
Munich Electrification,ashby,munich-electrification
Mural,ashby,mural
Mutiny,ashby,mutiny
Muun,ashby,muun
Mux,ashby,mux
MyCase,ashby,mycase
MyEdSpace,ashby,myedspacecareers
Mysten Labs,ashby,mystenlabs
myTomorrows,ashby,mytomorrows
N1,ashby,n1
n8n,ashby,n8n
Nabi,ashby,nabihealth
Nabla,ashby,nabla
Nabr,ashby,nabr
Nabu Casa,ashby,nabucasa
Nango,ashby,nango
Nanonets,ashby,nanonets
Nascent,ashby,nascent
Nash,ashby,nash
NationGraph,ashby,nationgraph
Natter,ashby,natter
Nava Benefits,ashby,nava-benefits
Navattic,ashby,navattic
Navi AI,ashby,navi
Ncontracts,ashby,ncontracts
NDEAVOUR CONSULTING,ashby,ndeavour
Neara,ashby,neara
Nectar,ashby,nectar-social
Need,ashby,need
Neko Health,ashby,neko-health
Nell,ashby,nell
Nelly Solutions,ashby,nelly
Nelo,ashby,nelo
Nen,ashby,nen
Nen Creative,ashby,nen-creative
Neo Financial,ashby,neofinancial
Neon,ashby,neon
Neon Health,ashby,neon-health
NeoTaste,ashby,neotaste
NerdWallet,ashby,nerdwallet
Nesso Labs,ashby,nessolabs
Nest Health,ashby,nest-health
Nest Veterinary,ashby,nestveterinary
NetBox Labs,ashby,netboxlabs
NetEase,ashby,netease
NETGEAR,ashby,netgear
Nethermind,ashby,nethermind
Netic,ashby,netic
Netwealth,ashby,netwealth
Neural Concept,ashby,neuralconcept
Neurophos,ashby,neurophos
Neuroscale AI,ashby,neuroscale
Nevis Wealth,ashby,nevis
Nevoya,ashby,nevoya
New Culture,ashby,new-culture
New Story,ashby,new-story
New Story Schools (OH),ashby,new-story-schools-oh
New Story Schools (PA),ashby,new-story-schools-pa
Newform,ashby,newform
Newfront,ashby,newfront
NewOrbit Space,ashby,neworbit
Nextdata,ashby,nextdata
NextLink Labs,ashby,nextlinklabs
NextPatient,ashby,nextpatient
NextRoll,ashby,nextroll
Nexus Marketing,ashby,nexus-marketing
Nexxen,ashby,nexxen
Nira Medical,ashby,niramedical
Nirvana Insurance,ashby,nirvana
Niva,ashby,niva
Nivoda,ashby,nivoda
NODA AI,ashby,noda-ai
Noetic Global Corp.,ashby,noetic
Noetica,ashby,noetica
Noise Labs,ashby,noise-labs
Nomad Labs Inc,ashby,nomad
nomic,ashby,nomic
Nomos,ashby,nomos
Nooks,ashby,nooks
nord-security,ashby,nord-security
Norm Ai,ashby,norm-ai
Norm Law,ashby,normlaw
Northslope,ashby,northslope-technologies
northwoodspace,ashby,northwoodspace
Nory,ashby,nory
NORY,ashby,nory-co
Notabene,ashby,notabene
Notable,ashby,notable
Notch,ashby,notch
Notion,ashby,notion
Noto,ashby,noto
Nous,ashby,nous
Novel,ashby,novel
Novellia,ashby,novellia
Novig,ashby,novig
Novo,ashby,novo
NOX METALS,ashby,nox-metals
Nubank,ashby,nubank
Nuclear Promise X,ashby,npx
Nucleus Genomics,ashby,nucleus
Nudge,ashby,nudge
Numeral,ashby,numeral
Numeric,ashby,numeric
NumerixS Quant,ashby,numerixs-quant
Nuna,ashby,nuna
"Nuon, Inc.",ashby,nuon
Nursa,ashby,nursa
Nusano,ashby,nusano
Nylas,ashby,nylas
Oak,ashby,oak
Oberst,ashby,oberst
Observable Space,ashby,observable-space
Obsidian Systems,ashby,obsidiansystems
Obviant,ashby,obviant
Obvious,ashby,obvious
Ocra,ashby,ocra
Oden Technologies,ashby,oden-technologies
Odin,ashby,odin
Odyssey,ashby,odyssey
OffDeal,ashby,offdeal
Oh,ashby,oh
OKTOBER,ashby,oktoberagency
Old Well Labs,ashby,old-well-labs
Oligo Space,ashby,oligo
Olive,ashby,olive
OLIX,ashby,olix
Olly Olly,ashby,olly-olly
Oma Fertility,ashby,omafertility
Omada.ai,ashby,omadaai
Omaze,ashby,omaze
Omen,ashby,omen
Omi,ashby,omi
Omnea,ashby,omnea
Omni,ashby,omni
Omniscient,ashby,omniscient
On Deck,ashby,ondeck
On Me Gifting,ashby,onme
Ona,ashby,ona
One Pass Solutions,ashby,one-pass-solutions
Onebrief,ashby,onebrief
OneCrew,ashby,onecrew
OneHealth Tech Corp,ashby,onehealth
OnePay,ashby,oneapp
OneSchema,ashby,oneschema
OnHires,ashby,onhires
Onos Health,ashby,onoshealth
OnRamp,ashby,onramp
Ontic,ashby,ontic
Ontologize,ashby,ontologize
Onton,ashby,onton
Onyx,ashby,onyx
Onyx Bio,ashby,onyx-bio
OP Labs,ashby,oplabs
Opal Security,ashby,opal
Open Home Foundation,ashby,openhomefoundation
OpenAI,ashby,openai
OpenArt AI,ashby,openart
OpenCoreOS,ashby,opencoreos
OpenEvidence,ashby,openevidence
OpenGov,ashby,opengov
Openly,ashby,openly
OpenRouter,ashby,openrouter
OpenSea,ashby,opensea
OpsMill,ashby,opsmill
Optimum,ashby,optimum
Opus Medical,ashby,opus-medical
OpusClip,ashby,opusclip
Orb,ashby,orb
Orbit Neuro Co.,ashby,orbit
Orbital,ashby,orbital
Orca,ashby,orca
Orchard Robotics,ashby,orchard
Orderful,ashby,orderful
Orion,ashby,orion
Orita,ashby,orita
Orum,ashby,orum
Oscilar,ashby,oscilar
Osmo,ashby,osmo
Oso,ashby,oso
Ostium Labs,ashby,ostium
Oumi,ashby,oumi
OurRitual,ashby,ourritual
Outpost,ashby,outpost
Outpost Technologies,ashby,outpostnow
Output Biosciences,ashby,output
Output Inc,ashby,outputinc
Outset,ashby,outset
Outsmart,ashby,outsmart
Outtake,ashby,outtake
Overflow,ashby,overflow
Overtone,ashby,overtone
Overview Corporation,ashby,overview
Overview Energy,ashby,overviewenergy
Owkin,ashby,owkin
Own Up,ashby,ownup
Owner.com,ashby,owner
Oxeon,ashby,oxeon
OXIO Corporation,ashby,oxio
Oxo,ashby,oxo
Oyster,ashby,oyster
PACE Loan Group,ashby,paceloangroup
Paddle,ashby,paddle
Padlet,ashby,padlet
"Pair Eyewear, Inc.",ashby,paireyewear
Palette Media,ashby,palette-media
Palladio AI,ashby,palladio
Palmstreet,ashby,palmstreet
PALO IT,ashby,paloit
Pandektes,ashby,pandektes
Pano AI,ashby,pano-ai
Panoptyc,ashby,panoptyc
Panther Life Sciences,ashby,panther-life-sciences
Paradigm,ashby,paradigm
Paradigm Health,ashby,paradigm-health
Paradox,ashby,paradox
Parafin,ashby,parafin
Paraform,ashby,paraform
Paragon,ashby,paragon
"Parallel Fluidics, Inc.",ashby,parallel-fluidics
Parallel Web Systems,ashby,parallel
Parashift,ashby,parashift
Pareto.AI,ashby,pareto-ai
Parity,ashby,parity
Pariveda,ashby,pariveda
Parker Group Inc,ashby,parker
Parspec,ashby,parspec
Partiful,ashby,partiful
PartsBase Inc.,ashby,partsbase
Passage,ashby,passage
Passes,ashby,passes
Passport,ashby,passport
Passthrough,ashby,passthrough
"Patlytics, Inc.",ashby,patlytics
Patreon,ashby,patreon
Pave (Lever),ashby,pave
Pave Bank,ashby,pavebank
Pawp,ashby,pawp
Paxos,ashby,paxos
Paxos Labs,ashby,paxoslabs
Payabli,ashby,payabli
Payrails GmbH,ashby,payrails
Payscale,ashby,payscale
PCH Digital LLC,ashby,pch-digital
PeakMetrics,ashby,peakmetrics
Pear VC,ashby,pear-vc
Pearl,ashby,pearl
Pearl Health,ashby,pearlhealth
Pearly,ashby,pearlyplan
Pearpop,ashby,pearpop
Pebl,ashby,pebl
Peec AI,ashby,peec
Peek,ashby,peek
Pennylane SAS,ashby,pennylane
People Culture Talent,ashby,people-culture-talent
People Data Labs,ashby,people-data-labs
PeopleLoop,ashby,peopleloop
Peppr,ashby,peppr
Percepta,ashby,percepta
Perchwell,ashby,perchwell
Percona,ashby,percona
Perfectly,ashby,perfectly
Pergolux,ashby,pergolux
Periodic Labs,ashby,periodic-labs
Perk,ashby,perk
PermitFlow,ashby,permitflow
Permutive,ashby,permutive
Perplexity,ashby,perplexity
"Perry Weather, Inc.",ashby,perryweather
Persona,ashby,persona
Pesto,ashby,pesto
Phantom,ashby,phantom
Pharos,ashby,pharos
Pharsalus Capital,ashby,pharsalus
Phia,ashby,phia
PHIL,ashby,phil
Phoebe,ashby,phoebe
Phoenix,ashby,phoenix
Phonely,ashby,phonely
Photoroom,ashby,photoroom
Phylax Systems,ashby,phylax
"Phylo, Inc.",ashby,phylo
Physical Intelligence,ashby,physicalintelligence
Physical Superintelligence,ashby,psi
Picogrid,ashby,picogrid
Pika,ashby,pika
Pilgrim,ashby,pilgrim
pineapple,ashby,pineapple
Pinecone,ashby,pinecone
Pioneer,ashby,pioneer
Pirros,ashby,pirros
Pivot,ashby,pivot
Pivotal Health,ashby,pivotal-health
Pixaera,ashby,pixaera
Plaid,ashby,plaid
Plain,ashby,plain
"Plane Software, Inc.",ashby,plane
Planera,ashby,planera
Planet,ashby,planet
Planetary Scale Advisors,ashby,planetary-scale
Planhat,ashby,planhat
Plasma,ashby,plasma
Plasmidsaurus,ashby,plasmidsaurus
Platformed,ashby,platformed
Plaud,ashby,plaud
Playbook,ashby,playbook
Playground,ashby,playground
Playlab,ashby,playlab
Playpower Labs,ashby,playpowerlabs
Playson,ashby,playson
Pleo,ashby,pleo
Pliant,ashby,pliant
Plinth,ashby,plinth
"Plot Technologies, Inc.",ashby,plot
Plotly,ashby,plotly
Plumerai,ashby,plumerai
Plural,ashby,pluralfinance
Pluralis Research,ashby,pluralis-research
Pocket Prep,ashby,pocketprep
Podium,ashby,podium
Podium Automation,ashby,podium-automation
Poesis,ashby,poesis
Point,ashby,point
PointFive,ashby,pointfive
PointOne,ashby,pointone
Pointr,ashby,pointr
Polar,ashby,polar
Polar Analytics,ashby,polaranalytics
Polarsteps,ashby,polarsteps
Polly,ashby,polly
Polygon Labs,ashby,polygon-labs
Polymarket,ashby,polymarket
Polène Paris,ashby,polene-paris
Poolside,ashby,poolside
Poolside Infrastructure Company,ashby,pic
Popl Co,ashby,popl
Poseidon Aerospace,ashby,poseidonaero
Posh,ashby,posh-ai
Posh,ashby,posh
Poshmark,ashby,poshmark
Positive Development,ashby,positive-development
Post.,ashby,post
Posthog,ashby,posthog
PowerLattice Technologies Inc,ashby,powerlattice
Powerline,ashby,powerline
pplwise,ashby,pplwise
Praecipio Consulting,ashby,praecipio
Pragmatike,ashby,pragmatike
"PrairieLearn, Inc.",ashby,prairielearn
praxipal,ashby,praxipal
"PreemptiveAI, Inc.",ashby,preemptive
Prefect,ashby,prefect
Prelim,ashby,prelim
Prelude,ashby,prelude
Prelude,ashby,preludesecurity
Preply,ashby,preply
Primary,ashby,primary
Prime,ashby,prime
Prime Intellect,ashby,primeintellect
Primer,ashby,primer
Prior Labs,ashby,prior-labs
Probably Genetic,ashby,probablygenetic
"ProCure, LLC",ashby,procure
Procurement Sciences,ashby,procurementsciences
Procurify,ashby,procurify
Prodigy Education,ashby,prodigy-education
Product Hunt,ashby,producthunt
ProductNow,ashby,product-now
Profound,ashby,profound
Project Expedition,ashby,project-expedition
Project44,ashby,project44
Prokeep,ashby,prokeep
prometheus,ashby,prometheus
Promise,ashby,promise
Promise Studios,ashby,promise-studios
Prompt,ashby,prompt
Propel,ashby,propel
Propelus,ashby,propelus
Prophet Security,ashby,prophet-security
ProRata.ai,ashby,prorata
Prose,ashby,prose
Prosper AI,ashby,prosper-ai
Protagonist,ashby,humanist
Protege,ashby,protege
Protegrity,ashby,protegrity
Protocol Behavioral Health,ashby,protocol-cares
Protocol Labs,ashby,protocol
Provable,ashby,provable
Prox,ashby,prox
Proxima,ashby,proxima
Proxima Fusion,ashby,proxima-fusion
Proximal,ashby,proximal
Public Cloud Group,ashby,publiccloudgroup
Pulley,ashby,withpulley
Pulse,ashby,pulse
Punchh,ashby,punchh
Pure,ashby,pure
PureStorage,ashby,purestorage
Pursuit,ashby,pursuit
Pylon,ashby,pylon
Pylon,ashby,pylon-labs
QA Wolf,ashby,qawolf
QED.ai,ashby,qed-ai
Quadrivia,ashby,quadrivia
Qualified,ashby,qualified
Qualified Health PBC,ashby,qualified-health-pbc
Qualitate,ashby,qualitate
Qualtrics,ashby,qualtrics
Quanta,ashby,quanta
QuantAQ,ashby,quant-aq
Quantcast,ashby,quantcast
Quantexa,ashby,quantexa
Quantstamp,ashby,quantstamp
Quantum,ashby,quantum
QuantWare,ashby,quantware
Quarks,ashby,quarks-tech
Quartermaster,ashby,quartermaster
Quicknode,ashby,quicknode
Quilter,ashby,quilter
Quindar,ashby,quindar
Quintess AI,ashby,quintess-ai
Quora,ashby,quora
Quorum,ashby,quorum
QuoteWell,ashby,quotewell
Qwilr,ashby,qwilr
Rad AI,ashby,radai
Radar,ashby,radar
Radiant,ashby,radiant
Radiant Industries,ashby,radiant-industries
Raft,ashby,raft
Raiku,ashby,raiku
Railway,ashby,railway
Rain,ashby,rain
Rainforest,ashby,rainforest-pay
Ramp,ashby,ramp
Range,ashby,range
RapDev,ashby,rapdev
Raptive,ashby,raptive
Rasa,ashby,rasa
Raspberry AI,ashby,raspberry
Ravenna,ashby,ravenna
Ravio,ashby,ravio
Raycast,ashby,raycast
Reach Security,ashby,reach
Reacher,ashby,reacher
"Read AI, Inc.",ashby,read-ai
ReadMe,ashby,readme
Ready,ashby,ready
Reaktor,ashby,reaktor
Real,ashby,real
Reality Defender,ashby,realitydefender
Realm,ashby,realmalliance
Rebecca School,ashby,rebecca-school
"Rebuy, Inc.",ashby,rebuy
Recall,ashby,recall
Receptive,ashby,receptive
Recharge,ashby,recharge
Recraft,ashby,recraft
Recruiting School,ashby,recruitingschool
Recurrency,ashby,recurrency
Red Metals,ashby,redmetals
Red Oak,ashby,red-oak
Reddit,ashby,reddit
Redgate,ashby,red-gate
Redis,ashby,redis
Reducto,ashby,reducto
Reedsy,ashby,reedsy
Reevo,ashby,reevo
Reflect Orbital,ashby,reflect-orbital
Reflection,ashby,reflectionai
Reflex Robotics,ashby,reflexrobotics
Reframe Systems,ashby,reframesystems
Regard,ashby,regard
REGENT,ashby,regent
Rehire,ashby,rehire
"Reimagine Robotics, Inc.",ashby,r2
Reka,ashby,reka
Reklame Health,ashby,reklamehealth
Reku,ashby,reku
relationrx,ashby,relationrx
Relay,ashby,relayfi
Relay,ashby,relayprotocol
Relay Technologies,ashby,relay
Relevance AI,ashby,relevanceai
Reliable Robotics Corporation,ashby,reliable-robotics
"Remarcable, Inc.",ashby,remarcable-inc
Remilia Corporation,ashby,remilia
Render,ashby,render
Renuity,ashby,renuity
Reonic,ashby,reonic
Replicant,ashby,replicant
Replicated,ashby,replicated
Replit,ashby,replit
Replo,ashby,replo
RepRally,ashby,reprally
Reprise,ashby,reprise
Rerun,ashby,rerun
Rescale,ashby,rescale
Resend,ashby,resend
Reserve,ashby,reserve
Reservoir Media Management,ashby,reservoir-media
Reson8,ashby,reson8
Response,ashby,response
ResQ,ashby,resq
Restate,ashby,restate
Restream,ashby,restream
Retell AI,ashby,retell-ai
Rev,ashby,rev
Reve,ashby,reve
RevenueCat,ashby,revenuecat
Revic,ashby,revic
Revinate,ashby,revinate
Revise Robotics,ashby,reviserobotics
Revive,ashby,revive
Revv,ashby,revv-hq
Rewind,ashby,rewind
Rewst,ashby,rewst
RF Labs,ashby,rf-labs
Rho,ashby,rho
Rhoda AI,ashby,rhoda-ai
Rhythms,ashby,rhythms
Ribbon AI,ashby,ribbon-ai
Riff,ashby,riff
Rightfoot,ashby,rightfoot
Rilla,ashby,rilla
Rillet,ashby,rillet
RiseGuide,ashby,riseguide
Risk Labs,ashby,risklabs
River,ashby,river
River Rock Academy,ashby,river-rock-academy
Rivermont Schools,ashby,rivermont-schools
Riveron,ashby,riveron
Roadrunner,ashby,roadrunner
RobCo,ashby,robco
Robin Ai,ashby,robin-ai
Roboflow,ashby,roboflow
Rocket Science Group,ashby,rocketsciencegg
Roger Healthcare,ashby,rogerhealthcare
Rogo,ashby,rogo
Rohlik,ashby,rohlik
Rokt,ashby,rokt
Rollstack,ashby,rollstack
Roo Code,ashby,roo-code
roobet,ashby,roobet
RoomPriceGenie,ashby,roompricegenie
Root Access,ashby,root-access
Rothy's,ashby,rothys
Rowan Digital Infrastructure,ashby,rowan
Rox Data Corp,ashby,rox-data-corp
Ruby Labs,ashby,ruby-labs
Rula,ashby,rula
Runa,ashby,runa
Rundoo,ashby,rundoo
Rune Technologies,ashby,runetech
Runlayer,ashby,runlayer
Runna,ashby,runna
Runway,ashby,runway-ml
Runway Financial,ashby,runway
Rythm Health,ashby,rythm
Ryvn,ashby,ryvn
Sable,ashby,sable
Safe Software,ashby,safe
SafeLease,ashby,safelease
Safety Cybersecurity,ashby,safety
Safi,ashby,safi
Sage Care Inc,ashby,sagecare
Sahara,ashby,sahara
Sailor Health,ashby,sailorhealth
Sailpeak,ashby,sailpeak
SalesAPE.ai,ashby,salesape-ai
SalesLoft,ashby,salesloft
SalesPatriot,ashby,salespatriot
Salient,ashby,salient
Salonkee,ashby,salonkee
Saltz Marketplace,ashby,saltz
Samsung Next,ashby,samsungnext
Sana,ashby,sana-roles
Sanctuary,ashby,sanctuary
Sandbar,ashby,sandbar
SandboxAQ,ashby,sandboxaq
Sanity,ashby,sanity
Sardine,ashby,sardine
Saris AI,ashby,saris-ai
Saronic Technologies,ashby,saronic
Satispay,ashby,satispay
Saturn,ashby,saturn
Savvy Wealth,ashby,savvy
SavvyMoney,ashby,savvymoney
ScaleMath,ashby,scalemath
Scaler,ashby,scaler
Scan.com,ashby,scan-com
Scarlet,ashby,scarlet
Scholarly,ashby,scholarly
Schoolhouse,ashby,schoolhouse-world
Sciforium,ashby,sciforium
ScorePlay,ashby,scoreplay
Scout,ashby,scout
Screenverse,ashby,screenverse
"Scribd, Inc.",ashby,scribdinc
Scribe,ashby,scribe
Scrollmark,ashby,scrollmark
Scrunch,ashby,scrunch
SE3 Labs,ashby,se3
Sealed,ashby,sealed
Seamflow,ashby,seamflow
Searchable,ashby,searchable
SearchStax,ashby,searchstax
Seccl,ashby,seccl
Secfix,ashby,secfix
Second Dinner,ashby,seconddinner
Second Front Systems,ashby,second-front-systems
Second Nature,ashby,second-nature
SecureBio,ashby,securebio
Sei Development Foundation,ashby,seifoundation
Sekai,ashby,sekai
Sellfire,ashby,sellfire
Semgrep,ashby,semgrep
Semperis,ashby,semperis
Sensmore,ashby,sensmore
Sensor Tower,ashby,sensor-tower
Sensorfact,ashby,sensorfact
"Sent, Inc.",ashby,sent
Sentient,ashby,sentient
SentiLink,ashby,sentilink
Sentra,ashby,sentra
Sentry,ashby,sentry
Seon,ashby,seon
Sequence,ashby,sequence
Sequoia,ashby,sequoia
Sereact,ashby,sereact
Serif.ai,ashby,serif
Serval,ashby,serval
Serve Robotics,ashby,serverobotics
Sesame,ashby,sesame
Sevaro - Physician/Clinical Roles,ashby,brunswick
SewerAI Corporation,ashby,sewer-ai
SFG20,ashby,sfg20
Shapes,ashby,shapes
Shapr3D,ashby,shapr3d
Share,ashby,share
Shepherd,ashby,shepherd
sherpa°,ashby,joinsherpa
Shift,ashby,shift
ShiftKey,ashby,shiftkey
Shiftsmart,ashby,shiftsmart
Short Story,ashby,shortstory
Sidekick,ashby,sidekick
Siena AI,ashby,siena
Sierra,ashby,sierra
Sierra Studio,ashby,sierra-studio
Sieve,ashby,sieve
Sift,ashby,sift
"Sift Stack, Inc.",ashby,siftstack
SiftScience,ashby,siftscience
Siftwell Analytics,ashby,siftwell-analytics
Sigma Prime,ashby,sigp
Signal AI,ashby,signal-ai
SignalFire,ashby,signalfire
"SignalWire, Inc",ashby,signalwire
SigNoz,ashby,signoz
Silktide,ashby,silktide
Silver.dev,ashby,silver
Simile,ashby,simile
Simon Lever,ashby,simon-lever
Simplify,ashby,simplify
SimSpace Corporation,ashby,simspace-corporation
Simular,ashby,simular
Singular,ashby,singular
SIO Logistics,ashby,sio-logistics
Siro,ashby,siro
Sisu,ashby,sisu
Sitemate,ashby,sitemate
SiteMinder,ashby,siteminder
Skalar,ashby,skalar
SKELAR,ashby,skelar
Skilljar,ashby,skilljar
Skimmer,ashby,skimmer
Skip,ashby,skip
Skip Loans,ashby,skip-loans
skipup,ashby,skipup
Sky Mavis,ashby,skymavis
Skydio,ashby,skydio
Skydropx - Frenet,ashby,skydropx
SkyLink,ashby,skylink
Skylo Technologies,ashby,skylo
SkyNRG,ashby,skynrg
Skyscanner,ashby,skyscanner
SkyWatch,ashby,skywatch
Slant,ashby,slant
Slash Financial,ashby,slash-financial
Slate,ashby,slate
Sleeper,ashby,sleeper
Slingshot AI,ashby,slingshotai
Slope,ashby,slope
Smallest,ashby,smallest
smallpdf,ashby,smallpdf
Smalls,ashby,smalls
Smallstep,ashby,smallstep
Smarkets,ashby,smarkets
Smith Engineering,ashby,smith-engineering
Snackpass,ashby,snackpass
Snapdocs,ashby,snapdocs
Snappy,ashby,snappy
Snowball,ashby,snowball
Snowflake,ashby,snowflake
Snyk,ashby,snyk
Social News Desk,ashby,snd
Socket,ashby,socket
Socotra,ashby,socotra
Socure,ashby,socure
Sofar Ocean,ashby,sofarocean
Softlight,ashby,softlight
Sola,ashby,sola
Sola Insurance,ashby,sola-insurance
Solace,ashby,solace
Solcoa Industries,ashby,solcoa
Solidgate,ashby,solidgate
Solink,ashby,solink
Solstice,ashby,solstice
Solva Technology,ashby,solva
Solvd,ashby,solvd
Somethings,ashby,somethings
Somnia,ashby,somnia
Sona,ashby,sona
SonderMind,ashby,sondermind
Sonio,ashby,sonio
Sorare,ashby,sorare
Sorcerer,ashby,sorcerer
SoSafe,ashby,sosafe
Source Multiplier,ashby,source-multiplier
Sourgum,ashby,sourgum
South Geeks,ashby,southgeeks
Spacecurve,ashby,spacecurve
Spacial AI,ashby,spacial
SPAICE,ashby,spaice-tech
SPAN,ashby,span
Spare,ashby,spare
Sparrow,ashby,sparrow
Sparta,ashby,sparta-commodities
Speak,ashby,speak
Speakeasy,ashby,speakeasy
Spear AI,ashby,spear-ai
Spear Bio,ashby,spearbio
Speckle,ashby,speckle
Specter,ashby,specter
Spekit,ashby,spekit
Spellbrush,ashby,spellbrush
spendesk,ashby,spendesk
Spexi,ashby,spexi
"Sphere, Inc.",ashby,sphere
Spherical,ashby,spherical
SplitMetrics,ashby,splitmetrics
Splitwise,ashby,splitwise
Spotlight Media,ashby,spotlight
SpotOn,ashby,spoton
Spreetail,ashby,spreetail
Sprig,ashby,sprig
Sprinter Health,ashby,sprinter-health
Sprout.ai,ashby,sprout-ai
Spruce,ashby,spruce
Squad | Bowery,ashby,squad
Squads,ashby,squads
Stable,ashby,stable
StackAI,ashby,stack-ai
StackedSP,ashby,stackedsp
Stacker,ashby,stacker
StackOne,ashby,stackone
Stacks,ashby,stacks
Stainless,ashby,stainlessapi
Stand Insurance,ashby,standinsurance
Standard Bots,ashby,standardbots
Standard Fleet,ashby,standardfleet
Standard Subsea,ashby,standardsubsea
Standard Template Labs,ashby,st-labs
Starbridge,ashby,starbridge
Stash,ashby,stash
Statewide,ashby,statewide
Statista,ashby,statista
Statsig,ashby,statsig
Stay22,ashby,stay22
Steadily,ashby,steadily
Stealth HC,ashby,stealthhc
Stealth-mode Battery Startup,ashby,company
Stedi,ashby,stedi
Steel,ashby,steel
Stellar Development Foundation,ashby,stellar
Stellar Entertainment Software Ltd,ashby,stellarentertainment
Stellic,ashby,stellic
Stepful,ashby,stepful
Stepwork,ashby,stepwork
Sticker Mule,ashby,stickermule
Stigg,ashby,stigg
Stork Labs,ashby,stork
Stout,ashby,stout
"Strala Group, Inc.",ashby,strala-ai
Strategic Growth Partners,ashby,strategic-growth-partners
Strava,ashby,strava
Stream,ashby,stream
Street Group,ashby,streetgroup
StrongDM,ashby,strongdm
Stronghold,ashby,stronghold
"Studson, Inc.",ashby,studson
Stuut,ashby,stuut-ai
Stweart Firm,ashby,jaxs
Stytch,ashby,stytch
Sublime Security,ashby,sublime-security
Subspace,ashby,subspace
Substack,ashby,substack
Substrate,ashby,substrate
Subzero Labs,ashby,subzero
Succinct,ashby,succinct
Sully.ai,ashby,sully-ai
Summation,ashby,summation
Summer Health,ashby,summerhealth
Sunday Robotics,ashby,sunday
Sunflower Sober,ashby,sunflower-sober
Suno,ashby,suno
Sunrise Robotics Corporation,ashby,sunrise
Sunset,ashby,sunset
Supabase,ashby,supabase
supercell,ashby,supercell
SuperDial,ashby,superdial
Superhuman,ashby,superhuman
Superpilot Labs,ashby,superpilot-labs
Superpower,ashby,superpower
Surfshark,ashby,surfshark
Surgical Data Science Collective,ashby,sdsc
SurveyMonkey,ashby,surveymonkey
Suzy,ashby,suzy
Svix,ashby,svix
swan,ashby,swan
Swans,ashby,swans
Swap,ashby,swap
Swarm Aero,ashby,swarmaero
Swarmer,ashby,swarmer
Sweep,ashby,sweep
Switchboard,ashby,switchboard
Swoop Technologies,ashby,swoop
Sydecar,ashby,sydecar
Sylvera,ashby,sylvera
Symbiotic,ashby,symbiotic
Symmetry AI,ashby,symmetry
Syndica,ashby,syndica
Synquery,ashby,synquery
Synthesia,ashby,synthesia
Synthetic,ashby,synthetic
Synthflow AI,ashby,synthflow
Syro,ashby,syro
Syrup,ashby,syrup
T1 Energy,ashby,t1energy
Taara,ashby,taaraconnect
Tabs,ashby,tabs
Tabz,ashby,tabz
Tactiq,ashby,tactiq
Tacto,ashby,tacto
Taekus,ashby,taekus
Tailor,ashby,tailor
Tailwind,ashby,tailwind
Tako,ashby,tako
Taktile,ashby,taktile
Talent Safari,ashby,talentsafari
Talentful,ashby,talentful
Talkdesk,ashby,talkdesk
Talkiatry,ashby,talkiatry
Talos,ashby,talos-trading
Tamarind Bio,ashby,tamarindbio
Tamr,ashby,tamr
Tandem Health,ashby,tandem-health
Tango,ashby,tango
TapBlaze,ashby,tapblaze
Tapcart Inc.,ashby,tapcart
Tapcheck,ashby,tapcheck
Taptap Send,ashby,taptapsend
TARGAN,ashby,targan
Tarro,ashby,tarro
Tasman Analytics,ashby,tasman
Tava Health,ashby,tavahealth
Tavily,ashby,tavily
Tavus,ashby,tavus
Teal Health,ashby,teal-health
Teal HQ,ashby,tealhq
Teambridge,ashby,teambridge
TeamDynamix,ashby,teamdynamix
Teamworks,ashby,teamworks
Tebi,ashby,tebi
Technitask,ashby,technitask
Techtorch,ashby,techtorch
Tekion,ashby,tekion
Teleport,ashby,goteleport
telli,ashby,telli
"Tellos, Inc.",ashby,tellos
tem,ashby,tem
Tempo,ashby,tempo
Tempo,ashby,tempo-xyz
Temporal Technologies,ashby,temporal
Tenex,ashby,tenexlabs
TENEX.AI,ashby,tenex
Tenjin,ashby,tenjin
Tennr,ashby,tennr
Tenor,ashby,tenor
TensorWave,ashby,tensorwave
TensorZero,ashby,tensorzero
Terac,ashby,terac
Teraswitch,ashby,teraswitch
Terminal,ashby,terminal
Tern Travel,ashby,tern
TERRA,ashby,terra
Terra AI,ashby,terraai
TerraFirma Robotics,ashby,terrafirma
Terranova,ashby,terranova
Terrarium,ashby,terrarium
Tessera Labs,ashby,tessera-labs
Tessl,ashby,tesslcareers
TestGorilla,ashby,testgorilla
Tetrix,ashby,tetrix
Textio,ashby,textio
Teya,ashby,teya
Teza Technologies,ashby,teza-technologies
That 1 Detailer,ashby,that1detailer
thatgamecompany,ashby,thatgamecompany
The Agile Monkeys,ashby,theam
The American Housing Corporation,ashby,american-housing
The Bot Company,ashby,thebotcompany
The Deep View,ashby,tdv
The Exploration Company,ashby,the-exploration-company
The Flex,ashby,the-flex
The Flex,ashby,theflex
The General Intelligence Company of New York,ashby,generalintelligencecompany
The Generalist Company Ltd,ashby,tgc
The Global Talent Co.,ashby,the-global-talent-co
The Learning Spectrum,ashby,the-learning-spectrum
The Lumber Manufactory,ashby,lumbermanufactory
The Mind Company,ashby,themindcompany
The Mobile-First Company,ashby,mobilefirst
The Path,ashby,pathos
The Pinnacle School,ashby,the-pinnacle-school
The Robot Learning Company,ashby,robot-learning-co
The San Francisco Compute Company,ashby,sfcompute
The Spire School,ashby,the-spire-school
The Utopia Venture Platform,ashby,the-studio
The Virga Law Firm,ashby,the-virga-law-firm
The Voleon Group,ashby,voleon
The WFS Group,ashby,thewfsgroup
Thera,ashby,thera
Thesis Inc.,ashby,thesis
TheyDo,ashby,theydo
Thinkific,ashby,thinkific
Third Space,ashby,third-space-therapy
Thndr,ashby,thndr
Thorit,ashby,thorit
Thought Machine,ashby,thought-machine
Thread AI,ashby,thread-ai
Thrill Labs,ashby,thrill-labs
Thumbtack,ashby,thumbtack
Tides Network,ashby,tides
Tiger,ashby,tiger
Tiger Data,ashby,tigerdata
Tight,ashby,tight
Tilde Research,ashby,tilderesearch
Tillster,ashby,tillster
Tilt,ashby,tilt
Tilt Finance,ashby,tilthq
Timely,ashby,timely
Tin Can,ashby,tin-can
Titan,ashby,titan
Titan,ashby,titan-msp
tldraw,ashby,tldraw
todyl,ashby,todyl
Token Terminal,ashby,tokenterminal
Toku,ashby,toku
Tolan,ashby,tolan
Toma,ashby,toma
Tomo Mortgage,ashby,tomo
TOMS,ashby,toms
Tonal,ashby,tonal
tonies,ashby,tonies
Tooploox,ashby,tooploox
Top Hat,ashby,top-hat
Topline Pro,ashby,topline-pro
TORTUS,ashby,tortus
"Town.com, Inc.",ashby,town
Traba,ashby,traba
Tracebit,ashby,tracebit
Tracer Cloud Inc,ashby,tracer
Traction Wellness Group,ashby,traction-wellness-group
Tradeify,ashby,tradeify
Trading212,ashby,trading212
TradingHub,ashby,tradinghub
Trainline,ashby,trainline
Trajectory,ashby,trajectory
Transform,ashby,transform
Transfr,ashby,transfr
TransGrid Energy,ashby,transgrid-energy
Traversal,ashby,traversal
Traverse,ashby,traverse
Tread,ashby,tread
Treefera,ashby,treefera
Trellis Technologies,ashby,savvyinsurance-trellis
Tremendous,ashby,tremendous
Trenchant,ashby,trenchant
TrendMD,ashby,trendmd
Trengo,ashby,careerstrengo
TriEdge Investments,ashby,triedge-investments
Trig,ashby,trig
Trilitech,ashby,trilitech
TripActions,ashby,tripactions
TRM Labs,ashby,trm-labs
Trove,ashby,trove
Trovy,ashby,trovy
TruckSmarter,ashby,trucksmarter
Truelogic,ashby,truelogic
Truemed,ashby,truemed
Trulioo,ashby,trulioo
Trust Wallet,ashby,trust-wallet
Truvo,ashby,truvo
Tryp,ashby,tryp
turbopuffer,ashby,turbopuffer
Turnkey,ashby,turnkey
Turnstile,ashby,turnstile
Turquoise,ashby,turquoise-health
Twelve,ashby,twelve
TwelveLabs,ashby,twelve-labs
Twenty,ashby,twenty
TwentyFour Industries,ashby,twentyfour-industries
Twin Prime,ashby,stream-ai
Two Dots,ashby,two-dots
TwoStep Therapeutics,ashby,twosteptx
Tyba,ashby,tyba
Uberall,ashby,uberall
UDisc,ashby,udisc
UHP (Unlock Human Potential),ashby,uhp-unlockhumanpotential
UiPath,ashby,uipath
Ultra Pouches,ashby,ultra
Ultralytics,ashby,ultralytics
Umbrel,ashby,umbrel
Unblocked,ashby,unblocked
Uncountable Inc.,ashby,uncountable
UniCourt Inc,ashby,unicourt
Unify,ashby,unify
Union Technologies,ashby,union-tech
Union.ai,ashby,union
Uniswap Labs,ashby,uniswap
Unit,ashby,unit
"Unit 410, LLC",ashby,unit410
Unity Advisory,ashby,unity-advisory
Unlearn,ashby,unlearn
UnlikelyAI,ashby,unlikelyai
Unlimited,ashby,unlimitedindustries
Unstructured Technologies Inc.,ashby,unstructured
Unto Labs,ashby,unto-labs
Unwrap,ashby,unwrap
Upchurch,ashby,upchurch
UpCodes,ashby,upcodes
UpGuard Inc.,ashby,upguard
Uplane,ashby,uplane
Upside,ashby,upside
Upside,ashby,upside-tech
UptimeAI,ashby,uptimeai
Upvest,ashby,upvest
Usul,ashby,usul
Valence,ashby,jobs-valence
Valence Discovery,ashby,valence
Valency Systems Inc.,ashby,valency
Valerie Health,ashby,valeriehealth
"Valinor Enterprises, Inc.",ashby,valinor
Valkai,ashby,valkai
Valon Mortgage,ashby,valonvm
Valon Tech,ashby,valon
van den Boom & Associates,ashby,vandenboomassociates
Vanilla Technologies,ashby,vanilla
Vanta,ashby,vanta
Vantage,ashby,vantage
Vantage,ashby,vantageanalytics
Vapi,ashby,vapi
Vast,ashby,vast
Vaulted Deep,ashby,vaulted-deep
vCluster Labs,ashby,vcluster
VEA Connect,ashby,vea-connect
Vector,ashby,vector
Vega,ashby,vega
Veliu,ashby,veliu
Vellum,ashby,vellum
Velocity,ashby,velocity
Velotio,ashby,velotio
Vendelux,ashby,vendelux
Venn,ashby,venn
Venti Technologies,ashby,goventi
Vercel,ashby,vercel
Verge Genomics,ashby,verge-genomics
Verisoul,ashby,verisoul
Verkada (Lever),ashby,verkada
Verse Medical,ashby,versemedical
Vertical Aerospace,ashby,vertical-aerospace
Vertice,ashby,vertice
Verto,ashby,verto
Vesta Innovations Inc.,ashby,vesta
Vetcove,ashby,vetcove
Vibe,ashby,vibe
VibeCode,ashby,vibecode
Victorious,ashby,victorious
Videowise,ashby,videowise
Viessmann Generations Group,ashby,viessmann
Viggle AI,ashby,viggle
Vigil Markets,ashby,vigil-markets
Viktor,ashby,viktor
Vinci4d,ashby,vinci4d
Vio,ashby,vio
VIOLET,ashby,violet
Virta Health,ashby,virtahealth
Virtuous,ashby,virtuous
Vistar Media,ashby,vistar
Visualis LLC,ashby,visualis-llc
Vital Lyfe,ashby,vital-lyfe
Vitalize,ashby,vitalize
Vitally,ashby,vitally
VITL,ashby,vitl
VitVio,ashby,vitvio
Vivid,ashby,vivid
Vivun Inc.,ashby,vivun
Vizcom,ashby,vizcom
Vizzia,ashby,vizzia
VLogic,ashby,vlogic
Vogel,ashby,vogel
Voicemod,ashby,voicemod
voize,ashby,voize
Vola Dynamics,ashby,voladynamics
Voldex Games,ashby,voldex
Voltrac S.L.,ashby,voltrac
Voodoo,ashby,voodoo
Vooma,ashby,vooma
Vori,ashby,vori
Vorticity Inc.,ashby,vorticity
Vorto,ashby,vorto
Vow,ashby,vow
Voxel,ashby,voxel
Voyant Photonics,ashby,voyant-photonics
Voyfai,ashby,voyfai
VREY,ashby,vrey
Vultr,ashby,vultr
Vyn,ashby,vyn
Vynca,ashby,vynca
"Wabi, Inc.",ashby,wabi
Wagmo,ashby,wagmo
Walrus,ashby,walrusfi
Walrus Foundation,ashby,walrus
Warp,ashby,warp
Watershed,ashby,watershed
Watney Robotics,ashby,watneyrobotics
Wayflyer,ashby,wayflyer
Wealthsimple Technologies,ashby,wealthsimple
Weave,ashby,weave
webAI,ashby,webai
Weekend,ashby,weekend
Welltech,ashby,welltech
Wellth,ashby,wellth
Wemolo,ashby,wemolo
WeTravel,ashby,wetravel
what3words,ashby,what3words
Whatnot,ashby,whatnot
Wheel,ashby,wheel
Whippy,ashby,whippy
Whisk,ashby,whisk
Whoop,ashby,whoop
Willow Health,ashby,willow-health
WilsonAI,ashby,wilson
Wincent,ashby,wincent
Windmill,ashby,windmill
Windranger Labs,ashby,windranger
Winona,ashby,winona
WireScreen,ashby,wirescreen
Wisdom,ashby,withwisdom
Wisp,ashby,wisp
Wispr Flow,ashby,wispr-flow
Wissen,ashby,wissen
Wistia,ashby,wistia
withco,ashby,withco
Witness AI,ashby,witnessai
Wiz,ashby,wiz
WJB,ashby,wjb
Woflow,ashby,woflow
Wokelo AI,ashby,wokelo-ai
Wolfjaw Studios,ashby,wolfjaw-careers
Woodhouse Academy,ashby,woodhouse-academy
Wordsmith AI,ashby,wordsmith
WORKERBASE,ashby,workerbase
WorkOS,ashby,workos
WorkWhile,ashby,workwhilejobs
Workyard,ashby,workyard
Worldly,ashby,worldly
Wormhole Labs,ashby,wormholelabs
Wraithwatch Corporation,ashby,wraithwatch
Wrapbook,ashby,wrapbook
WRITER,ashby,writer
"WunderGraph, Inc.",ashby,wundergraph
Wynd Labs,ashby,wynd-labs
XBOW,ashby,xbowcareers
XDOF,ashby,xdof
XDS,ashby,xds
Xenon Pharmaceuticals,ashby,xenon
Xephyr,ashby,xephyr
Xero,ashby,xero
xLabs,ashby,xlabs
Xyme,ashby,xyme
XYZ Reality,ashby,xyz-reality
Y Combinator,ashby,ycombinator
Yazio,ashby,yazio
yeet,ashby,yeet
Yendo,ashby,yendo
Yepoda,ashby,yepoda
Yobi,ashby,yobi
Yondr,ashby,yondr
Yotta Labs,ashby,yotta
You Health,ashby,you-health
Yovo,ashby,yovo
Yuma AI,ashby,yumaai
Yutori,ashby,yutori
Zania,ashby,zania
Zapier,ashby,zapier
ZayZoon,ashby,zayzoon
Zed,ashby,zed
Zefir,ashby,zefir
Zefr,ashby,zefr
Zello,ashby,zello
Zencastr,ashby,zencastr
Zenjob,ashby,zenjob
Zeno,ashby,zeno
Zero RFI,ashby,zero
Zeromark,ashby,zeromark
ZeroRFI,ashby,zerorfi
Zettabyte,ashby,zettabyte-space
Ziina,ashby,ziina
Zilch,ashby,zilch
Zip,ashby,zip
"Ziplines, Inc.",ashby,ziplines
Zippy,ashby,zippymh
ZnanyLekarz,ashby,znanylekarz
ZODL,ashby,zodl
ZOE,ashby,zoe
Zowie,ashby,zowie
ZURU,ashby,zuru
Zyphra,ashby,zyphra
#TeamGoHealth,greenhouse,gohealth
-ASG-,greenhouse,asgjobs
1-800 Contacts,greenhouse,1800contacts
1-800-GOT-JUNK?,greenhouse,1800gotjunk
10a Labs,greenhouse,10alabs
10Pearls - UK,greenhouse,10pearlsuk
10x Genomics,greenhouse,10xgenomics
12twenty,greenhouse,12twenty
143 Studios LLC,greenhouse,143studiosinc
21Shares,greenhouse,21shares
2K,greenhouse,2k
2U,greenhouse,2u
3 Day Blinds (Sales),greenhouse,3dayblindssales
31st Union,greenhouse,31stunion
3Cloud,greenhouse,3cloud
3Cloud - Client Interviews,greenhouse,client
3MG Roofing & Solar,greenhouse,3mgroofing
3Red Partners,greenhouse,3redpartners
5minlab,greenhouse,5minlab
5WPR,greenhouse,5wpr
66degrees,greenhouse,66degrees
6sense,greenhouse,6sense
7shifts,greenhouse,7shifts
84.51° University Programs / Early Career Paths,greenhouse,8451university
86 Repairs,greenhouse,86repairs
8am,greenhouse,affinipay1
8AM Golf,greenhouse,8amgolf
8th Light,greenhouse,8thlightrebuild
A Plus Garage Doors - Utah,greenhouse,aputah
A Thinking Ape,greenhouse,athinkingape
A&C Plastics,greenhouse,acplastics
A-LIGN External,greenhouse,align
A-TEK Inc.,greenhouse,atek
A11,greenhouse,projectaservicesgmbhcokg
a16z,greenhouse,a16z
a16z crypto portfolio,greenhouse,a16zcryptoteam
A24,greenhouse,a24
AAVAA,greenhouse,aavaa
ABACUS,greenhouse,abacus
Abacus Insights,greenhouse,abacusinsights
Abaka AI,greenhouse,abakaai
Abarca Health,greenhouse,abarca
ABBYY,greenhouse,abbyy
ABC Legal Services,greenhouse,abclegalservices
AbCellera,greenhouse,abcellera
Able,greenhouse,able
Abnormal,greenhouse,abnormalsecurity
"Abricare, Inc.",greenhouse,abricareinc
Absher Construction,greenhouse,absherconstruction
Absolics Inc,greenhouse,absolicsinc
Absurd Ventures,greenhouse,absurdventures
Acacia Animal Hospital - Pompano Beach,greenhouse,acaciavpp
Academy with Community Partners,greenhouse,acp
Acadia Pharmaceuticals Inc.,greenhouse,acadiapharmaceuticals
ACCA,greenhouse,acca
ACCEL Schools,greenhouse,accelschools
ACCEL Schools Internal,greenhouse,accelschoolsinternal
Accela,greenhouse,accela
Acceleration Partners,greenhouse,accelerationpartners
Accenture Federal Services,greenhouse,accenturefederalservices
Accenture Federal Services Careers Marketplace,greenhouse,afscareersmarketplace
Access Systems - Operations & Service,greenhouse,accesssystemsserviceops
Access Systems - Sales & Administration,greenhouse,accesssystemsadminsales
accessiBe,greenhouse,accessibe
accesso,greenhouse,accesso
Accordion,greenhouse,accordion
AccountsIQ,greenhouse,accountsiq
Accrue,greenhouse,accrue
AccuWeather Careers,greenhouse,accuweather
Achievement First Network Support,greenhouse,achievementfirstnetworksupportcareers
ACI Learning,greenhouse,acilearning
Ackermann Group,greenhouse,ackermanngroup
ACLU - Internships,greenhouse,acluinternships
ACLU - National Office,greenhouse,aclu
aCommerce,greenhouse,acommerce
Acquia,greenhouse,acquia
Acrisure Innovation,greenhouse,acrisureinnovation
ACT Power Services,greenhouse,actpowerservices
ActBlue,greenhouse,actblue
Action Garage Doors,greenhouse,action
AcuityMD,greenhouse,acuitymd
Acumen,greenhouse,acumen
Acurus Solutions Private Limited,greenhouse,acurussolutions
"AcuTech Group, Inc.",greenhouse,acutechgroupinc
Ad Lightning,greenhouse,adlightning
Ada,greenhouse,ada18
Ada Health GmbH,greenhouse,adahealth
adam&eveDDB New York,greenhouse,adamevenyc
Adaptive Financial Consulting,greenhouse,adaptivefinancialconsulting
Adaptive Surface Technologies,greenhouse,ast
Adaugeo Healthcare Solutions,greenhouse,adaugeohealthcare
Addepar,greenhouse,addepar1
Adelphi Research,greenhouse,adelphiresearch
ADESA,greenhouse,adesa
ADF International,greenhouse,adfinternational
Admios Jobs,greenhouse,admios
"Adswerve, Inc",greenhouse,adswerveinc
Advanced Dermatology and Skin Cancer Center,greenhouse,advancedderm
Advanced Space,greenhouse,advancedspace
Advanced Technology Services,greenhouse,advancedtechnologyservices
AdvancedMD,greenhouse,advancedmd
Advocate Construction,greenhouse,advocateconstruction
Adyen,greenhouse,adyen
AE Studio,greenhouse,aestudio
AEC,greenhouse,aec
Aechelon Technology,greenhouse,aechelontechnology
AEG Worldwide,greenhouse,aegworldwide
Aegis Ventures,greenhouse,aegisventures
Aer Lingus Technology Recruitment,greenhouse,aerlingus
Aerospike,greenhouse,aerospike
AEVEX,greenhouse,aevexaerospace
Affect,greenhouse,joinaffect
Affinidi,greenhouse,affinidi
AffiniPay,greenhouse,affinipay
Affinity.co,greenhouse,affinity
Affirm,greenhouse,affirm
"AffirmedRx, PBC",greenhouse,affirmedrxpbc
Afresh,greenhouse,afresh
AfterShip,greenhouse,aftership
AG1,greenhouse,ag1
Age Bold,greenhouse,agebold
AGE Solutions,greenhouse,agecareers
Agero,greenhouse,agero
Agilisys,greenhouse,agilisys
Agility Robotics,greenhouse,agilityrobotics
Agilize,greenhouse,agilize
Agilysys,greenhouse,agilysys
Agoda,greenhouse,agoda
Agoda Sandbox,greenhouse,agodasandbox
AgWest Farm Credit,greenhouse,agwestfarmcredit
Ahrefs,greenhouse,ahrefsjobs
AI Alignment Foundation (AIAF),greenhouse,aiaf
AI Security Institute,greenhouse,aisi
AI Squared,greenhouse,aisquared
AIC Toronto @ Samsung Research America,greenhouse,saictoronto
AIFT,greenhouse,aift
Aimé Leon Dore,greenhouse,aimeleondore
Air North,greenhouse,airnorth
Airbnb,greenhouse,airbnb
Airia,greenhouse,airia
AirSculpt,greenhouse,airsculpt
Airship,greenhouse,airship
Airspace,greenhouse,airspace
Airtable,greenhouse,airtable
AirTrunk,greenhouse,airtrunk
Airwave,greenhouse,airwave
Aisera,greenhouse,aiserajobs
Aiven,greenhouse,aiven36
Aker Systems,greenhouse,akersystems
Akido,greenhouse,akidolabs
AKKO,greenhouse,akko
Akoya,greenhouse,akoya
AKQA,greenhouse,akqa
AKQA Leap,greenhouse,leap
"AKS Engineering & Forestry, LLC",greenhouse,aksengineeringforestryllc
Aktos,greenhouse,applytoaktos
Akuity,greenhouse,akuity
Akuna Capital,greenhouse,akunacapital
Akuna Capital Options Trading 201 Course,greenhouse,optionstrading201course
"Alabama Title Loans, Inc",greenhouse,alabamatitleloansinc
Alamar Biosciences,greenhouse,alamarbiosciences
Alarm.com,greenhouse,alarmcom
AlayaCare,greenhouse,alayacare
Albedo,greenhouse,albedo
alby,greenhouse,alby
Alchemer,greenhouse,alchemer
AlertMedia,greenhouse,alertmedia
Alethea,greenhouse,alethea
Alexander Shunnarah Trial Attorneys,greenhouse,shunnarahcareers
Algolia,greenhouse,algolia
AlgoQuant,greenhouse,algoquant
Align Communications,greenhouse,align46
Aligned,greenhouse,aligned
AlixPartners,greenhouse,alixpartners
ALKU,greenhouse,alku
Allbirds,greenhouse,allbirds
Allbirds Retail,greenhouse,allbirdsretail
Allegro,greenhouse,allegro
Allen Control Systems,greenhouse,allencontrolsystems
Allen Integrated Solutions,greenhouse,allenintegratedsolutions
Alliance,greenhouse,alliance
Alliance Defending Freedom,greenhouse,alliancedefendingfreedom
Allied Mechanical,greenhouse,allied
Alloy,greenhouse,alloy
Ally Behavior Centers,greenhouse,allybehaviorcenters
Alma,greenhouse,alma
Alma,greenhouse,alma31
ALO,greenhouse,aloyoga
Alpaca,greenhouse,alpaca
Alpha Asset & Wealth Management Consulting - Early Careers Opportunities,greenhouse,alphaawmnaearlycareers
Alpha Financial Markets Consulting,greenhouse,alphafmcroles
Alpha Financial Markets Consulting - Early Careers,greenhouse,alphafmcrolesearlycareers
Alpha FMC - Asset and Wealth Management Consulting - Europe,greenhouse,alphaawmeur
Alpha FMC - Insurance Consulting,greenhouse,insurance
Alpha FMC - UK,greenhouse,alphafmc
AlphaGrep Securities,greenhouse,alphagrepsecurities
Alphalion,greenhouse,alphalion
AlphaSense,greenhouse,alphasense
AlphaSense India,greenhouse,alphasenseindia
AlphaSights,greenhouse,alphasights
AlphaSights Campus Recruiting,greenhouse,alphasightsresumedrop
Alpine Internships,greenhouse,alpineinternships
Alpine Investors,greenhouse,alpineinvestors
Alt,greenhouse,alt
Altamira for freelancers,greenhouse,altamirafreelance
Altana,greenhouse,altanaai
ALTEN Technology USA,greenhouse,altentechnologyusa
Altium,greenhouse,altium
Altos Labs,greenhouse,altoslabs
Altruist,greenhouse,altruist
AltScore,greenhouse,altscore
ALU,greenhouse,alu
Alumni Ventures,greenhouse,alumniventures
Alveole,greenhouse,alveole
Alvys,greenhouse,alvys
ALX Africa,greenhouse,alxafrica
Alzheimer's Disease Data Initiative,greenhouse,addatainitiative
AM Batteries,greenhouse,amb
Amae Health,greenhouse,amaehealth
AMAROK,greenhouse,amarok
Ambient Enterprises,greenhouse,ambiententerprises
Amca,greenhouse,amca
AMEND Consulting,greenhouse,amendconsulting
Amenitiz,greenhouse,amenitiz
American Capital Group,greenhouse,americancapitalgroup
American College of Obstetricians and Gynecologists,greenhouse,acog
American Institute,greenhouse,americaninstitute
American Institutes for Research,greenhouse,americaninstitutesforresearch
American Marketing Association,greenhouse,americanmarketingassociation
American Museum of Natural History,greenhouse,amnh
American Quick Lube,greenhouse,aql
AMMEX Corporation,greenhouse,ammexcorporation
Amoria Group,greenhouse,amoriabond
Amperity,greenhouse,amperity
Amplemarket,greenhouse,amplemarket
Amplitude,greenhouse,amplitude
Amtech Software,greenhouse,amtechsoftware
Amwell,greenhouse,amwell
Amwins Global Risks,greenhouse,agr
Amylyx Pharmaceuticals,greenhouse,amylyx
Anaplan,greenhouse,anaplan
Anchanto,greenhouse,anchanto
Anchor Health CT,greenhouse,anchorhealthct
Andesite,greenhouse,andesite
Android @ ecobee,greenhouse,android
Anduril Industries,greenhouse,andurilindustries
Angel City,greenhouse,wfclainc
Animal Health Associates,greenhouse,aha
Animal Health Care Denver,greenhouse,denver
Animal Hospital of O'Fallon,greenhouse,ahof
AniMed Animal Hospital,greenhouse,animed
ANINE BING,greenhouse,aninebing
Anodize,greenhouse,anodize
Ansa,greenhouse,ansa
Antenna,greenhouse,antenna
Anteriad,greenhouse,anteriad
Anteris Technologies,greenhouse,anteristech
Antheia,greenhouse,antheia
Anthos Fund & Asset Management,greenhouse,afam
Anthropic,greenhouse,anthropic
Antigua Veterinary Practice,greenhouse,antigua
Antora Energy,greenhouse,antora
ANY,greenhouse,any
AnyDesk,greenhouse,anydesk
AnyMind Group,greenhouse,adasiaholdings
AOTI,greenhouse,aoti
Apaleo,greenhouse,apaleo
Apalon,greenhouse,apalon
Apartment Life,greenhouse,apartmentlife
Apera AI Inc,greenhouse,aperaaiinc
Aperia,greenhouse,aperiasolutions
Aperture Labs,greenhouse,aperture
Apex Companies,greenhouse,apexcompanies
Apex Companies - CSW,greenhouse,apexcompaniescsw
Apiiro,greenhouse,apiiro
apiphani,greenhouse,apiphani
Apogee Therapeutics,greenhouse,apogeetherapeutics
Apollo Behavior,greenhouse,apollobehaviorservices
Apollo Education Systems,greenhouse,apollo
Apollo.io,greenhouse,apolloio
APPARATUS,greenhouse,apparatus
AppDirect,greenhouse,appdirect
Appfire,greenhouse,appfire
Appian Corporation,greenhouse,appian
Appier,greenhouse,appier
Appinio,greenhouse,appinio
AppleTree Prep,greenhouse,appletreeprep
Applicant Privacy Notice,greenhouse,apn
Applied Engineering,greenhouse,appliedengineering
Applied Intuition,greenhouse,appliedintuition
AppLovin,greenhouse,applovin
Appnext,greenhouse,appnext
Appnovation Technologies,greenhouse,appnovation
Appodeal,greenhouse,appodeal
AppOmni,greenhouse,appomni
Apprentice,greenhouse,apprentice
AppsFlyer,greenhouse,appsflyer
Appspace,greenhouse,appspace
Apptegy,greenhouse,apptegy
Apptronik,greenhouse,apptronik
AppViewX,greenhouse,appviewx
aPriori,greenhouse,apr
APT Research,greenhouse,aptportfolio
Aptos,greenhouse,aptoslabs
AQR India,greenhouse,india
Aquatic Capital Management,greenhouse,aquaticcapitalmanagement
Aquia,greenhouse,aquia
Arbital Health,greenhouse,arbitalhealth
Arc Boat Company,greenhouse,arcboatcompany
Arc Institute,greenhouse,arcinstitute
Arcadia,greenhouse,arcadiacareers
Arcana Analytics,greenhouse,arcanaanalytics
Arcellx,greenhouse,arcellx
Arcesium LLC,greenhouse,arcesiumllc
Archer,greenhouse,archer56
Archer Veterinary Clinic,greenhouse,archer
Archera,greenhouse,archera
Archipelago Analytics Inc.,greenhouse,onarchipelago
Archway Lawn Care,greenhouse,archway
Arco Educação,greenhouse,arcoeducacao
arculus,greenhouse,arculus
Ardent,greenhouse,ardentmc
Ariel Investments,greenhouse,arielinvestments
Arine,greenhouse,arine
Arize AI,greenhouse,arizeai
Arizona Commerce Authority,greenhouse,arizonacommerceauthority
Arizona Eye Institute & Cosmetic Laser Center,greenhouse,azeyeinstitute
Ark Veterinary Hospital & Urgent Care,greenhouse,ark
Ark Workplace Risk,greenhouse,awr
Arkestro,greenhouse,arkestroinc
Arkose Labs,greenhouse,arkoselabs
Arkose Labs - India,greenhouse,arkoselabsindia
Arlo Solutions LLC,greenhouse,arlosolutionsllc
Armada,greenhouse,armada
Armis Security,greenhouse,armissecurity
ArmorCode Inc.,greenhouse,armorcode
Armorous,greenhouse,armorous
ARMRA Colostrum,greenhouse,armracolostrum
Array,greenhouse,array
Array Education,greenhouse,arrayeducation
Art of Problem Solving,greenhouse,artofproblemsolving
Artefact,greenhouse,artefact
Artefact US,greenhouse,artefactus
Article Group,greenhouse,articlegroup
ArtStation,greenhouse,artstation
Asana,greenhouse,asana
Ascend,greenhouse,ascend21
Ascend Analytics,greenhouse,ascendanalytics
Ascend Healthcare,greenhouse,ascendhealthcare
Ascent Developer Solutions,greenhouse,ascentds
ASG,greenhouse,asg
ASI Hastings,greenhouse,asi
ASM,greenhouse,asm
Aspect Biosystems,greenhouse,aspectbiosystems
Aspire Employment Opportunities,greenhouse,aspireinternaljobboard
Aspire Living & Learning,greenhouse,allinc
AssemblyAI,greenhouse,assemblyai
Asset Living,greenhouse,assetliving
"AssetWatch, Inc.",greenhouse,assetwatch
Assured Guaranty,greenhouse,assuredguaranty
"ASSYST, Inc.",greenhouse,assystinc
AST SpaceMobile,greenhouse,astspacemobile
Astera Labs,greenhouse,asteralabs
Astera Labs Early Career,greenhouse,asteraearlycareer2026
Astranis,greenhouse,astranis
At Home Healthcare,greenhouse,athomehealth
At-Bay,greenhouse,atbayjobs
"Atari, Inc.",greenhouse,atariinc
Athena Club,greenhouse,athenaclub
Athena Group Advisors,greenhouse,athena
Athletics - Baseball Operations,greenhouse,athleticsbaseballops
Athletics - Business Operations,greenhouse,athleticsbusinessops
Athletics - Private,greenhouse,athletics
Atlas Air,greenhouse,atlasair
ATLAS SP,greenhouse,atlassp
Atolls,greenhouse,atolls
Atomic Cartoons,greenhouse,atomiccartoons
"Atomic Industries, Inc.",greenhouse,atomicindustriesinc
Atomic Machines,greenhouse,atomicmachines
Atomico,greenhouse,atomico
Atomicwork Inc,greenhouse,atomicwork
Atoms,greenhouse,atoms
ATOSS Aloud GmbH - Crewmeister,greenhouse,crewmeister
Atrium Campus,greenhouse,atriumcampus
Atropos,greenhouse,atropos
Attain,greenhouse,attain
Attain Partners,greenhouse,attainpartners
Attain Talent,greenhouse,attaintalent
Attentive,greenhouse,attentive
Attivo Partners,greenhouse,attivopartners
attn:,greenhouse,attn
Atto Trading,greenhouse,attotrading
Attune,greenhouse,attune
Atwell Internships,greenhouse,atwellinternships
"Atwell, LLC",greenhouse,atwellgroup
Auctane,greenhouse,auctane
Audax Group,greenhouse,audaxgroup
Audia,greenhouse,audia
audibene / hear.com,greenhouse,audibenehearcom
AudioEye,greenhouse,audioeye
Augment Code,greenhouse,augmentcomputing
Augury,greenhouse,augury
Aura,greenhouse,aura
Aurora Innovation,greenhouse,aurorainnovation
Auros,greenhouse,aurosglobal
Australian Energy Market Operator,greenhouse,australianenergymarketoperator
Auterion,greenhouse,auterion
Authentic Brands Group,greenhouse,authenticbrandsgroup
Authenticx,greenhouse,authenticx
AutoDS,greenhouse,autods
Automattic Careers,greenhouse,automatticcareers
Automox,greenhouse,automox
AutoProff,greenhouse,autoproff
AutoScout24,greenhouse,autoscout24
Autotrader,greenhouse,autotrader
AutoTrader.ca,greenhouse,autotradercanada
Autura,greenhouse,autura
Avani Media,greenhouse,avani
Avantium,greenhouse,avantium
Avantus,greenhouse,avantus
Avela,greenhouse,avela
"Avetta, LLC",greenhouse,avetta
Avi Medical,greenhouse,avimedical
Aviary,greenhouse,aviary
Aviation Institute of Maintenance,greenhouse,aviationinstituteofmaintenance
Aviator Nation,greenhouse,aviatornation
Aviatrix,greenhouse,aviatrix
"AvidXchange, Inc.",greenhouse,avidxchangeinc
Avride,greenhouse,avride
Awardco,greenhouse,awardco
AWeber,greenhouse,aweber
Awin,greenhouse,awin
AWL,greenhouse,allwebleads
Axi,greenhouse,axicorpfinancialservicesptyltd
Axial,greenhouse,axial
Axicom,greenhouse,axicom
Axiom,greenhouse,axiom
Axiom Talent Platform,greenhouse,axiomtalentplatform
Axios,greenhouse,axios
AXIS Teletherapy,greenhouse,axisteletherapy
Axle,greenhouse,axle
Axon,greenhouse,axon
Axonius,greenhouse,axonius
AXQ Capital,greenhouse,axq
AXS,greenhouse,axs
Axsome Therapeutics,greenhouse,axsometherapeutics
Aya Healthcare,greenhouse,ayahealthcare
Aylo Health,greenhouse,eagleslandinghealth
Aypa Power,greenhouse,aypapower
Azumo,greenhouse,azumo
Azurity Pharmaceuticals - India,greenhouse,azuritypharmaceuticalsindia
Azurity Pharmaceuticals - Switzerland,greenhouse,azuritypharmaceuticalsswitzerland
Azurity Pharmaceuticals - US,greenhouse,azuritypharmaceuticals
B Lab,greenhouse,blab
B. Riley Securities,greenhouse,brileysecurities
B12,greenhouse,b12
Babylist,greenhouse,babylist
Backbase,greenhouse,workatbackbase
Backblaze External Website,greenhouse,backblaze
Backpack Healthcare,greenhouse,hellobackpack
Baidu USA,greenhouse,baidu
Bailiwick,greenhouse,bailiwick
Bain Capital Ventures,greenhouse,baincapitalventures
BambooHR,greenhouse,bamboohr17
Banco PAN,greenhouse,bancopan
Bandai Namco Entertainment America Inc.,greenhouse,bandainamco
Bandwidth,greenhouse,bandwidth
Bankrate,greenhouse,bankrate
Banks Power,greenhouse,bankspower
Banyan Infrastructure Corporation,greenhouse,banyaninfrastructure
Banyan Software,greenhouse,banyansoftware
Barbarian,greenhouse,barbarian
Barbaricum,greenhouse,barbaricum
Baringa,greenhouse,baringa
BARK,greenhouse,bark
Barkley,greenhouse,barkley
Baron Capital,greenhouse,baroncapital
Baselayer,greenhouse,baselayer
Bath Fitter Corporate,greenhouse,bathfitterdistributinginc
BathWorks Michigan,greenhouse,bathworksmichigan
Baton (A Ryder Technology Lab),greenhouse,baton
Battery,greenhouse,batteryventures
Bauer Hockey/ Cascade Maverik Lacrosse,greenhouse,bauerhockeycascademaveriklacrosse
Baya Systems,greenhouse,bayasystems
BAYADA Home Health Care,greenhouse,bayada
BBPOS Limited,greenhouse,bbposlimited
BCC-NIH,greenhouse,bcc
BCS,greenhouse,bcscareers
BDA,greenhouse,bdainc
Beacon Biosignals,greenhouse,beaconbiosignals
Beacon Platform,greenhouse,beaconplatform
Beacon Software,greenhouse,beaconsoftware
Beam Healthcare,greenhouse,beamhealthcare
Bearing,greenhouse,bearing
"Beatbox Beverages, LLC",greenhouse,beatboxbeveragesllc
Beauhurst,greenhouse,beauhurst
Beautiful.ai,greenhouse,beautifulai
Becket Community Services,greenhouse,bcs
BEDI Partnerships,greenhouse,udemybedi
Bedrock Academy,greenhouse,bedrockacademy
Bedrock Robotics,greenhouse,bedrockrobotics
Beeline Medicines,greenhouse,beelinemedicines
BEES,greenhouse,bees
Behavox,greenhouse,behavox
BELLA+CANVAS,greenhouse,bellacanvas
Bellroy,greenhouse,bellroy
Belmont Charter Network,greenhouse,belmontcharternetwork
Benchmark Physical Therapy,greenhouse,benchmarkpt
BenchPrep,greenhouse,benchprep
Benesch,greenhouse,alfredbeneschco
Benjamin,greenhouse,benjamin
Bennie,greenhouse,bennie
Berkadia,greenhouse,berkadia
Berlin Brands Group SK,greenhouse,berlinbrandssk
Berlin City Auto Group,greenhouse,berlincity
Berlin Packaging,greenhouse,berlinpackaging
Berlin Packaging Canada Corporation,greenhouse,bpcanada
BerlinRosen,greenhouse,berlinrosen
Bertke Electric,greenhouse,bertkeasp
BES Fellowship and School Leadership Opportunities,greenhouse,besfellowship
Best Care Pet Hospital,greenhouse,bestcare
Best Friend Finance,greenhouse,bff
Best Version Media,greenhouse,bestversionmedia
BETA Technologies,greenhouse,betatechnologiesinc
Bethesda Health Group,greenhouse,bethesdahealthgroup
Bethesda Physical Therapy,greenhouse,bethesda
Betsson Group,greenhouse,betsson
Betsson Group Data Privacy,greenhouse,consent
BetterHelp,greenhouse,betterhelp
BetterHelp,greenhouse,betterhelpcom
Betterment,greenhouse,betterment
Betty,greenhouse,bettyjobboard
Bevi,greenhouse,bevicareers
Beyond,greenhouse,beyond
Beyond Finance,greenhouse,beyondfinance
Beyond Mission Capable Solutions LLC,greenhouse,beyondmissioncapablesolutionsllc
Beyond ONE,greenhouse,beyondone
BeyondTrust,greenhouse,beyondtrust
Bezos Academy,greenhouse,day1academies
BGB Group,greenhouse,bgbgroup
BGE Inc.  Campus Recruiting,greenhouse,bgeinccampus
"BGE, Inc",greenhouse,bgeinc
BGW,greenhouse,bgw
Bicycle Health,greenhouse,bicyclehealth
Bidease,greenhouse,bidease
BidMachine,greenhouse,bidmachine
BiggsKofford,greenhouse,biggskofford
BigID,greenhouse,bigid
BILL,greenhouse,billcom
BillionToOne,greenhouse,billiontoone
BIMM,greenhouse,bimm
Binance,greenhouse,binance
Biofourmis,greenhouse,biofourmis
Biograph,greenhouse,biograph
Biohub,greenhouse,biohub
BioMed Realty,greenhouse,biomedrealty
biomodal,greenhouse,biomodal
"Biorasi, LLC",greenhouse,biorasillc
Biosphere,greenhouse,biosphere
Birch Hill - Harvard University,greenhouse,harvard
Bird,greenhouse,bird
Birdy Grey,greenhouse,birdygrey
Birgo,greenhouse,birgo
Bishop Fox,greenhouse,bishopfox
Bitcoin Depot,greenhouse,bitcoindepot
BitGo,greenhouse,bitgo
BitGo Campaigns,greenhouse,growth
BITKRAFT Ventures,greenhouse,bitkraft
Bitly Inc.,greenhouse,bitly
BitMEX,greenhouse,bitmex
Bitmovin,greenhouse,bitmovin
Bitpanda,greenhouse,bitpanda
Bitpanda Enterprise,greenhouse,bts
Bitwage,greenhouse,bitwage
Bitwarden,greenhouse,bitwarden
Black Canyon Consulting,greenhouse,blackcanyonconsulting
"Black Duck Software, Inc.",greenhouse,blackduck
Black Forest Labs,greenhouse,blackforestlabs
Blackbird Health,greenhouse,blackbirdhealth
BlackEdge Capital,greenhouse,blackedgecapital
BLACKLANE,greenhouse,blacklane
BlackSky,greenhouse,blacksky
Blackthorn.io,greenhouse,blackthorn
Blank Street,greenhouse,blankstreet
BlastPoint,greenhouse,blastpoint
Blend,greenhouse,blend
Blenheim Chalcot India,greenhouse,blenheimchalcotindia
Blink Health,greenhouse,blinkhealth
Blip,greenhouse,blip
Block,greenhouse,block
Blockchain.com,greenhouse,blockchain
Bloomerang,greenhouse,bloomerang
Bloomreach,greenhouse,bloomreach
Blue Moon Metals,greenhouse,bluemoonmetals
Blue Rose Research,greenhouse,blueroseresearch
Blue Sky Innovators,greenhouse,blueskyinnovators
Blue Star Families,greenhouse,bluestarfamilies
"Blue Valley Heating, Cooling & Plumbing",greenhouse,bluevalley
Blue Water Thinking,greenhouse,bluewaterthinking
Blue Wireless,greenhouse,bluewireless
BlueConic,greenhouse,blueconic
"Bluecore, Inc.",greenhouse,bluecoreinc
BlueCrest Capital Management,greenhouse,bluecrestcapitalmanagement
Blueprint Internal,greenhouse,blueprintinternal
Blueprint Technologies,greenhouse,bpcs
BlueSky Telepsych,greenhouse,blueskytelepsych
Bluestaq AUS External,greenhouse,bluestaqaus
Bluestone Physician Services,greenhouse,bluestone
Bluevine - India,greenhouse,bluevineindia
Bluevine - US,greenhouse,bluevineus
Blumira,greenhouse,blumira
Blytheco,greenhouse,blytheco
BME,greenhouse,bmeasp
BME Inc.,greenhouse,bme
BMG Money,greenhouse,bmgmoney
BMNT,greenhouse,bmnt
bob,greenhouse,bob
Bobbie,greenhouse,bobbie
Boingo,greenhouse,boingo
Boku,greenhouse,boku
bol.com EN,greenhouse,bolcomen
Bold Business,greenhouse,boldbusiness
Bold Careers,greenhouse,bold
Boldly,greenhouse,boldly
Bolo AI,greenhouse,boloai
Bolster,greenhouse,bolster
Bolt Technology,greenhouse,boltv2
Bolt.new,greenhouse,stackblitz
BoltWise,greenhouse,applytoboltwise
Bombas,greenhouse,bombas
Bombora,greenhouse,bombora
Bond Vet,greenhouse,bondvet
Bondora,greenhouse,bondora
Boom Entertainment,greenhouse,boomentertainment
Boostlingo,greenhouse,boostlingo
Bosa Properties Inc.,greenhouse,bosapropertiesinc
Bot Auto,greenhouse,botauto
Bottomline,greenhouse,bottomlinetechnologies
Boulder Care,greenhouse,bouldercare
Boulevard,greenhouse,boulevard
Box,greenhouse,boxinc
Boxxe Group,greenhouse,boxxe
Bozzuto,greenhouse,bozzuto
BPD,greenhouse,bpd
BR,greenhouse,independent
Bracebridge Capital,greenhouse,bracebridgecapital
Brady Services,greenhouse,brady
Braeburn,greenhouse,braeburn
Brain Corp,greenhouse,braincorporation
Brainloop,greenhouse,brainloop
BrainPOP,greenhouse,brainpop
BrainRocket,greenhouse,brainrocketltd
BrainStation,greenhouse,brainstation
Branch,greenhouse,branch
Brandfolder,greenhouse,brandfolder
Brandtech+,greenhouse,brandtechplus
Brandwatch,greenhouse,brandwatch
Braskem,greenhouse,braskem
Brave,greenhouse,brave
BRAVO - A Cooperative Company,greenhouse,bravo
Braze,greenhouse,braze
Breeze,greenhouse,breezecash
Breeze Airways™,greenhouse,breezeairways
Breezeway,greenhouse,breezeway
Brex,greenhouse,brex
Brick,greenhouse,getbrick
Bridge to Enter Advanced Mathematics (BEAM),greenhouse,beam
BridgeBio Pharma,greenhouse,bridgebio
Bridgewater Associates,greenhouse,bridgewater89
Bridgewater Associates LP,greenhouse,bwaltpostings
Bright Network,greenhouse,brightnetwork
BrightAI,greenhouse,brightai1
BrightAI Corporation,greenhouse,brightai
Brightcore Energy,greenhouse,brightcoreenergy
Brighthaven,greenhouse,brighthavencommunities
BrightHire,greenhouse,brighthire
Brightidea,greenhouse,brightidea
BrightSign,greenhouse,brightsign
Brilliant Earth,greenhouse,brilliantearth
Bringg,greenhouse,bringg
Brinqa,greenhouse,brinqa
British Asian Trust,greenhouse,britishasiantrust
Broad River Animal Hospital,greenhouse,broadriver
Broadsign Careers,greenhouse,broadsign
Broadvoice,greenhouse,broadvoice
Broadway Ventures,greenhouse,broadwayventures
Broadway Veterinary Clinic,greenhouse,broadway
Brooklinen,greenhouse,brooklinen
BRPH,greenhouse,brph
Brunswick Group,greenhouse,brunswickgroup
BRUNT Workwear,greenhouse,bruntworkwear
Bryant Park Consulting,greenhouse,bryantparkconsulting
bswift,greenhouse,bswift
bswift India,greenhouse,bswiftindia
BTG Pactual,greenhouse,btgpactual
BTIG,greenhouse,btig27
Bubble Skincare,greenhouse,bubbleskincare
Bugcrowd,greenhouse,bugcrowd
Builder.io,greenhouse,builder
Buildkite,greenhouse,buildkite
BuildOps,greenhouse,buildops
Built In,greenhouse,builtin
Built Technologies,greenhouse,getbuilt
BuiltIn Integration Sandbox,greenhouse,builtinintegrationsandbox
BuiltInBoston,greenhouse,builtinboston
Bulk Handling Systems,greenhouse,bhs
Bungie,greenhouse,bungie
Burson,greenhouse,bursonglobalcareers
Business Insider,greenhouse,insider
Businessolver,greenhouse,businessolver
Butlr,greenhouse,butlr
Butterfly Network,greenhouse,butterflynetwork
Butternut Box,greenhouse,butternutbox
Buutti CodeMatch,greenhouse,codematch
"Buyers Edge Platform, LLC",greenhouse,buyersedgeplatformrecruiting
Buynomics,greenhouse,buynomics
Buzz Solutions,greenhouse,buzzsolutions
BVNK,greenhouse,bvnk
BW,greenhouse,bw
By the Bay Health,greenhouse,bythebayhealth
Bybit,greenhouse,bybit
BYD North America,greenhouse,byd
C3 AI,greenhouse,c3iot
C3 AI Ascend Internship Program: Summer 2026,greenhouse,c3ascend
C3 Integrated Solutions,greenhouse,c3integratedsolutions
C6 Bank,greenhouse,c6bank
Cabify,greenhouse,cabify
Caddell Construction,greenhouse,caddellconstruction
Cadence Health,greenhouse,cadencehealth
Cadence Solutions,greenhouse,cadencesolutions
Cadwell,greenhouse,cadwell
CAIS,greenhouse,cais
Cajal Therapeutics,greenhouse,cajal-tx
Cake,greenhouse,cakeai
Calendly,greenhouse,calendly
Caliber,greenhouse,caliber
Calico,greenhouse,calicolabs
Calif,greenhouse,calif
California Academy of Sciences,greenhouse,californiaacademyofsciences
CALIFORNIA AUTISM CENTER,greenhouse,californiaautismcenter
California Psychics,greenhouse,californiapsychics
Callibrity,greenhouse,callibrity
CallRail,greenhouse,callrail
Calm.com,greenhouse,calm
Calvetti Ferguson - Experienced Professionals,greenhouse,calvettifergusonexperiencedprofessionals
Calyxo,greenhouse,calyxo
Cambridge Mobile Telematics,greenhouse,cambridgemobiletelematics
Cameo,greenhouse,cameo
CAMP,greenhouse,camp
Campbell Ewald,greenhouse,ce
Campus CTC - LinkedIn,greenhouse,chicagotradingcampushiring
Campus Opportunities,greenhouse,campusopportunities
Candid,greenhouse,candid
Candidly,greenhouse,candidly
Cannabis & Glass,greenhouse,cannabisandglass
CannonDesign,greenhouse,cannondesign
Canonical,greenhouse,canonical
Canopy,greenhouse,canopytax
Canto,greenhouse,canto
Capco,greenhouse,capco
Capella,greenhouse,capellaspace
CapIntel,greenhouse,capintel
Capital on Tap,greenhouse,capitalontap
Capitalize,greenhouse,capitalize
capSpire - Australia,greenhouse,australia
capSpire - Canada,greenhouse,canada1
Capstone Investment Advisors,greenhouse,capstoneinvestmentadvisors
Captivation Software,greenhouse,captivation
CaptiveAire,greenhouse,captiveaire
Carbon Direct,greenhouse,carbondirect
Carbon Robotics,greenhouse,carbonrobotics
"Carbon, Inc.",greenhouse,carbon
CarbonChain,greenhouse,carbonchain
Carbonfuture,greenhouse,carbonfuture
CardFlight,greenhouse,cardflight
"Cardinal Point, Focus Partners Canada",greenhouse,cardinalpoint
Care Access,greenhouse,careaccess
Care Dimensions,greenhouse,caredimensions
Care.com (Dev),greenhouse,devboard
"CareDx, Inc.",greenhouse,caredxinc
Careem,greenhouse,careem
Career Team,greenhouse,careerteam
Careers at Eucalyptus,greenhouse,eucalyptus
Careers at GTCR,greenhouse,gtcr
Careers at Libra Group,greenhouse,thelibragroup
CAREERS AT NLC,greenhouse,nlcventures
Careers at Tide,greenhouse,tide
CareerVillage.org,greenhouse,careervillage
Carefeed,greenhouse,carefeed
Carewell,greenhouse,carewell
Cargomatic,greenhouse,cargomatic
Cargoo,greenhouse,cargoo
CarGurus,greenhouse,cargurus
Caribou Financial,greenhouse,caribou
Caring Hands Animal Hospital - Alexandria,greenhouse,chalexandria
CarOnSale,greenhouse,caronsale
Carr Allison,greenhouse,carrallison
Carrot,greenhouse,carrotfertility
Carta,greenhouse,carta
Cartesian Systems,greenhouse,cartesiansystems
Cartwheel,greenhouse,cartwheelcare
Carvana,greenhouse,carvana
Casa,greenhouse,casa
Casago,greenhouse,casago
Cascade Financial Services,greenhouse,cascadeloans
Cascala Health,greenhouse,cascalahealth
"CASE Management Consulting, LLC",greenhouse,casemanagementconsulting
Case Status,greenhouse,casestatus
Casechek,greenhouse,casechek
CaseGuard,greenhouse,caseguard
CASETiFY,greenhouse,casetify
Cash Cow - Louisiana,greenhouse,cashcowlouisiana
Cast AI,greenhouse,castaigroupinc
Castlery,greenhouse,castlery
Catamount Constructors,greenhouse,catamountconstructors
Catapult Sports,greenhouse,catapultsports
Cataract Institute of Oklahoma,greenhouse,cio
Catawiki,greenhouse,catawiki
"Catch Creation, LLC",greenhouse,catchcreationllc
Catena Clearing,greenhouse,catenaclearing
Cato Networks,greenhouse,catonetworks
Cattaneo Zanetto Pomposo Co.,greenhouse,cattaneozanetto
Caylent,greenhouse,caylent
Cayuse,greenhouse,cayuse
CB Insights,greenhouse,cbinsights
CB4,greenhouse,cb4
CBCS,greenhouse,cbcs
cBEYONData + SMX,greenhouse,ess
CCOF,greenhouse,ccof
"CCS, Corporate",greenhouse,ccscorpcareers
Cedar Rapids Prep,greenhouse,cedarrapidsprep
Celigo,greenhouse,celigo
Cellanome,greenhouse,cellanome
Celonis,greenhouse,celonis
Censys,greenhouse,censys
Centennial Real Estate Company LLC,greenhouse,centennial
Center for Employment Opportunities,greenhouse,centerforemploymentopportunities
"Centessa Pharmaceuticals, LLC",greenhouse,centessapharmaceuticalsinc
Central California Alliance for Health,greenhouse,ccah
Central California Alliance for Health (Remote),greenhouse,ccahremote
CentralReach,greenhouse,centralreach
Centri Business Consulting,greenhouse,centribusinessconsulting
Centria Autism,greenhouse,centriaautism
Centrum Health,greenhouse,centrumhealth
Cerebral,greenhouse,cerebral
Cerebras,greenhouse,earlytalentcerebras
Cerebras Systems,greenhouse,cerebrassystems
"Ceribell, Inc",greenhouse,ceribell
Ceros,greenhouse,ceros
CFM,greenhouse,cfm
CFO Insights,greenhouse,cfoinsights
CGC,greenhouse,cgc
CGS (Computer Generated Solutions Inc.),greenhouse,computergeneratedsolutions
Chainguard,greenhouse,chainguard
ChalkBooks,greenhouse,applytochalkbooks
Challenge Manufacturing,greenhouse,challengemfgcompany
Champion & Nash HVAC,greenhouse,championnashhvac
Chan Zuckerberg Initiative,greenhouse,chanzuckerberginitiative
CHAOS Industries,greenhouse,chaosindustries
Chaparral Medical Group,greenhouse,chaparralmedicalgroup
ChargePoint,greenhouse,chargepoint
charles,greenhouse,charles
Charles River Associates,greenhouse,charlesriverassociates
Charleys,greenhouse,charleys
Charlie Health,greenhouse,charliehealth
Chartboost,greenhouse,chartboost
CharterUP,greenhouse,charterup
CHAS,greenhouse,chas
Chase Center,greenhouse,chasecenter
Chatham Financial,greenhouse,chathamfinancial
Checkbook,greenhouse,checkbook
Checkr,greenhouse,checkr
Checkr - Chile,greenhouse,chile
Cheddar,greenhouse,cheddar
Cherry,greenhouse,cherry
Chicago Public Media,greenhouse,cpm
"Chime Financial, Inc",greenhouse,chime
Chomps,greenhouse,chompscareers
Chowbus,greenhouse,chowbus
Christ Fellowship,greenhouse,christfellowship
Chrome Industries,greenhouse,chromeindustries
Chronograph,greenhouse,chronograph
CI Azumano,greenhouse,ciazumano
Cincinnati Eye Institute,greenhouse,cei
Circa - IPG DXTRA,greenhouse,dxacirca
Circle.so,greenhouse,circleso
CircleCI,greenhouse,circleci
"Cirkul, Inc",greenhouse,cirkul
Cisco ThousandEyes,greenhouse,thousandeyes
Cision,greenhouse,cision
Citian,greenhouse,citian
"Citrus Health Group, Inc",greenhouse,citrushealthgroup
City Beauty,greenhouse,citybeauty
CIV,greenhouse,civ
Civil Science,greenhouse,civilscience
Civis Analytics,greenhouse,civisanalytics
Clara,greenhouse,clara
Clariness,greenhouse,clariness
Claritas Rx,greenhouse,claritasrx
Clariti Cloud Inc.,greenhouse,clariticloudinc
Clarity,greenhouse,clarity
Clarity AI,greenhouse,clarityai
Clarity Innovations,greenhouse,clarityinnovates
Clarkson Eyecare,greenhouse,clarksoneyecare
Clarkson Eyecare Georgia,greenhouse,eyeelements
ClassApp,greenhouse,classapp
ClassPass,greenhouse,classpass
CLEAR - Corporate,greenhouse,clear
Clear Street,greenhouse,clearstreet
Clear Tech,greenhouse,cleartech
ClearView Healthcare Partners,greenhouse,clearviewhealthcarepartners
Clearway Energy,greenhouse,clearwayjobs
Clearway Group,greenhouse,clearway
Cleo (India),greenhouse,cleoindia
Cleo (US),greenhouse,cleo
Cleveland Guardians - Baseball Operations,greenhouse,clevelandguardiansbops
Clever,greenhouse,clever
Click Therapeutics,greenhouse,clicktherapeutics
ClickHouse,greenhouse,clickhouse
Clickstop,greenhouse,clickstop
Climate Cabinet,greenhouse,climatecabinet
Climate Corps,greenhouse,cc
Climate First Bank,greenhouse,climatefirstbank
ClimateAi,greenhouse,climateai
ClimateBase,greenhouse,climatebase
Cline,greenhouse,cline
Clinical Architecture,greenhouse,clinicalarchitecture
Closure Technologies,greenhouse,closure-tech
Cloud Chamber,greenhouse,cloudchamberen
Cloud Chamber Montreal,greenhouse,cloudchamberfr
Cloudbeds,greenhouse,cloudbeds
Cloudflare,greenhouse,cloudflare
CloudKitchens,greenhouse,css
CloudSEK,greenhouse,cloudsek
"CloudWerx, Inc.",greenhouse,cloudwerxinc
Clover Health,greenhouse,cloverhealth
Club Monaco,greenhouse,clubmonaco
Clutch Technologies Inc.,greenhouse,clutch
CLV,greenhouse,clv
"Clēnera, LLC",greenhouse,clenera
cm4all,greenhouse,cm4all
CMBlu Energy AG,greenhouse,cmbluenergyag
CMF by Nothing,greenhouse,cmf
Co-Ops at New York ISO,greenhouse,nyisocoops
"Coalition, Inc.",greenhouse,coalition
Coast,greenhouse,coast
Coast Energy,greenhouse,coastenergy
Cobalt,greenhouse,cobaltio
Cobalt Service Partners,greenhouse,cobaltservicepartners
"Cobblestone Energy -  Dubai, UAE.",greenhouse,cobblestoneenergy4
"Cobblestone Energy,  Dubai - UAE.",greenhouse,cobblestoneenergy1
Cobo,greenhouse,cobo
Cobre,greenhouse,cobre
Cockroach Labs,greenhouse,cockroachlabs
Coconut Software,greenhouse,coconutsoftware
Cocoon,greenhouse,cocoon
Codal,greenhouse,codalinc
Code and Theory,greenhouse,codeandtheory
Code for America,greenhouse,codeforamerica
Code.org,greenhouse,codeorg
CodeBlack,greenhouse,codeblack
CodePath,greenhouse,codepath
Coefficient,greenhouse,coefficient
Coeo (Website),greenhouse,coeo
Cofertility,greenhouse,cofertility
COFRA Holding,greenhouse,cofraholding
Cogent Biosciences,greenhouse,cogentbiosciences
Cognite - AI for Industry,greenhouse,cognite
Cogstate,greenhouse,cogstateinc
Cohere Health,greenhouse,coherehealth
Coherus Oncology,greenhouse,coherusbiosciences
CoLab Software,greenhouse,colabsoftware
Coldwater Veterinary Hospital,greenhouse,coldwater
Collective Health,greenhouse,collectivehealth
Collectively,greenhouse,collectively
College Recruitment,greenhouse,hogwarts
Collegium Pharmaceutical,greenhouse,collegiumpharma
Collibra,greenhouse,collibra
Colombia,greenhouse,colombia
Colorado,greenhouse,colorado
Colossal Biosciences,greenhouse,colossalbiosciences
Columbus Arts and Technology Academy,greenhouse,cata
Columbus Bilingual Academy North,greenhouse,columbusbilingualacademynorth
Columbus Bilingual West,greenhouse,columbusbilingualwest
"Columbus Humanities, Arts, and Technology Academy",greenhouse,chata
Columbus Ophthalmology Associates,greenhouse,coa
Comet,greenhouse,comet
CommerceIQ,greenhouse,commerceiq
commercetools,greenhouse,commercetools
Commercial Real Estate Company,greenhouse,commercialrealestatecompany
Common Thread Collective,greenhouse,commonthreadcollective
Community Food Funders,greenhouse,cff
Commvault,greenhouse,commvault
Company,greenhouse,company
Compass Health Center,greenhouse,compasshealthcenter
Compass Pathways,greenhouse,compasspathways
Compeer Financial,greenhouse,compeerfinancial
Compliancy Group LLC.,greenhouse,compliancygroupllc
ComplyAdvantage,greenhouse,complyadvantage
CompTech Computer Technologies,greenhouse,comptechcomputertechnologies
"CompuNet, Inc.",greenhouse,compunetinc
Comstock,greenhouse,comstock
Concentric,greenhouse,concentric
Concentric Advisors,greenhouse,concentricadvisors
Conga,greenhouse,conga
Connected Careers Page,greenhouse,connectedcannabis
Connections Health Solutions,greenhouse,connectionshealthsolutions
"Connor, Clark & Lunn Funds Inc.",greenhouse,funds
"Connor, Clark & Lunn Investment Management",greenhouse,cclim
Conquer,greenhouse,conquer
Consensys,greenhouse,consensys
Constant Contact,greenhouse,constantcontact
Constellation Schools,greenhouse,constellationschools
Construction Resources,greenhouse,constructionresources
Consumer Edge,greenhouse,consumeredge
Consumer Reports,greenhouse,consumerreports
ContactMonkey,greenhouse,contactmonkey
Contentful,greenhouse,contentful
Contentstack,greenhouse,contentstack
Contextual AI,greenhouse,contextualai
Contractor Jobs at Airbnb,greenhouse,contractorjobs
Convene,greenhouse,convene
ConvenientMD,greenhouse,convenientmd
Convera,greenhouse,convera
Converted Board Dana,greenhouse,converted
Conviva,greenhouse,conviva
Convoso,greenhouse,convoso
Cook Systems,greenhouse,cooksys
CookUnity,greenhouse,cookunity
Cool Willy's,greenhouse,coolwillys
Copia Power,greenhouse,copiapower
Copperstate Farms,greenhouse,copperstatefarms
Coras,greenhouse,corasps
Cordance,greenhouse,cordance
Cordial Experience Inc.,greenhouse,cordial81
Core One,greenhouse,coreone
Core Scientific,greenhouse,corescientific
Coretelligent,greenhouse,coretelligent
CoreWeave,greenhouse,coreweave
CoreWeave Europe,greenhouse,coreweaveu
Corporate Synergies,greenhouse,corpsyn
Correlation One Expert Network,greenhouse,expertnetwork
Cortex,greenhouse,cortex
Cortica - Neurodevelopmental,greenhouse,allcareers
Cortland,greenhouse,cortland
Corvee,greenhouse,corvee
"Corvias Corporate Services, LLC",greenhouse,corviascorporateservicesllc
COTE Miami,greenhouse,cotemiami
COTE Vegas,greenhouse,cotevegas
Coterie Insurance,greenhouse,coterieinsurance
Cottingham & Butler,greenhouse,cottinghambutlerinsuranceservicesinc
Cotulla Education,greenhouse,cotullaeducation
Counterpart,greenhouse,counterpart
Counterpart Health,greenhouse,counterparthealth
Countryside Veterinary Hospital,greenhouse,countryside
Coupang,greenhouse,coupang
Courier Health,greenhouse,courierhealth
Course Hero,greenhouse,coursehero
Coursemojo,greenhouse,coursemojo
Coursera,greenhouse,coursera
CoVar,greenhouse,covar
Covariance.ai,greenhouse,covariance
Coveo,greenhouse,coveoen
Covera Health,greenhouse,coverahealth
Co–Star,greenhouse,costar
CPI Security,greenhouse,cpisecurity
Craftsman+,greenhouse,craftsman
Cranial Technologies,greenhouse,cranialtechnologies
CrashPlan,greenhouse,crashplan
Crayon,greenhouse,crayon
Creating Behavioral + Educational Momentum,greenhouse,cbem
Creative Fabrica,greenhouse,creativefabrica
CreativeX,greenhouse,creativex
Credera Experienced Hiring Job Board,greenhouse,credera
Credible,greenhouse,credible
Credit Karma,greenhouse,creditkarma
Crescent,greenhouse,crescent
Cresco Labs,greenhouse,crescolabs
Cresta,greenhouse,cresta
"Crestline Investors, Inc.",greenhouse,crestline
Crestwood Behavioral Health,greenhouse,crestwoodcareers
Crexi,greenhouse,crexi
Cribl,greenhouse,cribl
Crisp,greenhouse,crisp
Crisp Recruit,greenhouse,crisprecruit
Critical Mass,greenhouse,criticalmass
Cross River,greenhouse,crossriverbank
Crossbeam,greenhouse,crossbeam
CrossKnowledge,greenhouse,crossknowledge
Crossroads Health,greenhouse,crossroadshealth
Crowd Street,greenhouse,crowdstreet
Crowell & Moring,greenhouse,crowellmoring
"Crunchyroll, LLC",greenhouse,crunchyroll
CSCI Consulting,greenhouse,csciconsulting
"CTC Campus - External, Not Advertised",greenhouse,ctccampusboard
CTC Campus - Website,greenhouse,chicagotradingcampus
"CTC Lateral - External, Not Advertised",greenhouse,chicagotradingreferral
CTC Lateral - Website & LinkedIn,greenhouse,chicagotrading
CTI,greenhouse,cti
Cubic Motion,greenhouse,cubicmotion
CueBox,greenhouse,applytocuebox
Culture Amp,greenhouse,cultureamp
Curaleaf,greenhouse,curaleaf
Current,greenhouse,current
Current,greenhouse,current81
Current Media Group,greenhouse,currentcatalog
Customer.io,greenhouse,customerio
Cuyana,greenhouse,cuyana
CVOnline,greenhouse,cvonline
CVX Ventures,greenhouse,cvx
CWE,greenhouse,cwe
CyberSheath,greenhouse,cybersheath
Cybrid,greenhouse,cybrid
Cycles,greenhouse,cycles
Cyclic Materials Inc.,greenhouse,cyclicmaterialsinc
CycloKinetics (CleanJoule),greenhouse,cyclokinetics
Cytokinetics,greenhouse,cytokinetics
Cyware,greenhouse,cyware
D2 Technical Services,greenhouse,d2consulting
D2L,greenhouse,d2l
D3,greenhouse,d3
Da Vinci,greenhouse,davinciderivatives
Dagger,greenhouse,dagger
Dagster Labs,greenhouse,dagsterlabs
Dalio Family Office,greenhouse,marinomanagementllc
Dante,greenhouse,dante
Dark Wolf Solutions,greenhouse,darkwolfsolutions
DAS42,greenhouse,das42
Dashlane,greenhouse,dashlane
"Data Systems Analysts, Inc.",greenhouse,datasystemsanalystsinc
Databento,greenhouse,databento
Databricks,greenhouse,databricks
DataCamp,greenhouse,datacamp
Datacor,greenhouse,datacor
Datadog,greenhouse,datadog
DataDome,greenhouse,ddome
DataGrail,greenhouse,datagrail
DataHub,greenhouse,acryldata
Dataiku,greenhouse,dataiku
Dataiku Misc Postings,greenhouse,dataikujobs
DataKind,greenhouse,datakindinc
Datavant,greenhouse,datavant2
David Zwirner,greenhouse,davidzwirnergallery
Davis Development,greenhouse,davisdevelopment
Daybreak Health,greenhouse,daybreakhealth
Daylight,greenhouse,daylight
Daymark Health,greenhouse,daymarkhealth
DB E.C.O. North America,greenhouse,dbeconorthamerica
dbt Labs,greenhouse,dbtlabsinc
Dcard,greenhouse,dcard
DDB Chicago,greenhouse,ddbchicago
Dealpath,greenhouse,dealpath
Debt Relief Advocates,greenhouse,dra
DebtBook,greenhouse,debtbook
Debut Biotech,greenhouse,debutbiotech25
Decathlon Digital EN,greenhouse,decathlontechnologyen
Decibel Foundation,greenhouse,decibelfoundation
Decima International,greenhouse,decimainternational
Decisions,greenhouse,decisions
Dedicated IT,greenhouse,dedicatedit
Deep Blue Sports & Entertainment,greenhouse,deepblue
DeepIntent,greenhouse,deepintent
Deeplocal,greenhouse,deeplocal
DeepMind,greenhouse,deepmind
DEFCON AI,greenhouse,defcon
Defense News,greenhouse,defensenewscareers
Defense Unicorns,greenhouse,defenseunicorns
"Definitive Healthcare, Sweden",greenhouse,monocl
"Definitive Healthcare, US",greenhouse,definitivehc
Degreed,greenhouse,degreed
Delart,greenhouse,delartech
Delasport,greenhouse,delasport
Delfina,greenhouse,delfina
Delivery Associates,greenhouse,deliveryassociates
Delterra.org,greenhouse,delterra
Democracy Forward,greenhouse,democracyforward
Denver Broncos and Stadium Management Company,greenhouse,denverbroncosteamllc
Deporvillage,greenhouse,deporvillage
DEPT®,greenhouse,dept
Des Moines Prep,greenhouse,desmoinesprep
Descope,greenhouse,descope
Descript,greenhouse,descript
Design Pickle,greenhouse,designpickle
Designed Conveyor Systems,greenhouse,designedconveyorsystems
Destination Canada,greenhouse,destinationcanada
Destination Canada (français),greenhouse,destinationcanadafr
Detroit Lions,greenhouse,detroitlions
Dev Technology,greenhouse,devtechnology
DevRev,greenhouse,devrev
DeVries,greenhouse,devries
Dexis,greenhouse,dexisconsultinggroup
Dexory,greenhouse,dexory
DFINITY,greenhouse,dfinity
DFO Referrals,greenhouse,dforeferrals
DH Pace,greenhouse,dhpace
"DHI Group, Inc.",greenhouse,dhigroupinc
Di Rezze Family Office,greenhouse,dfo
Dialectic,greenhouse,dialecticch
Dialpad,greenhouse,dialpad
Diamondback Plumbing & Cooling,greenhouse,dpc
Diana Health,greenhouse,dianahealth94
Dianthus Therapeutics,greenhouse,dianthustherapeutics
Digi Security Systems,greenhouse,digisecuritysystems
Digible,greenhouse,digible
DigiCert,greenhouse,digicert
Digimarc,greenhouse,digimarc
Digit,greenhouse,digit
Digital Eclipse Entertainment Partners,greenhouse,digitaleclipse
Digital Extremes,greenhouse,digitalextremes
Digital Hands,greenhouse,digitalhands
DigitalBridge,greenhouse,digitalbridge
Digs,greenhouse,digs
Diligent Corporation,greenhouse,diligentcorporation
Diligent Robotics,greenhouse,diligentrobotics
Diligent Services,greenhouse,diligent
DIM,greenhouse,dim
Dinosaur Car Wash,greenhouse,dino
DISCO,greenhouse,disco
Discord,greenhouse,discord
"Dispatch Technologies, Inc",greenhouse,dispatch
DistantJob,greenhouse,distantjob
DistroKid,greenhouse,distrokid
DivcoWest,greenhouse,divcowest
Divergent,greenhouse,divergent
Divergent (Confidential),greenhouse,dti
DiversityJobs,greenhouse,diversityjobs
DKatalis,greenhouse,dkatalislabs
DKatalis Singapore,greenhouse,dkatalissingapore
DLH,greenhouse,dlhcorporation
DLR Group,greenhouse,dlrgroup
DMC Engineering - Campus Recruiting,greenhouse,dmcengineering2024
dmg events,greenhouse,dmgevents
DMSI,greenhouse,dmsi
DNSFilter,greenhouse,dnsfilter
DOC,greenhouse,danieloconnellssons
Doctolib,greenhouse,doctolib
Doctors Without Borders / Médecins Sans Frontières (MSF) Canada,greenhouse,doctorswithoutborders
Documo,greenhouse,documocareers
Dodgshun Medlin,greenhouse,dodgshunmedlin
DoiT,greenhouse,doitintl
Dollar Shave Club,greenhouse,dollarshaveclub
Dome Construction Corporation,greenhouse,domeconstruction
Domino Data Lab,greenhouse,dominodatalab
Donorbox,greenhouse,donorbox
DonorsChoose,greenhouse,donorschoose
DoorDash Australia,greenhouse,doordashaustralia
DoorDash Canada,greenhouse,doordashcanada
DoorDash High Volume,greenhouse,high-volume
DoorDash India,greenhouse,doordashindia
DoorDash Quebec,greenhouse,doordashquebec
DoorDash USA,greenhouse,doordashusa
Doppel,greenhouse,doppel
Dorset Street Animal Hospital,greenhouse,dorset
Dorsia,greenhouse,dorsia
Dots,greenhouse,dots
DoubleVerify,greenhouse,doubleverify
Downing Capital Group,greenhouse,downingcapitalgroup
Downtown Music,greenhouse,downtownmusic
Doximity,greenhouse,doximity
doxo Careers,greenhouse,doxo
DQ Technologies,greenhouse,dqt
Dr. Richard Izquierdo Health & Science Charter School,greenhouse,drizquierdocharterschools
Dr. Squatch,greenhouse,drsquatch
Dragos,greenhouse,dragos
DRC,greenhouse,drc
Dream Games,greenhouse,dreamgames
DreaMotion,greenhouse,dreamotion
Dreem Health,greenhouse,dreemhealth
DriveWealth,greenhouse,drivewealth
Dropbox,greenhouse,dropbox
Dropps,greenhouse,dropps
Druva,greenhouse,druva
DRW,greenhouse,drweng
DRW Montreal,greenhouse,drwfr
Drybar,greenhouse,drybar
Dscout,greenhouse,dscout
Dubber,greenhouse,dubber
DuckWorks Millwork Solutions,greenhouse,duckworksmillworksolutions
Duda,greenhouse,duda
Dude Perfect,greenhouse,dudeperfect
Duetto Research,greenhouse,duettoresearch
dunnhumby,greenhouse,dunnhumby
Duolingo,greenhouse,duolingo
Duplicati Inc.,greenhouse,duplicati
Durable,greenhouse,durable
Dusty Robotics,greenhouse,dustyrobotics
Dutchie,greenhouse,thedutchie
DV Trading,greenhouse,dvtrading
dv01,greenhouse,dv01
Dwelly,greenhouse,dwelly
Dynamic Air Solutions,greenhouse,dynamic-air-solutions
"Dynamis, Inc.",greenhouse,dynamisinc
DYOPATH,greenhouse,dyopath
"E-gineering, Inc.",greenhouse,egineering
e2open,greenhouse,e2openllc
Early Learning Academies,greenhouse,ela
Early Talent Job Board - Penn Interactive,greenhouse,coop
Earnest,greenhouse,earnest
EarnIn,greenhouse,earnin
East Hampton Veterinary Group,greenhouse,easthampton
Eastern Pennsylvania Veterinary Medical Center,greenhouse,eastern-pennsylvania-veterinary-medical-center
Eastland Preparatory Academy,greenhouse,eastlandpreparatoryacademy
Easygo,greenhouse,easygo
Easyship,greenhouse,easyship
Eat Just,greenhouse,eatjust
EBANX,greenhouse,ebanx
ECC,greenhouse,eccintegrator
Echodyne Corp,greenhouse,echodynecorp
eClinical Solutions,greenhouse,eclinicalsolutions
Eclipse,greenhouse,eclipse
Eclipse Trading,greenhouse,eclipsetrading
ecoATM | Gazelle,greenhouse,ecoatmgazelle
ecosio,greenhouse,ecosio
ecoworks,greenhouse,ecoworks
EDB,greenhouse,edb
Edge,greenhouse,edge
EdgeConneX,greenhouse,edgeconnex
Edged Infrastructure,greenhouse,edged_infrastructure
Edgestream,greenhouse,edgestream
Edinburgh Animal Hospital,greenhouse,edinburgh
Edison,greenhouse,edison
Edmentum,greenhouse,edmentum
EDO,greenhouse,edo
Educate!,greenhouse,educate
eduMe,greenhouse,edume
EEI,greenhouse,eei
Effectual,greenhouse,effectual
Egress,greenhouse,egress
eko,greenhouse,eko
Elastic,greenhouse,elastic
Elation Health,greenhouse,elationhealth
Electra,greenhouse,electrasteel
Electric Kiwi,greenhouse,electrickiwi
Electrosoft,greenhouse,electrosoft
Element Biosciences,greenhouse,elementbiosciences
eLEND,greenhouse,elend
Eleos Health,greenhouse,eleoshealth
ELEVI Associates,greenhouse,eleviassociates
Eliot Community Human Services,greenhouse,eliotcommunityhumanservices
Elite Dental Partners,greenhouse,elitedentalpartnersllc
"Elite Physical Therapy, Inc.",greenhouse,elite
Elite Technology,greenhouse,elitetechnology
Ellea Nursing,greenhouse,elleanursing
EllieMD,greenhouse,elliemd
Elligint Health,greenhouse,elliginthealth
elly,greenhouse,elly
Elo,greenhouse,elo
Elsevier,greenhouse,elsevier
eMAG,greenhouse,emag
EMARKETER,greenhouse,emarketer
Embrace,greenhouse,embrace
Emergency Veterinary Care Center,greenhouse,evcc
Emergent Labs,greenhouse,emergentlabsinc
EMI,greenhouse,emi
Emigrant Partners,greenhouse,emigrantpartners
Emily's Entourage,greenhouse,ee
"EMIT Technologies, Inc.",greenhouse,emittechnologiesinc
emnify,greenhouse,emnify
eMoney Advisor,greenhouse,emoneyadvisor
Emplifi,greenhouse,emplifi
"Employment Opportunities at BuzzFeed, Inc.",greenhouse,buzzfeed
Empower Pharmacy,greenhouse,empowerpharmacy
Emtrain,greenhouse,emtrain
Enavate,greenhouse,enavatecareers
Enboarder,greenhouse,enboarder
EnCharge AI,greenhouse,enchargeai36
Encora,greenhouse,encora10
Encore,greenhouse,encore
Encoura,greenhouse,encoura
Endeavour. Inspired Infrastructure.,greenhouse,endeavourinspiredinfrastructure
"Endgame Systems, LLC",greenhouse,endgamesystemsllc
Endor Labs,greenhouse,endorlabs
Endorsed,greenhouse,endorsed
Energage,greenhouse,energage
Energize Colleges,greenhouse,enco
Energy Exemplar,greenhouse,energyexemplarllc
Energy Innovation,greenhouse,energyinnovation
Energy Solutions - USA,greenhouse,energysolutions
EnergyHub,greenhouse,energyhub
energytec.ai,greenhouse,etec
Enforce,greenhouse,enforce
Enformion,greenhouse,enformion
ENGAGE Australia,greenhouse,engage
EngagedMD,greenhouse,engagedmd
Engelhart,greenhouse,engelhart
Engine,greenhouse,engine
Engineering Excellence,greenhouse,engineeringexcellence
Engineers Gate,greenhouse,engineersgate
Enhesa,greenhouse,enhesa
Enigma,greenhouse,enigmaio
enmacc,greenhouse,enmacc
Ennoble Care,greenhouse,ennoblecare
Enova International,greenhouse,enova
ENSCO - Internships,greenhouse,enscointernships
ENSCO - Transportation Technology Center (TTC),greenhouse,enscottc
"ENSCO, Inc.",greenhouse,ensco
Ensemble,greenhouse,ensemble
Ensono,greenhouse,ensono
Enterpret,greenhouse,enterpret
Entersekt,greenhouse,entersekt
Enthought,greenhouse,enthought
Entree Health,greenhouse,entreehealth
Entrega,greenhouse,entrega
Entry Level Positions at Global Atlantic Financial Group,greenhouse,entrylevelga
Enumerate,greenhouse,enumerate
Enveritas,greenhouse,enveritas
Environmental Science Associates,greenhouse,environmentalscienceassociates
Enviva,greenhouse,enviva
"Envoy Global, Inc.",greenhouse,envoyglobalinc
Enya Labs,greenhouse,enyalabs
Enzene INC,greenhouse,enzeneinc
EOLA Power,greenhouse,eolapower
EOS https://app2.greenhouse.io/job_boards/4008206002/settings,greenhouse,eositsolutions
Epic Games,greenhouse,epicgames
Epic Kids Inc.,greenhouse,epickids
Epicrispr Biotechnologies,greenhouse,epicbio
Epirus,greenhouse,epirus
Episode Six,greenhouse,episodesix
Episode Six US,greenhouse,episodesixlinkedin
"ePlus Technology, inc.",greenhouse,eplusinc
EQT Corporation,greenhouse,eqtcorporation
EQT Group,greenhouse,eqtpartners
Equal Experts,greenhouse,equalexperts
Equatic,greenhouse,equatic
Equilibrium,greenhouse,equilibrium
Equilibrium Energy,greenhouse,equilibriumenergy
Equipment Finance Services,greenhouse,efs
EquityZen,greenhouse,equityzen
Eqvilent,greenhouse,eqvilentjobs
ERC Pathlight,greenhouse,erc8585757pathlight53t353
eRezLife,greenhouse,erezlife
Ergeon,greenhouse,ergeon
Eridan,greenhouse,eridan
Ernest,greenhouse,ernestpackagingsolutions
Escada,greenhouse,escada
Escala Partners,greenhouse,escala
eSCRIBE,greenhouse,escribe
eScribers,greenhouse,escribers
ESO,greenhouse,eso
Espirita,greenhouse,espirita
Espresa,greenhouse,espresa
Esri,greenhouse,esri
Essential Anesthesia Management,greenhouse,essential
Etched,greenhouse,etchedai
Ethernovia,greenhouse,2bc11c2c7us
"Ethernovia, Inc.",greenhouse,ethernovia
Ethos,greenhouse,ethos
Ethos Life,greenhouse,ethoslife
Euclid Power,greenhouse,euclidpower
Eudia,greenhouse,eudia
Eve,greenhouse,eve
"Eventbrite, Inc.",greenhouse,eventbriteinc
Events,greenhouse,mwamevents
Events,greenhouse,events
Events/University Recruiting,greenhouse,eventsandinterns
Ever,greenhouse,ever
Ever.Ag,greenhouse,everagtester
Ever.green,greenhouse,evergreen
Evergreen Action,greenhouse,evergreenaction
Evergreen Nephrology,greenhouse,evergreennephrology
Evergreen Services Group,greenhouse,evergreenservicesgroup
Everlane,greenhouse,everlane
Evernest,greenhouse,evernest
Everpure,greenhouse,purestorage
Everway,greenhouse,everway
Every Cure,greenhouse,everycure
EVERY™,greenhouse,theeverycompany
Evio,greenhouse,evio
Evismart,greenhouse,evismart
Evolution Cloud Services (EVOCS),greenhouse,evolutioncloudservicesevocs
Evolutionary Scale,greenhouse,evolutionaryscale
EvolutionIQ,greenhouse,evolutioniq
evolvedMD,greenhouse,evolvedmd
Evolver,greenhouse,evolver
EVPassport,greenhouse,evpassport
EVYD Technology,greenhouse,evydtech
Exabeam,greenhouse,exabeam
Exact Sales,greenhouse,exactsales
Exadel Inc (Website),greenhouse,exadelinc
Exame | Saint Paul,greenhouse,exame
Example Corp,greenhouse,examplecorpsandbox
Excel Learning Center,greenhouse,excel
Excel Sports Management,greenhouse,excelsportsmanagement
Exclaimer,greenhouse,exclaimer
Exiger,greenhouse,exiger
Exness Internship,greenhouse,exnessinternship
Exodus Movement Inc.,greenhouse,exodus54
ExodusPoint,greenhouse,exoduspoint
ExodusPoint Campus,greenhouse,xpcampus
Expel,greenhouse,expel
ExperiGreen,greenhouse,experigreen
Explore,greenhouse,explore
ExpressVPN,greenhouse,expressvpn
Extend,greenhouse,extend
Extenteam Client Roles,greenhouse,extenteam
ExtraHop,greenhouse,extrahopnetworks
EyeCare Associates,greenhouse,eyecareassociates
eyecarecenter,greenhouse,eyecarecenter
eyeo,greenhouse,eyeo
"ezCater, Inc",greenhouse,ezcaterinc
Ezra,greenhouse,ezra
F. Schumacher & Co.,greenhouse,fschumacherco
Facility Door Solutions,greenhouse,fds
Factored,greenhouse,factored
Factorial Energy,greenhouse,factorialenergy
Faherty Brand,greenhouse,fahertybrand
Faircom New York,greenhouse,faircomny
Faire,greenhouse,faire
fairlife,greenhouse,fairlife
Fairmarkit,greenhouse,fairmarkit
Fairstead ESC LLC,greenhouse,fairsteadescllc
Fairway Jockey,greenhouse,fairwayjockey
fal,greenhouse,fal
FalconX,greenhouse,falconx
FAM Brands,greenhouse,fambrands
Family Office,greenhouse,fo
FamilyWell,greenhouse,familywell
Fanatics Betting & Gaming,greenhouse,fanaticsfbg
Fanatics Collectibles,greenhouse,fanaticscollectibles
Fanatics Commerce,greenhouse,fanaticscommerce
Fanatics Inc.,greenhouse,fanaticsinc
Fandom,greenhouse,fandom
FanDuel,greenhouse,fanduel
Faraday Future,greenhouse,faradayfuture
"Farallon Capital Management, L.L.C.",greenhouse,faralloncapitalmanagementllc
FareHarbor,greenhouse,fareharbor
Faropoint,greenhouse,faropoint
Farther,greenhouse,fartherfinance
Fashion Nova,greenhouse,fashionnova
Fashion Nova Logistics,greenhouse,fnlogistics
Fast Forward,greenhouse,fastforward
fasthosts,greenhouse,fasthosts
Fastly,greenhouse,fastly
FastSpring,greenhouse,fastspring
Fay,greenhouse,fay
FCB,greenhouse,fcbworldwide
FCB New York,greenhouse,fcbnewyork
FE International,greenhouse,feinternational
Feastables,greenhouse,feastables
Federato,greenhouse,federato
Feedzai,greenhouse,feedzai
Fellow,greenhouse,fellow
Fender,greenhouse,fender
FERMÀT,greenhouse,fermat
Festival Veterinary Clinic,greenhouse,festival
Fetch,greenhouse,fetch
FeverUp,greenhouse,feverup
FFG FINANZCHECK Finanzportale GmbH,greenhouse,finanzcheck
FGS Global,greenhouse,fgsglobal
Fictiv,greenhouse,fictiv
Fidelity & Guaranty Life Insurance Company,greenhouse,fidelityguarantylife
Fields Mechanical Systems,greenhouse,fms
Fieldwire,greenhouse,fieldwire
Figma,greenhouse,figma
Figment,greenhouse,figment
Figure,greenhouse,figureai
Figure Lending,greenhouse,figure
Filecoin Foundation,greenhouse,filecoinfoundation
Files.com,greenhouse,filescom
Filson,greenhouse,filson
Fin,greenhouse,intercom
Financial Technology Partners,greenhouse,financialtechnologypartners
Financial Times,greenhouse,financialtimes33
FIND Healthcareers,greenhouse,find
Finfare Financial,greenhouse,finfare-financial
Fingerprint,greenhouse,fingerprint
FINISH,greenhouse,finish
Finite State,greenhouse,finitestate
Finster AI,greenhouse,finsterai
Firaxis,greenhouse,firaxis
Fireblocks,greenhouse,fireblocks
Fireworks AI,greenhouse,fireworksai
Firmus Technologies,greenhouse,firmus
First Connect Insurance,greenhouse,firstconnectinsurance
"First Global Management Services, Inc.",greenhouse,firstglobalmanagementservicesinc
First Information Technology Services,greenhouse,fits
First San Francisco Partners,greenhouse,firstsanfranciscopartners
First We Feast,greenhouse,firstwefeast
firsthand Health,greenhouse,firsthand
FirstMind,greenhouse,firstmind
FirstPrinciples,greenhouse,firstprinciples
Fischer Homes,greenhouse,f1sch3rh0m3s
FISCHER HOMES,greenhouse,fischerhomes
FIS® Amount™,greenhouse,amount
Five & Done,greenhouse,fivedone
Five Rings LLC - Careers,greenhouse,fiveringsllc
Five Rings LLC - Events,greenhouse,fiveringsevents
Five9,greenhouse,five9
Fivetran,greenhouse,fivetran
flaconi,greenhouse,flaconi
"Flagship Pioneering, Inc.",greenhouse,flagshippioneeringinc
Flagstone Group LTD,greenhouse,flagstone
Flamingo,greenhouse,flamingo
Flash,greenhouse,flash
Flashfood,greenhouse,flashfood
Flaunt,greenhouse,flaunt
Fleetio,greenhouse,fleetio
Fleetworthy,greenhouse,bestpass
Fletcher Jones Automotive Group,greenhouse,fletcherjonesautomotivegroup
Fletcher Jones Imports,greenhouse,fletcherjonesimports
Flex,greenhouse,flex
Flexe,greenhouse,flexe
Flickr,greenhouse,flickr
FlightHub,greenhouse,flighthub
Flip,greenhouse,flip
Flip GmbH,greenhouse,flipapp1
Flipdish,greenhouse,flipdish
Flipp,greenhouse,flipp
Flipside,greenhouse,flipside
Flix,greenhouse,flix
Flo Health,greenhouse,flohealth
Flock Homes,greenhouse,flockhomes
Flodesk,greenhouse,flodesk
Flora Food Group,greenhouse,florafoodgroup
Florence Healthcare - US,greenhouse,florencehealthcare
Flores Technical Services,greenhouse,fts
Florida Medical Clinic,greenhouse,floridamedicalclinic
Flourish,greenhouse,flourish
FloVision Solutions,greenhouse,flovisionsolutions
Flow Traders,greenhouse,flowtraders
Flow Traders Campus Partner,greenhouse,flowtradersuspartners
Flowcode,greenhouse,flowcode
FlowFuse,greenhouse,flowfuse
Fluency,greenhouse,fluency
Fluxon,greenhouse,fluxon
Fluxx,greenhouse,fluxx
FlyFlat,greenhouse,flyflat
FLYR,greenhouse,flyr
Flywheel Digital,greenhouse,flywheeldigital
"FNS, Inc. Affiliates",greenhouse,fns
Focal Systems,greenhouse,focalsystems
Focus Financial Partners,greenhouse,focusfinancialpartners
Focus Partners Australia & Escala Partners,greenhouse,focuspartnersaustralia
Focus Partners Wealth,greenhouse,focuspartnerswealth
Focused,greenhouse,focused
Foley Hoag LLP,greenhouse,foleyhoag
Folia Health,greenhouse,foliahealth
"Follett Software, LLC",greenhouse,follettsoftware
Foothold Technology,greenhouse,footholdtechnology
Fora,greenhouse,foratravel
Fora Financial,greenhouse,forafinancial
Forage,greenhouse,joinforage
Forbes,greenhouse,forbes
Foresight Mental Health,greenhouse,foresightmentalhealth
Forethought,greenhouse,forethought
Forge Biologics,greenhouse,forgebiologics
Forge Global,greenhouse,forgeglobal
Forge Health,greenhouse,forgehealth
Forgen,greenhouse,forgen
Form Health,greenhouse,formhealth
Form3 - External,greenhouse,form3
Forma.ai,greenhouse,formaaiinc
Forma.ai - India Campus,greenhouse,formaaiinc3
Forman Family Office,greenhouse,ffo
Formation Bio,greenhouse,formationbio
Formerra,greenhouse,formerra
Formic,greenhouse,formic
Formlabs,greenhouse,formlabs
Forsgren Associates,greenhouse,forsgrenassociates
Forta Job Board,greenhouse,forta
Forter,greenhouse,forter
Forthea,greenhouse,forthea
FortifyIQ,greenhouse,fortifyiq
Fortitude Re,greenhouse,fortitudegroupholdingsllc
Fortra,greenhouse,fortra
Forward,greenhouse,forward
Forward Networks,greenhouse,forwardnetworks
Fospha,greenhouse,fosphamarketing
FOSSA,greenhouse,fossainc
Found,greenhouse,found
Foundation Risk Partners,greenhouse,foundationriskpartners
Founders Green Animal Hospital,greenhouse,founders
Foundit (Monster),greenhouse,foundit
Foundry,greenhouse,foundry
Foundry,greenhouse,foundrydigital
Four Hands,greenhouse,fourhands
Four Seasons Garage Doors,greenhouse,fourseasons
FourKites,greenhouse,fourkites
Fourthline,greenhouse,fourthline
Fox Creek Veterinary Hospital - Wildwood,greenhouse,fox
Foxen,greenhouse,foxen
Free Association Live,greenhouse,freeassociationlive
Free DEI Programs at Mosaic Group,greenhouse,mosaicdei
FreedomCare,greenhouse,freedomcare
Freeform,greenhouse,freeformfuturecorp
Freenome,greenhouse,freenome
FREENOW,greenhouse,freenow
Freestar,greenhouse,freestar
Fresh Air Fund,greenhouse,faf
Fresh Prints,greenhouse,freshprints
Fried Frank Attorney Opportunities,greenhouse,attorneysfriedfrankharrisshriverjacobsonllp
Friendship Hospital for Animals,greenhouse,fha
Frisco Eye Associates,greenhouse,frisco
FronteraCare,greenhouse,fronteracare
Frontier Dermatology Provider Careers,greenhouse,frontierdermatologyprovidercareers
Fruitful,greenhouse,fruitful
FSG,greenhouse,fsg
Fubo,greenhouse,fubotv
Fueled,greenhouse,fueledcareers
FUGA,greenhouse,fuga
Fulcher Financial Group,greenhouse,ffg
Fulcrum GT—Startup Lab [2026],greenhouse,fulcrumgt
Fulfil Solutions,greenhouse,fulfil
Full Throttle,greenhouse,fullthrottle
Fundraise Up,greenhouse,fundraiseup
Further,greenhouse,further
Further Early Career Opportunities,greenhouse,furtherearlycareer
Fusion Worldwide,greenhouse,fusionworldwide
Fussball Club Cincinnati LLC (“FC Cincinnati”),greenhouse,fccincinnati
Future,greenhouse,future
Future Secure AI,greenhouse,futuresecureai
Future Standard,greenhouse,futurestandard
"FutureHouse, Inc.",greenhouse,futurehouse
Fuze Health,greenhouse,fuzehealth
FWD.us,greenhouse,fwdus
G-P,greenhouse,globalizationpartners
G2IT,greenhouse,g2it
Galactic Resource Advancement Mechanism Technologies Corporation,greenhouse,gram
Galaxia Technologies Inc.,greenhouse,galaxiatech
Galaxy,greenhouse,galaxydigitalservices
Galaxy Integrated Technologies,greenhouse,galaxy
Galileo,greenhouse,galileo
Galileo Financial Technologies,greenhouse,galileofinancialtechnologies
Gallup,greenhouse,gallup
Galvanize,greenhouse,galvanizeclimatesolutions
Game Seven,greenhouse,gameseven
Gametime United,greenhouse,gametimeunited
Garage Door Doctor,greenhouse,garagedoordoctor
Garage Pros,greenhouse,garagepros
Garda Capital Partners,greenhouse,gardacp
Garner Health,greenhouse,garnerhealth
Garners Ferry Animal Hospital,greenhouse,garners
Gas South,greenhouse,gassouth
Gates Ventures,greenhouse,gatesventures
Gateway Aesthetic Institute & Laser Center,greenhouse,gateway
GATEWAY CAREERS,greenhouse,gatewayfm
Gather,greenhouse,gather
Gather AI,greenhouse,gatherai
GatherUp,greenhouse,gatherup
Gatik AI,greenhouse,gatikaiinc
Gator Garage Doors,greenhouse,gator
GBD Talent,greenhouse,gbd
GCI Health,greenhouse,gcihealth
GDPR test,greenhouse,gdpr
Gearbox,greenhouse,gearbox
Gelber Group,greenhouse,gelbergroup
Gelber Group Handshake,greenhouse,gelberhandshake
Gemini,greenhouse,gemini
Genea,greenhouse,genea
GeneDx,greenhouse,genedx
Generac,greenhouse,generac
General Assembly,greenhouse,generalassembly
General Atlantic,greenhouse,generalatlantic
General Atlantic - Campus,greenhouse,gacampus
General Catalyst,greenhouse,generalcatalyst
General Interest,greenhouse,general
General Legal,greenhouse,generallegalllp
General Matter,greenhouse,generalmatter
Genetix Biotherapeutics,greenhouse,genetixbiotherapeutics
Geneva Trading,greenhouse,genevatrading
Genezen,greenhouse,genezenlabs
Genius Sports,greenhouse,geniussports
Genius Sports Statistician Network,greenhouse,geniussportssn
GenScript/ProBio,greenhouse,genscript
Gensyn,greenhouse,gensyn
Genuine,greenhouse,genuine
Geometrics Engineering,greenhouse,geometrics
George Masion University,greenhouse,gmu
George P. Johnson Experience Marketing,greenhouse,georgepjohnsonexperiencemarketing
Georgia Dermatology Partners,greenhouse,georgiadermatology
Georgia Kids Academy,greenhouse,georgiakidsacademy
Geotab,greenhouse,geotab
GeoTek Operations Limited,greenhouse,geotekoperationslimited
Get Well Network,greenhouse,getwellnetwork
Getnet,greenhouse,getnet
GetYourGuide,greenhouse,getyourguide
GFiber,greenhouse,googlefiber
GH,greenhouse,abcd
Ghost,greenhouse,ghost
GHX,greenhouse,globalhealthcareexchangeinc
Gibson Dunn,greenhouse,gibsondunn
Giga Energy,greenhouse,gigaenergy
GigFinesse,greenhouse,gigfinesse
Gigs,greenhouse,gigs
GILLIG,greenhouse,gillig
Ginkgo Bioworks Inc.,greenhouse,ginkgobioworks
Girl Effect,greenhouse,girleffect
GITAI,greenhouse,gitai
GitLab,greenhouse,gitlab
GiveCampus,greenhouse,givecampus
Givecloud,greenhouse,givecloud
GiveDirectly,greenhouse,givedirectly
GiveWell,greenhouse,givewell
Glance,greenhouse,glance
Glassdoor,greenhouse,glassdoor
"GLC Advisors & Co., LLC",greenhouse,glcadvisors
Glean,greenhouse,gleanwork
Glide,greenhouse,glide
GLMX,greenhouse,glmx
Global Accelerator,greenhouse,globalaccelerator
Global Atlantic Financial Group,greenhouse,gafg
Global Atlantic Financial Group Opportunities,greenhouse,ghd
Global Atlantic Financial Group- Leadership Networking,greenhouse,exploratory
Global Energy Alliance for People and Planet (Global Energy Alliance) LLC,greenhouse,globalenergyallianceforpeopleandplanetgeappllc
Global Fishing Watch,greenhouse,globalfishingwatch
Global Relay,greenhouse,globalrelay
Globalli,greenhouse,globalli
GlossGenius,greenhouse,glossgenius
Glossier,greenhouse,glossier
Glow,greenhouse,glow
Glydways,greenhouse,glydways
Glyphic Biotechnologies,greenhouse,glyphicbiotechnologies
GMMB,greenhouse,gmmb
GMP,greenhouse,gmp
GOAL,greenhouse,goal
GOAL Jordan,greenhouse,goaljordan
Goalcast,greenhouse,goalcast
GOAT Group,greenhouse,goatgroup
GoCardless,greenhouse,gocardless
GoDaddy,greenhouse,godaddy
Godfrey Dadich Partners,greenhouse,godfreydadichpartners
GoFasti,greenhouse,gofasti
GoFibre,greenhouse,gofibre
GoFundMe,greenhouse,gofundme
GoGuardian,greenhouse,goguardian
Gojo,greenhouse,gojo
Goken,greenhouse,gokenamericallc
Golden Apple Foundation Careers,greenhouse,goldenapplefoundationcareers
Golden Customer Care,greenhouse,goldencustomercare
Golden Hippo,greenhouse,goldenhippo
Golden Pet Brands,greenhouse,goldenpetbrands
Golden Pet Manufacturing,greenhouse,goldenpetmanufacturing
Golden State,greenhouse,goldenstate
GOLF.com/GOLF Magazine,greenhouse,golf
Golin,greenhouse,golin
Gong.io,greenhouse,gongio
Good Inside,greenhouse,goodinside
Good Job Games,greenhouse,goodjobgames
Goodfire,greenhouse,goodfire
Goodhouse,greenhouse,goodhouse
Goodman,greenhouse,goodman
Goodnotes,greenhouse,goodnotes
Goodnotes Internships and Contracts,greenhouse,gntemp
goodr,greenhouse,goodr
Goodshuffle Pro,greenhouse,goodshufflepro
Goodway Group,greenhouse,goodwaygroup
Goodwin,greenhouse,goodwin
Goody Garage Doors,greenhouse,goody
Gore Mutual Insurance,greenhouse,goremutualinsurance
gorjana,greenhouse,gorjana
GoStudent,greenhouse,gostudent
"Gotion, Inc.",greenhouse,gotion
Govini,greenhouse,govini
GovTech,greenhouse,govtech
GovTech Barbados,greenhouse,govtechbarbados
GR8_TECH,greenhouse,gr8tech
Gracent,greenhouse,gracent
Gracent Pediatric Therapy,greenhouse,gracent-peds
Gracious Hospitality Management,greenhouse,gracioushospitality
Gradial,greenhouse,gradial
Gradient AI,greenhouse,gradientai
Gradle Technologies,greenhouse,gradle
Grafana Labs,greenhouse,grafanalabs
"Graham Capital Management, L.P.",greenhouse,grahamcapitalmanagement
Grailed,greenhouse,grailed
Gram Games,greenhouse,gramgamescareers
Grantbook,greenhouse,grantbook
Granum,greenhouse,granum
Graphcore,greenhouse,graphcore
Grasshopper,greenhouse,grasshopperasia
Gravitate,greenhouse,gravitate
Graviton Research Capital LLP,greenhouse,gravitonresearchcapital
Gravity,greenhouse,gravity
Gravity Payments,greenhouse,gravitypayments17
Gravwell,greenhouse,gravwell
Grayscale (Sandbox),greenhouse,grayscale
Grayscale Investments,greenhouse,grayscaleinvestments
Green Room Communications,greenhouse,greenroomcommunications
Green Thumb,greenhouse,greenthumbindustries
Greenbrook Medical,greenhouse,greenbrookmedical
Greencube Corp,greenhouse,greencubesandbox
Greenhouse,greenhouse,greenhouse
Greenland Investment Management,greenhouse,greenlandinvestmentmanagement
Greenlight Consulting,greenhouse,greenlightconsulting
Greenline Logistics,greenhouse,greenline
Greenpeace USA,greenhouse,greenpeace
Greenplaces,greenhouse,greenplaces
Greenpoint Technologies,greenhouse,greenpointtechnologies
GreenSpark,greenhouse,applytogreenspark
Greenworks,greenhouse,greenworkssunriseglobalmarketing
Gremlin,greenhouse,gremlin
Grey London,greenhouse,greylondon
Grey US,greenhouse,greyus
Griffis Residential,greenhouse,griffisresidential
GRIN,greenhouse,grin
Grist,greenhouse,grist
Groome Industrial Service Group,greenhouse,groomecareers
GROPYUS,greenhouse,gropyus
Ground Logistics,greenhouse,groundlogistics
Group PMX,greenhouse,grouppmx
Group14 Technologies,greenhouse,group14
Groupon,greenhouse,groupon
Grove Collaborative,greenhouse,grovecollaborative
Grover,greenhouse,grover
Grow Therapy,greenhouse,growtherapy
GROWE,greenhouse,growe
GrowthDay,greenhouse,growthday
Groww,greenhouse,groww
Grupo QuintoAndar,greenhouse,quintoandar
GRVTY,greenhouse,grvty
Grön Confections,greenhouse,eatgron
Grüns,greenhouse,gruns
GT'S Living Foods,greenhouse,gtslivingfoods
GTB,greenhouse,gtb
Guardian Restoration,greenhouse,guardianrestoration
Guardsquare,greenhouse,guardsquare
Guardz,greenhouse,guardz
Guerrilla Games,greenhouse,guerrilla-games
Guidelight Health,greenhouse,guidelighthealth
Guidepoint,greenhouse,guidepoint
GuidePoint Security,greenhouse,guidepointsecurity
Guidepost Global Education Asia,greenhouse,gge-asia
Guidepost Montessori,greenhouse,guidepostmontessori
Guidewheel,greenhouse,guidewheel
Guild,greenhouse,guild
Guild Garage Group,greenhouse,guildgaragegroup
GumGum,greenhouse,gumgum
GURUS Solutions,greenhouse,gurussolutions
"Gusto, Inc.",greenhouse,gusto
GWI,greenhouse,globalwebindex
Gyde,greenhouse,gyde
Gymshark,greenhouse,gymshark
Habitat for Humanity Greater San Francisco,greenhouse,habitatforhumanitygreatersanfranciscoinc
Habitat Health,greenhouse,habitathealth
HackerRank Careers,greenhouse,hackerrank
Haize Labs,greenhouse,haizelabs
HALA,greenhouse,hala
Halcyon,greenhouse,halcyon
Hankook Tire America Corp.,greenhouse,hankooktireamericacorp
Hanover,greenhouse,hanover
Hanwha Energy USA,greenhouse,hanwhaenergyusa
Hanwha Renewables,greenhouse,hanwharenewables
Happy Money,greenhouse,happymoney
Harbinger Motors Inc.,greenhouse,harbingermotors
Harbor,greenhouse,harborglobal
Harbor Animal Hospital,greenhouse,harbor
Hark,greenhouse,hark
Harmonic,greenhouse,harmonic
Harness,greenhouse,harnessinc
Harper Group,greenhouse,harpergroup
Harris Associates,greenhouse,harrisassociates
"Harrow, Inc.",greenhouse,harrowhealth
Harry's,greenhouse,harrys
Harvester Veterinary Hospital of Burr Ridge,greenhouse,burr
Hasbro,greenhouse,hasbro
Hatch,greenhouse,hatchcareers
Hatch Contracts,greenhouse,hatchhirescontractors
HavenHub,greenhouse,havenhub
Hayden Consulting Group,greenhouse,haydenconsultinggroupllc
Hazel Health,greenhouse,hazel
HBK Capital Management,greenhouse,hbkcapitalmanagement
HBS,greenhouse,hbs
HCG,greenhouse,hcg
HDM Capital LLC,greenhouse,hdmcapitalllc
Headout,greenhouse,headoutcareers
Headout LI,greenhouse,headoutlinkedin
Headspace,greenhouse,hs
Headspace Providers,greenhouse,headspaceproviders
Headspace Sourcing,greenhouse,headspacesourcing
Headway,greenhouse,headway
Health & Wellbeing Collective,greenhouse,hwc
Health Link,greenhouse,healthlink
HealthCheck360,greenhouse,hc360
HealtheConnections,greenhouse,healtheconnections
HealthJoy,greenhouse,healthjoy
Hear.com IN,greenhouse,hearcomin
Hear.com US,greenhouse,hearcom
Heart + Paw,greenhouse,heartpaw
Heartflow,greenhouse,heartflowinc
Helium,greenhouse,helium
Helium 10,greenhouse,helium10
Hello Alice,greenhouse,helloalice
Hello Heart,greenhouse,helloheart
HelloFresh,greenhouse,hellofresh
HELLOMONDAY/DEPT®,greenhouse,hellomonday
HELP,greenhouse,help
Helsing,greenhouse,helsing
Henry Meds,greenhouse,henrymeds
Herald,greenhouse,heraldapi
HERE,greenhouse,hereio
Herewith Caregivers,greenhouse,herewithgmbh
Herewith Inc.,greenhouse,herewithinc
Herself Health,greenhouse,herselfhealth
Heven AeroTech,greenhouse,hevenaerotech
Hex Technologies,greenhouse,hextechnologies
HexArmor,greenhouse,hexarmor
heycar,greenhouse,heycar
HeyGen,greenhouse,heygen
HG Insights,greenhouse,hginsights
Hi Marley,greenhouse,himarley
Hibu,greenhouse,hibu
Hidden Events,greenhouse,jshiddenevents
Hidden Road,greenhouse,hiddenroad
Highdive,greenhouse,highdive
Higher Logic,greenhouse,higherlogic
Highland Animal Hospital,greenhouse,highland
Highnote,greenhouse,highnote
Hightouch,greenhouse,hightouch
Highwire,greenhouse,highwire
Hill House Home,greenhouse,hillhousehome
Hillel International,greenhouse,hillel
Hippo Insurance,greenhouse,hippo70
Hiram Animal Hospital,greenhouse,hiram
hireEZ-CN,greenhouse,hireez
Hirist,greenhouse,hirist
Hiro Systems PBC,greenhouse,hiro
Hive,greenhouse,hive
Hive Financial Systems,greenhouse,hivefinancialsystems
HiveMQ,greenhouse,hivemq
Hivestack,greenhouse,hivestack
Holcomb Laser Center,greenhouse,holcomb
Holder,greenhouse,holder
Holder Construction,greenhouse,holderconstruction
Holistic Industries,greenhouse,holisticindustries
Hologram,greenhouse,hologram
Home Instead,greenhouse,homeinstead
Homeland Safety Systems,greenhouse,homeland
HomeLight,greenhouse,homelight
Homes Alive Pets,greenhouse,homesalive
Hometap,greenhouse,hometap
Homeward,greenhouse,homewardhealth
Hone Health,greenhouse,honehealth
Honest Networks,greenhouse,honestnetworks
Honeycomb Insurance,greenhouse,honeycombinsurance
Honeycomb.io,greenhouse,honeycomb
Honor,greenhouse,honor
Honor Foods,greenhouse,honorfoods
Hook,greenhouse,hook
Hoonigan,greenhouse,hoonigan
Hootsuite,greenhouse,hootsuite
Hope and Healing Clinic,greenhouse,hopeandhealingcliniccareers
HOPPR,greenhouse,hoppr
HopSkipDrive,greenhouse,hopskipdrive
Horace Mann,greenhouse,horacemannservicecorporation
Horace Mann - Agent Opportunities,greenhouse,horacemannagents
Horace Mann agencies for sale across the country.,greenhouse,agenciesforsale
Horizen,greenhouse,horizen
Horsepower Automotive Group,greenhouse,hpag
House Buyers of America,greenhouse,housebuyersofamerica
HouseAccount,greenhouse,houseaccount
Housecall Pro,greenhouse,housecall
Housemarque,greenhouse,housemarque
HousingAnywhere Group,greenhouse,housinganywhere
Hover,greenhouse,hover
Hovercraft,greenhouse,hovercraft
HoYoverse,greenhouse,hoyoverse
HP Hood,greenhouse,hoodhp
HP IQ,greenhouse,hpiq
HPR,greenhouse,hyannisportresearch
HPS Investment Partners,greenhouse,hpsinvestmentpartners
HubSpot,greenhouse,hubspotjobs
HubSpot Product,greenhouse,hubspot
Huddle Up,greenhouse,huddleup
Hudl,greenhouse,hudl
Hudl India,greenhouse,hudlindia
Hudson River Trading,greenhouse,wehrtyou
Hudson Rouge,greenhouse,hudsonrouge
HugeInc,greenhouse,hugeinc
Hughes Hubbard & Reed LLP,greenhouse,hugheshubbardreedllp
Human Agency,greenhouse,humanagency
Human Interest,greenhouse,humaninterest
Human Rights Watch,greenhouse,humanrightswatch
HumanSignal,greenhouse,humansignal
Hume,greenhouse,hume
Hume AI,greenhouse,humeai
Hummingbird,greenhouse,hummingbirdregtech
Hungryroot,greenhouse,hungryroot
Hunter Douglas,greenhouse,hunterdouglas
Huntress,greenhouse,huntress
Hurley Engineering,greenhouse,hrl
Hut 8,greenhouse,hut8
Hyperfine,greenhouse,hyperfine53
Hyphen Connect Limited,greenhouse,hyphenconnect
Hypori,greenhouse,hypori
HYPR,greenhouse,hypr
i.AI,greenhouse,iai
IANS,greenhouse,ians
iBanFirst,greenhouse,ibanfirst
iCapital,greenhouse,icapitalnetwork
Ice Miller,greenhouse,icemiller
ICON,greenhouse,iconcareers
ICON Talent Community,greenhouse,icon
ICONIQ,greenhouse,iconiq
ID Quantique,greenhouse,idquantique
ID.me,greenhouse,idme
ID5,greenhouse,id5
IDEO,greenhouse,ideo
IE,greenhouse,ie
IEX Group,greenhouse,iex
iFIT,greenhouse,ifit
iFood,greenhouse,ifoodcarreiras
IFT,greenhouse,iftother
iHerb,greenhouse,iherb
IMA Financial Group,greenhouse,imafinancialgroup
Imagine Pediatrics,greenhouse,imaginepediatrics
Imagine Worldwide,greenhouse,imagineworldwide
Imbibe,greenhouse,imbibeinc
Imbue,greenhouse,imbue
IMC,greenhouse,imc
IMC Sandbox,greenhouse,imcsandbox33
Imgur,greenhouse,imgur
IMI,greenhouse,imi
immoverkauf24,greenhouse,immoverkauf24
Immunefi,greenhouse,immunefi
"Immunome, Inc.",greenhouse,immunomeinc
Impact - Cape Town,greenhouse,capetown
Impact.com,greenhouse,impact
Impinj,greenhouse,impinjexternal
Impinj - DEV,greenhouse,impinj
Impiricus,greenhouse,impiricus
Implicit,greenhouse,implicit
Imply,greenhouse,imply
imre,greenhouse,imre
Imubit,greenhouse,imubit
IMVT Corporation,greenhouse,imvtcorporation
Inari Agriculture,greenhouse,inariagriculture
Inbound Application Test,greenhouse,inbound
INCA Engineering,greenhouse,incaengineering
Inceptive,greenhouse,inceptive
InCharge Energy,greenhouse,inchargeenergy
Incident IQ,greenhouse,incidentiq
Incode Technologies,greenhouse,incode
Incognia,greenhouse,incognia
Indagare,greenhouse,indagare
Indeed,greenhouse,indeed
Indie Campers,greenhouse,indiecampers
Indie Campers | LinkedIn,greenhouse,indiecampers-linkedin
Indigo,greenhouse,indigo
Industrial Door Company,greenhouse,industrial
Industrial Electric Manufacturing,greenhouse,industrialelectricmanufacturing
Inflect,greenhouse,inflect
Inflection AI,greenhouse,inflectionai
Infomedia,greenhouse,infomedia
Informal Systems,greenhouse,informal
Infront,greenhouse,infront
INFUSE,greenhouse,infuse
INGENIOUS.BUILD,greenhouse,ingenious
InHerSight,greenhouse,inhersight
Inizio,greenhouse,inizio
Inizio Evoke,greenhouse,inizioevoke
Inizio Ignite,greenhouse,ashfieldadvisory
Inizio Ignite | Putnam,greenhouse,putnamassociatesllc
Inizio Ignite | STEM,greenhouse,stemhealthcare
Inizio Medical,greenhouse,iniziomedical
Inkhouse,greenhouse,inkhousehq
inKind,greenhouse,inkind
INLAN,greenhouse,inlan
InMobi,greenhouse,inmobi
Innodata Inc.,greenhouse,innodatainc
Innovative Air,greenhouse,ino
Innovid,greenhouse,innovid
inovalon,greenhouse,inovalon
Insider Jobs @ Credit Karma,greenhouse,cker
insightly,greenhouse,insightly
Insomniac Games,greenhouse,insomniac
Inspira Education,greenhouse,inspiraeducation
Inspire Medical Systems Inc.,greenhouse,inspiremedicalsystemsinc
inspire11,greenhouse,inspire11
Inspiren,greenhouse,inspiren
Instabase,greenhouse,instabase
instacart,greenhouse,instacart
Instawork,greenhouse,instawork
Instead,greenhouse,instead
instiglioconsultantroster,greenhouse,instiglioconsultantroster
instigliointernships,greenhouse,instigliointernships
InStride,greenhouse,instride
Insurify,greenhouse,insurify
Insurtech Insights,greenhouse,insurtechinsights
intake,greenhouse,intake
IntegraFEC,greenhouse,integra
integralmolecular,greenhouse,integralmolecular
integratedbiosciencesinc,greenhouse,integratedbiosciencesinc
integrity,greenhouse,integrity
Integrity Home Care & Hospice,greenhouse,ihc
integrityrehabgroup,greenhouse,integrityrehabgroup
intellishoredk,greenhouse,intellishoredk
"Intellum, Inc.",greenhouse,intelluminc
inter,greenhouse,inter
Interactive Brokers,greenhouse,ibkr
Interactive Brokers External,greenhouse,ibkrexternal
Interbrand,greenhouse,interbrand
Interdependence,greenhouse,interdependence
Interface AI,greenhouse,interfaceai
Intermex Wire Transfer,greenhouse,intermexwiretransfer
Internal External,greenhouse,contract
Internal Job Board,greenhouse,internaljobsatlush
internalassociates,greenhouse,internalassociates
international,greenhouse,international
internationalbusinessuniversity,greenhouse,internationalbusinessuniversity
internetx,greenhouse,internetx
interns,greenhouse,interns
Internship and Full-Time,greenhouse,internshipsandftjobboard
Internship List,greenhouse,internshiplist2000
Internship Opportunities,greenhouse,liscinternships
Internship Positions at Global Atlantic Financial Group,greenhouse,gainternships
interpath,greenhouse,interpath
Interpublic Group,greenhouse,app4
interseller,greenhouse,interseller
Interstellar Lab,greenhouse,interstellarlab
intersystems,greenhouse,intersystems
Interview Engineering,greenhouse,interviewengineering
Interview Kickstart,greenhouse,interviewkickstart
InterWorks,greenhouse,interworks
intowngolfclub,greenhouse,intowngolfclub
intrinsicdevelopment,greenhouse,intrinsicdevelopment
intrinsicrobotics,greenhouse,intrinsicrobotics
Inversion,greenhouse,inversionspace
invgate,greenhouse,invgate
invisible,greenhouse,invisible
Invisible Agency,greenhouse,agency
Invisible Technologies,greenhouse,invisibletech
Invite-Only Job Board,greenhouse,genius
Invivyd,greenhouse,invivyd
invoca,greenhouse,invoca
invoicecloud,greenhouse,invoicecloud
ionos,greenhouse,ionos
IonQ,greenhouse,ionq
Iovance Biotherapeutics,greenhouse,iovancebiotherapeutics
iowacannabiscompany,greenhouse,iowacannabiscompany
iris,greenhouse,iris
isaac,greenhouse,isaac
isaraerospace,greenhouse,isaraerospace
isidor,greenhouse,isidor
ism,greenhouse,ism
Isomorphic Labs,greenhouse,isomorphiclabs
iSpot,greenhouse,ispottv
israel,greenhouse,israel
itb,greenhouse,itb
itcss,greenhouse,itcss
itd,greenhouse,itd
itel,greenhouse,itel
Iterable,greenhouse,iterable
Iterative Health,greenhouse,iterativehealth
Itero Group,greenhouse,itero-group
its,greenhouse,its
"ITS Logistics, LLC",greenhouse,itslogisticsllc
ivalua,greenhouse,ivalua
Ivanti,greenhouse,a3c41b8b71eff8c4
ivxhealth,greenhouse,ivxhealth
iwf,greenhouse,iwf
iwjv,greenhouse,iwjv
J2 Health,greenhouse,j2health
jackmorton,greenhouse,jackmorton
jackmortonworldwide,greenhouse,jackmortonworldwide
jackpot,greenhouse,jackpot
Jade Biosciences,greenhouse,jadebiosciences
jaguar,greenhouse,jaguar
jamasoftware,greenhouse,jamasoftware
jamf,greenhouse,jamf
jampp,greenhouse,jampp
Jane Street,greenhouse,janestreet
Jane Street Events,greenhouse,janestreetevents
Janea Systems,greenhouse,janeasystems
Janes,greenhouse,janes
japan,greenhouse,japan
Jaris,greenhouse,jaris
JazzX AI,greenhouse,jazzx-ai
jcdecaux,greenhouse,jcdecaux
JD Sports,greenhouse,jdsports
jdm,greenhouse,jdm
jdpower,greenhouse,jdpower
jdsportsfr,greenhouse,jdsportsfr
jennikayne,greenhouse,jennikayne
Jensen Hughes,greenhouse,jensenhughes
JetBrains,greenhouse,jetbrains
jetinsight,greenhouse,jetinsight
JetZero,greenhouse,jetzero
JFF,greenhouse,jobsforthefuture
jfrog,greenhouse,jfrog
JigawaUNITE,greenhouse,jigawauniteandbox
jjfr,greenhouse,jjfr
jjnl,greenhouse,jjnl
jjus,greenhouse,jjus
jmg,greenhouse,jmg
Job Board,greenhouse,corelight
Job Board API,greenhouse,embedded
joblogic,greenhouse,joblogic
jobposts,greenhouse,jobposts
johnmcorcorancompany,greenhouse,johnmcorcorancompany
Join Our Talent Community,greenhouse,axontalentcommunity
Join the FOLX Team!,greenhouse,folxhealth
joinbiospan,greenhouse,joinbiospan
Jomboy Media,greenhouse,jomboymedia
jonssonworkwear,greenhouse,jonssonworkwear
Journee Technologies GmbH,greenhouse,journee
Journey,greenhouse,journey
jrc,greenhouse,jrc
jrmconstructionmanagementllc,greenhouse,jrmconstructionmanagementllc
jrtc,greenhouse,jrtc
Judi Health,greenhouse,capitalrx
jugabet,greenhouse,jugabet
Jukebox Health,greenhouse,jukeboxhealth
jumia,greenhouse,jumia
Jumio,greenhouse,jumio
jumo,greenhouse,jumo
jumpcrypto,greenhouse,jumpcrypto
jumptrading,greenhouse,jumptrading
Jungle Scout,greenhouse,junglescout
juniorachievementlocal,greenhouse,juniorachievementlocal
Juno,greenhouse,juno
Juno Veterinary,greenhouse,junoveterinary
jusbrasil,greenhouse,jusbrasil
just-global,greenhouse,just-global
justjoin,greenhouse,justjoin
Justworks,greenhouse,justworks
Juul Labs,greenhouse,juullabs
Juvare,greenhouse,juvare
jwhr,greenhouse,jwhr
K Health,greenhouse,khealthcareers
k18inc,greenhouse,k18inc
K2 Space,greenhouse,k2spacecorporation
kadenallc,greenhouse,kadenallc
kaggle,greenhouse,kaggle
kailera,greenhouse,kailera
Kairos Power,greenhouse,kairospower
kaizengaming,greenhouse,kaizengaming
kaleo,greenhouse,kaleo
Kalepa,greenhouse,kalepa
Kalshi,greenhouse,kalshi
kaluza,greenhouse,kaluza
kalvistapharmaceuticals,greenhouse,kalvistapharmaceuticals
kambi,greenhouse,kambi
kano,greenhouse,kano
kape,greenhouse,kape
Kapitus,greenhouse,kapitus
Karat,greenhouse,karat
Karbon,greenhouse,karbon
kardfinancialinc,greenhouse,kardfinancialinc
kardigan,greenhouse,kardigan
Kargo,greenhouse,kargo
Karya,greenhouse,karya
kasa,greenhouse,kasa
kaseya,greenhouse,kaseya
Kasisto,greenhouse,kasisto
katalyst,greenhouse,katalyst
KAYAK,greenhouse,kayak
kayzen,greenhouse,kayzen
KBRA,greenhouse,krollbondratingagency
kbs,greenhouse,kbs
kc3,greenhouse,kc3
kca,greenhouse,kca
KCare,greenhouse,kcare
Keebo,greenhouse,keebo
keeleyconstruction,greenhouse,keeleyconstruction
keen,greenhouse,keen
keenfootwear,greenhouse,keenfootwear
Keeper Security,greenhouse,keepersecurity
keepitsafe,greenhouse,keepitsafe
Keller Postman,greenhouse,kellerpostman
Kensington,greenhouse,kensingtontours
Kepler Group,greenhouse,keplergroup
Kestra Medical Technologies Inc.,greenhouse,kestramedicaltechnologiesinc
Ketryx,greenhouse,ketryx
Kettle,greenhouse,kettle
keychain,greenhouse,keychain
"Keyfactor, Inc.",greenhouse,keyfactorinc
KH Aerospace,greenhouse,khaerospace
khaite,greenhouse,khaite
Khan Academy,greenhouse,khanacademy
Kiavi,greenhouse,kiavi
kicksaw,greenhouse,kicksaw
Kickstarter PBC,greenhouse,kickstarter
Kidsnet,greenhouse,kidsnet
kikoff,greenhouse,kikoff
kindbridgecorporation,greenhouse,kindbridgecorporation
kindbridgeresearchinstitute,greenhouse,kindbridgeresearchinstitute
Kinder's,greenhouse,kinders
kindo,greenhouse,kindo
kinetik,greenhouse,kinetik
kinexon,greenhouse,kinexon
Kinexus Group,greenhouse,kinexus
kingston,greenhouse,kingston
kion,greenhouse,kion
kirbynagelhoutcareers,greenhouse,kirbynagelhoutcareers
Kit,greenhouse,kit
KitchenPark,greenhouse,kitchenpark
kitsap,greenhouse,kitsap
kivaorg,greenhouse,kivaorg
Kizen,greenhouse,kizen
KLARSTEIN,greenhouse,berlinbrands
klaviyo,greenhouse,klaviyo
Klaviyo Campus,greenhouse,klaviyocampus
klaxoon,greenhouse,klaxoon
knack,greenhouse,knack
knak,greenhouse,knak
Knight Division Tactical,greenhouse,knightdivisiontactical
knightedgaming,greenhouse,knightedgaming
knightedventures,greenhouse,knightedventures
knit,greenhouse,knit
Knock,greenhouse,knock
KnowBe4,greenhouse,knowbe4
Knowde,greenhouse,knowde
Known,greenhouse,known
knr,greenhouse,knr
Koalafi,greenhouse,koalafi
KoBold Metals,greenhouse,koboldmetals
KoBold Metals DRC,greenhouse,koboldmetalsdrc
KoBold Metals Zambia,greenhouse,zambold
koch,greenhouse,koch
Koddi,greenhouse,koddi
Kodiak,greenhouse,kodiak
Kodiak Solutions,greenhouse,kodiaksolutions
Koko,greenhouse,koko
"Koley Jessen P.C., L.L.O",greenhouse,koleyjessen
kolmacintegratedbehavioralhealth,greenhouse,kolmacintegratedbehavioralhealth
Komodo Health,greenhouse,komodohealth
kona,greenhouse,kona
Konovo,greenhouse,konovo
konradgroup,greenhouse,konradgroup
KONUX,greenhouse,konux
korea,greenhouse,korea
KRAFTON,greenhouse,krafton
KRAFTON Americas,greenhouse,kraftonamericas
KRAFTON Montréal Studio,greenhouse,studiokraftonboard
Kronos Research,greenhouse,kronosresearch
Kulfi Collective,greenhouse,kulficollective
Kunai,greenhouse,kunai
kuraoncology,greenhouse,kuraoncology
kxadvisors,greenhouse,kxadvisors
kymberconsultinggroup,greenhouse,kymberconsultinggroup
Kyo,greenhouse,kyocare
Kyowa Kirin North America,greenhouse,kyowakirinusa90
LA Clippers,greenhouse,laclippers
La Senza,greenhouse,lasenza
LA28,greenhouse,la2028
LA28 (Web),greenhouse,la28careers
lab37,greenhouse,lab37
Labelbox,greenhouse,labelbox
labstats,greenhouse,labstats
Ladder,greenhouse,ladder33
lakefieldveterinarygroup,greenhouse,lakefieldveterinarygroup
lakeland,greenhouse,lakeland
lakewood,greenhouse,lakewood
LANDBAY,greenhouse,landbay
landdesign,greenhouse,landdesign
Landor,greenhouse,landor
Lantern,greenhouse,employerdirecthealthcare
Lantern,greenhouse,lanternstudiosinc
LAPORTE L.E.C.,greenhouse,laportefr
LAPORTE L.E.I.,greenhouse,englishcanada
laporteusa,greenhouse,laporteusa
Larkin Street Youth Services,greenhouse,larkinstreetyouthservices
Lasko Products,greenhouse,laskoproducts
LastPass,greenhouse,lastpass
Later,greenhouse,later
Latitude AI,greenhouse,latitude
lattice,greenhouse,lattice
Launch Potato,greenhouse,launch2
LaunchDarkly,greenhouse,launchdarkly
Launchpad Technologies,greenhouse,launchpadtechnologiesinc
lawmatics,greenhouse,lawmatics
LawZero,greenhouse,lawzero
Layer Health,greenhouse,layerhealth
LayerZero Labs,greenhouse,layerzerolabs
Lazarus,greenhouse,lazarusenterprises
lead,greenhouse,lead
Leading Educators Careers,greenhouse,leadingeducators
leaflink,greenhouse,leaflink
League Inc.,greenhouse,leagueinc
leagueapps,greenhouse,leagueapps
Leapwork,greenhouse,leapwork
Learneo,greenhouse,learneo
Learning Commons,greenhouse,education
Learning Safari,greenhouse,learningsafari
learningnetwork,greenhouse,learningnetwork
LearnLux,greenhouse,learnlux
LearnUpon,greenhouse,learnupon
legalist,greenhouse,legalist
legalservicesnyc,greenhouse,legalservicesnyc
Legend Biotech EU,greenhouse,legendcareerseu
Legend Biotech US,greenhouse,legendcareers
legendyounggraduateeu,greenhouse,legendyounggraduateeu
Legion,greenhouse,legion
Legion Intelligence,greenhouse,yurtsai
lektechnologygroup,greenhouse,lektechnologygroup
LendingTree,greenhouse,lendingtree
letsgetchecked,greenhouse,letsgetchecked
Levanta,greenhouse,levanta
Level Access,greenhouse,levelaccess
Levio,greenhouse,levio
Levitate,greenhouse,levitate
lextech,greenhouse,lextech
LG Electronics,greenhouse,lgelectronics
LG Energy Solution Arizona,greenhouse,lgenergyaz
lhvuk,greenhouse,lhvuk
li-thermal-works,greenhouse,li-thermal-works
liaisoninternational,greenhouse,liaisoninternational
Liberate,greenhouse,liberate
Liberis,greenhouse,liberis
libertysoftware,greenhouse,libertysoftware
licor,greenhouse,licor
Life Skills Autism Academy,greenhouse,lifeskillsautismacademy
Life Trading,greenhouse,lifetrading
Life360,greenhouse,life360
lift,greenhouse,lift
Lifted,greenhouse,lifted
liftoff,greenhouse,liftoff
lig,greenhouse,lig
LIGHTFEATHER IO LLC,greenhouse,lightfeatheriollc
LightForce Orthodontics,greenhouse,lightforceorthodontics
Lightfully Behavioral Health,greenhouse,merakimanagement
Lighthouse,greenhouse,lighthouse
Lightmatter,greenhouse,lightmatter
Lightning AI,greenhouse,lightningai
lightricks,greenhouse,lightricks
Lightspeed DMS,greenhouse,lightspeeddms
Lightspeed Systems,greenhouse,lightspeedsystems
liginternal,greenhouse,liginternal
Lila Sciences,greenhouse,lilasciences
liminalbuild,greenhouse,liminalbuild
LINK,greenhouse,link
link2feed,greenhouse,link2feed
linkedin,greenhouse,linkedin
LinkedIn Job Wrapping,greenhouse,artefactlinkedin
LinkedIn Limited Listing,greenhouse,astound
linkhealth,greenhouse,linkhealth
linksquaresinc,greenhouse,linksquaresinc
LINQ,greenhouse,emslinqinc
linqia,greenhouse,linqia
LionTree,greenhouse,liontree
lipton,greenhouse,lipton
liquibase,greenhouse,liquibase
Liquid Death,greenhouse,liquiddeath
Liquid I.V.,greenhouse,liquidiv
liquidpersonnel,greenhouse,liquidpersonnel
Lirio,greenhouse,lirio
Lithic,greenhouse,lithic
Litify,greenhouse,litify
litmos,greenhouse,litmos
Littlepay,greenhouse,littlepay
littlewordsproject,greenhouse,littlewordsproject
Live Parallel,greenhouse,liveparalleljobs
livecareer,greenhouse,livecareer
livefront,greenhouse,livefront
LivePerson,greenhouse,liveperson
LiveScore Group,greenhouse,livescore9
LLR Partners,greenhouse,llrpartnersjobs
lmn,greenhouse,lmn
loancore,greenhouse,loancore
lob,greenhouse,lob
lobergconstruction,greenhouse,lobergconstruction
Local Initiatives Support Corporation,greenhouse,lisc
localcoin,greenhouse,localcoin
localjobs,greenhouse,localjobs
locals,greenhouse,locals
location,greenhouse,location
locusrobotics,greenhouse,locusrobotics
loenbro,greenhouse,loenbro
LogicGate,greenhouse,logicgate
logicmonitor,greenhouse,logicmonitor
Logos,greenhouse,logos
Logos Storage,greenhouse,codex
"Loka, Inc",greenhouse,lokainc
lokalise,greenhouse,lokalise
lolablankets,greenhouse,lolablankets
london,greenhouse,london
longmark,greenhouse,longmark
lookout,greenhouse,lookout
looneyrickskiss,greenhouse,looneyrickskiss
Loop,greenhouse,loop
loopycases,greenhouse,loopycases
lotlinx,greenhouse,lotlinx
lotusworks,greenhouse,lotusworks
louisianadermatology,greenhouse,louisianadermatology
Lovable,greenhouse,lovable
loyal,greenhouse,loyal
lpc,greenhouse,lpc
lpl,greenhouse,lpl
LTK Dallas,greenhouse,dallas
LTK USA,greenhouse,shopltk
lts,greenhouse,lts
ltse,greenhouse,ltse
Lucid Bots,greenhouse,lucidbots
Lucid Motors,greenhouse,lucidmotors
Lucid Software,greenhouse,lucidsoftware
Ludia Consulting,greenhouse,ludiaconsulting
Luma Health,greenhouse,lumahealth
Lumen Bioscience,greenhouse,lumenbioscience
Lumimeds,greenhouse,lumimeds
luminaryhospice,greenhouse,luminaryhospice
luminate,greenhouse,luminate
luminishealth,greenhouse,luminishealth
Lumos,greenhouse,lumosfiber
lumosassociates,greenhouse,lumosassociates
Lunar Energy,greenhouse,lunarenergy
Luno,greenhouse,luno
Lush Handmade Cosmetics,greenhouse,lush
Luster,greenhouse,luster
Luster National,greenhouse,lusternational
luxinfusion,greenhouse,luxinfusion
lv,greenhouse,lv
lviv,greenhouse,lviv
LVT,greenhouse,liveviewtechnologiesinc
Lydech Thermal Acoustic Solutions (TAS),greenhouse,lydech
lyft,greenhouse,lyft
M Booth,greenhouse,mbooth
M1 Technology,greenhouse,m1technology
M3,greenhouse,m3
M9 Solutions,greenhouse,m9solutions
mabl,greenhouse,mabl
mackaysposito,greenhouse,mackaysposito
mackweldon,greenhouse,mackweldon
Madano,greenhouse,madano
maddoxindustrialtransformer,greenhouse,maddoxindustrialtransformer
madisonenergyinfrastructure,greenhouse,madisonenergyinfrastructure
maestro,greenhouse,maestro
maev,greenhouse,maev
Magic,greenhouse,magic
Magic Leap,greenhouse,magicleap
Magic Leap - Multiple Locations,greenhouse,mlmultiplecareerlocations
magnetmediafilms,greenhouse,magnetmediafilms
magnit,greenhouse,magnit
Magnolia,greenhouse,magnolia
magnoliabakery,greenhouse,magnoliabakery
magrathea,greenhouse,magrathea
MaintainX,greenhouse,maintainx
make,greenhouse,make
Make-A-Wish America,greenhouse,makeawishamerica
Mako,greenhouse,mako
malbon,greenhouse,malbon
Mammoth Brands,greenhouse,mammothbrands
Man Group,greenhouse,mangroup
manatee,greenhouse,manatee
manchesterveterinaryservices,greenhouse,manchesterveterinaryservices
Mangopay,greenhouse,mangopay
manhattaninstituteforpolicyresearchinc,greenhouse,manhattaninstituteforpolicyresearchinc
Manifest,greenhouse,manifest
MANSCAPED,greenhouse,manscaped
mantis,greenhouse,mantis
mantl,greenhouse,mantl
Mantra Health,greenhouse,mantrahealth
Manychat,greenhouse,manychat
MapLight Therapeutics,greenhouse,maplighttherapeutics
maravailifesciences,greenhouse,maravailifesciences
Margaux,greenhouse,margaux
MariaDB plc,greenhouse,mariadbplc
mark43,greenhouse,mark43
MarketAxess,greenhouse,marketaxesscorporation
markets,greenhouse,markets
markforged,greenhouse,markforged
marksman,greenhouse,marksman
Marqeta,greenhouse,marqeta
marqueeig1,greenhouse,marqueeig1
MarqVision,greenhouse,marqvision
Mars & Co - New York City Area,greenhouse,marscousg
Marshall Wace - DOC Job Board,greenhouse,doc
Marshall Wace - Graduate & Associate roles,greenhouse,mw-tech-grad
Marshall Wace Internship Programmes,greenhouse,mwinternshipprogram
Marshall Wace North America L.P.,greenhouse,mwnaintern
Martell Ventures,greenhouse,martellgrowthsolutions
maryland,greenhouse,maryland
mas,greenhouse,mas
Massar Capital,greenhouse,massarcapital
mast,greenhouse,mast
MasterClass,greenhouse,masterclass
materialbank,greenhouse,materialbank
materialize,greenhouse,materialize
Mather Headquarters,greenhouse,matherheadquarters
mathersplendido,greenhouse,mathersplendido
matic,greenhouse,matic
matooma,greenhouse,matooma
MATTE PROJECTS,greenhouse,matteprojects
mattermost,greenhouse,mattermost
matx,greenhouse,matx
Maven,greenhouse,mavensecuritiesholdingltd
Maven - Emerging Talent,greenhouse,emergingtalent
Maven Clinic,greenhouse,mavenclinic
Maverick Derivatives,greenhouse,maverickderivatives
maxwell,greenhouse,maxwell
May Mobility,greenhouse,maymobility
Maybell Quantum Industries,greenhouse,maybellquantum
maymobilityjobs,greenhouse,maymobilityjobs
McAdams,greenhouse,mcadams
mcafee,greenhouse,mcafee
mcclureoilcorporation,greenhouse,mcclureoilcorporation
McCullough Robertson,greenhouse,mcculloughrobertson
mce,greenhouse,mce
mcft,greenhouse,mcft
MCG Health,greenhouse,mcghealth
mcgill,greenhouse,mcgill
McKinney,greenhouse,jobsmckinneycom
mcneeswallacenurickllc,greenhouse,mcneeswallacenurickllc
MCO,greenhouse,mco
mcr,greenhouse,mcr
mcs,greenhouse,mcs
MDB General Referrals,greenhouse,mdbgeneralreferrals
mechanicallicensingcollective,greenhouse,mechanicallicensingcollective
medallionakafirstlayerai,greenhouse,medallionakafirstlayerai
Medecins Sans Frontieres (Doctors Without Borders) - Field,greenhouse,workoverseas
Medecins Sans Frontieres (Doctors Without Borders) - United States,greenhouse,msfcareers
medelitellc,greenhouse,medelitellc
Medeloop,greenhouse,medeloop
mediacurrent,greenhouse,mediacurrent
mediahubldn,greenhouse,mediahubldn
medialabaiinc,greenhouse,medialabaiinc
mediasmart,greenhouse,mediasmart
mediatonic,greenhouse,mediatonic
mediavalet,greenhouse,mediavalet
Medical Informatics Engineering/Enterprise Health,greenhouse,medicalinformaticsengineering
Medium,greenhouse,medium
medrio,greenhouse,medrio
Medsien,greenhouse,medsien
meitu,greenhouse,meitu
Mejuri,greenhouse,mejuri
Melio,greenhouse,melio
Meltplan,greenhouse,meltplan
memglobal,greenhouse,memglobal
MEMIC,greenhouse,memic
memphismeats,greenhouse,memphismeats
MEMX,greenhouse,memx
MENA Consultant,greenhouse,menaconsultant
mentimeter,greenhouse,mentimeter
Menyala,greenhouse,menyala
meradiacanada,greenhouse,meradiacanada
Mercari,greenhouse,mercari
Mercer Advisors,greenhouse,merceradvisors
merchantsfleetmanagement,greenhouse,merchantsfleetmanagement
Mercury,greenhouse,mercury
mercyforanimals,greenhouse,mercyforanimals
Merge API,greenhouse,merge
mergeapiintegrationsandbox,greenhouse,mergeapiintegrationsandbox
mergeworld,greenhouse,mergeworld
Meridian Partners,greenhouse,meridianpartners
Merit America,greenhouse,meritamerica
Meriton,greenhouse,meriton
mermaidchart,greenhouse,mermaidchart
MerQube Inc,greenhouse,merqube
Mesh,greenhouse,mesh
meshopticaltechnologies,greenhouse,meshopticaltechnologies
Metabit Technology LLC,greenhouse,metabittechnologyllc
Metacore,greenhouse,metacore
Metalab,greenhouse,metalab
Metapack Careers,greenhouse,metapack
"Method, a GlobalLogic company",greenhouse,method
methodco,greenhouse,methodco
"MetOx International, Inc.",greenhouse,metoxinternationalinc
metro,greenhouse,metro
metron,greenhouse,metron
Metronome,greenhouse,metronome
Metropolis,greenhouse,metropolis
Metropolitan Commercial Bank,greenhouse,metropolitancommercialbank
metroveincenters,greenhouse,metroveincenters
MetTel,greenhouse,mettel
mewssystems,greenhouse,mewssystems
Mezzetta,greenhouse,mezzettacareers
mgproperties,greenhouse,mgproperties
MGT Insurance,greenhouse,mgtinsurance
mhp,greenhouse,mhp
michelscorporation,greenhouse,michelscorporation
Michigan Online School,greenhouse,mos
Mico,greenhouse,micoworks
Midi Health,greenhouse,midihealth
mighty,greenhouse,mighty
mikebloomberg2020,greenhouse,mikebloomberg2020
Mill,greenhouse,mill
Million Dollar Baby Co.,greenhouse,milliondollarbabyco
milton,greenhouse,milton
Mind the Product,greenhouse,mindtheproduct
MindsDB,greenhouse,mindsdb
Mineralys Therapeutics,greenhouse,mineralystherapeutics
minimal,greenhouse,minimal
MinIO,greenhouse,minio
Minitab,greenhouse,minitab
mintel,greenhouse,mintel
minthouse,greenhouse,minthouse
minty,greenhouse,minty
MIO Partners,greenhouse,miopartners
MiQ Digital,greenhouse,miqdigital
miraibio,greenhouse,miraibio
Mirakl,greenhouse,mirakl
Mirakl - French,greenhouse,miraklfr
miris,greenhouse,miris
mirumpharmaceuticals,greenhouse,mirumpharmaceuticals
Misfits Market,greenhouse,misfitsmarket
mishimoto,greenhouse,mishimoto
Mission Lane,greenhouse,missionlane
Mission Lane LLC,greenhouse,missionlanellc
missionhealthcare,greenhouse,missionhealthcare
mississippititleloansinc,greenhouse,mississippititleloansinc
missourititleloansinc,greenhouse,missourititleloansinc
mit,greenhouse,mit
Mithril,greenhouse,mithril
Mitratech,greenhouse,mitratech
Mitsogo Inc,greenhouse,mitsogoinc
"Mitsubishi Motors North America, Inc.",greenhouse,mitsubishimotorsna
Mixpanel,greenhouse,mixpanel
mizzenandmain,greenhouse,mizzenandmain
mks2technologies,greenhouse,mks2technologies
MLB (Job Board Only),greenhouse,mlbevents
MLB on Deck Sales Program,greenhouse,mlbondeck
mm,greenhouse,mm
mmhmm,greenhouse,mmhmm
MNTN,greenhouse,mntn
Mob Entertainment,greenhouse,mobentertainment
mobiauto,greenhouse,mobiauto
mobility,greenhouse,mobility
MobilityWare,greenhouse,mobilityware
mobius,greenhouse,mobius
Mobot,greenhouse,teammobot
Mochi Health,greenhouse,mochihealth
Modern Animal,greenhouse,modernanimal
Modern Health,greenhouse,modernhealth
Modulr,greenhouse,modulrfinance
Mojang Studios,greenhouse,mojangab
Moloco,greenhouse,moloco
moltonbrown,greenhouse,moltonbrown
Mom's Meals,greenhouse,momsmeals
momentenergy,greenhouse,momentenergy
Momentic Studios,greenhouse,momentic
momentous,greenhouse,momentous
Momentum,greenhouse,momentumcompany3
Momentum Financial Services Group,greenhouse,momentumfinancialservicesgroup
MoneyHero Group,greenhouse,moneyherogroup
moneymart,greenhouse,moneymart
MoneySmart Group,greenhouse,moneysmart
mongodb,greenhouse,mongodb
Moniepoint,greenhouse,moniepoint
monks,greenhouse,monks
monograph,greenhouse,monograph
Monroe Tractor,greenhouse,monroetractor
monsterenergy,greenhouse,monsterenergy
monstro,greenhouse,monstro
Monumental Sports & Entertainment,greenhouse,monumentalsports
Monzo,greenhouse,monzo
Moon Creative Lab,greenhouse,moon
moonfare,greenhouse,moonfare
Moonshot,greenhouse,moonshot
"Morgan & Morgan, P.A.",greenhouse,morganmorganjobsapplynow
"Morgan & Morgan, P.A. Students",greenhouse,morganmorganstudents
"Morgan & Morgan, P.A. Summer Associates",greenhouse,morganmorgansummer
morganfranklinconsultingllc,greenhouse,morganfranklinconsultingllc
morgans,greenhouse,morgans
morgansideveterinaryclinic,greenhouse,morgansideveterinaryclinic
morrisonmaierle,greenhouse,morrisonmaierle
morty,greenhouse,morty
Moss New York LLC,greenhouse,mossnewyorkllc
Motional,greenhouse,motional
Motive,greenhouse,gomotive
motive,greenhouse,motive
motivity,greenhouse,motivity
Motley Fool Ventures,greenhouse,mfventures
Movement Strategy,greenhouse,movementstrategy
moveonorg,greenhouse,moveonorg
moveworks,greenhouse,moveworks
moxxidigital,greenhouse,moxxidigital
Mozilla,greenhouse,mozilla
mpn,greenhouse,mpn
mpowerfinancing,greenhouse,mpowerfinancing
mpsw,greenhouse,mpsw
MQ Referrals Only,greenhouse,mqreferrals
Mr Apple,greenhouse,mrapple
Mr Apple (Internal Jobs),greenhouse,mrappleinternalonly
Mr Apple Careers site,greenhouse,mrapplecareers
Mr Apple Social,greenhouse,mrapplesocial
MrBeast,greenhouse,mrbeastyoutube
MrBeast Contract Jobs,greenhouse,aplayers
mrwlawns,greenhouse,mrwlawns
msautomotive,greenhouse,msautomotive
mse,greenhouse,mse
msgentertainmentholdingsllc,greenhouse,msgentertainmentholdingsllc
mthree Recruiting Portal,greenhouse,mthreerecruitingportal
Muck Rack,greenhouse,muckrack
multivista,greenhouse,multivista
Muon Space,greenhouse,muonspace
murad,greenhouse,murad
Murj,greenhouse,murj
Museum of Science,greenhouse,themuseumofscience
Mutato,greenhouse,mutato
Mutiny,greenhouse,mutiny
mwam,greenhouse,mwam
mx51,greenhouse,mx51
mxd,greenhouse,mxd
mxtechnologiesinc,greenhouse,mxtechnologiesinc
mycodemedia,greenhouse,mycodemedia
Myers-Holum,greenhouse,mhi
myfavoritetherapists,greenhouse,myfavoritetherapists
MyFitnessPal,greenhouse,myfitnesspal
myheritage,greenhouse,myheritage
Myriad360,greenhouse,myriad360
MyShell,greenhouse,myshell
N2 Co / Franchise External,greenhouse,franchise
n26,greenhouse,n26
n2alljobs,greenhouse,n2alljobs
n2publishingglassdoor,greenhouse,n2publishingglassdoor
NABIS,greenhouse,nabis
name,greenhouse,name
nanit,greenhouse,nanit
Nano Energies Holding a.s.,greenhouse,des
Nanonets,greenhouse,nanonets
Nansen.ai,greenhouse,nansen
napoleon,greenhouse,napoleon
Narvar,greenhouse,narvar
Nas Company,greenhouse,nascompany
nashvilledoorcloser,greenhouse,nashvilledoorcloser
nashvillezoo,greenhouse,nashvillezoo
Nasium Training,greenhouse,nasiumtraining
Natera,greenhouse,natera
NATIONAL,greenhouse,national
National Design Build Services,greenhouse,nationaldbs1
National Life Insurance Company,greenhouse,nationallifeinsurancecompany
nationallutheraninc,greenhouse,nationallutheraninc
nationwidevision,greenhouse,nationwidevision
nativeinstruments,greenhouse,nativeinstruments
NaturalMotion,greenhouse,nmcareers
Nature's Bakery,greenhouse,naturesbakery
Naughty Dog,greenhouse,naughtydog
naukri,greenhouse,naukri
navapbc,greenhouse,navapbc
NAVER VIETNAM,greenhouse,navervietnam
Navier AI,greenhouse,navierai
NavVis,greenhouse,navvis
Nayya,greenhouse,nayya
nds,greenhouse,nds
Nearform,greenhouse,nearform
Nebius,greenhouse,nebius
nectar,greenhouse,nectar
nederland,greenhouse,nederland
Neighborhoods.com,greenhouse,neighborhoodscom
Neighbors Bank,greenhouse,neighborsbank
Neo4j,greenhouse,neo4j
neonaerospace,greenhouse,neonaerospace
NEORIS,greenhouse,neoris
Nerdy,greenhouse,nerdy
Neros Technologies,greenhouse,nerostechnologies
netbrain,greenhouse,netbrain
Netcracker,greenhouse,netcracker
netcraft,greenhouse,netcraft
NetDocuments,greenhouse,netdocuments
NetEase Games,greenhouse,neteasegames
Netlify,greenhouse,netlify
netsage,greenhouse,netsage
netskope,greenhouse,netskope
network,greenhouse,network
Network Guard,greenhouse,networkguard
neu,greenhouse,neu
NeueHealth,greenhouse,neuehealth
neumora,greenhouse,neumora
Neura Health,greenhouse,neurahealth
"NeuraFlash, Part of Accenture",greenhouse,neuraflash
Neuralink,greenhouse,neuralink
neuropace,greenhouse,neuropace
nevadatitleandpaydayloansinc,greenhouse,nevadatitleandpaydayloansinc
new,greenhouse,new
New Era Technology,greenhouse,neweratech
New Mountain Capital -  Administrative,greenhouse,external
New Mountain Capital Opportunities,greenhouse,opportunities
New Openings,greenhouse,currentopenings
New Relic,greenhouse,newrelic
New York City Economic Development Corporation,greenhouse,nycedc
New York ISO,greenhouse,nyiso
neweratechau,greenhouse,neweratechau
neweratechnz,greenhouse,neweratechnz
NewGlobe,greenhouse,newglobesandbox
newhonorsociety,greenhouse,newhonorsociety
Newlab Careers,greenhouse,newlabcareers
newleafenergy,greenhouse,newleafenergy
NewLimit,greenhouse,newlimit
NewsBreak,greenhouse,newsbreak
newscientist,greenhouse,newscientist
Newsela,greenhouse,newsela
newsrevenuehub,greenhouse,newsrevenuehub
newsweaver,greenhouse,newsweaver
Newsweek,greenhouse,newsweek
Newton,greenhouse,newton
Nex,greenhouse,nex
NexGen Cloud,greenhouse,nexgencloud
nexhealth,greenhouse,nexhealth
Next Insurance,greenhouse,nextinsurance66
nextdoor,greenhouse,nextdoor
"Nextdoor, Inc.",greenhouse,job-openings
nextenergygroup,greenhouse,nextenergygroup
nextiva,greenhouse,nextiva
NextRoll,greenhouse,nextroll
nexus,greenhouse,nexus
Neysa Networks - Careers Page,greenhouse,neysanetwork
ngrok Inc.,greenhouse,ngrokinc
NICE,greenhouse,nice
Nift,greenhouse,nift
"Nightdive Studios, Inc.",greenhouse,nightdivestudios
nightingale-college,greenhouse,nightingalecollege
Nimble Gravity,greenhouse,nimblegravity
NinjaTrader,greenhouse,ninjatrader
Nintendo,greenhouse,nintendo
nintex,greenhouse,nintex
Nira Energy,greenhouse,niraenergy
Nirmata,greenhouse,nirmata
nisc,greenhouse,nisc
Nitricity,greenhouse,nitricity
nitrosoftwareinc,greenhouse,nitrosoftwareinc
nivagenpharmaceuticals,greenhouse,nivagenpharmaceuticals
NMI,greenhouse,nmi
noah,greenhouse,noah
noahmedical,greenhouse,noahmedical
noble,greenhouse,noble
nobleanesthesiapartners,greenhouse,nobleanesthesiapartners
Nobu Hotel Toronto,greenhouse,nobuhoteltoronto
noctrixhealth,greenhouse,noctrixhealth
Nomad Health,greenhouse,nomadhealth
Nomiso,greenhouse,nomiso
nomnom,greenhouse,nomnom
nomos,greenhouse,nomos
none,greenhouse,none
none098908,greenhouse,none098908
Nooks,greenhouse,nooks
noonlight,greenhouse,noonlight
nordeus,greenhouse,nordeus
noredink,greenhouse,noredink
nortal,greenhouse,nortal
North America,greenhouse,xebiausa
Northbeam,greenhouse,northbeam
northbridgecre,greenhouse,northbridgecre
northcharleston,greenhouse,northcharleston
NorthCoast Asset Management,greenhouse,nc
northmarq,greenhouse,northmarq
northpointrecoveryholdingsllc,greenhouse,northpointrecoveryholdingsllc
northside,greenhouse,northside
northsidepreparatoryacademy,greenhouse,northsidepreparatoryacademy
northspyre,greenhouse,northspyre
Northwest Pipe Fittings,greenhouse,northwestpipefittings
Notability,greenhouse,gingerlabsinc
nothing,greenhouse,nothing
Nourish,greenhouse,usenourish
Nova Credit,greenhouse,novacredit
Nova Founders Capital,greenhouse,novafounders
NovaGen Research Fund,greenhouse,novagen
novoed,greenhouse,novoed
noxgroup,greenhouse,noxgroup
Nozomi Networks,greenhouse,nozominetworks
NPR,greenhouse,nationalpublicradioinc
nscaleoperationsukltd,greenhouse,nscaleoperationsukltd
nsrg,greenhouse,nsrg
nsvh,greenhouse,nsvh
NT Concepts,greenhouse,ntconcepts
ntd,greenhouse,ntd
"NTT DATA, Europe & LATAM, Branch in USA, Inc.",greenhouse,nttdatausa
ntx,greenhouse,ntx
Nubank,greenhouse,nubank
Nucleus Global,greenhouse,nucleus
Numa,greenhouse,numagroupgmbh
numa,greenhouse,numa
number26,greenhouse,number26
Numerix,greenhouse,numerix
nurix,greenhouse,nurix
nuro,greenhouse,nuro
nursing,greenhouse,nursing
Nursing School,greenhouse,asdf
Nutrabolt,greenhouse,nutrabolt
Nutrafol,greenhouse,nutrafol
nuvalent,greenhouse,nuvalent
Nuvera,greenhouse,nuveracg
NVE Experience Agency,greenhouse,nve
oakhilladvisors,greenhouse,oakhilladvisors
oasis,greenhouse,oasis
oasissecurity,greenhouse,oasissecurity
oath,greenhouse,oath
objectfirsts,greenhouse,objectfirsts
obligo,greenhouse,obligo
obrien,greenhouse,obrien
obrienveterinarygroup,greenhouse,obrienveterinarygroup
observeai,greenhouse,observeai
Obsidian Security,greenhouse,obsidiansecurity
obsidiansecuritycareers,greenhouse,obsidiansecuritycareers
ocadogroup,greenhouse,ocadogroup
oceania,greenhouse,oceania
Ocrolus Inc.,greenhouse,ocrolusinc
ocs,greenhouse,ocs
octagon,greenhouse,octagon
octaura,greenhouse,octaura
Octave,greenhouse,octave
Octus,greenhouse,octus
Oddball,greenhouse,oddball
Odeko,greenhouse,odeko
Odle Sales,greenhouse,odlesalescareers
OfferUp,greenhouse,offerup
OfferZen,greenhouse,offerzen
Office Hours,greenhouse,officehours
officeally,greenhouse,officeally
OfficeSpace Software,greenhouse,officespacesoftware
ogci,greenhouse,ogci
Ogilvy Australia,greenhouse,ogilvyaus
Ogilvy Health Canada,greenhouse,ogilvyhealthcanada
Ogilvy MENA,greenhouse,ogilvymena
Ogilvy Social.Lab,greenhouse,sociallab
ogilvyhealthuk,greenhouse,ogilvyhealthuk
OGT,greenhouse,ogt
Ohalo,greenhouse,ohalogenetics
OHDELA,greenhouse,ohdela
ohio,greenhouse,ohio
oikotie,greenhouse,oikotie
Oklo,greenhouse,oklo
okta,greenhouse,okta
OKX,greenhouse,okx
olaplexcareers,greenhouse,olaplexcareers
oldcastlebuildingenvelope,greenhouse,oldcastlebuildingenvelope
oldcity,greenhouse,oldcity
Olema Oncology,greenhouse,olema
OLIPOP,greenhouse,olipop
Oliv AI,greenhouse,olivai
OLIVER Agency,greenhouse,oliver
OLIVER Agency - APAC,greenhouse,oliverseapac
OLIVER Agency - North America,greenhouse,oliverusa
OLLY,greenhouse,olly
olsson,greenhouse,olsson
Olympus Property,greenhouse,olympusproperty
Omada Health,greenhouse,omadahealth
omgcamontreal,greenhouse,omgcamontreal
omgcaphd,greenhouse,omgcaphd
omicron,greenhouse,omicron
Omidyar Network,greenhouse,omidyarnetwork
Omnicom Media,greenhouse,mediabrands
Omnicom Media Group Montreal,greenhouse,omgcamontrealfr
Omnicom Media Group Netherlands - OMG,greenhouse,omgnetherlands
Omnicom Media UK,greenhouse,omguk
Omnicom Production Japan K.K,greenhouse,opj
omnicomhealth,greenhouse,omnicomhealth
OMP Careers,greenhouse,efihr
ompexternaljobboards,greenhouse,ompexternaljobboards
On,greenhouse,onrunning
ON.energy,greenhouse,onenergy
onapsis,greenhouse,onapsis
Onbe,greenhouse,onbe
OnBoard,greenhouse,onboardmeetings
One Acre Fund - Kenya,greenhouse,oafkenya
One Acre Fund - Malawi,greenhouse,oneacrefundmalawi
ONE Campaign,greenhouse,onecampaign
One World Coders,greenhouse,owc
oneacrefund,greenhouse,oneacrefund
oneacrefundglobal,greenhouse,oneacrefundglobal
oneazcreditunion,greenhouse,oneazcreditunion
OneImaging,greenhouse,oneimaging
onemodel,greenhouse,onemodel
oneoncology,greenhouse,oneoncology
OneSix - External,greenhouse,onesixsolutions27
oneskin,greenhouse,oneskin
onetrust,greenhouse,onetrust
OneVest,greenhouse,onevest
Only External Postings,greenhouse,notexternal
onX,greenhouse,onxmaps
onyx,greenhouse,onyx
oodlefinance,greenhouse,oodlefinance
ooma,greenhouse,ooma
oosmanagementcorp,greenhouse,oosmanagementcorp
Open Farm,greenhouse,openfarminc
OpenAP LLC,greenhouse,openap
OpenEye,greenhouse,openeye
OpenFX,greenhouse,openfx
Openly,greenhouse,openly
opennet,greenhouse,opennet
OpenSesame,greenhouse,opensesame
openspace,greenhouse,openspace
OpenTable,greenhouse,opentable
OpenTeams,greenhouse,openteams
openweb,greenhouse,openweb
openwork,greenhouse,openwork
openzeppelin,greenhouse,openzeppelin
Ophelia,greenhouse,ophelia
Ophelos,greenhouse,ophelos
opm,greenhouse,opm
opmg,greenhouse,opmg
Oportun,greenhouse,oportun
opositiv,greenhouse,opositiv
OppFi,greenhouse,opploans
optimadermatologycareers,greenhouse,optimadermatologycareers
Optimal Dynamics,greenhouse,optimaldynamics
optimalcare-evergreen,greenhouse,optimalcare-evergreen
optimamedical,greenhouse,optimamedical
optimove,greenhouse,optimove
Optiver,greenhouse,optiver
Optiver - Trading Academy,greenhouse,tradingacademy2025
Optiver Private Jobs,greenhouse,optiverprivate
Opto Investments,greenhouse,optoinvest
ora,greenhouse,ora
oralsurgerypartners,greenhouse,oralsurgerypartners
orangetwist,greenhouse,orangetwist
ORCA Service Technologies,greenhouse,orca
orcasecurity,greenhouse,orcasecurity
Orchard,greenhouse,orchard
orchestra,greenhouse,orchestra
orcristtechnologies,greenhouse,orcristtechnologies
Orderly,greenhouse,orderly
orennia,greenhouse,orennia
original,greenhouse,original
origisenergy,greenhouse,origisenergy
Orion Group,greenhouse,oriongroup
Orion Innovation Naukri,greenhouse,orioninnovationnaukri
orioninnovation,greenhouse,orioninnovation
Orkes,greenhouse,orkes
oruka,greenhouse,oruka
Osano,greenhouse,osano
oscar,greenhouse,oscar
Oshi Health,greenhouse,oshihealth
ospn,greenhouse,ospn
Otter,greenhouse,otter
otterai,greenhouse,otterai
otterbein,greenhouse,otterbein
Otto Aerospace,greenhouse,ottoaviation
oulahealth,greenhouse,oulahealth
ounceofcare,greenhouse,ounceofcare
Our Group,greenhouse,ourgroup
outerspace,greenhouse,outerspace
Outfit7,greenhouse,outfit7
outrider,greenhouse,outrider
Outschool,greenhouse,outschool
Outset Medical,greenhouse,outsetmedical
outside,greenhouse,outside
Outside GC,greenhouse,briefly
outsiders,greenhouse,outsiders
Overstory,greenhouse,overstory
ovoenergy,greenhouse,ovoenergy
Ownwell,greenhouse,ownwell
oxam,greenhouse,oxam
PAC NYC,greenhouse,pacnyc
pacaso,greenhouse,pacaso
pacificcycle,greenhouse,pacificcycle
pacificfusion,greenhouse,pacificfusion
pacificlegalfoundation,greenhouse,pacificlegalfoundation
pact,greenhouse,pact
pactlabs,greenhouse,pactlabs
Pacvue,greenhouse,pacvue
pado,greenhouse,pado
Pagaya,greenhouse,pagaya
pagayais,greenhouse,pagayais
PagerDuty,greenhouse,pagerduty
pah,greenhouse,pah
Pair Team,greenhouse,pairteam
Pallet,greenhouse,pallet
palmetto,greenhouse,palmetto
Palmetto Clean Technology,greenhouse,palmettocleantech
PALO IT,greenhouse,paloit
PandaDoc,greenhouse,pandadoc
pangaea,greenhouse,pangaea
Panthalassa,greenhouse,panthalassa
pantheon,greenhouse,pantheon
Pantheon Ventures Careers,greenhouse,pantheonpublic
Panther,greenhouse,pantherlabs
Papa,greenhouse,papa
papaya,greenhouse,papaya
Paperless Parts,greenhouse,paperlessparts
Parachute Health,greenhouse,parachutehealth
Paradigm,greenhouse,joinparadigm
Paradigm,greenhouse,paradigm
paradigmtreatmentcenters,greenhouse,paradigmtreatmentcenters
Parallel,greenhouse,parallellearning
Parallel Systems,greenhouse,parallel
Paratek Pharmaceuticals,greenhouse,paratekpharmaceuticals
parenthetic,greenhouse,parenthetic
paretocaptiveservicesllc,greenhouse,paretocaptiveservicesllc
parkland,greenhouse,parkland
Parloa,greenhouse,parloa
parsecautomationcorp,greenhouse,parsecautomationcorp
Parsley Health,greenhouse,parsleyhealth
Particle41,greenhouse,particle41llc
particlehealth,greenhouse,particlehealth
PartnerStack,greenhouse,partnerstack
patch,greenhouse,patch
PATH (People Assisting the Homeless),greenhouse,epath
pathai,greenhouse,pathai
pathfinder,greenhouse,pathfinder
pathrobotics,greenhouse,pathrobotics
"Pathward, Career Fairs",greenhouse,pathwardcareerfair
"Pathward, N.A.",greenhouse,pathward
pathwaysforlife,greenhouse,pathwaysforlife
PatientPoint,greenhouse,patientpoint
Pattern Data,greenhouse,patterndata
Pave,greenhouse,paveakatroveinformationtechnologies
PAX Labs,greenhouse,paxlabs
paydo,greenhouse,paydo
paymenttools,greenhouse,paymenttools
payoneer,greenhouse,payoneer
PayPay,greenhouse,paypay
PayPay Card,greenhouse,paypaycard
PayPay India,greenhouse,pay2dc
Paystack,greenhouse,paystack
paystand,greenhouse,paystand
Paytient,greenhouse,paytient
pcdm,greenhouse,pcdm
pcm,greenhouse,pcm
PDQ Doors,greenhouse,pdq
PDT Partners,greenhouse,pdtpartners
peachy,greenhouse,peachy
peakenergy,greenhouse,peakenergy
pearceservices,greenhouse,pearceservices
Pearl,greenhouse,justanswer
Pediatrics Plus,greenhouse,indeedbtrbt
pediatricsplus,greenhouse,pediatricsplus
pei,greenhouse,pei
pelacase,greenhouse,pelacase
Pelago,greenhouse,pelago
peloton,greenhouse,peloton
Pendo,greenhouse,pendo
Penn Interactive,greenhouse,penninteractive
pennylinn,greenhouse,pennylinn
Penske Media Corp.,greenhouse,pmc
peopletech,greenhouse,peopletech
pep,greenhouse,pep
Per Scholas,greenhouse,perscholashires
Perch Energy,greenhouse,perchenergycareers
Peregrine Technologies,greenhouse,peregrinetechnologies
PerfectServe,greenhouse,perfectserve
Perion Network Ltd,greenhouse,perionnetworkltd
perm,greenhouse,perm
permira,greenhouse,permira
perpay,greenhouse,perpay
Perry Ellis International,greenhouse,perryellisinternational
pfm,greenhouse,pfm
Phamily,greenhouse,jobsatphamily
pharmacy,greenhouse,pharmacy
Pharo Management,greenhouse,pharomanagement
phaser,greenhouse,phaser
PhaseV,greenhouse,phasev
Philadelphia Eagles,greenhouse,philadelphiaeagles
Philadelphia Phillies - Baseball Operations,greenhouse,philliesbaseballoperations
philadelphiaanimalhospital,greenhouse,philadelphiaanimalhospital
philadelphiaeaglesgameday,greenhouse,philadelphiaeaglesgameday
philippines,greenhouse,philippines
philliesbusinessops,greenhouse,philliesbusinessops
philliesgameday,greenhouse,philliesgameday
Philo,greenhouse,philo
Philz Coffee,greenhouse,philzcoffeecareers
Phiture GmbH,greenhouse,phiture2
Phizenix,greenhouse,phizenix
phmg,greenhouse,phmg
Phoenix Contact,greenhouse,phoenixcontact
phoenixmed,greenhouse,phoenixmed
PhonePe,greenhouse,phonepe
PhysicsX,greenhouse,physicsx
pia,greenhouse,pia
Picnic,greenhouse,teampicnic
Picnic Delivery,greenhouse,try-picnic
Pico,greenhouse,picoquantitativetrading
picpay,greenhouse,picpay
picsart,greenhouse,picsart
Picsart Academy,greenhouse,academy
Pie Insurance,greenhouse,pieinsurance
pieinsuranceinternationalcontracts,greenhouse,pieinsuranceinternationalcontracts
Piermont Bank,greenhouse,piermontbank
Pilot.com,greenhouse,pilothq
pindropsecurity,greenhouse,pindropsecurity
Pine,greenhouse,pine
Pine Park Health,greenhouse,pineparkhealth
Ping Identity,greenhouse,pingidentity
pingcap,greenhouse,pingcap
Pinnacol Assurance,greenhouse,pinnacolassurance
pinterest,greenhouse,pinterest
pipe17,greenhouse,pipe17
Pippin Technologies India,greenhouse,pippintitleindia
pirateship,greenhouse,pirateship
PitchBook Data,greenhouse,pitchbookdata
pivotbio,greenhouse,pivotbio
pixiebrix,greenhouse,pixiebrix
pixocial,greenhouse,pixocial
place,greenhouse,place
Placements.io,greenhouse,placementsio
placerealestate,greenhouse,placerealestate
planable,greenhouse,planable
Planet,greenhouse,planetlabs
PlanetScale,greenhouse,planetscale
planomatic,greenhouse,planomatic
planradar,greenhouse,planradar
Plata Card,greenhouse,platacard
Platform Science,greenhouse,platformscience
platformsh,greenhouse,platformsh
PlayStation Global,greenhouse,sonyinteractiveentertainmentglobal
playworks96,greenhouse,playworks96
pleo,greenhouse,pleo
Plexium Careers,greenhouse,plexium
Plexus Worldwide,greenhouse,plexusworldwidellc
pliancy,greenhouse,pliancy
Plooto,greenhouse,plootocareers
plos,greenhouse,plos
plotly,greenhouse,plotly
PLS,greenhouse,plscareers
Pluckers Wing Bar - Corporate,greenhouse,pluckershomeoffice
Plume,greenhouse,plume
pm,greenhouse,pm
PMG,greenhouse,pmg
pocketco,greenhouse,pocketco
Podium,greenhouse,podium81
Point C,greenhouse,pointc
Point72,greenhouse,point72
Point72 Private Investments,greenhouse,p72pi
Poka EN,greenhouse,poka
pokaeu,greenhouse,pokaeu
polaris,greenhouse,polaris
policyexpert,greenhouse,policyexpert
PolyAI,greenhouse,polyai
Polychain Genesis,greenhouse,genesis
polychaincapital,greenhouse,polychaincapital
polygonus,greenhouse,polygonus
Polyphony Digital,greenhouse,pdi
Pomelo Care,greenhouse,pomelocare
ponbikeoperations,greenhouse,ponbikeoperations
Ponderosa Garage Doors,greenhouse,ponderosa
Pontera,greenhouse,pontera
Poppulo,greenhouse,poppulo
Porsche Walnut Creek,greenhouse,porschewalnutcreek
Porter Novelli,greenhouse,porternovelli
Portoro,greenhouse,portoro
portwest,greenhouse,portwest
poshmark,greenhouse,poshmark
Postman,greenhouse,postman
postpartumsupportinternational,greenhouse,postpartumsupportinternational
Postscript,greenhouse,postscript
potato,greenhouse,potato
Power Digital,greenhouse,powerdigitalmarketing
Powerhouse Arts,greenhouse,powerhousearts
powertodecide,greenhouse,powertodecide
powerx,greenhouse,powerx
ppco,greenhouse,ppco
pps,greenhouse,pps
pqshield,greenhouse,pqshield
Practice Better,greenhouse,practicebetter
pracuj,greenhouse,pracuj
praetorian,greenhouse,praetorian
Praxent,greenhouse,praxent
Praxis,greenhouse,praxis
"Praxis Precision Medicines, Inc.",greenhouse,praxisprecisionmedicines
preacher,greenhouse,preacher
Precision AQ,greenhouse,precisionaq
Precision Medicine Group,greenhouse,precisionmedicinegroup
Premier Truck Rental,greenhouse,premiertruckrental
prenuvo,greenhouse,prenuvo
PrescriberPoint,greenhouse,prescriberpoint
Presence,greenhouse,presencelearning
Presidents Institute,greenhouse,presidents
Presidents Institute Sweden,greenhouse,presidentsinstitutesweden
presidentssummit,greenhouse,presidentssummit
pretiuminternships2026,greenhouse,pretiuminternships2026
Prevail,greenhouse,prevail
Prezzee,greenhouse,prezzee
Pricefox,greenhouse,pricefox
primer.ai,greenhouse,primerai
primexbt,greenhouse,primexbt
prismatic,greenhouse,prismatic
priv,greenhouse,priv
privacy,greenhouse,privacy
Private Board,greenhouse,ascend
Private Equity Insights,greenhouse,privateequityinsights
Private Job Board,greenhouse,hellofreshprivate
privateer,greenhouse,privateer
Process Street,greenhouse,processstreet
ProCogia,greenhouse,procogia
Prodigal,greenhouse,prodigal
Product School,greenhouse,productschool
Profluent,greenhouse,profluent
ProFound,greenhouse,profound
project44,greenhouse,project44
project44 Careers,greenhouse,project44opportunities
Prolaio,greenhouse,prolaio
Prolific,greenhouse,prolific
Prometheus Real Estate Group,greenhouse,prometheusrealestategroup
Pronto,greenhouse,pronto
Proof,greenhouse,proof
Prophecy,greenhouse,prophecysimpledatalabs
prophero,greenhouse,prophero
prophet,greenhouse,prophet
Prophet Application,greenhouse,directapplication
proponents,greenhouse,proponents
propstack,greenhouse,propstack
ProPublica,greenhouse,propublica
Prosek Partners,greenhouse,prosek
prospa,greenhouse,prospa
prospectus,greenhouse,prospectus
Prosper Health,greenhouse,prosperhealth
protagonist,greenhouse,protagonist
proto,greenhouse,proto
Proton,greenhouse,proton
Proton.ai,greenhouse,protonai
Prove,greenhouse,prove
Providence Digital Innovation Group,greenhouse,providencedig
provider,greenhouse,provider
psg,greenhouse,psg
psi-engineering,greenhouse,psi-engineering
PsiBufet,greenhouse,psibufet
psl,greenhouse,psl
pt,greenhouse,pt
pti,greenhouse,pti
PUBG EMEA,greenhouse,pubgemea
PUBG Seattle,greenhouse,pubgseattle
Public,greenhouse,public
PubMatic,greenhouse,pubmatic
pubnub,greenhouse,pubnub
Pulley,greenhouse,pulley
pulmovant,greenhouse,pulmovant
pulse,greenhouse,pulse
pulsebiosciences,greenhouse,pulsebiosciences
Pulumi,greenhouse,pulumicorporation
Pump.co,greenhouse,pumpcareers
purewow,greenhouse,purewow
purple,greenhouse,purple
purposemed,greenhouse,purposemed
PursueCare,greenhouse,pursuecare
pushpay,greenhouse,pushpay
Q-Centrix,greenhouse,qcentrix
qdssjobsohio,greenhouse,qdssjobsohio
qfhsomaha,greenhouse,qfhsomaha
qgenda,greenhouse,qgenda
qgiv,greenhouse,qgiv
qr,greenhouse,qr
qt,greenhouse,qt
Quadrature Capital,greenhouse,quadraturecapital
quaise,greenhouse,quaise
Qualia,greenhouse,qualia
Qualified Digital,greenhouse,qualifieddigital
Qualio,greenhouse,qualio
qualtrics,greenhouse,qualtrics
Quanata,greenhouse,quanata
quantboxresearchpte,greenhouse,quantboxresearchpte
QuantHealth,greenhouse,quanthealth
Quantum Coffee,greenhouse,quantumcoffee
Qube Research & Technologies,greenhouse,quberesearchandtechnologies
questbridge,greenhouse,questbridge
questdefensesystemssolutionsinc,greenhouse,questdefensesystemssolutionsinc
quetzal,greenhouse,quetzal
Quillbot,greenhouse,quillbot
quilt,greenhouse,quilt
Quince,greenhouse,quince
quinnevansarchitects,greenhouse,quinnevansarchitects
quinstreet,greenhouse,quinstreet
quip,greenhouse,quip
Quisitive,greenhouse,quisitivejobs
qventus,greenhouse,qventus
rabota,greenhouse,rabota
Rackner,greenhouse,rackner
racm,greenhouse,racm
raconteur,greenhouse,raconteur
RADAR,greenhouse,radar
radaranalytics,greenhouse,radaranalytics
RadiantSecurity,greenhouse,radiantsecurity
Radical Numerics,greenhouse,radicalnumerics
Radicle Health,greenhouse,radiclehealth
Radix Trading Experienced Job Board,greenhouse,radixexperienced
Radix Trading University Job Board,greenhouse,radixuniversity
Raft Company Website,greenhouse,raft
raisin,greenhouse,raisin
rajasthanroyals,greenhouse,rajasthanroyals
rak,greenhouse,rak
Ramp Network,greenhouse,rampnetwork
Range,greenhouse,range
RapidSOS,greenhouse,rapidsos
RAPP,greenhouse,rapp
Raptor Technologies,greenhouse,raptortechnologies
rater8,greenhouse,rater8
raven,greenhouse,raven
Razorpay Software Private Limited,greenhouse,razorpaysoftwareprivatelimited
rcc,greenhouse,rcc
RCX Sports,greenhouse,rcxsports
rdccareers,greenhouse,rdccareers
rdstation,greenhouse,rdstation
Re-Bath,greenhouse,rebathcorporate
Re:Build Manufacturing,greenhouse,rebuildmanufacturing
Reach Financial,greenhouse,reach
reach3insights,greenhouse,reach3insights
reachdesk,greenhouse,reachdesk
Reactivate,greenhouse,reactivate
Ready,greenhouse,ready
readysettechnologyinc,greenhouse,readysettechnologyinc
Readystate Asset Management,greenhouse,readystate
Real Chemistry,greenhouse,realchemistry
Real-Time Innovations,greenhouse,rti
realpha,greenhouse,realpha
realtimeboardglobal,greenhouse,realtimeboardglobal
realtymogul,greenhouse,realtymogul
Rebag,greenhouse,rebag
rebet,greenhouse,rebet
rebtel,greenhouse,rebtel
rebuilt,greenhouse,rebuilt
recall,greenhouse,recall
Recast,greenhouse,recast
Recharge,greenhouse,recharge
Recidiviz,greenhouse,recidiviz
recode,greenhouse,recode
Recorded Future,greenhouse,recordedfuture
Recruitis,greenhouse,recruitis
Rectangle Health,greenhouse,rectanglehealth
recurrent,greenhouse,recurrent
Recursion,greenhouse,recursionpharmaceuticals
Red Cell Partners,greenhouse,redcellpartners
Reddit,greenhouse,reddit
RedHelm,greenhouse,onepath
Redpanda Data,greenhouse,redpandadata
Redpin,greenhouse,currenciesdirect
redstoneresidential,greenhouse,redstoneresidential
redventures,greenhouse,redventures
redwirespaceeurope,greenhouse,redwirespaceeurope
Redwood Materials,greenhouse,redwoodmaterials
Redwood Software,greenhouse,redwoodsoftware
ref,greenhouse,ref
Referrals Only,greenhouse,monzoreferrals
Referrals Only,greenhouse,thoughtworksreferral
referralsonly,greenhouse,referralsonly
reflex,greenhouse,reflex
Reformation,greenhouse,reformation
Regent,greenhouse,regent
regie,greenhouse,regie
RegScale,greenhouse,regscale
Relai,greenhouse,technology
RelationalAI,greenhouse,relationalai
Relativity Space,greenhouse,relativity
Relay,greenhouse,relaypro
Relay Graduate School of Education,greenhouse,relaygraduateschoolofeducation
Relay Payments,greenhouse,relaypayments
released,greenhouse,released
relex,greenhouse,relex
Reliant,greenhouse,reliant
Reltio,greenhouse,reltio
Relyance AI,greenhouse,relyance
Remedy Meds,greenhouse,thirtymadison
remedyedgelondon,greenhouse,remedyedgelondon
remedyedgespain,greenhouse,remedyedgespain
remedyhomehealthcare,greenhouse,remedyhomehealthcare
remm,greenhouse,remm
remodelhealth,greenhouse,remodelhealth
Remora,greenhouse,remoracarbon
Remotasks,greenhouse,remotasks
Remote,greenhouse,remotecom
remote,greenhouse,remote
Remote - Referral Board,greenhouse,remotereferralboardinternaluseonly
Remote Jobs At Sandstone Care,greenhouse,sandstoneremote
Remote Positions,greenhouse,opremote
Remote Woman,greenhouse,remotewoman
remotepeople,greenhouse,remotepeople
remotetcx,greenhouse,remotetcx
Renaissance Learning EMEA APAC,greenhouse,renaissancelearning-emea
Renaissance Learning North America,greenhouse,renaissancelearning-nam
Renewed Vision,greenhouse,renewedvision
Rent the Runway,greenhouse,renttherunway
reolink,greenhouse,reolink
RepeatMD,greenhouse,repeatmd
reproductivefreedomforall,greenhouse,reproductivefreedomforall
Resident,greenhouse,residenthome
residential,greenhouse,residential
resilience,greenhouse,resilience
Resolve To Save Lives,greenhouse,resolvetosavelives
ResortPass,greenhouse,resortpass
Resource Environmental Solutions LLC,greenhouse,res
restart,greenhouse,restart
retail,greenhouse,retail
Retail Insights,greenhouse,retailinsights
retraced,greenhouse,retraced
Returners Job Board,greenhouse,chicago
Reunion Marketing,greenhouse,reunionmarketing
revel,greenhouse,revel
Revero,greenhouse,revero
RevGen Partners,greenhouse,revgenpartners
Revlon Corporate,greenhouse,revloncorporate
revx,greenhouse,revx
Rewards Network,greenhouse,rewardsnetwork
rexfordindustrial,greenhouse,rexfordindustrial
RF-SMART,greenhouse,rfsmart
rfa,greenhouse,rfa
rga,greenhouse,rga
rgd,greenhouse,rgd
"Rhombus Power, Inc.",greenhouse,rhombuspower
"Rhythm Software, Inc.",greenhouse,rhythmsoftwareinc
rialtic,greenhouse,rialtic
Riboli Family Wines,greenhouse,ribolifamilywines
ridgeline,greenhouse,ridgeline
rightship,greenhouse,rightship
rightwayhealthcare,greenhouse,rightwayhealthcare
RigUp,greenhouse,rigup
ringconcierge,greenhouse,ringconcierge
ringdna,greenhouse,ringdna
riotgames,greenhouse,riotgames
ripple,greenhouse,ripple
ripplematch,greenhouse,ripplematch
Rise8,greenhouse,rise8
riseamg,greenhouse,riseamg
riseforfamilies,greenhouse,riseforfamilies
risingwings,greenhouse,risingwings
riskified,greenhouse,riskified
Rithum,greenhouse,rithum
Rithum LinkedIn Board,greenhouse,rithumliboard
Ritual,greenhouse,ritual
riv,greenhouse,riv
rivaltechnologies,greenhouse,rivaltechnologies
Riverlane,greenhouse,riverlane
riversidenaturalfoodsltd,greenhouse,riversidenaturalfoodsltd
riviamind1,greenhouse,riviamind1
rjm,greenhouse,rjm
rmci,greenhouse,rmci
Road to Hire,greenhouse,roadtohire
Roadie,greenhouse,roadie
RoadRunner Recycling Inc.,greenhouse,roadrunner
Robinhood,greenhouse,robinhood
roblox,greenhouse,roblox
RoboForce,greenhouse,roboforce
robotsandpencils,greenhouse,robotsandpencils
Rockbot,greenhouse,rockbot
Rocket Lab Corporation,greenhouse,rocketlab
Rocket Money,greenhouse,truebill
"Rocket Travel, Inc.",greenhouse,rocketmiles
rocketreach,greenhouse,rocketreach
Rockstar Games,greenhouse,rockstargames
roivantsciences,greenhouse,roivantsciences
roka,greenhouse,roka
roku,greenhouse,roku
ROLLER,greenhouse,roller
Rome Community Partners,greenhouse,community
Rondo Energy,greenhouse,rondoenergy
Roo,greenhouse,roo
Roofr,greenhouse,roofr
roofstock,greenhouse,roofstock
root,greenhouse,root
rooted,greenhouse,rooted
rootstocklabsltd,greenhouse,rootstocklabsltd
rosebud,greenhouse,rosebud
route,greenhouse,route
Royal Vet,greenhouse,royalvet
rpa,greenhouse,rpa
rps,greenhouse,rps
rqdclearingllc,greenhouse,rqdclearingllc
rstudio,greenhouse,rstudio
rtbhouse,greenhouse,rtbhouse
RTINGS.com,greenhouse,rtingscom
rtp,greenhouse,rtp
Rubrik Job Board,greenhouse,rubrik
rubyhotels,greenhouse,rubyhotels
Ruggable,greenhouse,ruggable
Rumble - Career Page,greenhouse,rumble
"Runpod, Inc.",greenhouse,runpod
Runwise,greenhouse,runwise
runzero,greenhouse,runzero
Rush Street Interactive,greenhouse,rushstreetinteractive
rva,greenhouse,rva
RXR,greenhouse,rxr
rxrprivate,greenhouse,rxrprivate
RxSense,greenhouse,rxsense
rxvantage,greenhouse,rxvantage
rzr,greenhouse,rzr
sa,greenhouse,sa
saas.group,greenhouse,saasgroup
saasacademy,greenhouse,saasacademy
saatva,greenhouse,saatva
Saber.tech,greenhouse,sabertech
SADA India,greenhouse,sadaindia
Safari AI,greenhouse,safariai
safebreach,greenhouse,safebreach
sage,greenhouse,sage
Sage Corps Program Applications,greenhouse,sagecorps
sage49,greenhouse,sage49
Sagent,greenhouse,sagent
sagesure,greenhouse,sagesure
salaryfinance,greenhouse,salaryfinance
salesloft,greenhouse,salesloft
salientmotion,greenhouse,salientmotion
Salsify,greenhouse,salsify
Saltbox,greenhouse,saltbox
saltsecurity,greenhouse,saltsecurity
Sama,greenhouse,samainc
samaraaerospace,greenhouse,samaraaerospace
Samlino Group,greenhouse,ceg
samsara,greenhouse,samsara
Samsung Next,greenhouse,samsungnext
Samsung Research America Internship,greenhouse,samsungresearchamericainternship
Samsung Semiconductor,greenhouse,samsungsemiconductor
samsungresearchamerica,greenhouse,samsungresearchamerica
San Francisco AIDS Foundation,greenhouse,sfaf
San Francisco Campus for Jewish Living,greenhouse,sanfranciscocampusforjewishliving
sandiegocommunitypower,greenhouse,sandiegocommunitypower
sandler,greenhouse,sandler
Sands Capital,greenhouse,sandscapitalmanagementllc
sandsinvestmentgroup,greenhouse,sandsinvestmentgroup
Sandstone Care,greenhouse,sandstonecare
sandstonebaltimore,greenhouse,sandstonebaltimore
sandstonecareboulder,greenhouse,sandstonecareboulder
sandstonecarebroomfield,greenhouse,sandstonecarebroomfield
sandstonecarerichmond,greenhouse,sandstonecarerichmond
sandstonecarevirginiabeach,greenhouse,sandstonecarevirginiabeach
sandstonechantilly,greenhouse,sandstonechantilly
sandstonecoloradomedicaldetox,greenhouse,sandstonecoloradomedicaldetox
sandstonemaryland,greenhouse,sandstonemaryland
sandstonevirginia,greenhouse,sandstonevirginia
sanmar,greenhouse,sanmar
Santex,greenhouse,santex
sao,greenhouse,sao
sapro,greenhouse,sapro
sas,greenhouse,sas
sassoon,greenhouse,sassoon
Sauce Labs Inc.,greenhouse,saucelabs
savoylife,greenhouse,savoylife
saxbys,greenhouse,saxbys
Sayari,greenhouse,sayari
sbenergy,greenhouse,sbenergy
sbusa,greenhouse,sbusa
sc,greenhouse,sc
Scale AI,greenhouse,scaleai
scalellp,greenhouse,scalellp
scalemonk,greenhouse,scalemonk
scalespace,greenhouse,scalespace
Scangroup,greenhouse,scangroup
scanner,greenhouse,scanner
Schonfeld,greenhouse,schonfeld
schooljobs,greenhouse,schooljobs
schoolstatus,greenhouse,schoolstatus
Schrödinger,greenhouse,schrdinger
schubergphilis,greenhouse,schubergphilis
Schwarzman Animal Medical Center,greenhouse,animalmedicalcenter
science37,greenhouse,science37
scm,greenhouse,scm
Scopely,greenhouse,scopely
"Scorpion Enterprises, LLC",greenhouse,scorpionenterprisesllc
Scotch,greenhouse,scotch
Scout AI,greenhouse,scoutai
Scout Motors,greenhouse,scoutmotors
Scout Space,greenhouse,scoutspace
scout24,greenhouse,scout24
Scowtt Inc,greenhouse,scowtt
scribbr,greenhouse,scribbr
scsfinancial,greenhouse,scsfinancial
sct,greenhouse,sct
seafireresortltd,greenhouse,seafireresortltd
Seamless,greenhouse,seamlessai
seatgeek,greenhouse,seatgeek
Seattle Sounders FC & Seattle Reign FC,greenhouse,seattlesoundersfc
secondarysocials,greenhouse,secondarysocials
secret123,greenhouse,secret123
Secretariat,greenhouse,secretariatadvisorsllc
secure,greenhouse,secure
Securitize,greenhouse,securitize
securityscorecard,greenhouse,securityscorecard
sedna,greenhouse,sedna
sedo,greenhouse,sedo
Seed,greenhouse,seed
seer,greenhouse,seer
Seesaw,greenhouse,seesaw
SEI,greenhouse,sei
seisandbox,greenhouse,seisandbox
Select Management Group,greenhouse,selectmanagementgroup
Self Financial,greenhouse,selffinancial
Selini Capital,greenhouse,selinicapital
selkirksport,greenhouse,selkirksport
selling,greenhouse,selling
Semafor,greenhouse,semafor
send,greenhouse,send
sendbird,greenhouse,sendbird
sendle,greenhouse,sendle
seniordoc,greenhouse,seniordoc
sensei,greenhouse,sensei
senseiag,greenhouse,senseiag
sentinellabs,greenhouse,sentinellabs
SEO (Sponsors for Educational Opportunity),greenhouse,sponsorsforeducationalopportunity
Seoul Robotics,greenhouse,seoulrobotics
Septerna,greenhouse,septerna
seres,greenhouse,seres
serhant,greenhouse,serhant
"Serif Biomedicines, Inc.",greenhouse,serif
Serino Coyne,greenhouse,serinocoyne
Sertis,greenhouse,sertis
Sertrading,greenhouse,sertradingsa
servicechampions,greenhouse,servicechampions
serviceexpress,greenhouse,serviceexpress
ses,greenhouse,ses
sesai,greenhouse,sesai
SESAMm,greenhouse,sesamm
"Seso Inc.,",greenhouse,sesolabor
Setpoint,greenhouse,setpoint
SetSales,greenhouse,setsales
Seven Research,greenhouse,sevenresearch
"SevenRooms, a DoorDash company - United Arab Emirates",greenhouse,sevenroomsuae
Seyond,greenhouse,seyond
Sezzle,greenhouse,sezzle
SFOX,greenhouse,sfox
sgfieldinternal,greenhouse,sgfieldinternal
Sgt. Pepper's Lonely Hearts Club Band,greenhouse,disney
shadow,greenhouse,shadow
Shakepay,greenhouse,shakepay
shaker,greenhouse,shaker
Shaper Capital,greenhouse,shapercapital
SharkNinja,greenhouse,sharkninjaoperatingllc
shawnee,greenhouse,shawnee
shednycinc,greenhouse,shednycinc
SHEIN,greenhouse,shein
shelf,greenhouse,shelf
shield,greenhouse,shield
Shields Health Solutions,greenhouse,shieldshealthsolutions
Shift Technology,greenhouse,shifttechnology
Shift4,greenhouse,shift4
Shimizu North America,greenhouse,shimizunorthamerica
"ShipBob, Inc.",greenhouse,shipbobinc
shipfusion,greenhouse,shipfusion
shiphawk,greenhouse,shiphawk
shipmonk,greenhouse,shipmonk
shipwell,greenhouse,shipwell
Shopfully,greenhouse,shopfully
Shopmonkey,greenhouse,shopmonkey
ShopMy,greenhouse,shopmy
"Shorelight, LLC",greenhouse,shorelightllc
Short Term Rotation,greenhouse,str
showpad,greenhouse,showpad
siboneinc,greenhouse,siboneinc
Sidecar Health,greenhouse,sidecarhealth
sievo,greenhouse,sievo
Sift Healthcare,greenhouse,sifthealthcare
Sigma Computing,greenhouse,sigmacomputing
Sigmoid,greenhouse,sigmoid
signalandstrand,greenhouse,signalandstrand
Signers National,greenhouse,signerscareers
Signifyd,greenhouse,signifyd95
signpost,greenhouse,signpost
silicon,greenhouse,silicon
Silicon Ranch Corporation,greenhouse,siliconranch
Silverado,greenhouse,silverado
silverlake,greenhouse,silverlake
silverrail,greenhouse,silverrail
silversky,greenhouse,silversky
silvr,greenhouse,silvr
Silvus Technologies,greenhouse,silvus
Similarweb,greenhouse,similarweb
simplepractice55,greenhouse,simplepractice55
Simplesense,greenhouse,simplesense
Simplex Trading,greenhouse,simplextrading
simplifed,greenhouse,simplifed
simplifyjobsintegrationsandbox,greenhouse,simplifyjobsintegrationsandbox
SimplifyNext,greenhouse,simplifynext
simplisafe,greenhouse,simplisafe
Simpluris,greenhouse,simpluris
simply,greenhouse,simply
SimplyInsured,greenhouse,si
SimplyTold,greenhouse,simplytold
Simpplr,greenhouse,simpplr
simpsongumpertzheger,greenhouse,simpsongumpertzheger
simscale,greenhouse,simscale
Simtra BioPharma Solutions,greenhouse,simtrabps
Simula Research Laboratory,greenhouse,simula
SimulaMet,greenhouse,simulamet
singlefile,greenhouse,singlefile
SingleStore,greenhouse,singlestore
singularity6,greenhouse,singularity6
Sirona Medical,greenhouse,sironamedical
sirum,greenhouse,sirum
sisco,greenhouse,sisco
Siteline,greenhouse,siteline
sitrepsllc,greenhouse,sitrepsllc
Sixfold,greenhouse,sixfold
sixt,greenhouse,sixt
Sixth Street,greenhouse,sixthstreet
SK hynix America,greenhouse,skhynixamerica
Skedda,greenhouse,skedda
skellig,greenhouse,skellig
Skild AI,greenhouse,skildai-careers
skilledwoundcare,greenhouse,skilledwoundcare
skillsoft,greenhouse,skillsoft
skillzinc,greenhouse,skillzinc
Skin Clique,greenhouse,skinclique
Skin Laundry,greenhouse,skinlaundry
skupos,greenhouse,skupos
skyepointdecisionsinc,greenhouse,skyepointdecisionsinc
Skylight,greenhouse,skylighthq
skyscanner,greenhouse,skyscanner
slice,greenhouse,slice
slickdeals,greenhouse,slickdeals
slideinsurance,greenhouse,slideinsurance
slingshotaerospace,greenhouse,slingshotaerospace
SmartAsset,greenhouse,smartasset
SmartBear,greenhouse,smartbear
SmarterDx,greenhouse,smarterdx
smartertechnologies,greenhouse,smartertechnologies
Smartling,greenhouse,smartling
Smartly,greenhouse,smartlyio
smartpay,greenhouse,smartpay
Smartsheet,greenhouse,smartsheet
smartwarehousing,greenhouse,smartwarehousing
SmartyPants Vitamins,greenhouse,smartypantsvitamins
smava GmbH,greenhouse,smavagmbh
SMCP NORTH AMERICA,greenhouse,smcpnorthamerica44hq
"SMCP NORTH AMERICA (US, CANADA)",greenhouse,smcp
smemaryland,greenhouse,smemaryland
smepennsylvania,greenhouse,smepennsylvania
SmithRx,greenhouse,smithrx
smugmug,greenhouse,smugmug
smxtech,greenhouse,smxtech
Snackpass,greenhouse,snackpass
Snackpass Part Time Openings,greenhouse,snackpasspt
"Snap! Mobile, Inc.",greenhouse,snapmobileinc
Snorkel AI,greenhouse,snorkelai
Snow Companies,greenhouse,snowcompanies
SOCi,greenhouse,soci
Socket,greenhouse,socket
sofi,greenhouse,sofi
soft2bet,greenhouse,soft2bet
softexpert,greenhouse,softexpert
Soho House & Co.,greenhouse,sohohouseco
Soho House via Hosco,greenhouse,hosco
sohohousecaterer,greenhouse,sohohousecaterer
Sojern,greenhouse,sojern
Sol de Janeiro,greenhouse,soldejaneiro
solarengine,greenhouse,solarengine
solari,greenhouse,solari
Solaris,greenhouse,solarisbank
solarwinds,greenhouse,solarwinds
Solera Health,greenhouse,solera
Solid Power,greenhouse,solidpower
soligent,greenhouse,soligent
Sollis Health,greenhouse,sollishealth
solomonpartnersprofessionals,greenhouse,solomonpartnersprofessionals
solomonpartnersstudentsgraduates,greenhouse,solomonpartnersstudentsgraduates
solutions,greenhouse,solutions
solutionsbytext,greenhouse,solutionsbytext
somethingspecialstudios,greenhouse,somethingspecialstudios
Sonatus,greenhouse,sonatus
Sonder.io,greenhouse,sonderaustralia
songtrust,greenhouse,songtrust
sonic,greenhouse,sonic
SonicWall,greenhouse,sonicwall
Sono Bello,greenhouse,sonobello
Sony Honda Mobility of America,greenhouse,sonyhondamobilityofamerica
Sony Interactive Entertainment Inc.,greenhouse,siei
Sony Music Careers - Asia & Middle East,greenhouse,sonymusicasiacareers
Sony Music Entertainment Germany,greenhouse,sonymusicde
Sony Music Entertainment Internship Program (US),greenhouse,sonymusicinternshipsus
Sony Music Entertainment Netherlands,greenhouse,sonymusiccareersnetherlands
Sony Music Entertainment Norway,greenhouse,sonymusiccareersnorway
Sony Music Entertainment Poland,greenhouse,sonymusiccareerspoland
Sony Music Global Job Board,greenhouse,sonymusicentertainment
Sony Pictures Animation,greenhouse,sonypicturesanimation
Sony Pictures Imageworks,greenhouse,sonypicturesimageworks
sonymusiccareersaustralia,greenhouse,sonymusiccareersaustralia
sonymusiccareersitaly,greenhouse,sonymusiccareersitaly
sorcero,greenhouse,sorcero
Soros Fund Management,greenhouse,familyoffice
Sotheby's,greenhouse,sothebys
soundagriculture,greenhouse,soundagriculture
SoundCloud,greenhouse,soundcloud71
Sourcegraph,greenhouse,sourcegraph91
sourcengine,greenhouse,sourcengine
sourcescrub,greenhouse,sourcescrub
South Columbus Preparatory Academy - German Village,greenhouse,southcolumbuspreparatoryacademygermanvillage
South Star Software Private Limited,greenhouse,southstarcareers
southernpovertylawcenter,greenhouse,southernpovertylawcenter
SOUTHWORKS,greenhouse,southworks
Sovrn,greenhouse,sovrn
space,greenhouse,space
Space Kinetic,greenhouse,spacekinetic
spaceship,greenhouse,spaceship
SpaceX,greenhouse,spacex
SpaceX_Global,greenhouse,spacexglobal
Spade,greenhouse,spade
spain,greenhouse,spain
SPARETECH,greenhouse,sparetech
Spark Advisors,greenhouse,sparkadvisors
Sparkland,greenhouse,sparkland
Sparksoft Corporation,greenhouse,sparksoftcorporation
Sparrow,greenhouse,sparrow
Spaulding Ridge,greenhouse,spauldingridge
spauldingridgejobs,greenhouse,spauldingridgejobs
specialty1,greenhouse,specialty1
SpecterOps,greenhouse,specterops
Speechify,greenhouse,speechify
spektr,greenhouse,spektr
Spektrum,greenhouse,spektrum
spf,greenhouse,spf
sphereentertainment,greenhouse,sphereentertainment
sphinxdefense,greenhouse,sphinxdefense
Spin Careers,greenhouse,spin
spins,greenhouse,spins
spire,greenhouse,spire
spiro,greenhouse,spiro
spitfire,greenhouse,spitfire
Splash Financial,greenhouse,splashfinancial
splice,greenhouse,splice
splitero,greenhouse,splitero
spotandtango,greenhouse,spotandtango
SpotHopper,greenhouse,spothopper
spotinc,greenhouse,spotinc
Spotter,greenhouse,spotter
sprchrgr,greenhouse,sprchrgr
Sprengnetter GmbH,greenhouse,sprengnetter
Spring Health,greenhouse,springhealth66
Springboard,greenhouse,springboardmentors
Springboard Roles,greenhouse,springboard
sprocketsecurity,greenhouse,sprocketsecurity
sproutsocial,greenhouse,sproutsocial
spryker,greenhouse,spryker
SPS-North America,greenhouse,spsnorthamerica
SPS-North America Opportunities - Not Externally Posted Board,greenhouse,spsnorthamericaselected
sptc,greenhouse,sptc
SpyCloud,greenhouse,spycloud
spyretherapeutics,greenhouse,spyretherapeutics
squad,greenhouse,squad
Squarepoint Capital,greenhouse,squarepointcapital
squarespace,greenhouse,squarespace
Squint Opera,greenhouse,squintopera
squishable,greenhouse,squishable
SRS Acquiom,greenhouse,srsacquiom
st,greenhouse,st
StackAdapt,greenhouse,stackadapt
stackadapt-confidential,greenhouse,stackadapt-confidential
stackexchange,greenhouse,stackexchange
Stackline,greenhouse,stackline
Stacklok,greenhouse,stacklok
staffbase,greenhouse,staffbase
stage,greenhouse,stage
staged,greenhouse,staged
stahls,greenhouse,stahls
standardiron,greenhouse,standardiron
standardmetrics,greenhouse,standardmetrics
Stanley 1913,greenhouse,stanley1913-us
Starburst,greenhouse,starburst
Starcloud,greenhouse,starcloud
starfaceworld,greenhouse,starfaceworld
starlabs,greenhouse,starlabs
starmind,greenhouse,starmind
StarRez,greenhouse,starrez
StarTree,greenhouse,startree
starwars,greenhouse,starwars
stashinvest,greenhouse,stashinvest
stateaffairs,greenhouse,stateaffairs
status72,greenhouse,status72
steadfasthealth,greenhouse,steadfasthealth
Stealth Co,greenhouse,stealthco
Steer,greenhouse,steercrm
stellarcore,greenhouse,stellarcore
stelo,greenhouse,stelo
stensul,greenhouse,stensul
stepmobile,greenhouse,stepmobile
stepstone,greenhouse,stepstone
sterling,greenhouse,sterling
"Sterlington, PLLC",greenhouse,sterlingtonpllc
sti,greenhouse,sti
stirlingpdf,greenhouse,stirlingpdf
stitch,greenhouse,stitch
stitchfix,greenhouse,stitchfix
StockX,greenhouse,stockx
stoiximan,greenhouse,stoiximan
stone,greenhouse,stone
storable,greenhouse,storable
Story Cannabis,greenhouse,storycannabis
Storyblocks,greenhouse,storyblocks
storyblok,greenhouse,storyblok
STR,greenhouse,systemstechnologyresearch
Straight Arrow,greenhouse,straightarrownews
strandtherapeutics,greenhouse,strandtherapeutics
Strata Decision Technology,greenhouse,stratacareers
Strata Information Group,greenhouse,stratainformationgroup
Strategic HR Client Job Openings,greenhouse,strategichr
strategicmissioncritical,greenhouse,strategicmissioncritical
strategicprojectpartners,greenhouse,strategicprojectpartners
strato,greenhouse,strato
stratolaunch,greenhouse,stratolaunch
Streamline Defense,greenhouse,streamlinedefense
stridehealth,greenhouse,stridehealth
"Striim, Inc.",greenhouse,striiminc
strike,greenhouse,strike
Stripe,greenhouse,stripe
stripes,greenhouse,stripes
Strive Health,greenhouse,strivehealth
strivepharmacy,greenhouse,strivepharmacy
Striveworks,greenhouse,striveworks
stronghouse,greenhouse,stronghouse
strongpointpartners,greenhouse,strongpointpartners
struck,greenhouse,struck
sts,greenhouse,sts
StubHub,greenhouse,stubhubinc
Studapart,greenhouse,studapart
Studio Designer,greenhouse,studiodesigner
Study.com C,greenhouse,studycontractors
studygroup,greenhouse,studygroup
submittable,greenhouse,submittable
Subsplash,greenhouse,subsplash
Success Academy Charter Schools,greenhouse,successacademycharterschool
sudstop,greenhouse,sudstop
suitsupply,greenhouse,suitsupply
Suki,greenhouse,suki
Summer,greenhouse,summer
SummitTX,greenhouse,summit
Sumo Logic,greenhouse,sumologic
sumofus,greenhouse,sumofus
sumup,greenhouse,sumup
Sunnova Energy Corporation,greenhouse,sunnova
sunnymorningfoods,greenhouse,sunnymorningfoods
Sunnyside*,greenhouse,sunnyside
Sunrise Management,greenhouse,sunrise
sunrise-landscape,greenhouse,sunriselandscape
sunriseaba,greenhouse,sunriseaba
sunriseunitedstatesinc,greenhouse,sunriseunitedstatesinc
Sunset Magazine,greenhouse,sunset
suntimes,greenhouse,suntimes
superai,greenhouse,superai
superbet,greenhouse,superbet
superchat,greenhouse,superchat
supergoop,greenhouse,supergoop
superior,greenhouse,superior
Supernal,greenhouse,supernal
superpayments,greenhouse,superpayments
superset,greenhouse,superset
SupplyHouse.com,greenhouse,supplyhouse
support,greenhouse,support
Supporting Strategies,greenhouse,supportingstrategies
supreme,greenhouse,supreme
Sureify,greenhouse,sureify
SurveyMonkey,greenhouse,surveymonkey
sus,greenhouse,sus
Sustainable Talent,greenhouse,sustainabletalent
Sustainment,greenhouse,sustainment
suvoda,greenhouse,suvoda
Svetness Personal Training,greenhouse,svetness
Swan Bitcoin,greenhouse,swanbitcoin
sweetgreen,greenhouse,sweetgreen
sweetsecurity,greenhouse,sweetsecurity
swellmedia,greenhouse,swellmedia
swimtopia,greenhouse,swimtopia
swissitsecuritygroup,greenhouse,swissitsecuritygroup
switzerland,greenhouse,switzerland
swoogo,greenhouse,swoogo
sxseenterprisesllc,greenhouse,sxseenterprisesllc
sylogist,greenhouse,sylogist
Symbolica AI,greenhouse,symbolica
symmetry,greenhouse,symmetry
symphony,greenhouse,symphony
Synack,greenhouse,synack
Synack SRT,greenhouse,synacksrt
synaptic,greenhouse,synaptic
syncro,greenhouse,syncro
syndaxpharmaceuticals,greenhouse,syndaxpharmaceuticals
Syndigo,greenhouse,syndigo
syndio,greenhouse,syndio
Syner-G,greenhouse,synerg
Synthesis Health,greenhouse,synthesishealth
syp,greenhouse,syp
System,greenhouse,system
systemintegration,greenhouse,systemintegration
Systemiq,greenhouse,systemiq
systems,greenhouse,systems
taboola,greenhouse,taboola
tactacam,greenhouse,tactacam
tactilemedical,greenhouse,tactilemedical
TailorCare,greenhouse,tailorcare2023
Tailscale,greenhouse,tailscale
taiwan,greenhouse,taiwan
"Take-Two Interactive Software, Inc.",greenhouse,taketwo
takealot.com,greenhouse,takealotcom
talent,greenhouse,talent
Talkdesk,greenhouse,talkdesk2
Talkspace Remote Psychiatric Nurse Practitioner Roles,greenhouse,talkspacepsychiatry
Talkspace Remote Therapist Roles,greenhouse,talkspacetherapist
Talon.One,greenhouse,talonone
talroo,greenhouse,talroo
tamara,greenhouse,tamara
Tandem Bank,greenhouse,tandemmoneylimited
TandemLaunch,greenhouse,tandemlaunch
tanium,greenhouse,tanium
Tanius Technology,greenhouse,tanius
tanso,greenhouse,tanso
Target RWE,greenhouse,targetrwe
tarsusrx,greenhouse,tarsusrx
Taskrabbit,greenhouse,taskrabbit
tastylive,greenhouse,tastylive
tastytrade,greenhouse,tastytrade
Tatari,greenhouse,tatari
tau,greenhouse,tau
Taxbit,greenhouse,taxbit
TBHC Delivers,greenhouse,tbhcdelivers
TBWA\Chiat\Day,greenhouse,tbwachiatday
tcs,greenhouse,tcs
TD International,greenhouse,tdinternational
TD Thornton,greenhouse,tdthornton
tdg,greenhouse,tdg
tds,greenhouse,tds
tdw,greenhouse,tdw
teach,greenhouse,teach
Teachable,greenhouse,teachablecareers
teachstone,greenhouse,teachstone
teads1,greenhouse,teads1
Teague,greenhouse,teague
Teal Media,greenhouse,tealmedia
Team Rubicon,greenhouse,teamrubicon
teamlfg,greenhouse,teamlfg
Tebra,greenhouse,tebra
tec,greenhouse,tec
Tech Holding,greenhouse,techholding
TechCrunch,greenhouse,techcrunch
techno,greenhouse,techno
Technology & Product,greenhouse,zeals
Techstars,greenhouse,techstars57
techteam,greenhouse,techteam
tecnoempleo,greenhouse,tecnoempleo
Tecovas,greenhouse,tecovas
tefron,greenhouse,tefron
TEGNA Inc.,greenhouse,tegnainc
Tekion,greenhouse,tekion
Tekmetric,greenhouse,tekmetric
TeleMed2U,greenhouse,telemed2u
telemedicine,greenhouse,telemedicine
teletrackingtechnologiesinc,greenhouse,teletrackingtechnologiesinc
telixus,greenhouse,telixus
Tellius,greenhouse,tellius
Telnyx,greenhouse,telnyx54
Tempo,greenhouse,tempo
Temporal,greenhouse,temporal
Temporal Technologies,greenhouse,temporaltechnologies
Temus,greenhouse,temus
"Tenable, Inc.",greenhouse,tenableinc
teneo,greenhouse,teneo
Teneo external feed for LinkedIn,greenhouse,teneolinkedin
tennesseetitleloansinc,greenhouse,tennesseetitleloansinc
tenon,greenhouse,tenon
TensorOps,greenhouse,tensorops
Tenstorrent,greenhouse,tenstorrent
Tenstorrent University Jobs,greenhouse,tenstorrentuniversity
Tenstorrent Unlisted/Referral Jobs,greenhouse,tenstorrentunlisted
terakeet,greenhouse,terakeet
Teravision Technologies,greenhouse,teravision
terniumrevenuecyclemanagement,greenhouse,terniumrevenuecyclemanagement
Terrabis,greenhouse,terrabis
terraclear,greenhouse,terraclear
Terrestar Solutions,greenhouse,terrestarsolutionsinc
tes,greenhouse,tes
tessco,greenhouse,tessco
test-company,greenhouse,testcompany
test1,greenhouse,test1
testboard,greenhouse,testboard
tester,greenhouse,tester
testing,greenhouse,testing
testlio,greenhouse,testlio
tetra,greenhouse,tetra
texascartitleandpaydayloanservicesinc,greenhouse,texascartitleandpaydayloanservicesinc
textnowinc,greenhouse,textnowinc
textus,greenhouse,textus
tfis,greenhouse,tfis
tghseniorcenter,greenhouse,tghseniorcenter
Thanx,greenhouse,thanx
That Lot,greenhouse,thatlot
That's No Moon Entertainment,greenhouse,thatsnomoonentertainment
Thatch,greenhouse,thatch
the Ad Council,greenhouse,adcouncil
The AI Education Project,greenhouse,aiedu
The Allen Institute for Artificial Intelligence,greenhouse,thealleninstitute
The American Equity Underwriters,greenhouse,aeu
The ANA Educational Foundation,greenhouse,aef
The Brattle Group,greenhouse,thebrattlegroup
The Business of Fashion,greenhouse,businessoffashion
The Calyx Institute,greenhouse,calyxinstitute
The Children's Corner Learning Center,greenhouse,childrenscorner
The City of Fort Worth,greenhouse,cityoffortworth
The Daily Beast,greenhouse,thedailybeast31
The Dermatology Center of Indiana,greenhouse,dermindy
The Durst Organization,greenhouse,thedurstorganization
The Emily Program,greenhouse,the858emily123program
The Farmer's Dog,greenhouse,thefarmersdog
The Florida Panthers,greenhouse,thefloridapanthers
The Fork,greenhouse,thefork
The Gersh Agency,greenhouse,thegershagency
The Golden Apple Foundation,greenhouse,thegoldenapplefoundation
The Gunter Group,greenhouse,guntergroup
The Honest Company,greenhouse,phxproduction
THE ICONIC,greenhouse,theiconic
The Jewish Federations of North America,greenhouse,thejewishfederationsofnorthamerica
The Knot Worldwide,greenhouse,theknotworldwide
The MJ Companies,greenhouse,themjcos
The Motley Fool,greenhouse,themotleyfool
The N2 Company,greenhouse,n2co
The National Football League,greenhouse,nflcareers
The New York Times,greenhouse,thenewyorktimes
The Nuclear Company,greenhouse,thenuclearcompany
The Pharmacy Hub,greenhouse,thepharmacyhub
The Place for Children with Autism,greenhouse,theplaceforchildrenwithautism
The Pokémon Company International,greenhouse,pokemoncareers
The Quality Group,greenhouse,thequalitygroupgmbh2
The Quality Group GmbH,greenhouse,thequalitygroupgmbh1
"The Status Network (TEST, DO NOT REMOVE)",greenhouse,thestatusnetwork
The Trade Desk,greenhouse,thetradedesk
The Weather Company,greenhouse,theweathercompany
theadvocates,greenhouse,theadvocates
thebaltimorebanner,greenhouse,thebaltimorebanner
thebehaviorexchange,greenhouse,thebehaviorexchange
thebrandagency,greenhouse,thebrandagency
thechempetitivegroupllc,greenhouse,thechempetitivegroupllc
thedoulanetwork,greenhouse,thedoulanetwork
theeconomistgroup,greenhouse,theeconomistgroup
theenergycollective,greenhouse,theenergycollective
thegialliancemanagementllccompany,greenhouse,thegialliancemanagementllccompany
thegoodfoodinstitute80,greenhouse,thegoodfoodinstitute80
thehutgroup,greenhouse,thehutgroup
thejanepauleycommunityhealthcenterinc,greenhouse,thejanepauleycommunityhealthcenterinc
themaritimeaquarium,greenhouse,themaritimeaquarium
themontageaccessoriescoltd,greenhouse,themontageaccessoriescoltd
theoncologyinstitute,greenhouse,theoncologyinstitute
theorchard,greenhouse,theorchard
theoriamedical,greenhouse,theoriamedical
theperiscopegroup,greenhouse,theperiscopegroup
thephoenix,greenhouse,thephoenix
theprincetonreview,greenhouse,theprincetonreview
thesciongroupllc,greenhouse,thesciongroupllc
Thesis,greenhouse,thesiscareers
Thesis,greenhouse,trovohealth
thevascularcaregroup,greenhouse,thevascularcaregroup
Thiess,greenhouse,thiess
Think Academy SG,greenhouse,thinkacademysg
Think Academy US,greenhouse,thinkacademyus
Think Onward,greenhouse,thinkonward
think-cell,greenhouse,think-cell
thinkacademymy,greenhouse,thinkacademymy
thinkific,greenhouse,thinkific
Thinking Machines Lab,greenhouse,thinkingmachines
ThinkMarkets,greenhouse,thinkmarkets
thinkzone,greenhouse,thinkzone
Third Bridge,greenhouse,thirdbridge
thorn,greenhouse,thorn
thoughtexchange,greenhouse,thoughtexchange
thoughtworks,greenhouse,thoughtworks
ThoughtWorks_new,greenhouse,abc
ThreatLocker,greenhouse,threatlocker
Thredd,greenhouse,gps
Three Space Lab,greenhouse,threespacelab
threecolts,greenhouse,threecolts
ThriveCart,greenhouse,thrivecart
thrivemarket,greenhouse,thrivemarket
ths,greenhouse,ths
thunes,greenhouse,thunes
thymecare,greenhouse,thymecare
Tia,greenhouse,tia
tigera,greenhouse,tigera
TigerGraph,greenhouse,tigergraph
tightly,greenhouse,tightly
timeleft,greenhouse,timeleft
timeproofusa,greenhouse,timeproofusa
Tines,greenhouse,tines
Tint,greenhouse,tintai
tiptop,greenhouse,tiptop
tjtinterns,greenhouse,tjtinterns
tlatechinc,greenhouse,tlatechinc
tlgg,greenhouse,tlgg
tmc,greenhouse,tmc
toast,greenhouse,toast
Toastmasters International,greenhouse,toastmastersinternational
Together AI,greenhouse,togetherai
togetherwork,greenhouse,togetherwork
token2049,greenhouse,token2049
tollbit,greenhouse,tollbit
Tomofun | Furbo Pet Camera,greenhouse,tomofunfurbo
Tomorrow Health,greenhouse,tomorrowhealth
Tomorrow.io,greenhouse,tomorrow
Too Good To Go,greenhouse,toogoodtogo
TopCompare,greenhouse,topcompare
Topsort,greenhouse,topsort
Topstep,greenhouse,topsteptrader
Torc Robotics,greenhouse,torcrobotics
Toro TMS,greenhouse,torotms
Torq,greenhouse,torq
Toshiba Global Commerce Solutions - External,greenhouse,toshibaglobalcommercesolutions
Toss,greenhouse,tosscareers
TouchBistro,greenhouse,touchbistro
townofsnowmassvillagecolorado,greenhouse,townofsnowmassvillagecolorado
townsquareinteractive,greenhouse,townsquareinteractive
townsquaremedia,greenhouse,townsquaremedia
toyotaconnected,greenhouse,toyotaconnected
tpreducationllc,greenhouse,tpreducationllc
Trace3,greenhouse,trace3
Track OMC,greenhouse,trackomc
trackonomysystems,greenhouse,trackonomysystems
traderepublic,greenhouse,traderepublic
traderepublicbank,greenhouse,traderepublicbank
Traeger Grills,greenhouse,traegergrills
trailheadvirtualacademy,greenhouse,trailheadvirtualacademy
Training The Street,greenhouse,trainingthestreet
tranquility,greenhouse,tranquility
Transactly Connect,greenhouse,transactlyconnect
Transcarent,greenhouse,transcarent
TransferGo,greenhouse,transfergo
transform,greenhouse,transform
Translucent,greenhouse,translucent
TransMarket Group,greenhouse,transmarketgroup
transmitsecurity,greenhouse,transmitsecurity
Trase Systems,greenhouse,trase
Travel Edge,greenhouse,traveledgenetwork
travix,greenhouse,travix
Treasury Prime,greenhouse,treasuryprime
Trella Health,greenhouse,trellahealth
trepp,greenhouse,trepp
Trexon,greenhouse,tpcengineeringholdingsllc
TRG Screen,greenhouse,trgscreen
Tria Federal (BOSC),greenhouse,bosc
tribalscale,greenhouse,tribalscale
trident,greenhouse,trident
trilinkbiotechnologies,greenhouse,trilinkbiotechnologies
Trinity Air Medical,greenhouse,trinityairmedical
trinitylogistics,greenhouse,trinitylogistics
trinityparktalent,greenhouse,trinityparktalent
tripactions,greenhouse,tripactions
Tripadvisor,greenhouse,tripadvisor
TripArc,greenhouse,triparc
Triple Whale,greenhouse,triplewhale
Tripledot Studios,greenhouse,tripledotstudios
tripwireinteractive,greenhouse,tripwireinteractive
Triumvirate Environmental,greenhouse,triumvirateenvironmental
trivago,greenhouse,trivago
trolley,greenhouse,trolley
trove,greenhouse,trove
trovebrands,greenhouse,trovebrands
truckstop,greenhouse,truckstop
True Anomaly,greenhouse,trueanomalyinc
Truecaller,greenhouse,truecaller
trueclassicteesllc,greenhouse,trueclassicteesllc
truehold,greenhouse,truehold
truelayer,greenhouse,truelayer
truemedia,greenhouse,truemedia
Truepill,greenhouse,truepill
truework,greenhouse,truework
trufflesecurity,greenhouse,trufflesecurity
truloveorthodontics,greenhouse,truloveorthodontics
trumid,greenhouse,trumid
Trust & Will,greenhouse,trustwill
Trust Bank,greenhouse,trustbank
trustedhealth,greenhouse,trustedhealth
trustpilot,greenhouse,trustpilot
Truveta,greenhouse,truveta
trü frü,greenhouse,trufru
tsg,greenhouse,tsg
tss,greenhouse,tss
ttcglobal,greenhouse,ttcglobal
ttiinc,greenhouse,ttiinc
Tubi,greenhouse,tubitv
Tubi - Canada,greenhouse,tubi-canada
tucows,greenhouse,tucows
Tucows Domains,greenhouse,domains
Tudor Investment Corporation,greenhouse,tudorgroup
tuesdayhealth,greenhouse,tuesdayhealth
TULA Skincare,greenhouse,tula
tulip,greenhouse,tulip
TurbineOne,greenhouse,turbineone
turbotenant,greenhouse,turbotenant
Turing,greenhouse,turing
tuscaloosaophthalmology,greenhouse,tuscaloosaophthalmology
tutorme,greenhouse,tutorme
tvscientificpoweredbypinterest,greenhouse,tvscientificpoweredbypinterest
Twilio,greenhouse,twilio
Twin Health,greenhouse,twinhealth
twindo,greenhouse,twindo
Twist Bioscience,greenhouse,twistbioscience
Twitch,greenhouse,twitch
Two Six Technologies,greenhouse,twosixtechnologies
twochairs,greenhouse,twochairs
tworoadsconsulting,greenhouse,tworoadsconsulting
Typeface,greenhouse,typeface
Typeform,greenhouse,typeform
tyreeanddangelo,greenhouse,tyreeanddangelo
tysonmendesllp,greenhouse,tysonmendesllp
uasi,greenhouse,uasi
uberfreight,greenhouse,uberfreight
ubiquiti,greenhouse,ubiquiti
Ubiquity,greenhouse,ubiquitygp
Udacity,greenhouse,udacity
udemy,greenhouse,udemy
udig,greenhouse,udig
Udio,greenhouse,udio
ujet,greenhouse,ujet
UK-Med,greenhouse,ukmed
Ultima Genomics,greenhouse,ultimagenomics
ultragenyxpharmaceutical,greenhouse,ultragenyxpharmaceutical
ultramobile,greenhouse,ultramobile
UMA Education,greenhouse,umaeducationinc
umt,greenhouse,umt
unanet,greenhouse,unanet
unbounce,greenhouse,unbounce
Unchained Labs,greenhouse,unchainedlabs
Uncommon Goods,greenhouse,uncommongoods
Underdog,greenhouse,underdogfantasy
understood,greenhouse,understood
Understood Care,greenhouse,understoodcare
undertone,greenhouse,undertone
Unframe,greenhouse,unframe
unidosus,greenhouse,unidosus
unilever,greenhouse,unilever
unisonhomeownershipinvestors,greenhouse,unisonhomeownershipinvestors
Unispace,greenhouse,unispace
Unite Us,greenhouse,uniteus
uniteddomains,greenhouse,uniteddomains
unitedfirm,greenhouse,unitedfirm
UnitedMasters | Translation,greenhouse,unitedmasterstranslation
unitedmedia,greenhouse,unitedmedia
unity3d,greenhouse,unity3d
Universal,greenhouse,universal
university,greenhouse,university
universityofchicagoeconomics,greenhouse,universityofchicagoeconomics
universityofclevelandpreparatoryschool,greenhouse,universityofclevelandpreparatoryschool
unlimitedtechnology,greenhouse,unlimitedtechnology
unlisted,greenhouse,unlisted
Unlock Health,greenhouse,unlockhealth
"Unlock Technologies, Inc.",greenhouse,unlock
unqork,greenhouse,unqork
Unreal Snacks,greenhouse,unrealsnacks
unybrands,greenhouse,unybrands
up,greenhouse,up
Upbound,greenhouse,upbound
upboundext,greenhouse,upboundext
Updater,greenhouse,updater
Upgrade,greenhouse,upgrade
UpKeep,greenhouse,upkeep
uplift,greenhouse,uplift
uplifter,greenhouse,uplifter
uplifterusa,greenhouse,uplifterusa
uprightlabs,greenhouse,uprightlabs
upriteconstruction,greenhouse,upriteconstruction
Upshop,greenhouse,upshop
Upside,greenhouse,upside
UPSTACK,greenhouse,upstack
upstart,greenhouse,upstart
upstatement,greenhouse,upstatement
Upstream USA,greenhouse,upstreamusa
Upwave,greenhouse,survata
Upwork,greenhouse,upwork
Urban Sports Club,greenhouse,urbansportsclub
urbancompass,greenhouse,urbancompass
urbangolfperformance,greenhouse,urbangolfperformance
urbansky,greenhouse,urbansky
ursamajor,greenhouse,ursamajor
"Urschel Laboratories, Inc.",greenhouse,urschellaboratoriesinc
us,greenhouse,us
"US Conec, Ltd.",greenhouse,usconec
US Summer Internships,greenhouse,ussummerinternships
USA for UNHCR,greenhouse,usaforunhcr
USAFacts,greenhouse,usafacts
usamechasp,greenhouse,usamechasp
usergems,greenhouse,usergems
utahtitleloansinc,greenhouse,utahtitleloansinc
utt,greenhouse,utt
uug,greenhouse,uug
uvimco,greenhouse,uvimco
Vacasa,greenhouse,vacasa
vacationinc,greenhouse,vacationinc
Vagas Internas,greenhouse,vagasinternas
Vail Health Hospital,greenhouse,vailclinicincdbavailhealthhospital
valaratomics,greenhouse,valaratomics
valencelabs,greenhouse,valencelabs
Valera Health,greenhouse,valerahealth
validationcloud,greenhouse,validationcloud
valleyhealth,greenhouse,valleyhealth
Valo Health,greenhouse,valohealth
Valor Equity Partners,greenhouse,valorequitypartners
valspec,greenhouse,valspec
Valtech,greenhouse,valtech
vanleeuwenicecream,greenhouse,vanleeuwenicecream
Vanna Health,greenhouse,vannahealth
Vannevar,greenhouse,vannevarlabs
vantagescore,greenhouse,vantagescore
Varda Space Industries,greenhouse,vardaspace
Varicent,greenhouse,varicent
vascularcarect,greenhouse,vascularcarect
Vast,greenhouse,vast
Vast.ai,greenhouse,vastai
Vatic Labs,greenhouse,vaticlabs
Vaxcyte,greenhouse,vaxcyte
vay,greenhouse,vay
vaya,greenhouse,vaya
vcsg,greenhouse,vcsg
vcu,greenhouse,vcu
vdc,greenhouse,vdc
vecma,greenhouse,vecma
Vector,greenhouse,govector
Vector North,greenhouse,vectornorth
vectranetworks,greenhouse,vectranetworks
Veeam Software,greenhouse,veeamsoftware
VEED.IO,greenhouse,veedio
vegaamericas,greenhouse,vegaamericas
vegaamericasinternalapplications,greenhouse,vegaamericasinternalapplications
vei,greenhouse,vei
Velir,greenhouse,velir
Velora,greenhouse,velora
venturatravel,greenhouse,venturatravel
Venture Global LNG,greenhouse,ventureglobal
Veo - Operations Careers,greenhouse,operationscareers
Vera Institute of Justice,greenhouse,verainstituteofjustice
"Vera Therapeutics, Inc.",greenhouse,veratherapeuticsinc
veracyte,greenhouse,veracyte
veradata,greenhouse,veradata
veramed,greenhouse,veramed
Verana Health,greenhouse,veranahealth
Verantos,greenhouse,verantos
Vercel,greenhouse,vercel
veriff,greenhouse,veriff
verifone,greenhouse,verifone
Veriforce LLC,greenhouse,veriforce
veriheal,greenhouse,veriheal
Verisign,greenhouse,verisign
"Verista, Inc.",greenhouse,veristainc
Verkada,greenhouse,verkada
Verra Mobility,greenhouse,verramobility
Versaterm,greenhouse,versaterm
Verse,greenhouse,verse
Verstela,greenhouse,verstela
Verve,greenhouse,verve
vesalius,greenhouse,vesalius
Vestmark Internship Program,greenhouse,internrecruiting
"Vestmark, Inc.",greenhouse,vestmark
Vestwell,greenhouse,vestwell
veterinaryemergencygroupst,greenhouse,veterinaryemergencygroupst
veterinarypracticepartners,greenhouse,veterinarypracticepartners
vetevolve,greenhouse,vetevolve
vetto,greenhouse,vetto
"Veza Technologies, Inc.",greenhouse,veza
VGW,greenhouse,vgw
vgw-australia,greenhouse,vgw-australia
Via,greenhouse,via
viagogo,greenhouse,viagogo
vialogic,greenhouse,vialogic
Viam,greenhouse,viamrobotics
victory,greenhouse,victory
vidazoo,greenhouse,vidazoo
videoamp,greenhouse,videoamp
Viking Global Investors,greenhouse,vikingglobalinvestors
village,greenhouse,village
Vilya,greenhouse,vilya
vim,greenhouse,vim
Vir Biotechnology,greenhouse,virbiotechnologyinc
Viral Nation Inc.,greenhouse,viralnation
virginia,greenhouse,virginia
Virtru,greenhouse,virtru
Virtu Financial,greenhouse,virtu
Virtual Preparatory Academy of Florida,greenhouse,vpaofflorida
Virtual Preparatory Academy of Georgia,greenhouse,vpageorgia
Virtual Preparatory Academy of Indiana @ Madison-Grant,greenhouse,vpaindianamg
Virtual Preparatory Academy of Washington,greenhouse,vpawashington
Virtual Preparatory Academy of West Virginia,greenhouse,vpawv
visasq,greenhouse,visasq
VISASQ/COLEMAN,greenhouse,colemanresearch
Vise,greenhouse,viseai
visia,greenhouse,visia
Visier Solutions Inc,greenhouse,visiersolutionsinc
visitingmedia,greenhouse,visitingmedia
Visual Concepts,greenhouse,visualconcepts
Vitable Health,greenhouse,vitablehealth
vitalcaringgroup,greenhouse,vitalcaringgroup
vitalfarms,greenhouse,vitalfarms
Vivi,greenhouse,vivi
Vivian Health,greenhouse,vivian
vivvi,greenhouse,vivvi
vixxo,greenhouse,vixxo
vmax,greenhouse,vmax
vmi,greenhouse,vmi
VML Canada (English),greenhouse,vmlcanadaen
VML Enterprise Solutions,greenhouse,vmlenterprisesolutions
VML MAP,greenhouse,map
VOGLIO Digital Marketing,greenhouse,vogliodigitalmarketing
Voltera Power,greenhouse,volterapower
Vonage,greenhouse,vonage
VOX Global,greenhouse,voxglobal
"Vox Media, LLC",greenhouse,voxmedia
"Voyager Technologies, Inc.",greenhouse,voyagertechnologiesinc
vpaarizona,greenhouse,vpaarizona
vpamo,greenhouse,vpamo
vpaohio,greenhouse,vpaohio
vpp,greenhouse,vpp
vscfiresecurityinc,greenhouse,vscfiresecurityinc
VSCO,greenhouse,vsco39
vsi,greenhouse,vsi
VTEX,greenhouse,vtex
VTS,greenhouse,vts
Vulcan Elements,greenhouse,vulcanelements
vulncheck,greenhouse,vulncheck
vynamic,greenhouse,vynamic
waldensecurity,greenhouse,waldensecurity
walkersands,greenhouse,walkersands
Wall Street Prep,greenhouse,wallstreetprep
wallapop,greenhouse,wallapop
Walleye Capital Full Time,greenhouse,walleyecapital-external-fulltime
Walleye Capital Internships,greenhouse,walleyecapital-external-students
Waltz Health,greenhouse,waltzhealth
Warburg Pincus LLC,greenhouse,warburgpincusllc
Wargaming,greenhouse,wargamingen
Warner Bros. Pictures Animation,greenhouse,wbpa
Warp,greenhouse,warp
warsaw,greenhouse,warsaw
Wasabi Technologies,greenhouse,wasabi
Waterfront International Ltd - Administrator,greenhouse,administrator
waterloocoop,greenhouse,waterloocoop
watermelon,greenhouse,watermelon
Watershed Informatics,greenhouse,watershed
watersystemsconsulting,greenhouse,watersystemsconsulting
Wave,greenhouse,wavemm1
Wavelo,greenhouse,wavelo
Waymark,greenhouse,waymark
waymo,greenhouse,waymo
Wayve,greenhouse,wayve
Wayvia,greenhouse,wayvia
We. Communications,greenhouse,wecommunications
We. Singapore,greenhouse,wesingapore
Weave,greenhouse,weave
WebChart,greenhouse,webchartnow
Webflow,greenhouse,webflow
webstacks,greenhouse,webstacks
wecaredailyclinicscareers,greenhouse,wecaredailyclinicscareers
wedgewoodpharmacy,greenhouse,wedgewoodpharmacy
Weedmaps,greenhouse,weedmaps77
Weee! Inc,greenhouse,weee
Weight Watchers,greenhouse,ww
Weinstein Properties,greenhouse,weinsteinproperties
Weiss Asset Management,greenhouse,weissassetmanagement
wekatest,greenhouse,wekatest
WelbeHealth,greenhouse,welbehealth
Welbehealth Non Sponsored Board,greenhouse,jobboard
Welcome to the Jungle,greenhouse,artefactjobs
welcomelend,greenhouse,welcomelend
WeLearn,greenhouse,welearn
Weleda - North America,greenhouse,weleda
Wellhub,greenhouse,gympass
wellist,greenhouse,wellist
WellPower - Administrative,greenhouse,administrative
WellPower - All Jobs,greenhouse,mentalhealthcenterofdenver
wellthy,greenhouse,wellthy
wellthy-care-network,greenhouse,wellthy-care-network
Weploy,greenhouse,weploy
WePractice (Head Quarter),greenhouse,headquarter
westcoast,greenhouse,westcoast
westernpartitionsinc,greenhouse,westernpartitionsinc
westmonroe4,greenhouse,westmonroe4
Wettermark Keith,greenhouse,wettermarkkeith
weuk,greenhouse,weuk
Whalar Group,greenhouse,whalarinc
wheatlanddentalcentre,greenhouse,wheatlanddentalcentre
wheelhousedmg,greenhouse,wheelhousedmg
wheelpros,greenhouse,wheelpros
wheely,greenhouse,wheely
Who Gives A Crap,greenhouse,whogivesacrap
whop,greenhouse,whop
wiehlermechanical,greenhouse,wiehlermechanical
wikifarmer,greenhouse,wikifarmer
Wikimedia Foundation,greenhouse,wikimedia
Wild Alaskan Company,greenhouse,wildalaskancompany
wildlifestudios,greenhouse,wildlifestudios
williamblair,greenhouse,williamblair
wilsonelser,greenhouse,wilsonelser
wilsonelserattorneys,greenhouse,wilsonelserattorneys
WIN Home Inspection,greenhouse,winhomeinspection
wing,greenhouse,wing
Wingspan,greenhouse,wingspan
winrock,greenhouse,winrock
wisconsinautotitleloansinc,greenhouse,wisconsinautotitleloansinc
Wisetack,greenhouse,wisetack
WITHIN,greenhouse,agencywithin
Wizard,greenhouse,wizardcommerce
wizinc,greenhouse,wizinc
wizixtechnologygroupinc,greenhouse,wizixtechnologygroupinc
wk,greenhouse,wk
wms,greenhouse,wms
Wolt - English,greenhouse,wolt
Wonderschool,greenhouse,wonderschool
wongdoody,greenhouse,wongdoody
WOO X,greenhouse,woo
woodsideai,greenhouse,woodsideai
WOOFi,greenhouse,woofi
Wooga,greenhouse,wooga
Woolpert,greenhouse,woolpert
Workato,greenhouse,workato
Workera AI,greenhouse,workera
Workhelix,greenhouse,workhelix
workithealth,greenhouse,workithealth
Workleap - en,greenhouse,workleap
workshop,greenhouse,workshop
worksite,greenhouse,worksite
Workstream,greenhouse,workstream
Workwize,greenhouse,workwize
World Labs,greenhouse,worldlabs
world4you,greenhouse,world4you
WorldQuant,greenhouse,worldquant
WorldStrides,greenhouse,world4822stri986des
Woven Care,greenhouse,wovencare
wowhead,greenhouse,wowhead
WPP,greenhouse,wpp
WPP Media,greenhouse,wppmedia
wri,greenhouse,wri
Wrike,greenhouse,wrike
Wunder,greenhouse,wundercapital
wunderkind,greenhouse,wunderkind
Wurl,greenhouse,wurljobs
Wynd Labs,greenhouse,wyndlabs
Wynd Labs - X Hiring,greenhouse,xhiring
xAI,greenhouse,xai
Xaira Therapeutics,greenhouse,xairatherapeutics
Xantium,greenhouse,xantium
Xapo Bank,greenhouse,xapo61
xdesign,greenhouse,xdesign
Xealth,greenhouse,xealth
xebiacee,greenhouse,xebiacee
xem,greenhouse,xem
XION,greenhouse,burnt
XLA,greenhouse,xla
Xometry,greenhouse,xometry
Xometry Europe,greenhouse,xometryeurope
XPENG,greenhouse,xpengmotors
XTX Markets,greenhouse,xtxmarketstechnologies
xund,greenhouse,xund
xurrent,greenhouse,xurrent
yaleinvestmentsoffice,greenhouse,yaleinvestmentsoffice
Yarrow Biotechnology,greenhouse,yarrowbiotechnology
yep,greenhouse,yep
yerbamadre,greenhouse,yerbamadre
yes,greenhouse,yes
Yes Energy,greenhouse,yesenergy
Yext,greenhouse,yext
yieldmo,greenhouse,yieldmo
YipitData,greenhouse,yipitdata
YipitData (Alternative),greenhouse,yipitdatajobs
YLD,greenhouse,yld
Ylopo,greenhouse,ylopo
Yondr Group,greenhouse,yondrgroup
Yoodli AI Roleplays,greenhouse,yoodliinc
yotpo,greenhouse,yotpo
You.com,greenhouse,youcom
youappi,greenhouse,youappi
Yousician,greenhouse,yousician
yqn,greenhouse,yqn
ysoft,greenhouse,ysoft
Yubico Inc.,greenhouse,yubico
YugabyteDB,greenhouse,yugabyte
yuma,greenhouse,yuma
Z - PVCC Internal Job Board (Corp Use Only),greenhouse,corp
zam,greenhouse,zam
zattoo,greenhouse,zattoo
zDO NOT POST - ARCHIVED - BAYADA Home Health Care at Bayhealth,greenhouse,bayhealth
Zeffy,greenhouse,zeffy
ZenBusiness Inc.,greenhouse,zenbusiness
ZenGRC,greenhouse,zengrc
Zenni Optical,greenhouse,zennioptical
zennify,greenhouse,zennify
Zenoti,greenhouse,zenoti
zenvia,greenhouse,zenvia
ZERO TO THREE,greenhouse,zerotothree
zerocater,greenhouse,zerocater
ZetaChain,greenhouse,zetachain
zetaglobal,greenhouse,zetaglobal
zetasummerinternship,greenhouse,zetasummerinternship
Ziina,greenhouse,ziina
Zinnia,greenhouse,zinnia
Zinnia - Employee Referral,greenhouse,zind-erprogram
Zip Co Limited,greenhouse,zipcolimited
Zipline,greenhouse,flyzipline
ZipRecruiter,greenhouse,ziprecruiter
zocalohealth,greenhouse,zocalohealth
Zocdoc,greenhouse,zocdoc
zola,greenhouse,zola
Zone & Co,greenhouse,zonecompanysoftwareconsultingllc
Zone 5 Technologies,greenhouse,zone5technologies
zoo,greenhouse,zoo
zoomget,greenhouse,zoomget
zoominfo,greenhouse,zoominfo
Zora,greenhouse,zora
zoro,greenhouse,zoro
Zscaler,greenhouse,zscaler
Zulily,greenhouse,zulilycareers
Zulu Alpha Kilo,greenhouse,zulualphakilo
Zuora,greenhouse,zuora
zuub,greenhouse,zuub
zwift,greenhouse,zwift
zylo,greenhouse,zylo
Zynga,greenhouse,zyngacareers
Zynga Early Careers,greenhouse,zyngaearlycareers
ília,greenhouse,ilia
Ōura,greenhouse,oura
‎ConnectWise,greenhouse,connectwise
100MS,lever,100ms
15Five,lever,15five
1inch,lever,1inch
21st Century Home Health Services Inc.,lever,21hhs
2brains,lever,2brains
2nd Order Solutions,lever,2os
32Co,lever,32Co
360Learning,lever,360learning
3E,lever,3eco
3Pillar,lever,3pillarglobal
4Front Ventures,lever,4front
5,lever,energy-by-5
90 Seconds,lever,90seconds
[solidcore],lever,solidcore
a.k.a. Brands,lever,akabrands
"Aaron Riechert Carpol & Riffle, APC",lever,arcr
ABM Industries,lever,ableserve
Above and Beyond Therapy,lever,abtaba
Above Lending,lever,abovelending
Academy,lever,Academy
Acceldata,lever,acceldata
"Accenture Infrastructure and Capital Projects, LLC",lever,InfrastructureandCapitalProjects
Access Softek,lever,accesssoftek
Accompany Health,lever,AccompanyHealth
Accurate Background,lever,accurate
Achievers,lever,achievers
Acme,lever,sigma-squared
ACORD Corporation,lever,acord
Actian Corporation,lever,actian
Action Property Management,lever,actionlife
Active Theory,lever,activetheory
ActiveCampaign,lever,activecampaign
Addition,lever,additionwealth
Adi Development Group,lever,adidevelopments
Adjarabet.com,lever,adjarabet
Adlook,lever,adlook
Adora Technologies Inc,lever,adora
Adventus,lever,adventus
"Adverum Biotechnologies, Inc.",lever,adverum
Advocate,lever,advocate
Aera Technology,lever,aeratechnology
Aeris Partners,lever,aerispartners.com
Aero,lever,aero
Aerostrat,lever,aerostrat
Aethos,lever,aethoshotels
"Aeva, Inc.",lever,aeva
Afero,lever,afero
Agate Software,lever,agatesoftware
Age of Learning,lever,aofl
Agicap,lever,agicap
Agile Defense,lever,agile-defense
Agiloft,lever,agiloft
Agtonomy,lever,agtonomy
AHEAD,lever,thinkahead
AiFi,lever,aifi
AIFund,lever,AIFund
Aigen,lever,aigen
AIP Connect,lever,aipconnect
Air-tek,lever,air-tek
Airalo,lever,airalo
Aircall,lever,aircall
AirDNA,lever,airdna
airSlate,lever,airslate
Airtasker,lever,airtasker
Airtm,lever,airtm
Aisles & Abroad,lever,aisle_and_abroad
Aiwyn,lever,aiwyn
Ajax Systems,lever,ajax
"Akicita Federal, LLC",lever,akicita-cyber
Aldar Properties PJSC,lever,aldar
Alector,lever,alector
Aledade,lever,aledade
Aleph,lever,aleph
Alertus Technologies,lever,alertus
Alice & Bob,lever,alice-bob
Alif Semiconductor,lever,alifsemi
Alignerr,lever,labelbox
Alimentiv,lever,alimentiv-2
all.health,lever,all.health
Allata,lever,Allata
Allegiant,lever,allegiantair
Alliance,lever,alliance
Allied,lever,alliedreit
Allied Beverage Group,lever,alliedbeverage
Allison Jones Consulting Services,lever,ajccanada
Alloy.ai,lever,alloy
"Allstar Home Services, LLC",lever,allstarservicesnow
AllTrails,lever,alltrails
Alluxio,lever,alluxio
ALOM Technologies,lever,alom
Alpinestars,lever,alpinestars
AltaML,lever,altaml
Amanotes,lever,amanotes
Amar Bank,lever,amarbank
Amazon RIVR,lever,rivr
Amber Electric,lever,amberelectric
American Ballet Theatre,lever,abt
American Tall,lever,americantall
AMIRI,lever,AMIRI
Amity Foundation,lever,amityfdn
Ammobia,lever,ammobia
Ampd Energy,lever,ampd-energy
AMT Engineering,lever,amtengineering
ANA,lever,ana-corp
Anagram,lever,anagramsecurity
AnalogFolk,lever,analogfolk
Analytic Partners,lever,analyticpartners
AnaVation,lever,anavationllc
Anchorage Digital,lever,anchorage
Andersen Corporation/Renewal by Andersen,lever,andersencorp
AngelList,lever,angellist
Animoca Brands Limited,lever,animocabrands
Anlatan,lever,Anlatan
Anomali,lever,anomali
Anomaly,lever,anomaly
another,lever,anotherco
Anovium,lever,Anovium
ANS,lever,ans
Ansatz Capital,lever,ansatzcapital
Ansira,lever,ansira
ANYbotics,lever,anybotics
AnyRoad,lever,anyroad
Anyscale,lever,anyscale
AO Garcia Agency,lever,aogarciaagency
Apax Partners,lever,apax
APCO Holdings,lever,apcoholdings
Apex ABA Therapy,lever,apexaba
Apex.AI,lever,apex-ai
Apollo Agriculture,lever,apolloagriculture
Apollo Research,lever,apolloresearch
Appcues,lever,appcues-2
Appen,lever,appen-2
Appfigures,lever,appfigures
AppFollow,lever,appfollow
Apple Tree Dental,lever,appletreedental
Applied Underwriters,lever,auw
applike group,lever,applike
APPLY,lever,applydigital
AppNation,lever,appnation
Appointy,lever,appointy
Apprenticely,lever,acds
AppSamurai,lever,appsamurai
"AppZen, Inc.",lever,appzen
Aprio,lever,Aprio
Apryse,lever,apryse
Aqemia,lever,aqemia.com
Aquabyte,lever,aquabyte
Aquarium,lever,aquarium
Arable,lever,arable
Arbital Health,lever,arbitalhealth
Arbitrum Foundation,lever,arbitrumfoundation
Arbitrum OpCo,lever,arbitrum-opco
Arbol,lever,Arbol
ARC'TERYX,lever,arcteryx.com
Arcadia,lever,arcadia
Arcadia Science,lever,arcadiascience
"Argonaut, Inc.",lever,argonaut
Arootah,lever,arootah
Array Labs,lever,arraylabs.io
Arrive Logistics,lever,arrivelogistics
Arsenal Biosciences,lever,arsenalbio
ARSIEM,lever,arsiem
ARTBIO,lever,artbio
Artera,lever,artera
Artera,lever,artera-2
Articulate,lever,articulate
"Arvor Insurance, Inc",lever,arvor-insurance
ASAPP,lever,asapp-2
Asendia Inc,lever,asendia
Ashoka,lever,ashoka
Asian Health Services,lever,ahschc
Assist World,lever,assist-world
Assurance Careers,lever,assurance
Ataccama,lever,ataccama
Atavistik Bio,lever,atavistik-bio
Athena,lever,athenapsych
Athennian,lever,athennian
Athlete to Athlete,lever,athletetoathlete
ATI Business Group,lever,atibusinessgroup
Atmosera,lever,atmosera
Atom Computing,lever,atomcomputing
Atomi,lever,atomi
Attabotics,lever,attabotics
Audinate,lever,audinate
August Bioservices,lever,AugustBioservices
Australian Ethical,lever,australianethical
Authentic8,lever,authentic8
AutoFi,lever,autofi
Automatiq,lever,automatiq
Autonomous,lever,autonomous
Avalanche Studios Group,lever,avalanchestudios
Avalere Health,lever,avalerehealth
Avante,lever,avante
Avenues Recovery,lever,avenuesrecovery
Avero,lever,avero
Avertium,lever,avertium
AVIO Consulting,lever,avioconsulting
Avive,lever,AviveSolutions
Aviya Aerospace Systems,lever,aviyatech
Avtex,lever,avtex
Avua UK Limited,lever,avua
axl,lever,axl
Azul,lever,azul
B.F. Saul Company,lever,bfsaul
B.F. Saul Company Hospitality Group,lever,bfsaulhotels
BackerKit,lever,backerkit
Backstory,lever,people-ai
Badge,lever,badge-group
Badger Maps,lever,badgermapping
Balbix,lever,balbix
BAMKO,lever,bamko
Banana Jobs,lever,bananajobs
Banco BV,lever,bv
Banner Bank,lever,bannerbank
"BAO, Inc",lever,baoinc
Baselane,lever,baselane
Basis,lever,basis
Bazaarvoice,lever,bazaarvoice
BDG,lever,BDG
Beam Benefits,lever,beam
Beamy,lever,Beamy
Beauty Barrage,lever,beautybarrage
Beaver Process Equipment,lever,beaverprocess
Beckley Clinical,lever,beckley-clinical
Bedrock Energy,lever,bedrockenergy
"Bee Green Recycling & Supply, LLC",lever,beegreen
Bee Talents,lever,bee-talents
Beedie,lever,beedie
Beghou Consulting,lever,beghouconsulting
BehaviorCare Therapy,lever,behaviorcaretherapy
Behaviour Interactive,lever,bhvr
Belkins,lever,belkins
Bellota Labs,lever,bellotalabs
Belvedere Trading,lever,belvederetrading
BenchSci,lever,benchsci
Bento Box Entertainment,lever,bentoboxent
Berkshire Hathaway Homestate Companies,lever,bhhc
Bernstein Litowitz Berger & Grossmann LLP,lever,blbglaw
Bespoke Post,lever,bespokepost
Best Egg,lever,BestEgg
BETA Technologies,lever,beta
Betr,lever,betr
Betstamp,lever,Betstamp
Better,lever,better
Better Life Partners,lever,betterlifepartners
Beyond Cloud Consulting Inc.,lever,beyondcloudconsulting
Beyond Menu,lever,beyondmenu
BHG Financial,lever,bhg-inc
Big Health,lever,bighealth
Bigblue,lever,bigblue
Biggie Group,lever,biggie
Binance,lever,binance
BioAgilytix,lever,bioagilytix
BioCatch,lever,biocatch
Biointellisense,lever,biointellisense
BIS Safety Software,lever,bis
Bisnow,lever,bisnow
BizAway Trial,lever,bizaway
BizLibrary,lever,bizlibrary
BlaBlaCar,lever,blablacar
Black & White Zebra,lever,Black-White-Zebra
Blackbird Interactive,lever,blackbirdinteractive
BlackCloak,lever,BlackCloak
Blink UX,lever,blinkux
Blinq,lever,blinq
Blood,lever,pslove-pte
Bloom,lever,bloom
Bloom & Wild Group,lever,bloomon
Bloomwell Autism Therapy,lever,bloomwellcare
Blue Bottle Coffee,lever,bluebottlecoffee
Blue Engine,lever,blueengine
Blue Origin,lever,blueorigin
BlueCat,lever,bluecatnetworks
"BlueCloud Services, Inc.",lever,blue
Blueland,lever,blueland
Bluelight Consulting,lever,bluelightconsulting
BlueRock Therapeutics,lever,bluerocktx
Bluesight,lever,bluesight
Bogaard Group International,lever,bogaardgroup
"Bold Orange Company, LLC",lever,bold-orange
Bolster Inc.,lever,bolster
Bone Dry Roofing,lever,bonedry
Boson AI,lever,bosonai
Bosta,lever,Bosta
Boston Imaging,lever,bostonimaging
Boston Materials,lever,boston-materials
Boston Red Sox,lever,redsox
Bounteous,lever,bounteous
Boxbot,lever,boxbot
BoxLunch & Hot Topic,lever,boxlunch
BPM LLP,lever,bpmcpa
Brafton,lever,brafton
BrainChild Bio,lever,brainchildbio
Brand Knew,lever,brand-knew
Braviant Holdings,lever,braviantholdings
BreezeBio,lever,BreezeBio
Brevo,lever,brevo
BRICK Networks,lever,bricknetworks
Bright Machines,lever,brightmachines
Brighte,lever,brighte
BrightEdge,lever,brightedge
BrightHire,lever,brighthire
Brighton Jones,lever,brightonjones
brightwheel,lever,brightwheel
Brilliant,lever,brilliant
Brillio,lever,brillio-2
Brindley Engineering,lever,brindleyengineering
BriteCore,lever,britecore
Brookings,lever,brookings
Brooks Running,lever,brooksrunning
BTSE,lever,BTSE
Buck Mason,lever,buckmason
"Buckeye Corrugated, Inc.",lever,bcipkg
BuildingConnected,lever,buildingconnected
Bumble Inc.,lever,bumbleinc
BURGA,lever,burga
Busara Center for Behavioral Economics,lever,BusaraCenter
Business Wire,lever,businesswire
ButcherBox,lever,butcherbox
Buy Box Experts,lever,buyboxexperts
C and L Inspection,lever,candlinspection
C12 Quantum Electronics,lever,c12qe
Cabo Norte Professionals,lever,cabonorte
CAI,lever,cagents
Caliza,lever,caliza-financial-technologies
Callan,lever,callan
CALSTART,lever,calstart
Cambium Networks,lever,cambiumnetworks
"CampusWorks, Inc.",lever,campusworksinc
Canary Technologies Corp,lever,canarytechnologies
candidate.fyi,lever,candidate
Canvas Forum,lever,canvasforum
Canvas Medical,lever,canvasmedical
Canvas Worldwide,lever,canvasww
Capital Markets Gateway,lever,cmgx
Capital Solutions Group,lever,capitalsolutionsgroup
capital.com,lever,capital
Capricor Therapeutics,lever,capricor
CaptivateIQ,lever,captivateiq
Carbon Health,lever,carbonhealth
Cardiosense,lever,cardiosense
Careers In Travel | Destination Planners,lever,destinationknot
Carelinks ABA,lever,carelinks-aba
CareMessage,lever,caremessage
Carewest Innovative Healthcare,lever,carewest
cargo-partner,lever,cargo-partner
Carly Rian Group,lever,carlyriangroup
CarTrawler,lever,cartrawler
Cascade Climate,lever,cascade-climate
Caseware,lever,caseware
Catalant,lever,gocatalant
Catalyze,lever,catalyze
CBT Nuggets,lever,cbtnuggets
CDC Foundation,lever,cdcfoundation
Celara,lever,celaralabs
Celerion,lever,celerion
Celestia Labs,lever,celestia
Cellares,lever,cellares
Center for AI Safety,lever,aisafety
Center For Humane Technology,lever,humanetech
Centre for Strategic Infocomm Technologies,lever,csit
Centrifuge,lever,centrifuge
Cents,lever,cents
Centuria,lever,centuria
CertifID,lever,certifid
Certify,lever,certifyos
CertiK,lever,certik
"CESO, Inc.",lever,ceso
CFGI,lever,cfgi
Challenge Preparatory Charter School,lever,challengecharterschools
Channel Corp.,lever,zoyi
Charcuterie Artisans,lever,charcuterie
charity: water,lever,charitywater
Charm Industrial,lever,charmindustrial
Charter Impact,lever,charter-impact
Cheerz,lever,cheerz
Cherre,lever,cherre
Chestnut Carbon,lever,chestnutcarbon
Chinese American Service League,lever,caslservice
Chooose,lever,chooose
Chopra,lever,chopra
ChowNow,lever,chownow
CI&T,lever,ciandt
CIC,lever,cic
"CIM Group, LP",lever,cimgroup
Cin7,lever,cin7
Circadia Health,lever,circadiahealth
Circle Care Services,lever,circlecareservices
Circle Pharma,lever,circlepharma
Circuit,lever,getcircuit
Cirque du Soleil Entertainment Group,lever,cirquedusoleil
City IT,lever,cef
Civitech,lever,civitech
Clari,lever,clari
Clarify Health,lever,clarifyhealth
CleanSpark,lever,cleanspark
Clear Capital | CubiCasa,lever,clearcapital
ClearPoint,lever,clearpoint
Clerky,lever,clerky
Click Here to be Redirected to Planned Parenthood of Southwestern Oregon's New Career Center,lever,ppsworegon
ClickTime,lever,clicktime
Clinical Health Network For Transformation,lever,ClinicalHealthNetworkForTransformation
CLO Virtual Fashion,lever,clovirtualfashion
Cloaked,lever,cloaked-app
Cloudforce,lever,go-cloudforce
Cloudinary,lever,cloudinary
CloudWalk,lever,cloudwalk
Coalfire,lever,coalfire
Coates Group,lever,coatesgroup
Coda,lever,Coda
Coderio,lever,coderio
CoderPad,lever,coderpad
Cogent Talent Solutions,lever,cogentanalytics
Coin Market Cap Ltd,lever,coinmarketcap
CoinGecko,lever,coingecko
Coins.ph,lever,coins
Colibri Group,lever,colibrigroup
Collabora,lever,collabora
Collaborative Strategies,lever,getcollaborative
Collate,lever,collate
Cologix,lever,cologix
Colorado Coalition for the Homeless,lever,coloradocoalition
Commencis,lever,commencis
Commerce Architects,lever,commercearchitects
Commerce Undergraduate Society,lever,commerce-undergraduate
Common Cause,lever,commoncause
Common Future,lever,commonfuture
CommonLit,lever,commonlit
Commonwealth Fusion Systems,lever,cfsenergy
Community Action House,lever,communityactionhouse
Companial,lever,companial
Compass Lexecon,lever,compasslexecon
CompassX Group,lever,compassx
Complex,lever,Complex
Comply,lever,comply
CompStak,lever,compstak
Computer World Services,lever,cwsc
ComputerCare,lever,computercare
Concurrency,lever,concurrency
Conduit,lever,conduit
Constantinople,lever,cxnpl
Constellation Institute,lever,constellation
"Contact Government Services, LLC",lever,cgsfederal
Contentsquare,lever,contentsquare
ControlUp,lever,controlup
Convelio,lever,convelio
Convergent Research,lever,convergentresearch
ConverseNow.ai,lever,ConverseNow
Conversica,lever,conversica
Coolbet,lever,coolbet
Cooper for NC,lever,roy-cooper
Copia Power,lever,copiapower
"CopilotKit, Inc.",lever,copilotkit
Corbalt,lever,corbalt
Cority,lever,cority
"Coupa Software, Inc.",lever,coupa
CourtAvenue,lever,court-avenue
Cprime,lever,cprime
CPS,lever,cps
Creator Deck,lever,creatordeck
CRED,lever,cred
Crescent Biopharma,lever,crescent-biopharma
Crest Industries,lever,crestoperations
CrossCountry Consulting,lever,crosscountry-consulting
"CrossFit, LLC",lever,crossfit
Crosslake Technologies LLC,lever,crosslaketech
CrowdGen by Appen,lever,appen
CrowdRiff,lever,crowdriff
Crumbl,lever,crumbl
Cryptic Studios,lever,crypticstudios
Crypto.com,lever,crypto
Crytek,lever,crytek
CSC Generation,lever,cscgeneration-2
Culdesac,lever,culdesac
Culligan Quench,lever,quenchwater
Culture Kings,lever,culturekings
Cura,lever,cura
Curai,lever,curai
Curri,lever,curri
"CVRx, Inc.",lever,CVRx
CX2,lever,cx2
CXT Software,lever,cxtsoftware
Cyara,lever,cyara
CyberOne Security,lever,cyberonesecurity
Cyderes,lever,cyderes
Cye,lever,CYE
Cygnal,lever,cygn
Cyngn,lever,cyngn
D&M Auto Leasing,lever,dmautoleasing
D-Fend Solutions,lever,d-fendsolutions
D.A. Davidson,lever,dadavidson
Daily Wire,lever,dailywire
Daniels Health,lever,daniels-sharpsmart
Daos hub,lever,daos-hub
Datalab USA,lever,datalabusa
Dataroid,lever,dataroid
David&Goliath,lever,dng
DearDoc,lever,getdeardoc
Decile Group,lever,decilegroup
Deep Genomics,lever,deepgenomics
Deep Sky,lever,deepsky
DeleteMe,lever,deleteme
"DELFI Diagnostics, Inc.",lever,delfidiagnostics
Deliverect,lever,deliverect
Delta Airport Consultants,lever,deltaairportconsultants
Delta Dental of Kansas,lever,delta-dental-of-kansas
Delta Solutions & Strategies,lever,deltasands
Demiurge Studios,lever,demiurgestudios
Democratic Governors Association,lever,dga
Dempsey Uniform & Linen Supply,lever,dempseyuniform-2
Deputy,lever,deputy
dermalogica,lever,dermalogica
Desafío Latam,lever,desafiolatam
Design Solutions & Integration,lever,dsi
Despegar,lever,despegar
DEUNA,lever,deuna
DevCycle,lever,devcycle
Developers,lever,developers
DexCare,lever,dexcarehealth
Dexterity,lever,dexterity
DIALOG,lever,dialogdesign
Diamond Foundry,lever,diamondfoundry
Didomi,lever,didomi
Digital Matter,lever,digital-matter
Digital Media Management,lever,digitalmediamanagement
"DigitalFish, Inc",lever,digitalfish
Dijital Team,lever,dijital-team-pty-ltd
DiliTrust,lever,dilitrust
DISHER,lever,disher
Disney+ Hotstar,lever,hotstar
DISQO,lever,disqo
Distro,lever,distro
Distru,lever,distru
Diversified Automation,lever,diversified-automation
Diversified Radiology,lever,DiversifiedRadiology
dLocal,lever,dlocal
DN LLC,lever,dnllc
DNAM Brands,lever,silhouette
Docebo,lever,docebo
Docsumo,lever,docsumo
Doctrine,lever,doctrine
Dolls Kill,lever,dollskill
Donor Network West,lever,dnwest
doola,lever,doola
Doonails,lever,doonails
Doran Jones Inc.,lever,doranjones
Doxel,lever,doxel
Dozee,lever,dozee
Draslovka,lever,draslovka
DREAM,lever,wearedream
Dream Games,lever,dreamgames
Dreamgolf,lever,dreamgolf
Drivemode,lever,drivemode
Drivetrain,lever,drivetrain
DroneDeploy,lever,dronedeploy
Duetti,lever,duetti
Duffel,lever,duffel
Dulcedo Management,lever,dulcedo
Dun & Bradstreet,lever,dnb
Durin,lever,durin
Dutch,lever,dutch
Dwolla,lever,dwolla
Dynamic Catholic,lever,dynamiccatholic
Dzen,lever,dzen
E-Space,lever,espace
e.l.f. Beauty,lever,elfbeauty
Eastern Communications,lever,eastern-communications
Easy Agile,lever,easyagile
Easy Street Capital,lever,easystreetcap
Easybrain,lever,easybrain
EasyPost,lever,easypost-2
ECL,lever,ecldc
econstruct,lever,econstruct
Ecosystem,lever,ecosystem
Edera,lever,edera
Edge OFS,lever,edgeofs
Editorialist,lever,editorialist
Edpuzzle,lever,edpuzzle
EDR,lever,edr
Education Services LLC,lever,education-services
Educative Inc,lever,educative
EFY,lever,efinti
Egen,lever,egen
eGenesis,lever,egenesisbio
Ekimetrics,lever,ekimetrics
Eko,lever,ekohealth
Electric Mind,lever,electricmind
Eleks,lever,eleks
Element Solutions,lever,elementsolutions
Elk Valley Resources,lever,evr
Ellevation,lever,ellevationeducation
Elty,lever,elty
Emburse,lever,emburse
Emerson Collective,lever,emersoncollective
Emerson Human Capital Consulting,lever,emersonhc
Emesent,lever,Emesent
Emi Labs,lever,emilabs
EMILYs List,lever,emilyslist
Emma – The Sleep Company,lever,emma-sleep
Empassion,lever,empassion.com
Empire State Realty Trust,lever,esrtreit
Employ,lever,employ
Empowerly,lever,empowerly
Enable,lever,enable
EnableComp,lever,enablecomp
Enara Health,lever,EnaraHealth
Encord,lever,CordTechnologies
Endpoint Clinical,lever,endpointclinical
ENDVR,lever,companyon
Energetic,lever,energeticcapital
Energy and Environmental Economics,lever,ethree
Energy Recovery,lever,energyrecovery
Enforce Consulting,lever,enforceconsulting
EnGen,lever,voxy-engen
Enhanced Games,lever,enhanced-us
Enigma Aerospace,lever,crgo
Entefy,lever,entefy
Enter,lever,enter-rcm-llc
Entrata,lever,entrata
Envato,lever,envato-2
Enveda,lever,enveda
envelio,lever,envelio
Epifi Technologies,lever,epifi
Epoch AI,lever,epoch-ai
Epsilon3,lever,epsilon3
EQ Bank | Equitable Bank,lever,eqbank
Equativ,lever,equativ
Equity Prime Mortgage,lever,epm
Er-Meds,lever,er-meds
ERG,lever,erg
Esalen Institute,lever,esalen
Esper,lever,esper
Ethena,lever,ethena
Ethena Labs,lever,ethenalabs
Eve,lever,Eve
Everbridge,lever,everbridge
Everlywell,lever,everlywell
Evident ID,lever,evidentid
Exowatt,lever,exowatt
EXPANSIA,lever,talentwerx.io
Exploding Kittens,lever,explodingkittens
Extreme Networks,lever,extremenetworks
Eyeline,lever,Eyeline
ezCater,lever,ezcater
Factor,lever,factor
Fair Trade Real Estate,lever,FairTradeRealEstate
Falcon.io,lever,falcon
Fam,lever,fampay
Fanatee,lever,fanatee
Fantasy,lever,fantasy
Farfetch,lever,farfetch
"Fate Therapeutics, Inc.",lever,fatetherapeutics
Favor,lever,askfavor
Fehr & Peers,lever,fehrandpeers
Feld Entertainment,lever,feldinc
Felix Construction,lever,felix-construction
Female Founders Fund,lever,femalefounders-fund
Fenway Sports Management,lever,fenwaysports
Fetch,lever,fetchpackage
FEVO,lever,fevo
Fi,lever,fi
Field Fastener,lever,fieldfastener
Field Nation,lever,fieldnation
FieldAI,lever,field-ai
Fig,lever,figfinancial
Filevine,lever,filevine
Finch,lever,finch
Find,lever,find
Findem,lever,findem
"Findhelp, A Public Benefit Corporation",lever,findhelp
Findigs,lever,findigs
Finix,lever,finix
FINN,lever,finn
FinQuery,lever,finquery
Fintual,lever,fintual
FireMon,lever,firemon
Firework,lever,fireworkhq
First American,lever,firstam
Firstup,lever,firstup
FiscalNote,lever,fiscalnote
Fitbod,lever,fitbod
Fitify,lever,FitifyWorkouts
FitzMark,lever,fitzmark
Five Star Solutions,lever,getfivestar
Fix Group Management,lever,FixGroup
Fixins Soul Kitchen,lever,fixinssoulkitchen
Flare,lever,flare
Flash,lever,flashapp
Flex,lever,Flex
FloQast,lever,floqast
Florence Health,lever,florence
Florida Democratic Party,lever,floridadems
Flow,lever,flowlife
Fluxergy,lever,fluxergy-2
Flynn Group of Companies,lever,flynncompanies
Fond,lever,fond
Foodsmart,lever,foodsmart
Foodstuffs North Island,lever,foodstuffs
For Our Future Action Fund,lever,forourfuturefund
Forbright Bank,lever,forbrightbank
FORM,lever,form
Formal,lever,joinformal
Forterra,lever,forterra
Fortress Financial Technologies,lever,fortress
Forvis Mazars,lever,mazars
Foth,lever,foth
Foundation EGI,lever,foundation-llm-technologies
FoundersCard,lever,founderscard
Foxen Administration,lever,foxen
Foxit,lever,foxitsoftware
FreeBalance,lever,freebalance.com
Freedom Power,lever,freedomsolarpower
Freedom Preparatory Academy Charter Schools,lever,freedomprep
FreedomPay,lever,freedompay
Fresha,lever,fresha
Freshworks,lever,freshworks
Frontify,lever,frontify
FRONTSTEPS,lever,frontsteps
Fuel Labs,lever,fuellabs
Fulcrum,lever,fulcrumpro
Full Spectrum,lever,fullspectrumsoftware
Fullscript,lever,fullscript
fun.xyz,lever,funxyz
Fundrise,lever,fundrise
Future Now,lever,futurenow
Future of Life Organizations,lever,futureof-life
Galatea Associates,lever,galatea-associates
"Galatea Bio, Inc.",lever,galatea
GALE,lever,galepartners
Galvanick,lever,galvanick
Gamma,lever,gamma
Gate,lever,gate
Gator Bio,lever,gatorbio
Gauntlet,lever,gauntlet
Gauss Labs,lever,gausslabs
Gearset,lever,gearset
GenBio AI,lever,genbio
GeneFab,lever,genefab
Genesis AI,lever,genesis-ai
Genesis Global,lever,genesis
GeoComply,lever,geocomply-2
GESS,lever,gess
Getlabs,lever,getlabs
Getty Images,lever,gettyimages
Ghirardelli,lever,nxtthingrpo
GHJ,lever,ghj
ghSMART,lever,ghsmartjobs
Girls Who Code,lever,girlswhocode
GiveWell,lever,givewell
Giving Home Health Care,lever,givinghhc
Glacier Fish,lever,glacierfish
Glass Health Inc.,lever,glass-health-inc
GLIDE,lever,glide
Global Commissioning,lever,global-cxm
Global Elite Empire Consultants,lever,globalelitecareers
Global Lending Services,lever,glsllc
Global Strategy Group,lever,globalstrategygroup
Glow,lever,glow.co
GMO,lever,gmo
Go RH,lever,gorh
Goalbook,lever,goalbookapp-2
goFluent,lever,gofluent
Gogolook,lever,Gogolook
Gojob,lever,gojob
GoMaterials,lever,gomaterials
GoNetspeed,lever,gonetspeed
Good American,lever,goodamerican
Good Eggs,lever,goodeggs
GoodLeap,lever,goodleap
Gopuff,lever,gopuff
Gordian Biotechnology,lever,gordian-bio
GoTo Group,lever,GoToGroup
GPDQ,lever,gpdq
GRADION,lever,gradion
GRAIL,lever,grailbio
Grand Games,lever,grand
Grant Street Group,lever,grantstreet
Gravie,lever,gravie
Gravis Robotics,lever,gravisrobotics
"Graylog, Inc",lever,graylog
Grayscale,lever,grayscale
Great Gray,lever,great-gray-group
Greenlight Financial Technology,lever,greenlight
Grid,lever,Grid
Gridline,lever,gridline
Gridmatic,lever,gridmatic
Gridware,lever,gridware
Grizzly,lever,grizzly.co
Guardsquare,lever,guardsquare
Gushwork,lever,gushwork
Gynger,lever,gynger
H1,lever,h1
H2 Event Group,lever,h2eventgroup
Hanna Andersson,lever,hannaandersson
HAP Capital,lever,hap-capital
Happy Health,lever,happy-sleep
HappyCo,lever,happyco
Harlem Childrens Zone,lever,harlem-childrens-zone
Harmony,lever,harmony
Harrison Street,lever,harrisonst
"Hartizen Homes, LLC",lever,hartizenhomes
HASI,lever,hasi
Hatch IT,lever,hatchit
HavenPoint Health,lever,havenpoint-health
Hawaiian Host Group,lever,hawaiianhost
Hawthorne Health,lever,hawthorne-health
Hayes Locums,lever,hayeslocums
HCVT,lever,hcvt
Head-Royce School,lever,headroyce
Headlight,lever,headlight.health
"Health Services Advisory Group, Inc.",lever,hsag
HealthCare,lever,healthcare
Healthmark Group Trial,lever,healthmark-group
Healx,lever,healx
Heard,lever,heard
Heartbeat Health,lever,heartbeathealth
Heartworks Early Education,lever,heartworksvt
Heetch,lever,heetch
Hello Nanny!®,lever,hellonanny
Hellotickets,lever,hellotickets
Hermeus,lever,hermeus
Hero Cosmetics,lever,herocosmetics
HEVO,lever,hevo
Hevo Data,lever,hevodata
Hexa,lever,hexa
Hexagon US Federal,lever,hexagonusfederal
Hey Jane,lever,heyjane
HHAeXchange,lever,hhaexchange
High Tech High,lever,hightechhigh
HighLevel,lever,gohighlevel
Highspot,lever,highspot
Highstreet,lever,highstreetit
HiHello,lever,hihello
"Hiller Plumbing, Heating, Cooling & Electrical",lever,happyhiller
Hint Health,lever,hint
Hiring Our Heroes,lever,hiringourheroes
Hive,lever,hive
Hivemapper,lever,Hivemapper
Hivemind Capital Partners,lever,hivemind-capital
HMBL,lever,hmbl-tech
Holloway,lever,holloway
HONK,lever,honkforhelp
Hop,lever,hophr
Hope Services,lever,hopeservices
Hopelab,lever,hopelab
Horizon Blue ABA,lever,horizon-blue-aba
Horizon Industries Ltd.,lever,hil
Horizon Robotics,lever,horizon
Hosco,lever,hosco
Hot Topic & BoxLunch,lever,hottopic
House Majority PAC,lever,thehousemajoritypac
Houzz,lever,houzz
HRL Laboratories,lever,dodmg
HSO,lever,hso
Huckleberry Labs,lever,Huckleberrylabs
Humaans,lever,humaans
Humble Robotics,lever,humble-robotics
Hunger Free America,lever,hungerfreeamerica
HUSH,lever,hush
Hypebeast,lever,hypebeast
Hypersonica,lever,hypersonica-prod
IDMWORKS,lever,idmworks
IDT,lever,idt
Illumination,lever,illumination
ImageX,lever,imagexmedia
Imbue,lever,imbue
iMentor,lever,imentor
Immiland Canada Inc.,lever,immiland-canada-inc
Immuta,lever,immuta
Immutable,lever,immutable
IMO Health,lever,imo-online
Impossible Cloud,lever,impossiblecloud
In Compass Health,lever,incompasshealth
Included Health,lever,includedhealth
Incorta,lever,incorta
Index Ventures,lever,indexventures
Inductive Automation,lever,inductiveautomation
InductiveHealth,lever,inductivehealth
INFINIT,lever,infinit
Infinite pl,lever,infinitepl
INflow Federal,lever,inflowfed
Influ2,lever,influ2
Influur,lever,influur
Infobase,lever,infobase
InfraServices,lever,infraservices
InfStones,lever,infstones
Inkitt,lever,inkitt
InnoCraft,lever,innocraft
Innodata,lever,innodata
Innophos,lever,innophos
Innovative Solutions,lever,innovativesol-2
Inpay,lever,inpay-2
Insider One,lever,insiderone
Insify,lever,insify
Insomnia Cookies,lever,insomniacookies
Institute of Foundation Models,lever,ifm-us
Instrument,lever,instrument
Instrumentl,lever,Instrumentl
Integrate,lever,integrate
intenseye,lever,intenseye
Intersect,lever,intersect
IntraFi,lever,intrafi
Intrepid College Prep Schools,lever,intrepidcollegeprep
Intropic,lever,intropic
InvestorFlow,lever,investorflow
Invinity Energy Systems,lever,invinity
Invo Healthcare - Family of Companies,lever,invohealthcare
ION Group,lever,ion
Ippon Technologies,lever,ippon
Irca Group,lever,ircagroup
Ironflow AI,lever,ironflow
Iru,lever,iru
ISEE,lever,isee
"ispace, inc.",lever,ispace-inc
Issuu,lever,issuu
Ivo,lever,ivo
iyzico,lever,iyzico
Jagex,lever,jagex
Jam City,lever,jamcity
JamLoop,lever,jam-loop
Jane Technologies,lever,iheartjane
January,lever,januaryinc
Janux Therapeutics,lever,januxrx
Jaumo,lever,jaumo
Jeeves,lever,tryjeeves
"Jet Support Services, Inc.",lever,jetsupport
Jetbrains,lever,jetbrains
JetBridge,lever,JetBridge
JETSET Pilates,lever,jetsetpilates
JioStar,lever,jiostar
Jito Labs,lever,jito.wtf
Jitx Inc.,lever,jitxinc
JMA Wireless,lever,jmawireless
Job&Talent,lever,jobandtalent
Jobgether,lever,jobgether
Jobin,lever,jobin
Jobs have moved to our Accenture Job Site,lever,pip
Jobscan,lever,jobscan-2
Joele Frank,lever,joelefrank
Johnson Hana,lever,johnson-hana
JOLT,lever,joltcharge
Josh's Toys & Games,lever,joshstoysandgames
Journey Clinical,lever,JourneyClinical
JumpCloud,lever,jumpcloud
JuneShine Brands,lever,juneshine
Jupe,lever,jupe
"Jupiter Intelligence, Inc.",lever,jupiterintel
Jushi,lever,jushico
JustWatch,lever,justwatch
JVS Boston,lever,jvs-boston
K Group Companies,lever,kgroupcompanies
K4,lever,k4-trading
Kabam,lever,kabam
Kapta Space,lever,kapta-space
Kapwing,lever,kapwing
Karius,lever,kariusdx
Kasada,lever,kasada
Katten Muchin Rosenman LLP,lever,katten
Kavak,lever,kavak
KCAS Bio,lever,kcasbio
Keboola,lever,keboola
Keepsafe,lever,keepsafe
Kelonia Therapeutics,lever,KeloniaTX
Kenko AI,lever,kenko
Kepler Communications,lever,kepler
Kestrel Intelligence,lever,kestrel-intelligence
Keyloop,lever,keyloop
Kickmaker,lever,kickmaker
Kiddom,lever,kiddom
Kids on the Move,lever,kotm
KIND,lever,supportkind
Kind Behavioral Health,lever,carolinacenterforaba
Kinsta,lever,kinsta
KIPP SoCal Public Schools,lever,kippsocal
Kitware,lever,kitware
Kiva Confections,lever,kivaconfections
Kixie,lever,kixie
KlearNow.ai,lever,klearnow
Klivvr,lever,klivvr
Knix,lever,knix
knownwell,lever,knownwell
Koala Health,lever,koalahealth
Kobie Marketing,lever,kobie
Kochava,lever,kochava
Kogan.com,lever,kogan
Kogniz,lever,kogniz
Kolibri Games,lever,kolibrigames
Kontakt.io,lever,kontakt
Korro Bio,lever,korrobio
Kouper Health,lever,kouperhealth
KPA,lever,kpaonline
Kpler,lever,kpler
KPMG LLP,lever,kpmg
KPMG New Zealand,lever,kpmgnz
Kraken,lever,kraken123
Kraken Digital Asset Exchange,lever,kraken
Kruze Consulting,lever,kruzeconsulting
KUBRA,lever,kubra
Kyivstar,lever,kyivstar
Kyverna Therapeutics,lever,Kyverna
La Senza,lever,lasenza
Ladders,lever,ladders
Lalamove,lever,lalamove
Laminar Projects,lever,laminarprojects
Lamudi,lever,lamudi
Landmark Bio,lever,landmarkbio
"Language Services Associates, Inc.",lever,lsaweb
Lansing School District,lever,lansingschools
Larian Studios,lever,larian
Last Energy,lever,last-energy
LatchBio,lever,latch
Latin Top Jobs Group,lever,ltjgroup
Latitude Inc,lever,latitudeinc
Launch Housing,lever,launchhousing
LaunchSquad,lever,launchsquad
Layup Parts,lever,layup
LB Capital,lever,lb-capital
Leadership Connect,lever,leadershipconnect
Leadspace,lever,leadspace
LeanTaaS,lever,leantaas
Legacy Restoration,lever,legacyrestorationllc
Legend,lever,Legend
Lendbuzz,lever,lendbuzz
Lessen,lever,lessen
Level AI,lever,levelai
Level99 Entertainment,lever,level99
LevelUp,lever,levelup
Lever,lever,lever
Lever Demo 2,lever,leverdemo
Lever Education,lever,leverdemo193
Lever Education,lever,leverdemo50000
Lever Implementation Training Environment,lever,leverdemo-8
Liatrio,lever,liatrio
Life.Church,lever,life
Lifeforce,lever,lifeforce
Lifen,lever,lifen
LifeStance Health,lever,lifestance
Lightcast,lever,economicmodeling
Lightedge,lever,lightedge
Lightship,lever,lightship
Limit Break,lever,limitbreak
Lincoln Institute of Land Policy,lever,lincolninst
Lindblad Expeditions,lever,lindblad-expeditions
Lingaro,lever,lingarogroup
Link Rehab and Wellness,lever,linkrehabwellness
LinkedIn Partner Sandbox - RSC testing,lever,linkedin
LinkedIn Test - Senthil,lever,jobvite
Lionheart Children’s Academy,lever,lionheartkid
Lirvana Labs,lever,lirvanalabs
"Little Sprouts, LLC",lever,littlesprouts
LiveOak Fiber,lever,liveoakfiber
Loadsmart,lever,loadsmart
Lochmueller Group,lever,lochgroup
Lodgify,lever,lodgify
Loft Orbital Solutions,lever,loftorbital
Logan Property Management,lever,loganpm
LogRocket,lever,logrocket
Logz.io,lever,logz
Lone Wolf Technologies,lever,lwolf
Long View Systems,lever,lvs1
Long Wall,lever,longwall
Loop,lever,loopreturns
Lovepop,lever,lovepop
Low Battery,lever,raptv
Loyal,lever,loyalhealth
LRDG Language Research Development Group,lever,lrdgonline
LTA Research,lever,ltaresearch
Lucas Museum of Narrative Art,lever,lucasmuseum
Lucidworks,lever,lucidworks
lululemon Studio,lever,mirror
Lumafield,lever,lumafield
Lumin Digital,lever,LuminDigital
Lumivero,lever,lumivero
Lumotive,lever,lumotive
Luna Physical Therapy,lever,lunaphysicaltherapy
Luxury Presence,lever,luxurypresence
Lycia Therapeutics,lever,LyciaTherapeutics
Lyra Health,lever,lyrahealth
Lyrebird Health,lever,lyrebirdhealth
Lyrebird Studio,lever,lyrebirdstudio
Lyterian,lever,lyterian
M+R,lever,mrss
Mable,lever,mable
Machina Labs,lever,MachinaLabs
Macquarie Technology Group,lever,macquarietechnologygroup
Mactores,lever,mactores
Madhappy,lever,madhappy
Magical Beginnings,lever,magicalbeginningslc
Magna Legal Services,lever,magnals
Magnet Forensics,lever,magnetforensics
Mahmee,lever,mahmee
Mainspring Energy,lever,mainspringenergy
Makpar,lever,makpar
Malaria No More Fund,lever,malarianomore
Malt,lever,malt
Mama Money,lever,mamamoney
Management Leadership For Tomorrow,lever,ml4t
Manay CPA,lever,manaycpa.com
Mango Languages,lever,mangolanguage
Manifest,lever,manifest
Mantis Innovation,lever,mantisinnovation
Maple,lever,getmaple
Marco Polo,lever,marcopolo
Marcus & Millichap,lever,marcusmillichap
Marcus Graham Project + Locomotus,lever,marcusgrahamproject
MARGO,lever,margo-group
Marigold Health,lever,marigoldhealth
Marketcircle,lever,marketcircle
MarketerHire,lever,marketer-hire
Markham LLC,lever,markham
Marquette Associates,lever,marquetteassociates
MarqVision,lever,marqvision
Marshall Reddick Real Estate,lever,marshallreddick
Mashgin,lever,mashgin
Massachusetts Institute of Technology,lever,mit
Massachusetts School Building Authority,lever,massschoolbuildings
Massive Rocket,lever,massive-rocket
Mastery Charter Schools,lever,masterycharter
Match Group,lever,matchgroup
Matillion,lever,matillion
MaverickX,lever,maverickx
Max Retail,lever,max-retail
MAX Surgical Specialty Management,lever,max-ssm
MaxMind,lever,maxmind
MayaHTT,lever,maya
Mayer LLP,lever,mayer-llp
MCA Connect,lever,mcaconnect
Mechanical Orchard,lever,mechanicalorchard
Mediagenix,lever,mediagenix
Mediatech,lever,adtech
Medical Home Network,lever,mhnchicago
Medici,lever,medi.ci
Mednow,lever,mednow
Meds,lever,meds
Meesho,lever,meesho
Meeting Tomorrow,lever,meetingtomorrow
"Mega HR, Inc.",lever,mega
Megaport,lever,megaport
Meilisearch,lever,meili
"Meirowitz & Wasserberg, LLP",lever,Meirowitz-Wasserberg
Mendix,lever,mendix
Menlo Ventures,lever,menlovc
Mercedes-Benz R&D North America,lever,MBRDNA
Merkle Science,lever,merklescience
Merlin Labs,lever,merlinlabs
MERU,lever,wearemeru
Metabase,lever,metabase
Metaprise,lever,metaprise.ai
Metasite Business Solutions,lever,metasite
Metaview,lever,metaview
METECS,lever,metecs
Metergy Solutions,lever,metergysolutions
MetLife,lever,metlife
METR,lever,metr
MicroVentures,lever,microventures
MicroVision,lever,microvision
Midas,lever,getmidas
"Milhouse Engineering and Construction, Inc.",lever,milhouseinc
Milltown Partners,lever,milltownpartners
Minders,lever,minders
Mindful,lever,mindful
Mindtickle,lever,mindtickle
MineSense,lever,minesense
Minted,lever,minted
Mission Capital Advisors,lever,missioncap
MissionWired,lever,MissionWired
Mistplay,lever,mistplay
Mistral AI,lever,mistral
Mitek Systems,lever,miteksystems-2
Mitratech Partner Sandbox,lever,mitratech
Mixlab,lever,mixlab
Model N,lever,modeln
Modulate,lever,modulate
Mom's Meals,lever,momsmeals
"Momenti, Inc.",lever,momenti-inc
Moments Hospice,lever,momentshospice-2
Moneybox,lever,moneyboxapp
Mongoose,lever,hellomongoose
Monster Tree Service,lever,whymonster
MOO,lever,moo
MoonPay,lever,moonpay
Moonpig,lever,moonpig
Moonsong Labs,lever,moonsong-labs
Morning Brew Inc.,lever,morningbrew
Morning Consult,lever,morningconsult
Mothership,lever,mothership
"ms consultants, inc.",lever,msconsultants
"MTS Health Partners, L.P.",lever,mtspartners
Mujin,lever,mujininc
Mulberry,lever,mulberry
Multiply Labs,lever,multiplylabs
Murgado Automotive Group,lever,murgadoautomotive
Musixmatch S.p.a,lever,musixmatch
Muttdata,lever,muttdata
myLaurel,lever,mylaurelhealth
Myo,lever,myodetox
MYOB,lever,myob-2
MyPass Global,lever,mypassglobal
Mythic,lever,mythic-ai.com
Mytos,lever,mytos
MyVest,lever,myvest
N-Power Medicine,lever,npowermedicine
N1 Health,lever,algorex
nahc.io,lever,nahc
NAI Northern California,lever,nainnorcal
Nango,lever,nango
Narmi,lever,narmi
NASA Federal Credit Union,lever,nasafcu
National Journal,lever,nationaljournal
Nava,lever,nava
NAVISITE - Part of Accenture,lever,navisite
Neighbor,lever,neighbor
Nelnet Community Engagement,lever,nce
Neon Pagamentos,lever,neon
Neowiz,lever,neowiz
Nestig,lever,Nestig
Netlight,lever,netlight
Netomi,lever,netomi
Netvirta,lever,netvirta
Neuron 7,lever,neuron7
Nevada State High School,lever,NSHS
Nevados,lever,nevados
New Western,lever,newwestern
New Western Corporate,lever,newwesterncorporate
New Zealand Trade and Enterprise,lever,newzealandtradeandenterprise
Newton,lever,newton
Next Health,lever,next-health
NextDecade,lever,next-decade
Nextech,lever,nextech
NextGen Federal Systems,lever,nextgenfed
Nexus Engineering Group,lever,nexuse-group
nEye.ai,lever,neye-systems-inc.
NFQ,lever,nfq
NFX,lever,nfx
Niagen Bioscience,lever,niagenbioscience
Nibiru,lever,nibiru
Nielsen,lever,nielsen
NimbleRx,lever,nimblerx
Nimbus,lever,nimbus
Ninja Van,lever,ninjavan
nitra,lever,nitra
Nium,lever,nium
NobleReach Foundation,lever,noblereach
NOBODY,lever,nobody
NOBULL,lever,nobullproject
NodeReal,lever,nodereal
NOLA Public Schools,lever,nolapublicschools
Nomad Marketing,lever,nomadmktg
Nomi Health,lever,nomihealth
Nominal,lever,nominal
Noodle,lever,noodle
Nord Security,lever,nordsec
North America Construction (1993) Ltd. - NAC Constructors Ltd.,lever,nacsworld
Novara,lever,novara
Novaspace,lever,novaspace
Novir,lever,novir
NOVOS FiBER,lever,novosfiber
NPHub,lever,nphub
NRI North America,lever,corebts
Numeris,lever,numeris
nuuds,lever,nuuds
NuvoAir,lever,NuvoAir
NuWaves RF Solutions,lever,nuwaves
O'Donnell/Snider Construction,lever,odonnellsnider
OakNorth,lever,oaknorth.ai
"Object Computing, Inc.",lever,oci
Objective Corporation,lever,objective
Observable,lever,observablehq
Octane,lever,octaneai
Octopus Energy Group,lever,octoenergy
Odaseva,lever,odaseva
Oddin,lever,oddin
Offchain,lever,offchainlabs
Ogury,lever,ogury
Okendo,lever,okendo
Oktopost,lever,oktopost
Oleria Security,lever,oleria-security
Oliver Wyman Labs,lever,oliverwyman
Ollie,lever,myollie
Olo,lever,olo
Omni Design Technologies,lever,omnidesigntech
Omnidian,lever,omnidian
Omnisend,lever,omnisend
Once Upon a Farm,lever,onceuponafarm
One Impression,lever,oneimpression
"Onit, Inc.",lever,onit
Oomnitza,lever,oomnitza
Oowlish Technology,lever,oowlish
Open Inc.,lever,o-p-e-n
OpenX,lever,openx
Optimus SBR,lever,optimussbr
OptionMetrics,lever,optionmetrics
OPYS,lever,opys
Orb Aerospace,lever,orbaerospace
Orca Bio,lever,orcabiosystems
Ordr,lever,ordr
Orum,lever,orum
OSARO,lever,osaro
OSEDEA,lever,osedea
Osmind,lever,Osmind
Our Place,lever,our-place
Outlast,lever,outlast
Outpace Bio,lever,outpacebio
Outreach,lever,outreach
Outsight,lever,outsight
Outsourced Staff,lever,outsourcedstaff
Overcast,lever,overcast
Overmind,lever,overmind
Owlet,lever,owletcare
Oxylabs,lever,oxylabs
Pacific Environment,lever,pacific-environment
Pacifico Energy,lever,pacificoenergy
Packmatic GmbH,lever,Packmatic
PadSplit,lever,padsplit
Palantir Technologies,lever,palantir
Panopto,lever,panopto
Para Mobility,lever,paramobility
Paradigm Health,lever,paradigm-health
Parallel Domain,lever,paralleldomain
Parallel Wireless,lever,parallelwireless
Paramedic Services of Illinois,lever,paramedicservices
ParcelHero,lever,parcelvision
Parnall Law,lever,parnalllaw
Patch My PC,lever,patchmypc
Patrick J McGovern Foundation,lever,mcgovern
Patsnap,lever,patsnap
Pattern,lever,pattern
Payactiv,lever,payactiv
PayJoy,lever,payjoy
Paytm,lever,paytm
Paytm Payments Services,lever,paytmpayments
PayU GPO,lever,payugpo
PDI Technologies,lever,pditechnologies
Peak,lever,peakgames
Pearpop,lever,pearpop
Peerspace,lever,peerspace
Pelmorex,lever,pelmorex
Pendulum™,lever,pendulum
Penrod,lever,penrodsoftware
Penta Group,lever,pentagrp
Penumbra,lever,penumbrainc
PeopleGrove,lever,peoplegrove
Perennial,lever,perennial
Perforce,lever,perforce
Performance Systems Integration,lever,psintegrated
Perr&Knight,lever,perrknight
PetDesk,lever,petvisor
PEXA Group,lever,pexa
Phoenix Tailings,lever,PhoenixTailings
PicCollage,lever,piccollage
Pickle Robot Company,lever,picklerobot
PickTrace,lever,picktrace
Picus,lever,picus
Pigment,lever,pigment
Pillar,lever,pillar
Pillar Technology,lever,pillartechnology
Pine Services Group,lever,pine-services
PingWind,lever,pingwind
Pinkoi,lever,pinkoi
PIP Labs,lever,piplabs
Pipedrive,lever,pipedrive
Pivot Energy,lever,pivotenergy
Pivotal,lever,pivotal
Place Showroom,lever,placeshowroom.com
Placemakr,lever,placemakr
Planet Technologies,lever,planettechnologies
"Planned Parenthood Arizona, Inc.",lever,ppaz
Planned Parenthood Association of Utah,lever,ppau
Planned Parenthood California Central Coast,lever,ppcentralcoast
Planned Parenthood Columbia Willamette,lever,ppcw
Planned Parenthood Federation of America,lever,ppfa
Planned Parenthood Great Plains,lever,ppgreatplains
"Planned Parenthood Hudson Peconic, Inc.",lever,pphp
Planned Parenthood League of Massachusetts,lever,pplm
Planned Parenthood Los Angeles,lever,pp-la
Planned Parenthood of Delaware,lever,ppde
Planned Parenthood of Greater New York,lever,ppgny
Planned Parenthood of Illinois,lever,ppil
"Planned Parenthood of Indiana and Kentucky, Inc.",lever,ppink
Planned Parenthood of Maryland,lever,ppmd
"Planned Parenthood of Metropolitan Washington, DC, Inc.",lever,ppmw
Planned Parenthood of Michigan,lever,ppmi
"Planned Parenthood of Middle & East Tennessee, Inc.",lever,ppmet
"Planned Parenthood of Montana, Inc.",lever,ppmontana
"Planned Parenthood of Nassau County, Inc.",lever,ppnc
Planned Parenthood of Northern New England,lever,ppnne
"Planned Parenthood of South, East and North Florida",lever,ppsenfl
"Planned Parenthood of Southern New England, Inc.",lever,ppsne
"Planned Parenthood of the North Country New York, Inc.",lever,ppncny
Planned Parenthood of the Pacific Southwest,lever,planned
Planned Parenthood of Western Pennsylvania,lever,ppwp
"Planned Parenthood of Wisconsin, Inc.",lever,ppwi
Planned Parenthood South Texas,lever,ppsouthtexas
"Planned Parenthood Southeast, Inc.",lever,ppse
Planned Parenthood Southeastern Pennsylvania,lever,ppsp
Planned Parenthood Southwest Ohio Region,lever,ppswo
Planner5D,lever,planner5d
Platinum Technologies,lever,pt78
Playbook,lever,playbook
Playco,lever,playco
PlayOn,lever,playonsports
PlayPlay,lever,playplay
PlayVS,lever,playvs
Plenti,lever,plenti
Plexus,lever,plexus
Plivo,lever,plivo
Plume,lever,plume
Pluralsight,lever,developintelligence
PlusAI,lever,plus-2
Plusgrade,lever,plusgrade
pMD,lever,pmdsoft
Pocket Entertainment Corp,lever,pocketfm
Point B,lever,pointb
PointClickCare,lever,pointclickcare
Poki,lever,poki
PolicyMe,lever,policyme
Poll Everywhere,lever,polleverywhere
Polywork,lever,polywork
PopSockets,lever,popsockets
Portage Point Partners,lever,portagepointpartners
Portcast,lever,portcast
"Porter Cares, Inc.",lever,porter
PortPro,lever,portpro
PostEra,lever,postera
Potloc,lever,Potloc
Powered by Pioneer,lever,pioneer-services
Powerex Corp.,lever,powerex
Pozy,lever,pozy
PPRO,lever,ppro
Precede,lever,precede
PredictX,lever,pibenchmark
Prefixbox,lever,prefixbox
Prelim,lever,prelim
Presto,lever,prestolabs
Prilenia,lever,prilenia
Primate Labs Inc.,lever,primatelabs
Prime Executive Office,lever,primeexecutiveoffice
Prime Fiber,lever,primefiber
Princess Polly,lever,princesspolly
Princeton10,lever,princeton10
Prismic,lever,prismic
Prizeout,lever,prizeout
PROCEPT BioRobotics,lever,procept-biorobotics
Procreate,lever,procreate
Profound Research,lever,profoundresearch
Project Healthy Minds,lever,project-healthy-minds
Prolific Machines,lever,prolific-machines
Promenade,lever,promenade
Promethean,lever,prometheanworld
Promise Robotics,lever,promiserobotics
Proof,lever,proof
Propel Software Solutions,lever,propelsoftware
Propellerhead,lever,propellerhead
Proper,lever,proper
Property Solutions Group,lever,propsolutionsgroup
Prophet Homes,lever,prophethomes
Prosper,lever,prosper
Protective,lever,protective
Protolabs,lever,protolabs
"ProTrials Research, Inc.",lever,protrials
Provectus,lever,provectus
Provi,lever,provi
Proxima,lever,proxima
Proxima Fusion,lever,proximafusion
Pryon,lever,pryon
Purple Land Management,lever,purplelandmgmt
Push Security,lever,pushsecurity
PushPress,lever,pushpress
Pyka,lever,pyka
Q Bio,lever,qbio
Q-CTRL,lever,q-ctrl
Qloo,lever,qloo
Qonto,lever,qonto
Qrypt,lever,qrypt
QSIC,lever,qsic
Quad Lock,lever,quadlock
Qualdoc,lever,qualdoc
Qualysoft,lever,qualysoft
Quantcast,lever,quantcast
QuantCo,lever,quantco-
Quantlane,lever,quantlane
Quantum Metric,lever,quantummetric
Quartzy,lever,quartzy
Quest Analytics,lever,questanalytics
Quilted Health,lever,quilted-health
Quincus,lever,quincus
Quincy Institute,lever,quincyinst
Quiq,lever,quiq
Quixel,lever,quixel
Quizlet,lever,quizlet-2
Qvest US,lever,qvest.us
Qwello,lever,qwello.eu
Qwoted,lever,qwoted
Rackspace,lever,rackspace
Radformation,lever,radformation
Radical AI,lever,RadicalAI
Raine Group,lever,raine
RainFocus,lever,rainfocus
Rainmaker Technology Corporation,lever,make-rain
Ramen VR,lever,ramenvr
Range Energy,lever,rangeenergy
Ranger,lever,ranger
Rapid Micro Biosystems,lever,rapidmicrobio
RapidAI,lever,rapidai
RapidDeploy,lever,rapiddeploy
Ravio,lever,ravio
RAVL,lever,ravl_io
Raya,lever,raya
rbanw,lever,rbanw
Reach,lever,reachpower
RealSelf,lever,realself
RealWork Labs,lever,realworklabs
Recast Software,lever,recast-software
RECESS,lever,recess
Recognise Bank,lever,recognisebank
RecordPoint,lever,recordpoint
Recurrency,lever,recurrency
redbee,lever,redbee
Redhorse Corporation,lever,redhorsecorp
Redox,lever,redoxengine
Redwood Credit Union,lever,redwoodcu
"Redwood Strategy Group, Inc.",lever,redwoodstrategygroup
ReFED,lever,refed
Regal,lever,regalvoice
REGENXBIO,lever,regenxbio
"Reinventing Geospatial, Inc. (RGi)",lever,rgi
Relay,lever,relay
Reli.,lever,shopreli
Reliable Robotics,lever,reliable
RemoFirst,lever,remofirst
Render Networks,lever,rendernetworks
Renegade,lever,renegade
Renewal by Andersen,lever,windowsbyrba
RenoFi,lever,renofi
Reply,lever,reply
rePurpose Global,lever,repurposeglobal
Research Innovations,lever,researchinnovations.com
ResearchGate,lever,researchgate
Resilient Co,lever,resilientco
Resilinc,lever,resilinc
Restaurant365,lever,restaurant365
Restore Dispensaries,lever,restore-dispensaries
Restream,lever,restream
Retired.com,lever,retired
Retro,lever,retro
Reveal Technology,lever,revealtech
Revefi,lever,revefi
Revel,lever,revel
Reveneer,lever,reveneer
Revenue Analytics,lever,revenueanalytics
Revhealth,lever,revhealth
Revinate,lever,revinate
ReviveRX and Ways2Well,lever,reviverx
Rewards Network,lever,rewardsnetwork
Rezolute,lever,rezolutebio
Rezolve Ai,lever,groupbyinc
Rhino-Back Roofing,lever,rhinobackroofing
Rhombus,lever,rhombus-systems
"Richard Fleischman & Associates, Inc.",lever,rfa-2
Richard L. Duchossois Foundation,lever,rld-foundation
Richards Building Supply,lever,richards-supply
Ride Aventon,lever,aventon
Ridwell,lever,Ridwell
Rigetti Computing,lever,rigetti
Right Formula LTD,lever,rightformula
Right Side Up,lever,rightsideup
Rillet,lever,rillet
RioCan,lever,riocan
Riot Security,lever,tryriot
RISE,lever,rise
Ro,lever,ro
Roadrunner Venture Studio,lever,roadrunner-studios
Robotics and AI Institute,lever,rai
Robust.ai,lever,robust-ai
Rocket Communications,lever,rocketcommunications
Rocketship Public Schools,lever,rocketship
ROH,lever,ROH
Rook Coffee,lever,rookcoffee
Root16,lever,root16
Roshal Health,lever,roshalimaging
Rover.com,lever,rover
Rovio,lever,rovio-2
Rowan,lever,heyrowan
Royal Ambulance,lever,royalambulance
Ruby Play,lever,rubyplay
Rupa Health,lever,rupa
RWS TrainAI,lever,rws
RYZ Labs,lever,RyzLabs
Safe Security,lever,safe
SafetyCulture,lever,safetyculture-2
Safran.AI,lever,safran-ai
SAIT,lever,sait
Sakon,lever,sakon
Salvo Health,lever,salvohealth
Samba,lever,sambatv
"San Diego Human Resources Consulting, Inc",lever,sdhrconsulting
San Francisco Giants,lever,sfgiants
Sana Benefits,lever,sanabenefits
Sandbox VR,lever,sandboxvr
Sapio Sciences,lever,sapiosciences
Sapling - Partner,lever,sapling
SAR Academy & SAR High School,lever,sar
Saronic,lever,saronic
Satispay,lever,satispay
Saudi Tourism Authority,lever,sta
Saviynt,lever,saviynt
sbz,lever,sbz
ScaleTech,lever,scale3c
Scaleway,lever,scaleway
Scality,lever,scality
Schedule Engine,lever,scheduleengine
Schmidt Entities,lever,schmidt-entities
Scholar Rock,lever,scholarrock
Scholars of Finance,lever,scholarsoffinance
Scismic,lever,scismic
Scott Logic,lever,scottlogic
Seaport Global Holdings LLC,lever,seaportglobal
Seattle Art Museum,lever,seattleartmuseum
Secure Code Warrior,lever,securecodewarrior
Secureframe,lever,secureframe
Seer Interactive,lever,seerinteractive
SEP,lever,sep
Sequel Med Tech,lever,sequel-med-tech
Serigraph,lever,serigraph
Serotonin,lever,serotonin
Serv-U-Success,lever,serv-u-success
Serverfarm,lever,serverfarm
Service Wire,lever,servicewire
ServiceRocket,lever,servicerocket
Serán BioScience,lever,seranbio
Sesame,lever,sesame
Seven Starling,lever,seven-starling
SFEIR,lever,sfeir
SFMOMA,lever,sfmoma
Shadow,lever,shadow
ShakaCode,lever,shakacode
Shakudo,lever,shakudo
Sharpsmart,lever,sharpsmart
Shield AI,lever,shieldai
Shop Your Way,lever,syw.com
ShopBack,lever,shopback-2
Showcase IDX,lever,showcaseidx
Showpo,lever,showpo-2
ShyftLabs,lever,shyftlabs
Side,lever,sideinc
Siepe,lever,siepe
Sierra Club,lever,sierraclub
Siete Foods,lever,sietefoods-2
Sign In Solutions,lever,signinsolutions
Signal Messenger,lever,signal
"Significance, Inc.",lever,significanceinc
Sila,lever,silasg
Sila Services,lever,sila
Simbe Robotics,lever,SimbeRobotics
SimonMed Imaging,lever,simonmed
Simulmedia,lever,simulmedia
Sinecure Inc.,lever,strategysource
SingerLewak,lever,singerlewak
SiteGround,lever,siteground
Sitetracker,lever,sitetracker
Skello,lever,skello
Skillcloud HCM,lever,skillcloudhcm
Skillerszone,lever,skillerszone
SKIMA INNOVATIONS PRIVATE LIMITED,lever,skima
Skinny Dipped,lever,skinny-dipped
Skio,lever,skio
Skydance,lever,skydance
SkyGrid,lever,skygrid
Skyline Construction,lever,skylineconstruction
Skypoint,lever,skypointcloud
SkySafe,lever,skysafe
SkySlope,lever,skyslope
Skyways,lever,skyways
Slate,lever,slate
Smarsh,lever,smarsh
Smart Energy Group,lever,smartenergy
Smart Working Solutions,lever,smart-working-solutions
Smile Digital Health,lever,smiledigitalhealth
SnapLogic,lever,snaplogic
Snappr,lever,snappr
Snif,lever,Snif
Social Influence LLC,lever,print-recruiting
Sofar Sounds,lever,sofarsounds
Softdocs,lever,softdocs
Softworld,lever,softworld
Solar Landscape,lever,solarlandscape
"Solestial, Inc.",lever,solestial
SoloPulse,lever,solopulseco
Solution Design Group,lever,solutiondesign
Solutions Journalism Network,lever,solutionsjournalism
Solutus Legal Search,lever,solutuslegal
Solv,lever,solvhealth
Sonar,lever,sonarsource
Sonatype,lever,sonatype
Soni,lever,soniresources
Sophos,lever,sophos
Sora Schools,lever,soraschools
SOUM,lever,soum
SoundStack,lever,SoundStack
Source,lever,source
Space Systems Integration,lever,SpaceSystemsIntegration
SpawGlass,lever,spawglass
Spear AI,lever,spear-ai
Spear Physical and Occupational Therapy,lever,spear
Spectrum,lever,spectrum
Spice AI,lever,spiceai
Spin Technology,lever,spinai
Spine Media,lever,spine-media
Splend,lever,splend
SPMB,lever,spmb
Spotify,lever,spotify
Spotlio,lever,catalate
Spreedly,lever,spreedly
Spreetail,lever,spreetail
Spring Oak Senior Living,lever,springoakliving
Sprinto,lever,Sprinto
Spry Methods,lever,sprymethods
SpryPoint,lever,sprypointservices
Spyke Games,lever,spyke-games
SQA Services,lever,sqaservices
SQUIRE,lever,getsquire
Squire Patton Boggs,lever,squirepb
Stable Money,lever,stable-money1
StackedSP Inc,lever,stackedsp
StackHawk,lever,stackhawk
Staffing Fitness,lever,staffingfitness
Stand Together,lever,standtogether
Stanley Consultants,lever,stanleygroup
StarCompliance,lever,starcompliance
Stardog,lever,stardog
Stark Bank,lever,starkbank
StartEngine,lever,startengine
StartupTAP,lever,startuptap
Stax,lever,stax
SteerBridge,lever,steerbridge
STEM Prep Academy,lever,stemprepacademy
Steyer for Governor 2026,lever,tom-steyer
Stockpile,lever,stockpile
Stoneridge Software,lever,stoneridgesoftware
Storio group,lever,storiogroup
Strada Education Foundation,lever,stradaeducation
StraighterLine,lever,straighterline
Strategic Data Systems,lever,sdatasystems.com
Strategic Gears,lever,strategicgears
"Streck, LLC",lever,streck
Strong Compute,lever,strongcompute
Studio Three,lever,StudioThree
StudyPoint,lever,studypoint
Subsense,lever,subsense
Succession Planning for Railroads Investing in the Next Generation LLC,lever,springrecruits
SugarAI,lever,sugarcrm
Suger.io,lever,suger
Summit,lever,summithq
Summit Management Corporation,lever,summitmgmt-corp
Sumo Group,lever,sumo-digital
SUN.STUDIO,lever,sunstudio
Sundrive,lever,sundrivesolar
Sunshine Sachs Morgan & Lylis,lever,sunshinesachs
SunSource,lever,sunsrce
Sunwater Capital,lever,sunwatercapital
Super,lever,super
SuperAnnotate AI,lever,superannotate
Superior Executive Legal Recruiting,lever,superiorexecutiveandlegalrecruiting
Supermove,lever,supermove
Superside,lever,superside
Superstate,lever,superstate
Sure,lever,sure
Surfshark,lever,surfshark
Swapcard,lever,swapcard
SwiftConnect,lever,swiftconnect
"Swiftly, Inc.",lever,goswift
SwiftLynx AI,lever,swiftlynx
Swile,lever,swile
SwingDev—a hippo company,lever,swingdev
Swissblock,lever,swissblock
SwissBorg,lever,swissborg
Sword Health,lever,swordhealth
Symplicity,lever,symplicity
SynaptiCure Inc.,lever,synapticure
Synergy ECP,lever,synergyecp
SynMax,lever,synmax
Synolo Therapeutics,lever,synolotx
Syntax,lever,syntax
Synthego,lever,synthego
Syntronic,lever,syntronic
Sysdig,lever,sysdig
System1,lever,system1
T5 Data Centers,lever,t5datacenters
TACT,lever,tact
Tagup,lever,tagup
Tahoe Therapeutics,lever,tahoebio-ai
Tala,lever,tala
Talkwalker,lever,talkwalker
Tandems,lever,tandems
Tangram,lever,tangram
Tangram Interiors,lever,tangraminteriors
TD Thornton,lever,tdthornton
Teamshares,lever,teamshares
TeamSnap,lever,teamsnap
Tech Nation,lever,technation
Technology Advancement Group,lever,tag
TEECOM,lever,teecom
Teikametrics,lever,teikametrics
Tektome Inc.,lever,tektome
Tekton,lever,tekton
Teleo,lever,teleo
Teleport,lever,teleport
Telesat,lever,telesat
TELEXISTENCE,lever,tx-inc.com
Teller,lever,teller
Tendo,lever,tendo
Tenna,lever,tenna
Teramind,lever,teramind
Terawatt Infrastructure,lever,terawattinfrastructure
Terminus,lever,terminus
Termius,lever,Termius
Terra,lever,terrahq
Terraline,lever,SoloAVT
TerrAscend,lever,terrascend
Terrascope,lever,terrascope
Terrific,lever,terrific-innovation
Tesorio,lever,tesorio
Tevora,lever,tevora
Texas Original,lever,texas-original
Text,lever,livechatinc
TextNow,lever,textnow
Thalo Labs,lever,thalolabs
The Athletic Media Company,lever,theathletic
The Black Tux,lever,theblacktux
The Block,lever,theblockcrypto
The Canadian National Exhibition,lever,theex
The Dispatch,lever,thedispatch
The DIV Fund,lever,div
The END Fund,lever,end
The Engine,lever,engine
The Free Press,lever,thefp
The Heritage Automotive Group,lever,heritagevt
The Information Lab,lever,theinformationlab
The Kingfish Company,lever,kingfish-company
The Krazy Coupon Lady,lever,thekrazycouponlady
The Menta Education Group,lever,menta
The Metropolitan Opera,lever,metopera
The People Brand,lever,thepeoplebrand
The PIE Executive Search,lever,thepieexecsearch
The Real Deal,lever,therealdeal
The Sales Factory,lever,thesalesfactory
"The SpyGlass Group, LLC.",lever,spyglass
The Trevor Project,lever,thetrevorproject
The Voleon Group,lever,voleon
Thea Energy,lever,thea.energy
Theodo,lever,theodo
Thiga,lever,thiga
Thimble,lever,thimble
Thinkingbox,lever,thinkingbox
Third City Christian Church,lever,third-city-christian-church
Thomas & Hutton,lever,tandh
"Threat Tec, LLC",lever,threattec
Thrive Causemetics,lever,thrivecausemetics
Thrive Therapies Group,lever,thrive-therapies
Thriving Center Of Psychology,lever,thrivingcenterofpsych
Thuma,lever,thuma
Thunkable,lever,thunkable
Tiberius Aerospace Inc.,lever,tiberius
Tildei,lever,tildei
Tinybird,lever,tinybird
Titan Wealth Holdings Limited,lever,titanwh
TKDA,lever,tkda
TodayTix Group,lever,todaytixgroup
Togetherhood,lever,togetherhood
Tokai Rika Group,lever,tramgroup
Toku,lever,toku
Tom James Company,lever,tomjames
Tonic,lever,tonic
Tonkean,lever,tonkean
Topaz Labs,lever,topazlabs
TOPdesk,lever,topdesk
Topicals,lever,topicalsrx
Toptal,lever,toptal
Torch Dental,lever,torchdental
Total Expert,lever,totalexpert
Tovala,lever,tovala
TowardJobs,lever,usasurveyjob
Toyota Research Institute,lever,tri
Traackr,lever,traackr
Track VFX,lever,trackvfx
Trackforce,lever,tracktik
Tracksuit Limited,lever,tracksuit-limited
Tractian,lever,tractian
Trail Appliances Ltd.,lever,trailappliances
Trans Lifeline,lever,translifeline
Transcarent,lever,transcarent
Transmutex SA,lever,transmutex
Transparent Partners,lever,transparentpartners
Travertine,lever,travertine
Treering,lever,treering
Trellis,lever,trellis
Trendyol,lever,trendyol
TreviPay,lever,trevipay
Trial Library,lever,triallibrary
Trility Consulting,lever,trility
Trinet - Partner,lever,trinet
TRIO,lever,trio
Tripalink,lever,tripalink
Triveni Bio,lever,trivenibio
True Environmental,lever,true-environmental
True Tandem,lever,truetandem
True Zero Technologies,lever,truezerotech
TrueML,lever,trueml
Trunk.io,lever,trunkio
TrustArc,lever,trustarc
TrustedHousesitters,lever,trustedhousesitters.com
Trustly,lever,trustly
TrustYou,lever,trustyou
Truv,lever,truv
TSMG,lever,tsmg
TSTC,lever,totalsystech
TTEC Digital,lever,ttecdigital
Turvo,lever,turvo
Tusker,lever,tusker
Tutor Intelligence,lever,tutorintelligence
Twingate,lever,twingate
Two Dots,lever,twodots
TXSE,lever,txse
UATX,lever,uaustin
Uberflip,lever,uberflip
Ubiquity Retirement and Savings (dba Decimal Inc),lever,myubiquity
uConnect,lever,gouconnect
UCSF,lever,ucsf
Ullico,lever,ullico
Ultra Health,lever,ultrahealthproviders
UltraViolet Cyber,lever,uvcyber
Unify Consulting,lever,unifyconsulting
UnifyID (acquired by Prove),lever,unify
Unison Infrastructure,lever,unisoninfra
United Flow Technologies,lever,uft
United Tech,lever,vacancies
United Way of Greater Los Angeles,lever,unitedwayla
unitQ,lever,unitq
Univeris,lever,univeris.com
Universal Electronics Inc.,lever,uei
Unlimit,lever,unlimit
Until,lever,until
Unusual Ventures,lever,unusual
UpGuard,lever,upguard
UQUAL,lever,uqual
US Mobile,lever,USMobile
US Pack Services LLC,lever,gouspack
Util-Assist Inc.,lever,util-assist
UX Woman,lever,ux-woman
Vail Systems Inc.,lever,vailsys
Valdera,lever,valdera
Valdes Architecture & Engineering,lever,valdeseng
Valence,lever,valence
ValGenesis,lever,valgenesis
Valiantys,lever,valiantys
Valkyrie Trading,lever,valkyrietrading
Vana,lever,vana
Varo Bank,lever,varomoney
Veda Tech Labs,lever,vedatechlabs
Veepee,lever,veepee
Velo3D,lever,velo3d
Velocity Global,lever,velocityglobal
Vendavo,lever,vendavo
Venus Aerospace,lever,venusaero
Veo,lever,veo
VEON-HQ,lever,veonhq
Verdigris,lever,verdigris
VergeSense,lever,vergesense
Verifiable,lever,verifiable
Veris Insights,lever,verisinsights
Verisys,lever,aperturehealth
Veritas Investments,lever,veritasinv
Versana,lever,Versana
Versapay,lever,versapay
Vessel Technologies,lever,myvessel
Vested,lever,fullyvested
Vestiaire Collective,lever,vestiairecollective
Vesync,lever,vesync
Vevo,lever,vevo
VGS,lever,verygoodsecurity
"Via Separations, Inc.",lever,viaseparations
ViaBill,lever,viabill
Viamericas,lever,viamericas
VICI,lever,vicicollection
Vida Health,lever,vida
Vidsy,lever,vidsy
Viget,lever,viget
Villa Homes,lever,villa-homes
Viome Life Sciences,lever,viome
VIPdesk Connect,lever,vipdesk
"Virtualitics, Inc",lever,virtualitics
Virtus,lever,Virtus
Visby Medical,lever,visby
Viseven,lever,viseven
Vision Invest,lever,visioninvest
VivaCity,lever,vivacitylabs
vivenu GmbH,lever,vivenu
Vivo Care,lever,vivo-care
Vivrelle,lever,vivrelle
VO2 Group,lever,vo2-group
Vocal Media,lever,get-vocal-pbc
Vogo,lever,vogo
Vohra Physicians,lever,vohra
Volt,lever,voltai
"Volta Labs, Inc.",lever,voltalabs
Voltus,lever,voltus
VOW for Girls,lever,vowforgirls
VRChat,lever,vrchat
Vrify Trial,lever,vrify
VTG,lever,vtg
Waabi,lever,waabi
"Wachter, Inc.",lever,wachter
Wade Trim,lever,wadetrim
Wahed,lever,wahed.com
Wahi,lever,wahi
Walker & Company,lever,walkerandcompany
Walker Consultants,lever,walkerconsultants
WalkMe,lever,walkme
Ware Malcomb,lever,waremalcomb
"Warmly,",lever,warmly
Warner Music Inc.,lever,wmg
Wasatch Global Investors,lever,wasatchglobal
"WatchGuard Technologies, Inc.",lever,watchguard
Waterworks,lever,waterworks
Wave HQ,lever,waveapps
Wavicle Data Solutions,lever,wavicledata
Way,lever,Way
Wealthfront,lever,wealthfront
Wealthsimple,lever,wealthsimple
Web Summit,lever,websummit
webfx.com,lever,webfx
WEBTOON Entertainment Inc. (Wattpad & WEBTOON Family of Brands),lever,wattpad
Weekday,lever,weekdayworks
Wellfit Technologies,lever,wellfit
Welo Global,lever,weloglobal
WEP Clinical,lever,wepclinical
WeRide.ai,lever,weride
Western Aircraft,lever,westair
WGSN,lever,wgsn
Whereby,lever,whereby
Whiterabbit.ai,lever,whiterabbit
Whoop,lever,whoop
Wilbur Labs,lever,wilburlabs
Williamsburg Learning,lever,williamsburglearning
Willow,lever,willowinc
WINAMAX,lever,winamax
Windfall,lever,windfalldata
Window Nation,lever,windownation
Windsor Management,lever,WindsorManagement
Wing Assistant,lever,getwingapp
Wingtra AG,lever,wingtra-2
WinnCompanies,lever,winnco
Wintermute,lever,wintermute-trading
Wisdomai,lever,wisdomai
WisdomTree,lever,wisdomtree
WISEcode,lever,wisecode
Wishpond Technologies,lever,wishpond
Wisr,lever,wisr
Wolverine Building Group,lever,wolvgroup
Woodard & Curran,lever,woodardcurran
Working Families Party,lever,workingfamilies
WorkInProgress,lever,workinprogress
WorkWave,lever,workwave
World Relief,lever,wr
World View,lever,world-view-enterprises-inc.
World Wide Professional Solutions,lever,wwprosolutions
Worldline NZ,lever,Worldline
Worldscape Technology Inc.,lever,worldscape-technology
Woven by Toyota,lever,woven-by-toyota
Wpromote,lever,wpromote
Wristcheck,lever,wristcheck
Wyetech,lever,wyetechllc
Xcimer Energy,lever,xcimer
Xsolla,lever,xsolla
XTB Trial,lever,xtb
Yardzen,lever,yardzen
Yassir,lever,Yassir
Yonex USA,lever,yonexusa
Younited,lever,younited
Yuno,lever,yuno
YWCA Seattle King Snohomish,lever,ywcaworks
Z1 Tech,lever,z1tech
zaimler,lever,zaimler
Zambezi,lever,zambezi
Zanskar,lever,Zanskar
Zartis,lever,zartis
Zazzle,lever,zazzle
Zeeco,lever,zeeco
Zeffy,lever,zeffy
Zeiss,lever,zeiss
Zen Educate,lever,zeneducate
Zencore,lever,zencore
Zensurance,lever,zensurance
Zerion,lever,zerion
Zero Homes,lever,zerohomes
ZeroTier,lever,zerotier
Zeta,lever,zeta
Zilliz,lever,zilliz
Zimperium,lever,zimperium
Zingtree,lever,zingtree
Zinier Trial,lever,zinier
Zippi,lever,zippi
Zocks,lever,zocks
Zoox,lever,zoox
Zopa,lever,zopa
Zuma,lever,getzuma
Zuri Group,lever,zurigroup
Zurich Instruments,lever,zurichinstruments
ZURU,lever,zuru
Zus Health,lever,zushealth
Zūm,lever,ridezum
Çiçeksepeti,lever,ciceksepeti
10Pearls,smartrecruiters,10pearls
1Huddle,smartrecruiters,1huddle
1stopbedrooms,smartrecruiters,1stopbedrooms
2 Work Online,smartrecruiters,2workonline1
315 Logistics LLC,smartrecruiters,315logisticsllc
360Learning,smartrecruiters,360learning
3H Partners,smartrecruiters,3hpartners
3Pillar Global,smartrecruiters,3pillarglobal
3SIGHT SERVICES LTD.,smartrecruiters,3sightservicesltd
47 Degrees,smartrecruiters,47degrees
500 Startups,smartrecruiters,500startups
90 Seconds,smartrecruiters,90seconds
9ESTR Handyman Services,smartrecruiters,9estrhandymanservices
a,smartrecruiters,a21
A Team,smartrecruiters,ateam
A&L Goodbody,smartrecruiters,al-goodbody
A.K.A New Media,smartrecruiters,akanewmedia
AAPC,smartrecruiters,aapc
AbbVie,smartrecruiters,abbvie
Abercrombie and Fitch Co.,smartrecruiters,abercrombieandfitchco
About Objects,smartrecruiters,aboutobjects
ABOUT YOU SE & Co. KG,smartrecruiters,aboutyougmbh
Abstrabit Technologies Pvt Ltd,smartrecruiters,abstrabittechnologiespvtltd
Abu Dhabi Airports,smartrecruiters,abudhabiairports
Abuse Refuge Org,smartrecruiters,abuserefugeorg
Accel Learning,smartrecruiters,accellearning
accenture,smartrecruiters,accenture
Accenture Federal Services,smartrecruiters,accenturefederalservices
Access,smartrecruiters,access
AccionLabs,smartrecruiters,accionlabs2
Accord,smartrecruiters,accord
Accoy,smartrecruiters,accoy
Achieve,smartrecruiters,achieve1
ACI Group,smartrecruiters,acigroup
ACLU,smartrecruiters,aclu
Acme Freight,smartrecruiters,acmefreight
action,smartrecruiters,action1
Action Against Hunger,smartrecruiters,actionagainsthunger
Active Theory,smartrecruiters,activetheory
Acumatica,smartrecruiters,acumatica
Acumen,smartrecruiters,acumen
Acumen Technology,smartrecruiters,acumentechnology
Addepto,smartrecruiters,addepto
ADG555,smartrecruiters,adg555
AdGlobe,smartrecruiters,adglobe
Adira Finance,smartrecruiters,adirafinance
ADL,smartrecruiters,adl
Adobe,smartrecruiters,adobe1
Advantmed,smartrecruiters,advantmed
Advidi,smartrecruiters,advidi
Advotics,smartrecruiters,advotics
Adyen,smartrecruiters,adyen
AECOM,smartrecruiters,aecom2
AEGIS,smartrecruiters,aegis
Aera Technology,smartrecruiters,aeratechnology
Aerotek Commercial Staffing,smartrecruiters,aerotekcommercialstaffing
AeroVect,smartrecruiters,aerovect
affinity,smartrecruiters,affinity
AFRY,smartrecruiters,afry
AFW,smartrecruiters,afw
AG,smartrecruiters,ag1
AG Technologies,smartrecruiters,agtechnologies1
Agency,smartrecruiters,agency
Aggio,smartrecruiters,aggio
Agile Defense,smartrecruiters,agiledefense
AGILE LOGISTICS LLC,smartrecruiters,agilelogisticsllc2
Agora,smartrecruiters,agora
AHRC NYC,smartrecruiters,ahrcnyc1
AIHR,smartrecruiters,aihr
Aikido Security,smartrecruiters,aikidosecurity
Air New Zealand,smartrecruiters,airnewzealand
Airbnb,smartrecruiters,airbnb
AIREKO,smartrecruiters,aireko
Airlab Inc.,smartrecruiters,airlabinc
AirTM,smartrecruiters,airtm
Airwallex,smartrecruiters,airwallex
AJ Bell,smartrecruiters,ajbell1
AJAX,smartrecruiters,ajax
Ajna Infotech,smartrecruiters,ajnainfotech
Ajua,smartrecruiters,ajua
Akbank,smartrecruiters,akbank
AKE Safety Equipment,smartrecruiters,akesafetyequipment
Alarm.com,smartrecruiters,alarmcom
Albertsons Companies,smartrecruiters,albertsonscompanies
Alcumus,smartrecruiters,alcumus
ALDI Stores,smartrecruiters,aldistores
Algolia,smartrecruiters,algolia
Algomarketing,smartrecruiters,algomarketing
AlixPartners,smartrecruiters,alixpartners
All Care Therapies,smartrecruiters,allcaretherapies
All Native Group,smartrecruiters,allnativegroup
Allegiant Air,smartrecruiters,allegiantair
Allegis Global Solutions,smartrecruiters,allegisglobalsolutions
Allen Lund Company,smartrecruiters,allenlundcompany
Alliance,smartrecruiters,alliance
Alliance Solutions Group,smartrecruiters,alliancesolutionsgroup
ALLIED Feather & Down,smartrecruiters,alliedfeatherdown
Allied Universal,smartrecruiters,allieduniversal2
Allium,smartrecruiters,allium
Almedia,smartrecruiters,almedia
Alooba,smartrecruiters,alooba
Alphabe Insight Inc,smartrecruiters,alphabeinsightinc
AlphaSights,smartrecruiters,alphasights
Alpine Home Air,smartrecruiters,alpinehomeair
ALS Group,smartrecruiters,alsgroup
ALTEN,smartrecruiters,alten
Altisource,smartrecruiters,altisource
Altitude Logistics Services LLC.,smartrecruiters,altitudelogisticsservicesllc
Altronix Corp.,smartrecruiters,altronixcorp
Alumil,smartrecruiters,alumil
Amagi,smartrecruiters,amagi
AmaliTech,smartrecruiters,amalitech
Amartha,smartrecruiters,amartha
Amazon,smartrecruiters,amazon
Ambition,smartrecruiters,ambition
Amdocs,smartrecruiters,amdocs
AMDT School of Creativity,smartrecruiters,amdtschoolofcreativity
American Addiction Centers,smartrecruiters,americanaddictioncenters
American Bar Foundation,smartrecruiters,americanbarfoundation
American Title Service Agency,smartrecruiters,americantitleserviceagency
American Veterinary Group,smartrecruiters,americanveterinarygroup
Ampd Energy,smartrecruiters,ampdenergy
Ample Insight Inc.,smartrecruiters,ampleinsightinc
Amplify,smartrecruiters,amplify
Amref Health Africa,smartrecruiters,amrefhealthafrica4
Analysys Mason,smartrecruiters,analysysmason1
ANALYTIC PARTNERS,smartrecruiters,analyticpartners
Anaplan,smartrecruiters,anaplan
Anastasia Beverly Hills,smartrecruiters,anastasiabeverlyhills
AnaVation LLC,smartrecruiters,anavationllc
Andersen Corp.,smartrecruiters,andersencorp
Anexinet,smartrecruiters,anexinet1
AngelList,smartrecruiters,angellist
Anglo American / De Beers Group,smartrecruiters,angloamericandebeersgroup
Anjarium Biosciences,smartrecruiters,anjariumbiosciences
Annik Inc.,smartrecruiters,annikinc
antenna,smartrecruiters,antenna
anton,smartrecruiters,anton
anything,smartrecruiters,anything
AOS Logistics LLC,smartrecruiters,aoslogisticsllc
APEX Career Services,smartrecruiters,apexcareerservices
Apex Informatics,smartrecruiters,apexinformatics
Apogem Personnel Ltd,smartrecruiters,apogempersonnelltd
Apollo tyres,smartrecruiters,apollotyres
Appen,smartrecruiters,appen
Appen,smartrecruiters,appen2
Appian,smartrecruiters,appian
Appier,smartrecruiters,appier
Applaudo Studios,smartrecruiters,applaudostudios
ApplePie Capital,smartrecruiters,applepiecapital
Applus IDIADA,smartrecruiters,applusidiada1
Appviewx,smartrecruiters,appviewx
Apres Nail,smartrecruiters,apresnail
APT Resources,smartrecruiters,aptresources
arc,smartrecruiters,arc
ARCADIS,smartrecruiters,arcadis
ArcelorMittal,smartrecruiters,arcelormittal
Archirodon Group N.V,smartrecruiters,archirodongroup
Argent Software INC.,smartrecruiters,argent
ARHS,smartrecruiters,arhs
Arista Networks,smartrecruiters,aristanetworks
AristaMD,smartrecruiters,aristamd
Aristina UAB,smartrecruiters,aristinauab
Armis,smartrecruiters,armis
Array,smartrecruiters,array
Artemis,smartrecruiters,artemis
Arts Alliance Media,smartrecruiters,artsalliancemedia
Asahi,smartrecruiters,asahi1
Ascent,smartrecruiters,ascent
Ashoka,smartrecruiters,ashoka
ASI,smartrecruiters,asi
Askable,smartrecruiters,askable
ASL Consulting,smartrecruiters,aslconsulting
ASM,smartrecruiters,asm
ASOS,smartrecruiters,asos
Assent,smartrecruiters,assent
ASSYSTEM,smartrecruiters,assystem
astellas,smartrecruiters,astellas
Aster DM Healthcare,smartrecruiters,asterdmhealthcare
Asure Software,smartrecruiters,asuresoftware
Athos,smartrecruiters,athos
ATI Business Group,smartrecruiters,atibusinessgroup
"ATI, Inc.",smartrecruiters,atiinc
ATIA Ltd,smartrecruiters,atialtd
Atlantic Media,smartrecruiters,atlanticmedia
atlas,smartrecruiters,atlas
ATPCO,smartrecruiters,atpco1
Audacia Solutions,smartrecruiters,audaciasolutions
Augsburg University,smartrecruiters,augsburguniversity-minneapolismn
AUM Logistiks LLC,smartrecruiters,aumlogistiksllc
Aumovio,smartrecruiters,aumovio
Aurora Dairies Management Pty Ltd,smartrecruiters,auroradairies
Australian Healthcare Associates,smartrecruiters,australianhealthcareassociates
Authentic Brands Group,smartrecruiters,authenticbrandsgroup
AUTO1 Group,smartrecruiters,auto1
Automox,smartrecruiters,automox
Ava,smartrecruiters,ava1
AVA Energy,smartrecruiters,avaenergy
Avaloq,smartrecruiters,avaloq1
Avance,smartrecruiters,avance
Avanquest,smartrecruiters,avanquest
Avero,smartrecruiters,avero
Avery Dennison,smartrecruiters,averydennison
Avila Dental,smartrecruiters,aviladental
AVIO Consulting,smartrecruiters,avioconsulting
Aviture,smartrecruiters,aviture
Avomind,smartrecruiters,avomind
Axiado,smartrecruiters,axiado
Axicom,smartrecruiters,axicom
axiom,smartrecruiters,axiom
Axway,smartrecruiters,axway
Babble Cloud,smartrecruiters,babblecloud
BabyList,smartrecruiters,babylist
Bacalaoo AG,smartrecruiters,abc
Baird & Associates,smartrecruiters,bairdassociates
bamko,smartrecruiters,bamko
Banana Jobs,smartrecruiters,bananajobs
Bank ABC,smartrecruiters,bankabc
Bank of China Luxembourg,smartrecruiters,bankofchinaluxembourg
Barbaricum,smartrecruiters,barbaricum
Barkley,smartrecruiters,barkley
barnes,smartrecruiters,barnes
Barrick Gold Corporation,smartrecruiters,barrickgoldcorporation
Base Two,smartrecruiters,basetwo
BathPlanet,smartrecruiters,bathplanet
Baton,smartrecruiters,baton
Bazaarvoice,smartrecruiters,bazaarvoice
BBA,smartrecruiters,bba
BC Tech Pro,smartrecruiters,bctechpro
BCforward,smartrecruiters,bcforward3
BCS,smartrecruiters,bcs
Beatport,smartrecruiters,beatport
Becton Dickinson,smartrecruiters,bectondickinson2
Bede Gaming,smartrecruiters,bedegaming
Behavioral Health Works,smartrecruiters,behavioralhealthworks
Berry Street,smartrecruiters,berrystreet
BESIX,smartrecruiters,besix
Best Buy,smartrecruiters,bestbuy2
BESTech,smartrecruiters,bestech
bet365,smartrecruiters,bet3651
BETSOL,smartrecruiters,betsol
Better,smartrecruiters,better
BetterHelp,smartrecruiters,betterhelp
Beyond Bank Australia,smartrecruiters,beyondbankaustralia
Beyondsoft,smartrecruiters,beyondsoft
BeyondTrust,smartrecruiters,beyondtrust
BHFT,smartrecruiters,bhft
Big Blue,smartrecruiters,bigblue
Bigtincan,smartrecruiters,bigtincan
Bilue,smartrecruiters,bilue
Binance,smartrecruiters,binance
Biogen,smartrecruiters,biogen
Biorad,smartrecruiters,biorad
Bitbean,smartrecruiters,bitbean
Bitdefender,smartrecruiters,bitdefender
Bitovi,smartrecruiters,bitovi
BizLibrary,smartrecruiters,bizlibrary
BlackApple Solutions Ltd,smartrecruiters,blackapplesolutionsltd1
BLACKHAWK NETWORK,smartrecruiters,blackhawknetwork
Bland,smartrecruiters,bland
Blast,smartrecruiters,blast
Blend360,smartrecruiters,blend360
Bloom,smartrecruiters,bloom
Bloomberg,smartrecruiters,bloomberg
Bloomreach,smartrecruiters,bloomreach
blue,smartrecruiters,blue
Blue Cardinal Inc.,smartrecruiters,bluecardinalinc
Blue Sky Innovators,smartrecruiters,blueskyinnovators
BlueAlly,smartrecruiters,blueally
BlueCat Networks,smartrecruiters,bluecatnetworks
BlueOptima,smartrecruiters,blueoptima
BlueScope,smartrecruiters,bluescope
Bommarito Performance Systems,smartrecruiters,bommaritoperformancesystems
Bonial International GMBH,smartrecruiters,bonialinternationalgmbh
Booker DiMaio,smartrecruiters,bookerdimaio
BookMyShow,smartrecruiters,bookmyshow
Bosch-HomeComfort,smartrecruiters,bosch-homecomfort
Boskalis,smartrecruiters,boskalis
Bottomline Technologies,smartrecruiters,bottomlinetechnologies
Boundless,smartrecruiters,boundless
BP,smartrecruiters,bp3
Brabners,smartrecruiters,brabners
Brainlab,smartrecruiters,brainlab
Brainly,smartrecruiters,brainly
BrainPOP,smartrecruiters,brainpop
BrainTrust,smartrecruiters,braintrust
Brainwonders,smartrecruiters,brainwonders
Brakes Plus,smartrecruiters,brakesplus
BrandBastion,smartrecruiters,brandbastion
Bravo,smartrecruiters,bravo
Bridgeable,smartrecruiters,bridgeable
BridgeU,smartrecruiters,bridgeu1
Bridgit,smartrecruiters,bridgit
Bright Metro,smartrecruiters,brightmetro
BrightLine,smartrecruiters,brightline
Brighton Jones,smartrecruiters,brightonjones
Brightspeed,smartrecruiters,brightspeed
brij,smartrecruiters,brij
Brilliant Earth,smartrecruiters,brilliantearth
Brillio,smartrecruiters,brillio2
Bringle Excellence,smartrecruiters,bringleexcellence
Brinqa,smartrecruiters,brinqa
Bristlecone,smartrecruiters,bristlecone
Bristol Labs,smartrecruiters,bristollabs
"BroadPoint Federal, Inc",smartrecruiters,broadpointfederalinc
BroadSign,smartrecruiters,broadsign
Brooklinen,smartrecruiters,brooklinen
Brunel,smartrecruiters,brunel
BryceTech,smartrecruiters,brycetech
BSC,smartrecruiters,bsc
bTranz,smartrecruiters,btranz
Buch International Hospital,smartrecruiters,buchinternationalhospital
Bucket List,smartrecruiters,bucketlist
Build IT,smartrecruiters,buildit
Bullseye Strategy,smartrecruiters,bullseyestrategy
BURN Manufacturing,smartrecruiters,burnmanufacturing
Burnett Search,smartrecruiters,burnettsearch
businesswire,smartrecruiters,businesswire
BusPatrol,smartrecruiters,buspatrol
BuzzFeed,smartrecruiters,buzzfeed
c,smartrecruiters,c1
C.E.G.,smartrecruiters,ceg
Cache,smartrecruiters,cache
Calcium,smartrecruiters,calcium
calendly,smartrecruiters,calendly
California ISO,smartrecruiters,californiaiso
Callminer,smartrecruiters,callminer
Callsign,smartrecruiters,callsign
Calvary Church,smartrecruiters,calvarychurch
Cancer Support Community,smartrecruiters,cancersupportcommunity
Candidly,smartrecruiters,candidly
Canonical,smartrecruiters,canonical
Canva,smartrecruiters,canva
Capital Shipping,smartrecruiters,capitalshipping
CapTech Consulting,smartrecruiters,captechconsulting
Caravelo,smartrecruiters,caravelo
Carbon Health,smartrecruiters,carbonhealth
Care for the Homeless,smartrecruiters,careforthehomeless
"CareDx, Inc.",smartrecruiters,caredxinc
CareerTeam,smartrecruiters,careerteam
CarGurus,smartrecruiters,cargurus
Carilion Clinic,smartrecruiters,carilionclinic
Carousell Group,smartrecruiters,carousellgroup
Cars24,smartrecruiters,cars24
Cartrawler,smartrecruiters,cartrawler
cas,smartrecruiters,cas
Castellucci Hospitality Group,smartrecruiters,castelluccihospitalitygroup
Castle Group,smartrecruiters,castlegroup
Catasys Health,smartrecruiters,catasyshealth
Catchafire,smartrecruiters,catchafire
CaterCow,smartrecruiters,catercow
CD PROJEKT RED,smartrecruiters,cdprojektred
CDAC,smartrecruiters,cdac
Centm Logistics LLC,smartrecruiters,centmlogisticsllc
Centra,smartrecruiters,centra
Centre Technologies,smartrecruiters,centretechnologies
centro,smartrecruiters,centro
Centuria,smartrecruiters,centuria
Centuria Corporation,smartrecruiters,centuriacorporation
Cermati.com,smartrecruiters,cermaticom
Certn,smartrecruiters,certn
cesar,smartrecruiters,cesar
CF Montréal,smartrecruiters,cfmontreal
CFR,smartrecruiters,cfr
CG Life,smartrecruiters,cglife
Chad JonesLaw,smartrecruiters,chadjoneslaw
Channel Factory,smartrecruiters,channelfactory
Channel Partners,smartrecruiters,channelpartners
Chapter 2,smartrecruiters,chapter2
Chatham Financial,smartrecruiters,chathamfinancial
Chatham House,smartrecruiters,chathamhouse
"Chequed.com, Inc.",smartrecruiters,ww
Chief Outsiders,smartrecruiters,chiefoutsiders
Chili Piper,smartrecruiters,chilipiper
Choice,smartrecruiters,choice
ChowNow,smartrecruiters,chownow
CI Games,smartrecruiters,cigames
CIC,smartrecruiters,cic
Cielo,smartrecruiters,cielo2
Cielo Projects,smartrecruiters,cieloprojects
CIM Group,smartrecruiters,cimgroup
CIMA+,smartrecruiters,cima2
Cint,smartrecruiters,cint
CircleLink Health,smartrecruiters,circlelinkhealth
Cirrus Asset Management,smartrecruiters,cirrusassetmanagement
CISabroad,smartrecruiters,cisabroad
Cision,smartrecruiters,cision
Citi,smartrecruiters,citi
CitiusTech,smartrecruiters,citiustech
Citizens,smartrecruiters,citizens
Citrus Global Ltd,smartrecruiters,citrusgloballtd
City and County of San Francisco,smartrecruiters,cityandcountyofsanfrancisco1
City of Alabaster,smartrecruiters,cityofalabaster
City of Americus,smartrecruiters,cityofamericus
City of Campbell River,smartrecruiters,cityofcampbellriver
City of Philadelphia,smartrecruiters,cityofphiladelphia
City of Stirling,smartrecruiters,cityofstirling
CLARA analytics,smartrecruiters,claraanalytics
ClassPass,smartrecruiters,classpass
Classy Llama,smartrecruiters,classyllama
Clean Choice Energy,smartrecruiters,cleanchoiceenergy
Cleantech Group,smartrecruiters,cleantechgroup
Clear Junction,smartrecruiters,clearjunction
CLEARSOURCE,smartrecruiters,clearsource
ClearStar,smartrecruiters,clearstar
Clearview,smartrecruiters,clearview1
Clerky,smartrecruiters,clerky
Client Engagement Academy,smartrecruiters,clientengagementacademy
Climate Makers Inc.,smartrecruiters,climatemakersinc
Climatiq,smartrecruiters,climatiq
Clinica Romero,smartrecruiters,clinicaromero
Closet America,smartrecruiters,closetamerica
CloudFactory,smartrecruiters,cloudfactory
Cloudflare,smartrecruiters,cloudflare
CloudMoyo,smartrecruiters,cloudmoyo
Cloudnexa.com,smartrecruiters,cloudnexacom
Club Monaco,smartrecruiters,clubmonaco
Co mpany,smartrecruiters,company
Coalfire,smartrecruiters,coalfire
Coast,smartrecruiters,coast
CodeBusters,smartrecruiters,codebusters
Coderio,smartrecruiters,coderio
CodersData LLC,smartrecruiters,codersdatallc
"CoEnterprise, LLC",smartrecruiters,coenterprisellc
Coface,smartrecruiters,coface
"Coffman Engineers, Inc.",smartrecruiters,coffmanengineersinc
Cogent Data Solutions LLC,smartrecruiters,cogentdatasolutionsllc
Cohere Technology,smartrecruiters,coheretechnology
CoinJar,smartrecruiters,coinjar
Colafemina Logistics LLC,smartrecruiters,colafeminalogisticsllc
Collabera,smartrecruiters,collabera2
Comcast Career Center,smartrecruiters,comcastcareercenter
Command,smartrecruiters,command
"CommunicateHealth, Inc.",smartrecruiters,communicatehealthinc
Community Solutions,smartrecruiters,communitysolutions
Comoto,smartrecruiters,comoto
Company,smartrecruiters,company3
CompassX,smartrecruiters,compassx
Complete,smartrecruiters,complete
Compliancy Group llc,smartrecruiters,compliancygroupllc
Compose.ly,smartrecruiters,composely
Concorde,smartrecruiters,concorde
Concourse,smartrecruiters,concourse
Confidential,smartrecruiters,confidential25
ConsenSys,smartrecruiters,consensys
Constant Contact,smartrecruiters,constantcontact
Construction Professionals Society,smartrecruiters,is
Consumer Reports,smartrecruiters,consumerreports
Contactually,smartrecruiters,contactually
Contec,smartrecruiters,contec1
Contechs Consulting Limited,smartrecruiters,contechsconsultinglimited
Continental,smartrecruiters,continental
Convene,smartrecruiters,convene
Convey,smartrecruiters,convey
ConXtech,smartrecruiters,conxtech
"Cook's Pest Control, Inc.",smartrecruiters,cookspestcontrolinc1
Cooper Auto Group,smartrecruiters,cooperautogroup
Core BTS,smartrecruiters,corebts
Corner Alliance,smartrecruiters,corneralliance
Cornerstone Building Brands,smartrecruiters,cornerstonebuildingbrandscareers
Cornerstone HR Advantage LLC,smartrecruiters,cornerstonehradvantagellc
cos,smartrecruiters,cos
CourseCareers,smartrecruiters,coursecareers
Cox Enterprises,smartrecruiters,coxenterprises2
Coya Restaurant,smartrecruiters,coyarestaurant
CP,smartrecruiters,cp
CPC,smartrecruiters,cpc
CPM Ireland,smartrecruiters,cpmireland
CQ fluency,smartrecruiters,cqfluency
CQC,smartrecruiters,cqc
Crayon,smartrecruiters,crayon
crayon data,smartrecruiters,crayondata
CRB,smartrecruiters,crb
Creative,smartrecruiters,creative
Credit Karma,smartrecruiters,creditkarma
CrewBloom,smartrecruiters,crewbloom
CRICO,smartrecruiters,crico
Cricut,smartrecruiters,cricut
Cronofy,smartrecruiters,cronofy
Cross Border Talents,smartrecruiters,crossbordertalents
Cross River Bank,smartrecruiters,crossriverbank
Crossfuze,smartrecruiters,crossfuze
CROSSMARK,smartrecruiters,crossmark1
"Crossroads Technologies, Inc.",smartrecruiters,crossroadstechnologiesinc
Crover Ltd,smartrecruiters,croverltd
Crowell & Moring,smartrecruiters,crowellmoring
Crown Agents Bank,smartrecruiters,crownagentsbank
CRS ltd,smartrecruiters,crs
Cruise Planners,smartrecruiters,cruiseplanners
Crunch Fitness,smartrecruiters,crunchfitness
crytek,smartrecruiters,crytek
CSC,smartrecruiters,csc
CSS,smartrecruiters,css
CTI,smartrecruiters,cti
Culina Group,smartrecruiters,culinagroup1
Culture Amp,smartrecruiters,cultureamp
Cumberland Farms,smartrecruiters,cumberlandfarms
CurbWaste,smartrecruiters,curbwaste
Cuscal,smartrecruiters,cuscal1
Cuso International,smartrecruiters,cusointernational
CVHCare,smartrecruiters,cvhcare
CyberVadis,smartrecruiters,cybervadis
Cyborg Mobile,smartrecruiters,cyborgmobile
Cydcor,smartrecruiters,cydcor
Cygnus Professionals Inc,smartrecruiters,cygnusprofessionalsinc2
Dailymotion,smartrecruiters,dailymotion
Dalstrong,smartrecruiters,dalstrong
DAMAC,smartrecruiters,damac
DANGOTE,smartrecruiters,dangote
Daruma Corporation,smartrecruiters,darumacorporation
Dascena,smartrecruiters,dascena
Dashlane,smartrecruiters,dashlane
Data Intellect,smartrecruiters,dataintellect
Databricks,smartrecruiters,databricks
DATACOM,smartrecruiters,datacom1
Dataiku,smartrecruiters,dataiku
"DataMark, Inc.",smartrecruiters,datamarkinc
"DATASYS CONSULTING & SOFTWARE INC,",smartrecruiters,datasysconsultingsoftwareinc1
Datawords,smartrecruiters,datawords
Datazymes,smartrecruiters,datazymes
Dave,smartrecruiters,dave
DAVERSA PARTNERS,smartrecruiters,daversapartners
David Suzuki Foundation,smartrecruiters,davidsuzukifoundation
davies,smartrecruiters,davies
Dawn Delivery Inc,smartrecruiters,dawndeliveryinc
Daxko,smartrecruiters,daxko1
Daylight,smartrecruiters,daylight
DCI Group,smartrecruiters,dcigroup
DecentralizedMasters,smartrecruiters,decentralizedmasters
DeepSpin,smartrecruiters,deepspin
Dehazelabs,smartrecruiters,dehazelabs
DeLeon Realty,smartrecruiters,deleonrealty
Deleteme,smartrecruiters,deleteme
Deliveroo,smartrecruiters,deliveroo
Delivery Hero,smartrecruiters,deliveryhero
Dellfor Technologies,smartrecruiters,dellfortechnologies
Deloitte,smartrecruiters,deloitte6
Deloitte,smartrecruiters,deloittenordic
Deloitte East Africa,smartrecruiters,deloitteeastafrica
Deloitte NZ,smartrecruiters,deloittenz
Delphi,smartrecruiters,delphi
delta,smartrecruiters,delta
Delta T Group,smartrecruiters,deltatgroup
Delta-T Group,smartrecruiters,delta-tgroup
Demandbase,smartrecruiters,demandbase
demandDrive,smartrecruiters,demanddrive
DemystData,smartrecruiters,demystdata
dentsu,smartrecruiters,dentsu
Deposco,smartrecruiters,deposco
Derex Technologies Inc,smartrecruiters,derextechnologiesinc
Despegar,smartrecruiters,despegar
Deutsche Bank,smartrecruiters,deutschebank
Deutsche Telekom IT Solutions,smartrecruiters,deutschetelekomitsolutions
Deutsche Telekom IT Solutions Slovakia,smartrecruiters,deutschetelekomitsolutionsslovakia
Dev,smartrecruiters,dev2
Devoteam,smartrecruiters,devoteam
Devsinc,smartrecruiters,devsinc17
Devsu,smartrecruiters,devsu
Dexcom,smartrecruiters,dexcom
Dexterra,smartrecruiters,dexterra
DHI Group Inc,smartrecruiters,dhigroupinc
digital divide data,smartrecruiters,digitaldividedata
Digital Infuzion,smartrecruiters,digitalinfuzion
Digital Virgo,smartrecruiters,digitalvirgo
DigitalGenius,smartrecruiters,digitalgenius
Direct Agents,smartrecruiters,directagents
Disability Allies,smartrecruiters,disabilityallies
Discord,smartrecruiters,discord
DistantJob,smartrecruiters,distantjob
Distributed Spectrum,smartrecruiters,distributedspectrum
DISYS,smartrecruiters,disys
Divensi,smartrecruiters,divensi1
DLS Engineering,smartrecruiters,dlsengineering
DN Capital,smartrecruiters,dncapital
Docplanner,smartrecruiters,docplanner
DOCS,smartrecruiters,docs
doherty Inc,smartrecruiters,dohertyinc
dolby,smartrecruiters,dolby
Dollar Shave Club,smartrecruiters,dollarshaveclub
Dolls Kill,smartrecruiters,dollskill
Domino's,smartrecruiters,dominos
DONTNOD,smartrecruiters,dontnod
Doran Jones Inc.,smartrecruiters,doranjones
Down to Earth,smartrecruiters,downtoearth
Dp World,smartrecruiters,dpworld
DPD Group UK,smartrecruiters,dpdgroupuk1
Dr Reddy's Laboratories Limited,smartrecruiters,drreddyslaboratorieslimited
Dresden Partners,smartrecruiters,dresdenpartners
DrFirst,smartrecruiters,drfirst
Driven Motor Jobs Limited,smartrecruiters,drivenmotorjobslimited
DroneShield,smartrecruiters,droneshield
DROP Enterprises LLC,smartrecruiters,dropenterprisesllc
Dropbox,smartrecruiters,dropbox
"Dropoff, Inc.",smartrecruiters,dropoffinc
DRT Strategies,smartrecruiters,drtstrategies
DSS,smartrecruiters,dss
Dudek,smartrecruiters,dudek
Duelit,smartrecruiters,duelit
Dulcedo,smartrecruiters,dulcedo
Duncan Professionals Limited t/a Redwood,smartrecruiters,duncanprofessionalslimitedtaredwood
Dune Technology Ltd,smartrecruiters,dunetechnologyltd
Dungarvin,smartrecruiters,dungarvin
dunnhumby,smartrecruiters,dunnhumby
Duolingo,smartrecruiters,duolingo
DVT,smartrecruiters,dvt
Dynamic Solution Innovators,smartrecruiters,dynamicsolutioninnovators
"Dynamis,Inc.",smartrecruiters,dynamisinc
e,smartrecruiters,e2
E4Ops LLC,smartrecruiters,e4opsllc
EAC Product Development Solutions,smartrecruiters,eacproductdevelopmentsolutions
early code,smartrecruiters,earlycode
Earthcam,smartrecruiters,earthcam
Earthlinktele,smartrecruiters,earthlinktele
East Bank Club,smartrecruiters,eastbankclub
East Penn Manufacturing,smartrecruiters,eastpennmanufacturing
Eataly North America,smartrecruiters,eataly
ECHO,smartrecruiters,echo
"Echo360, Inc.",smartrecruiters,echo360inc
Echoing Green,smartrecruiters,echoinggreen
Ecija,smartrecruiters,ecija
Eclipse Trading,smartrecruiters,eclipsetrading
EcoVadis,smartrecruiters,ecovadis
edesk,smartrecruiters,edesk
Edgewater Behavioral Health Services,smartrecruiters,edgewaterbehavioralhealthservices
Edmentum,smartrecruiters,edmentum
Education at Work,smartrecruiters,educationatwork
efood,smartrecruiters,efood
EHCC,smartrecruiters,ehcc
Einsite,smartrecruiters,einsite
Ekimetrics,smartrecruiters,ekimetrics
Ekovolt,smartrecruiters,ekovolt
Ekster,smartrecruiters,ekster
Electricity Regulatory Authority,smartrecruiters,era
ELEVATE,smartrecruiters,elevate
Elevated Integrated Consultants,smartrecruiters,elevatedintegratedconsultants
eli,smartrecruiters,eli
Elizabeth Glaser Pediatric AIDS Foundation,smartrecruiters,elizabethglaserpediatricaidsfoundation3
EM,smartrecruiters,em
Ember Lab,smartrecruiters,emberlab
Embraer,smartrecruiters,embraer
EMCO Corporation,smartrecruiters,emcocorporation
"EMIT Technologies, Inc.",smartrecruiters,emittechnologiesinc
Employers,smartrecruiters,employers
Employmenthero,smartrecruiters,employmenthero
Endava,smartrecruiters,endava
endpoint clinical,smartrecruiters,endpointclinical
Endpoints News,smartrecruiters,endpointsnews
Endsight,smartrecruiters,endsight
Energy Capital & Power,smartrecruiters,energycapitalpower
Enfra,smartrecruiters,enfra
Enghouse,smartrecruiters,enghouse
Enko Education,smartrecruiters,enkoeducation
Enode,smartrecruiters,enode
Ensco,smartrecruiters,ensco
Ent Credit Union,smartrecruiters,entcreditunion1
Entefy,smartrecruiters,entefy
Enterprise Solution inc,smartrecruiters,enterprisesolutioninc
Entertainment Benefits Group,smartrecruiters,entertainmentbenefitsgroup
Envision Horizons,smartrecruiters,envisionhorizons
EpicGames,smartrecruiters,epicgames
Epoch Games,smartrecruiters,epochgames
Epsilon,smartrecruiters,epsilon3
Epsor,smartrecruiters,epsor
Epworth,smartrecruiters,epworth
Equal Experts,smartrecruiters,equalexperts
Equinox,smartrecruiters,equinox
Equity Residential,smartrecruiters,equityresidential
Equus,smartrecruiters,equus
Ericsson,smartrecruiters,ericsson
ERS,smartrecruiters,ers
ESource Corp,smartrecruiters,esourcecorp
eSpace,smartrecruiters,espace
Essendant,smartrecruiters,essendant
esurance,smartrecruiters,esurance
ESV Digital,smartrecruiters,esvdigital
Ethereum Foundation,smartrecruiters,ethereumfoundation
EU Talents,smartrecruiters,eutalents
Eurofins,smartrecruiters,eurofins
Evelyn Partners,smartrecruiters,evelynpartners
Eventscape Inc.,smartrecruiters,eventscapeinc
EVERSANA,smartrecruiters,eversana1
Evertz Microsystems Ltd,smartrecruiters,evertz
Evidation,smartrecruiters,evidation
Evidence Action,smartrecruiters,evidenceaction
eVisit,smartrecruiters,evisit
Evolution,smartrecruiters,evolution
Evolution Recruitment Solutions,smartrecruiters,evolutionrecruitmentsolutions
EvolutionIQ,smartrecruiters,evolutioniq
Evooq,smartrecruiters,evooq
"Ex Parte, Inc",smartrecruiters,exparteinc
Excel,smartrecruiters,excel
Excyl Inc,smartrecruiters,excylinc
Exegy,smartrecruiters,exegy
Exinity,smartrecruiters,exinity
Exotel,smartrecruiters,exotel
exp.,smartrecruiters,exp
Expeditors,smartrecruiters,expeditors
Expend,smartrecruiters,expend
Experian,smartrecruiters,experian
Experient Group,smartrecruiters,experientgroup
Expert Network,smartrecruiters,expertnetwork
Express Transit llc,smartrecruiters,expresstransitllc
Exsilio,smartrecruiters,exsilio
Extreme Networks,smartrecruiters,extremenetworks
Extreme Reach,smartrecruiters,extremereach
EZ Recruiting,smartrecruiters,ezrecruiting
Fabergent,smartrecruiters,fabergent
Fair and Just Prosecution,smartrecruiters,fairandjustprosecution
Fairmarkit,smartrecruiters,fairmarkit
Fannie Mae,smartrecruiters,fanniemae
Fareshare,smartrecruiters,fareshare
Farfetch,smartrecruiters,farfetch
Farm Boy Inc.,smartrecruiters,farmboyinc
Farther Finance,smartrecruiters,fartherfinance
Fashionnova,smartrecruiters,fashionnova
Fastmarkets,smartrecruiters,fastmarkets
Fastsigns,smartrecruiters,fastsigns
FDMUK,smartrecruiters,fdmuk
ferrellgas,smartrecruiters,ferrellgas
Field Nation,smartrecruiters,fieldnation
Filmhub,smartrecruiters,filmhub
Filmless,smartrecruiters,filmless
Finmo,smartrecruiters,finmo
Firegang Dental Marketing,smartrecruiters,firegangdentalmarketing
Firespring,smartrecruiters,firespring
First Advantage,smartrecruiters,firstadvantage
First Drive Logistics Inc.,smartrecruiters,firstdrivelogisticsinc
First Focus,smartrecruiters,firstfocus
First Round,smartrecruiters,firstround
FLEX COLLEGE PREP,smartrecruiters,flexcollegeprep
Flexport,smartrecruiters,flexport
Flight-Group,smartrecruiters,flightgroup
Flink,smartrecruiters,flink
FLINT Corp.,smartrecruiters,flintcorp1
Flipkart Online Services Pvt Ltd,smartrecruiters,flipkart
Florence,smartrecruiters,florence
Flowdesk,smartrecruiters,flowdesk
Fluentbe,smartrecruiters,fluentbe
FLYNN COMPANIES,smartrecruiters,flynncompanies
Flywheel,smartrecruiters,flywheel
Flywire,smartrecruiters,flywire1
FMG Suite,smartrecruiters,fmgsuite
FMI,smartrecruiters,fmi
Focus Logistics Inc.,smartrecruiters,focuslogisticsinc
FocusKPI,smartrecruiters,focuskpi
FONEMED,smartrecruiters,fonemed
FOOD CONCEPTS PLC,smartrecruiters,foodconceptsplc2
Football Radar,smartrecruiters,footballradar
Foothill Ventures,smartrecruiters,foothillventures
footprint,smartrecruiters,footprint
Fora Financial,smartrecruiters,forafinancial
Forager,smartrecruiters,forager
Forbes Advisor,smartrecruiters,forbesadvisor
Ford,smartrecruiters,ford
Formlabs,smartrecruiters,formlabs
Forter,smartrecruiters,forter
forthright,smartrecruiters,forthright
ForthRight Strategies LLC,smartrecruiters,forthrightstrategiesllc
Fortune Brands,smartrecruiters,fortunebrands
FORWARD,smartrecruiters,forward
Forward Logistix Partners Inc.,smartrecruiters,forwardlogistixpartnersinc
Fosad Consulting,smartrecruiters,fosadconsulting
Foundation for Food & Agriculture,smartrecruiters,foundationforfoodagriculture
Foundation Recruitment,smartrecruiters,foundationrecruitment
Fractal Analytics,smartrecruiters,fractalanalytics
Frasers Group,smartrecruiters,frasersgroup
FREEBANDZ TOURING,smartrecruiters,freebandztouring
Freethink,smartrecruiters,freethink
Fremont Bank,smartrecruiters,fremontbank
Fremont Group,smartrecruiters,fremontgroup
Fresh Consulting,smartrecruiters,freshconsulting
Fresh land,smartrecruiters,freshland
Fresh Prints,smartrecruiters,freshprints
Freshworks,smartrecruiters,freshworks
Frontline Inc,smartrecruiters,frontlineinc
FRP Advisory Group,smartrecruiters,frpadvisory
"FSR, LLC.",smartrecruiters,fsrllc
Fulcrum,smartrecruiters,fulcrum
Full Circle International,smartrecruiters,gresham
FundApps,smartrecruiters,fundapps
Future,smartrecruiters,future
Future Group,smartrecruiters,futuregroup
Futurewave Systems,smartrecruiters,futurewavesystems
FYXER,smartrecruiters,fyxer
G,smartrecruiters,g2
G&K INTERNATIONAL GROUP,smartrecruiters,gkinternationalgroup
Game District,smartrecruiters,gamedistrict
Games For Love,smartrecruiters,gamesforlove
GAN Integrity,smartrecruiters,ganintegrity
Gap,smartrecruiters,gap2
Garrett advancing motion,smartrecruiters,garrettadvancingmotion
Gauntlet,smartrecruiters,gauntlet
GBG,smartrecruiters,gbg
GBN ASSOCIATES LIMITED,smartrecruiters,gbnassociateslimited
GBTA,smartrecruiters,gbta
GBV Ltd,smartrecruiters,gbvltd
Gcore,smartrecruiters,gcore
GD Resources LLC,smartrecruiters,gdresourcesllc
GEcko,smartrecruiters,gecko
GEM Technologies,smartrecruiters,gemtechnologies
Gemini,smartrecruiters,gemini
Gen4 Dental,smartrecruiters,gen4dental
Genea,smartrecruiters,genea
General Assembly,smartrecruiters,generalassembly
General Dynamics Missions System International,smartrecruiters,gdmsi
Genesis Recruiting,smartrecruiters,genesisrecruiting
GeoSoftware,smartrecruiters,geosoftware
Gerresheimer,smartrecruiters,gerresheimer
gess,smartrecruiters,gess
Getlabs,smartrecruiters,getlabs
GetResponse,smartrecruiters,getresponse
GetSports Enterprises LLC,smartrecruiters,getsportsenterprisesllc
Geyen + del Campo,smartrecruiters,geyendelcampo
ggwp,smartrecruiters,ggwp
Ghobash Group,smartrecruiters,ghobashgroup
Gig,smartrecruiters,gig
Gilbert + Tobin,smartrecruiters,gilberttobin
Ginas Tech Jobs,smartrecruiters,ginastechjobs
Girls on the Run,smartrecruiters,girlsontherun
Glassdoor,smartrecruiters,glassdoor
Glide,smartrecruiters,glide
GlobeAir,smartrecruiters,globeair
Glopal,smartrecruiters,glopal
GNC,smartrecruiters,gnc
gnosis,smartrecruiters,gnosis
GoDaddy,smartrecruiters,godaddy
goGeo,smartrecruiters,gogeo
GoGuardian,smartrecruiters,goguardian
Gold Star Logistics,smartrecruiters,goldstarlogistics
"Goldstone Partners, Inc.",smartrecruiters,goldstonepartners
Goodlord,smartrecruiters,goodlord
goPuff,smartrecruiters,gopuff
Gorgias,smartrecruiters,gorgias
Gousto,smartrecruiters,gousto1
GPFS,smartrecruiters,gpfs
Grab,smartrecruiters,grab
Grand Food Inc,smartrecruiters,grandfoodinc
Granicus,smartrecruiters,granicus
Grass Valley,smartrecruiters,grassvalley
Grayscale,smartrecruiters,grayscale
Grazitti Interactive,smartrecruiters,grazittiinteractive
Green Earth,smartrecruiters,greenearth
Green Thumb Industries,smartrecruiters,greenthumbindustries
Greencross Pet Wellness Company,smartrecruiters,greencrosspetwellnesscompany
Greene King,smartrecruiters,greeneking
Greenpeace,smartrecruiters,greenpeace
Griffith University,smartrecruiters,griffithuniversity
Grist,smartrecruiters,grist
Groupon,smartrecruiters,groupon
Growe,smartrecruiters,growe
GrowthDay,smartrecruiters,growthday
Grupo Bimbo,smartrecruiters,grupobimbo
GTECH,smartrecruiters,gtech
GTGS Logistics LLC,smartrecruiters,gtgslogisticsllc
Guardant Health,smartrecruiters,guardanthealth
Guidehealth,smartrecruiters,guidehealth
GuideIT,smartrecruiters,guideit
Guzman y Gomez,smartrecruiters,guzmanygomez
GymPass,smartrecruiters,gympass
H,smartrecruiters,h1
hackajob,smartrecruiters,hackajob
HackerRank,smartrecruiters,hackerrank
Hadronts,smartrecruiters,hadronts
Hana Group,smartrecruiters,hanagroup
Hangar,smartrecruiters,hangar
"Hanna Interpreting Services, LLC",smartrecruiters,hannainterpretingservicesllc
HappyFunCorp,smartrecruiters,happyfuncorp1
Harlem Childrens Zone,smartrecruiters,harlemchildrenszone
Harnham,smartrecruiters,harnham
"Harold Jean-Louis, Inc.",smartrecruiters,haroldjean-louisinc
Harpeth Valley Utilities District,smartrecruiters,harpethvalleyutilitiesdistrict
hasbro,smartrecruiters,hasbro
HashtagTalent,smartrecruiters,hashtagtalent
Hassell Services,smartrecruiters,hassellservices
Hatch,smartrecruiters,hatch
Headway,smartrecruiters,headway
Healthcare,smartrecruiters,healthcare
Healthedge,smartrecruiters,healthedge
Healthix,smartrecruiters,healthix
hear.com,smartrecruiters,hearcom
HEC Paris in Qatar,smartrecruiters,hecparisinqatar
Hedrick Gardner Kincheloe & Garofalo LLP,smartrecruiters,hedrickgardnerkincheloegarofalollc
Heimstaden,smartrecruiters,heimstaden
Hele Logistics LLC,smartrecruiters,helelogisticsllc
Helium SEO,smartrecruiters,heliumseo
HELLA,smartrecruiters,hella
HelloKindred,smartrecruiters,hellokindred
Herbalife,smartrecruiters,herbalife
Herman Scott,smartrecruiters,hermanscott
Hexagroup,smartrecruiters,hexagroup
heyData,smartrecruiters,heydata
highbeam,smartrecruiters,highbeam
Hillstone Restaurant Group,smartrecruiters,hillstonerestaurantgroup
HIMSS,smartrecruiters,himss
Hines,smartrecruiters,hines
Hire.Ventures,smartrecruiters,hireventures
"HireIO, Inc.",smartrecruiters,hireioinc
HireRight,smartrecruiters,hireright1
HIROTEC AMERICA,smartrecruiters,hirotecamerica
Hitachi Solutions,smartrecruiters,hitachisolutions
Hive Logistics Inc,smartrecruiters,hivelogisticsinc
HiWave,smartrecruiters,hiwave
Holy Ship LLC,smartrecruiters,holyshipllc
home,smartrecruiters,home
Home Base,smartrecruiters,homebase
Home Instead,smartrecruiters,homeinsteadcare
Honeywell,smartrecruiters,honeywell
HookBang,smartrecruiters,hookbang
Hope Services,smartrecruiters,hopeservices
HopHR,smartrecruiters,hophr
Hopper,smartrecruiters,hopper
Horizon,smartrecruiters,horizon
House of Commons (Canada) / Chambre des communes (Canada),smartrecruiters,houseofcommonscanadachambredescommunescanada
House of Kaizen,smartrecruiters,houseofkaizen
Howard Simon & Associats,smartrecruiters,hs
HoYoverse,smartrecruiters,hoyoverse
HR Connect Limited,smartrecruiters,hrconnectlimited
HRForce,smartrecruiters,hrforce
HSMC,smartrecruiters,hsmc1
HSSSoft,smartrecruiters,hsssoft
HTI,smartrecruiters,hti
Huawei Technologies,smartrecruiters,huaweitechnologies2
HubSpot,smartrecruiters,hubspot
Huckberry,smartrecruiters,huckberry
Hudl,smartrecruiters,hudl
Huge Ape Media,smartrecruiters,hugeapemedia
Hume City Council,smartrecruiters,humecitycouncil
Hydrogen Research Institute,smartrecruiters,hydrogenresearchinstitute
IB,smartrecruiters,ib
iCapital Network,smartrecruiters,icapitalnetwork
Icertis,smartrecruiters,icertis
Idea Entity,smartrecruiters,ideaentity
IDIQ,smartrecruiters,idiq
IDS International,smartrecruiters,idsinternational
IEnergizer IT Services Pvt Ltd,smartrecruiters,ienergizeritservicespvtltd
IFS,smartrecruiters,ifs1
igenius,smartrecruiters,igenius
iHerb,smartrecruiters,iherb
IHRC,smartrecruiters,ro
IJM,smartrecruiters,ijm
Ikano-Retail,smartrecruiters,ikanoretail
IKEA - Al Homaizi Limited,smartrecruiters,ikea-alhomaizilimited
IKEA AL Homaizi Limited,smartrecruiters,ikeaalhomaizilimited
iMarket Global Inc,smartrecruiters,imarketglobalinc
IMASOFT,smartrecruiters,imasoft
impact,smartrecruiters,impact
ImpactAssets,smartrecruiters,impactassets
Implify Inc,smartrecruiters,implifyinc
Imprint Projects,smartrecruiters,imprintprojects
Improvado,smartrecruiters,improvado
impulse,smartrecruiters,impulse
In-Touch Insight,smartrecruiters,intouchinsight
InDebted,smartrecruiters,indebted
Independent Food Company,smartrecruiters,independentfoodcompany
Independent Software,smartrecruiters,independentsoftware
INDG,smartrecruiters,indg
Indiana University Foundation,smartrecruiters,indianauniversityfoundation
Indigo Books & Music,smartrecruiters,indigobooksmusic
IndSoft Inc,smartrecruiters,indsoftinc
Inetum,smartrecruiters,inetum2
Infinitive,smartrecruiters,infinitive
Infinity Logistics Solutions,smartrecruiters,infinitylogisticssolutions
Influ2,smartrecruiters,influ2
Informa Group Plc.,smartrecruiters,informagroupplc
InfraCloud,smartrecruiters,infracloud
Infrrd,smartrecruiters,infrrd
InGenius prep,smartrecruiters,ingeniusprep
Ingram Content Group,smartrecruiters,ingramcontentgroup1
Inland Empire Paper Co,smartrecruiters,inlandempirepaperco
InMobi,smartrecruiters,inmobi
Innovapptive,smartrecruiters,innovapptive
INSEAD,smartrecruiters,insead
insider,smartrecruiters,insider
insightsoftware,smartrecruiters,insightsoftware
Inspire Logistics LLC,smartrecruiters,inspirelogisticsllc
Instabase,smartrecruiters,instabase
Instacart,smartrecruiters,instacart
Instructure,smartrecruiters,instructure
Integra,smartrecruiters,integra
Integrated Resources INC,smartrecruiters,integratedresourcesinc
Integritee AG,smartrecruiters,integriteeag
IntellectEU,smartrecruiters,intellecteu
IntelligenceBank,smartrecruiters,intelligencebank
Intellyk INC,smartrecruiters,intellykinc
Interaction,smartrecruiters,interaction
Interactive Strategies,smartrecruiters,interactivestrategies
Intercloud,smartrecruiters,intercloud
International SOS Government Medical Services,smartrecruiters,internationalsosgovernmentmedicalservices
InterNations,smartrecruiters,internations
Intertek,smartrecruiters,intertek
Interview Kickstart,smartrecruiters,interviewkickstart
interworks,smartrecruiters,interworks
Intuit,smartrecruiters,intuit2
Intuitive,smartrecruiters,intuitive
Inventure Academy,smartrecruiters,inventureacademy
InVita Healthcare Technologies,smartrecruiters,invitahealthcaretechnologies
IOTA GROUP,smartrecruiters,iotagroup
iPipeline,smartrecruiters,ipipeline
ipromo,smartrecruiters,ipromo
Ipsos,smartrecruiters,ipsos
irca Group,smartrecruiters,ircagroup
iris worldwide,smartrecruiters,irisworldwide
Iron Cumberland LLC,smartrecruiters,ironcumberlandllc
isc,smartrecruiters,isc
ISC,smartrecruiters,isc2
iSchool,smartrecruiters,ischool
Islandsbanki,smartrecruiters,islandsbanki
ISLG,smartrecruiters,bit
Isp Tech,smartrecruiters,isptech
"iSpace, Inc.",smartrecruiters,ispaceinc
IT,smartrecruiters,it1
It's Pretty Hair,smartrecruiters,itsprettyhair
ITG,smartrecruiters,itg
ITX,smartrecruiters,itx
J,smartrecruiters,j4
J.S. Held LLC,smartrecruiters,jsheldllc
Jack Link's Protein Snacks,smartrecruiters,jacklinksproteinsnacks
Jackie Talmo Decor,smartrecruiters,jackietalmodecor
Jacq Bennett Consulting,smartrecruiters,jacqbennettconsulting
Janea Systems,smartrecruiters,janeasystems
Jay Peak Resort,smartrecruiters,jaypeakresort
JB Consulting,smartrecruiters,jbconsulting
jbi digital,smartrecruiters,jbidigital
JBN LOGISTICS LLC,smartrecruiters,jbnlogisticsllc
JeffreyM Consulting,smartrecruiters,jeffreymconsulting
Jellysmack,smartrecruiters,jellysmack
jetfuel.agency,smartrecruiters,jetfuelagency
JJ:L,smartrecruiters,niche
JLS Trading Co,smartrecruiters,jlstradingco
JM Parcel Service LLC,smartrecruiters,jmparcelservicellc
JM Recruiting,smartrecruiters,jmrecruiting
JMAC Lending,smartrecruiters,jmaclending
jobandtalent,smartrecruiters,jobandtalent
jobboard,smartrecruiters,jobboard
Jobnath,smartrecruiters,jobnath
jobs,smartrecruiters,jobs
Jobs for Humanity,smartrecruiters,jobsforhumanity
John Snow Labs,smartrecruiters,johnsnowlabs
Josefs Pharmacy,smartrecruiters,josefspharmacy
Joveo Sandbox,smartrecruiters,joveosandbox
Juicebox,smartrecruiters,juicebox
Jumia,smartrecruiters,jumia4
Jumio,smartrecruiters,jumio
JumpCloud,smartrecruiters,jumpcloud
Jungle Scout,smartrecruiters,junglescout
Junglee Games,smartrecruiters,jungleegames
Junior,smartrecruiters,junior
Junior Adventures Group,smartrecruiters,junioradventuresgroup
JustWatch,smartrecruiters,justwatch
Justworks,smartrecruiters,justworks
JYSK,smartrecruiters,jysk
K Quest LLC,smartrecruiters,kquestllc
"K2 Group, INC.",smartrecruiters,k2groupinc
K2 Partnering,smartrecruiters,k2partnering
Kabam,smartrecruiters,kabam
Kaiyo,smartrecruiters,kaiyo
Kanadevia Inova,smartrecruiters,kanadeviainova
KANO/APPS,smartrecruiters,kanoapps
Kargo,smartrecruiters,kargo
Kaskada,smartrecruiters,kaskada
Keenans Estate Agents Limited,smartrecruiters,keenansestateagentslimited
Keenfinity,smartrecruiters,keenfinity
KeenLogic,smartrecruiters,keenlogic
KeepSafe,smartrecruiters,keepsafe
Kegman Inc.,smartrecruiters,kegmaninc
KELLEN,smartrecruiters,kellen
Kensington Tours,smartrecruiters,kensingtontours
Kepler Cheuvreux,smartrecruiters,keplercheuvreux
Keywords Studios,smartrecruiters,KeywordsStudios
KGS Technology Group Inc,smartrecruiters,kgstechnologygroupinc
Kickmaker,smartrecruiters,kickmaker
Kimmel & Associates,smartrecruiters,kimmelassociates
Kimoha Technologies,smartrecruiters,kimohatechnologies
KINGfisher,smartrecruiters,kingfisher2
Kinsta,smartrecruiters,kinsta
KIPP,smartrecruiters,kipp
Kisco Senior Living,smartrecruiters,kiscoseniorliving
Kitopi,smartrecruiters,kitopi
Kiva.org,smartrecruiters,kivaorg
KIXEYE,smartrecruiters,kixeye
Klap6,smartrecruiters,klap6
Klick,smartrecruiters,klick1
KMS Technology,smartrecruiters,kmstechnology1
knack,smartrecruiters,knack
Knobelsdorff Enterprises,smartrecruiters,knobelsdorffenterprises
Knowhirematch,smartrecruiters,knowhirematch
Kobiton,smartrecruiters,kobiton
KOKO,smartrecruiters,koko
Kombo,smartrecruiters,kombo
Konrad Group,smartrecruiters,konradgroup
KordaMentha,smartrecruiters,kordamentha
KPFF Consulting Engineers,smartrecruiters,kpffconsultingengineers
KPMG Australia,smartrecruiters,kpmgaustralia1
KPN,smartrecruiters,kpn
KQED,smartrecruiters,kqed
Kredx,smartrecruiters,kredx
krg technology inc,smartrecruiters,krgtechnologyinc
Kruze consulting,smartrecruiters,kruzeconsulting
Kuba Pay,smartrecruiters,kubapay
KUBRA,smartrecruiters,kubra
kuda,smartrecruiters,kuda
Kuehne-Nagel,smartrecruiters,kuehne-nagel
Kurt Geiger,smartrecruiters,kurtgeiger
KVH,smartrecruiters,kvh
Kyivstar,smartrecruiters,kyivstar
Kynect Express LLC,smartrecruiters,kynectexpressllc
L'OCCITANE,smartrecruiters,loccitane
LA Clippers,smartrecruiters,laclippers
LabAnswer,smartrecruiters,labanswer
Labor Finders,smartrecruiters,laborfinders
Labour 24/7 Limited,smartrecruiters,labour247limited
Lacedaemon Distributions LLC,smartrecruiters,lacedaemondistributionsllc
"Lakeshore Learning Materials, LLC",smartrecruiters,lakeshore
lalamove,smartrecruiters,lalamove
Lam Research,smartrecruiters,lamresearch
LAMBDA,smartrecruiters,lambda
Landmark Hospitality,smartrecruiters,landmarkhospitality
LANDPOINT,smartrecruiters,landpoint
Landscape Solutions,smartrecruiters,landscapesolutions
LanguageWire,smartrecruiters,languagewire
Larvol,smartrecruiters,larvol
Lasan Group,smartrecruiters,lasangroup
LATCH,smartrecruiters,latch
later,smartrecruiters,later
Leading Educators,smartrecruiters,leadingeducators
LeanTaaS,smartrecruiters,leantaas
Leap,smartrecruiters,leap
LEAPWORK,smartrecruiters,leapwork
Learnosity,smartrecruiters,learnosity
Legacy Engineering,smartrecruiters,legacyengineering
LegalMatch,smartrecruiters,legalmatch
Lemon.io,smartrecruiters,lemonio
Lendha,smartrecruiters,lendha
Lendi Group,smartrecruiters,lendigroup1
LendingTree,smartrecruiters,lendingtree
Lengow,smartrecruiters,lengow
Levee,smartrecruiters,levee
Level,smartrecruiters,level
Levelset,smartrecruiters,levelset
LevelUp,smartrecruiters,levelup
Levio,smartrecruiters,levio
Lextorah LDS,smartrecruiters,lextorahlds
LGC Group,smartrecruiters,lgcgroup
LGI Homes,smartrecruiters,lgihomes
LHC LOGISTICS LLC,smartrecruiters,lhclogisticsllc
Liberty Mutual,smartrecruiters,libertymutual
lieberman,smartrecruiters,lieberman
Life Line Screening,smartrecruiters,lifelinescreening
"Lifted, an Upwork Company™",smartrecruiters,liftedanupworkcompany
LIFTOFF DELIVERY LLC,smartrecruiters,liftoffdeliveryllc
Light & Wonder,smartrecruiters,lightwonder
Lightyear,smartrecruiters,lightyear
Likewise,smartrecruiters,likewise
Linea Energy,smartrecruiters,lineaenergy
LineLeap,smartrecruiters,lineleap
Linen Chest,smartrecruiters,linenchest
Ling,smartrecruiters,ling
Lingatech,smartrecruiters,lingatech
LingoAce,smartrecruiters,lingoace
LinkedIn,smartrecruiters,linkedin3
LinuxBean Solution Pvt Ltd,smartrecruiters,linuxbeansolutionpvtltd
Literably,smartrecruiters,literably
LivePerson,smartrecruiters,liveperson
Living goods,smartrecruiters,livinggoods
Livo,smartrecruiters,livo
LLNL,smartrecruiters,llnl
Lodestar,smartrecruiters,lodestar
LOFT,smartrecruiters,loft
Logan Staffing,smartrecruiters,schulz
LogiNext,smartrecruiters,loginext
Longbridge Financial,smartrecruiters,longbridgefinancial
LoopMe,smartrecruiters,loopme
Lopez & Associates,smartrecruiters,lopezassociates
Louis Dreyfus Company,smartrecruiters,louisdreyfuscompany
LTV,smartrecruiters,ltv
Lucid Software,smartrecruiters,lucidsoftware
Lupin Pharmaceuticals,smartrecruiters,lupinpharmaceuticals
"Luxe Media, LLC",smartrecruiters,luxemediallc
Luxury Escapes,smartrecruiters,luxuryescapes
Luxus,smartrecruiters,luxus
Luxy Hair,smartrecruiters,luxyhair
Lyft,smartrecruiters,lyft
"Lynch Consultants, LLC",smartrecruiters,lynchconsultantsllc
LynxPath Logistics,smartrecruiters,lynxpathlogistics
Lyst,smartrecruiters,lyst
Lyte,smartrecruiters,lyte
M,smartrecruiters,m13
M3,smartrecruiters,m3
M3USA,smartrecruiters,m3usa
M9 Solutions,smartrecruiters,m9solutions
Mable,smartrecruiters,mable
MACH,smartrecruiters,mach
Machineyard.com.ng,smartrecruiters,machineyardcomng
MACSEYE,smartrecruiters,macseye
MacTay Consulting,smartrecruiters,mactayconsulting
Macys,smartrecruiters,macys
MadHive,smartrecruiters,madhive
madilo srl,smartrecruiters,madilosrl
Madison Ave Consulting,smartrecruiters,madisonaveconsulting
Magellan Partners,smartrecruiters,magellanpartners
Magic Ears,smartrecruiters,magicears
Maglev Aero Inc.,smartrecruiters,maglevaeroinc
magnolia,smartrecruiters,magnolia
MainspringEnergy,smartrecruiters,mainspringenergy
Malwarebytes,smartrecruiters,malwarebytes
MAM BABY,smartrecruiters,mambaby
Mama Money,smartrecruiters,mamamoney
manifest,smartrecruiters,manifest
Manila Recruitment,smartrecruiters,manilarecruitment
Marex,smartrecruiters,marex
Mariner Partners Inc.,smartrecruiters,marinerpartnersinc
Mariners Church,smartrecruiters,marinerschurch
Market Force,smartrecruiters,marketforce
MarketBridge,smartrecruiters,marketbridge
Marlabs Inc,smartrecruiters,marlabsinc1
MAS Holdings,smartrecruiters,masholdings
Masdar,smartrecruiters,masdar
Masimo,smartrecruiters,masimo
Massive Rocket,smartrecruiters,massiverocket
Master Class,smartrecruiters,masterclass
MasterBrand Cabinets LLC,smartrecruiters,masterbrandcabinetsllc
MasterCard,smartrecruiters,mastercard
Mathematica,smartrecruiters,mathematica
MATRIX RESOURCES,smartrecruiters,matrixresources1
MATTE projects,smartrecruiters,matteprojects
Mattel,smartrecruiters,mattelinc
Maurice Blackburn Lawyers,smartrecruiters,mauriceblackburnlawyers1
Max Mara Fashion Group,smartrecruiters,maxmarafashiongroup
Maxima,smartrecruiters,maxima
Maximus,smartrecruiters,maximus
"MBA Consulting Services, Inc. (MBA CSi)",smartrecruiters,mbacsi
McCloskey Partners,smartrecruiters,mccloskeypartners
McDonald's Corporation,smartrecruiters,mcdonaldscorporation
McDonald's Restaurants,smartrecruiters,mcdonaldscanada
McFadyen Digital,smartrecruiters,mcfadyendigital
MCG,smartrecruiters,mcg1
McGee Air Services,smartrecruiters,mcgeeairservices
mci,smartrecruiters,mci
McKesson,smartrecruiters,mckesson4
Mco,smartrecruiters,mco
"McWane, Inc.",smartrecruiters,mcwaneinc
Mdn,smartrecruiters,mdn
MealSuite,smartrecruiters,mealsuite
MedHealth,smartrecruiters,medhealth3
Mediabrands,smartrecruiters,mediabrands
MediaTrust,smartrecruiters,mediatrust
Medical Guardian,smartrecruiters,medicalguardian
MEDMARK,smartrecruiters,medmark
medmix,smartrecruiters,medmix
Medsien,smartrecruiters,medsien
Medtelligent,smartrecruiters,medtelligent
MedTrainer,smartrecruiters,medtrainer
MEDVACON,smartrecruiters,medvacon
Meesho,smartrecruiters,meesho
Meeting Tomorrow,smartrecruiters,meetingtomorrow
Mejuri,smartrecruiters,mejuri
Mercado Libre,smartrecruiters,mercadolibre
Mercer Advisors,smartrecruiters,merceradvisors
Mercury,smartrecruiters,mercury
Mercury Insurance,smartrecruiters,mercuryinsurance
Mercury Logistics Group,smartrecruiters,mercurylogisticsgroup
Merit Solutions,smartrecruiters,meritsolutions
"MessageGears, LLC",smartrecruiters,messagegearsllc
MET Group,smartrecruiters,metgroup
Meta,smartrecruiters,meta1
MetaOption LLC,smartrecruiters,metaoption
Metaview,smartrecruiters,metaview
Metro,smartrecruiters,metro
METRO/MAKRO,smartrecruiters,metromakro
Metronome,smartrecruiters,metronome
MicroCoders LLC,smartrecruiters,microcodersllc
Micron,smartrecruiters,micron
Microsoft,smartrecruiters,microsoft
Microsoft C,smartrecruiters,microsoftc1
Midwest Special Services,smartrecruiters,midwestspecialservices
"Mike Freeman Chevrolet, INC.",smartrecruiters,mikefreemanchevroletinc
Milton CAT,smartrecruiters,miltoncat
Milum Express LLC,smartrecruiters,milumexpressllc
Mindlance,smartrecruiters,mindlance2
MindTickle,smartrecruiters,mindtickle
Minor International,smartrecruiters,minorinternational
Minted,smartrecruiters,minted
Mirage Automatisering BV,smartrecruiters,mirage
Mirantis,smartrecruiters,mirantis
Miratech,smartrecruiters,miratech1
MISSIONS INC.,smartrecruiters,missionsinc
MIT RESOURCE,smartrecruiters,mitresource
Mithril,smartrecruiters,mithril
Mitratech,smartrecruiters,mitratech
mkopa,smartrecruiters,mkopa
"MobiDavs, LLC",smartrecruiters,devpro
MobilityWare,smartrecruiters,mobilityware
Model N,smartrecruiters,modeln
Modern Geographic Technologies Corp,smartrecruiters,moderngeographictechnologiescorp
Mole Street,smartrecruiters,molestreet
Momentum Financial Services Group,smartrecruiters,momentumfinancialservicesgroup
Moneythink,smartrecruiters,moneythink
"Monro, Inc.",smartrecruiters,monroinc
Monterail,smartrecruiters,monterail
Montreal Associates,smartrecruiters,montrealassociates
Moonpig,smartrecruiters,moonpig
Morgan stanley,smartrecruiters,morganstanley
Morgan's Wonderland Camp,smartrecruiters,morganswonderlandcamp
Moro Tech,smartrecruiters,morotech
MOS,smartrecruiters,mos
MOSAIC,smartrecruiters,mosaic
Mountfitchet Group,smartrecruiters,mountfitchetgroup
Moving Picture Company,smartrecruiters,movingpicturecompany
Moxie,smartrecruiters,moxie
MPower Direct,smartrecruiters,mpowerdirect
Mr Apple,smartrecruiters,mrapple
MSC - Mediterranean Shipping Company,smartrecruiters,msc-mediterraneanshippingcompany
MSM,smartrecruiters,msm
MSX International,smartrecruiters,msxinternational
mta,smartrecruiters,mta
Much Prosperity Trading International Inc.,smartrecruiters,muchprosperitytradinginternationalinc
Multiplica Talent,smartrecruiters,multiplicatalent
Munson Healthcare,smartrecruiters,munsonhealthcare1
My NRMA,smartrecruiters,mynrma
My Team,smartrecruiters,myteam
MyTime,smartrecruiters,mytime
MyTutor,smartrecruiters,mytutor
N,smartrecruiters,n1
N,smartrecruiters,n4
n.l.c,smartrecruiters,nlc
Nagarro,smartrecruiters,nagarro1
Namshi,smartrecruiters,namshi
Napier,smartrecruiters,napier
Narvar,smartrecruiters,narvar
naseba,smartrecruiters,naseba
Natera,smartrecruiters,natera
National Debt Relief,smartrecruiters,nationaldebtrelief
National Vision,smartrecruiters,nationalvision1
native,smartrecruiters,native
NATIVE HEALTH,smartrecruiters,nativehealth
Nativo,smartrecruiters,nativo
Natixis in Portugal,smartrecruiters,natixisinportugal
Natuvion GmbH,smartrecruiters,natuviongmbh
NAVA+,smartrecruiters,nava
Nayya,smartrecruiters,nayya
NBCUniversal,smartrecruiters,nbcuniversal3
NCC,smartrecruiters,ncc
nch,smartrecruiters,nch
nClouds,smartrecruiters,nclouds
NCS,smartrecruiters,ncs
NCS Australia,smartrecruiters,ncsaustralia
nearForm,smartrecruiters,nearform
Nearsure,smartrecruiters,nearsure
Nebula,smartrecruiters,nebula
NECSWS,smartrecruiters,necsws
Neo Financial,smartrecruiters,neofinancial
Neoris,smartrecruiters,neoris
NeoSpheres,smartrecruiters,neospheres
Netcompany,smartrecruiters,netcompany1
NetDocuments,smartrecruiters,netdocuments
Netflix,smartrecruiters,netflix
Netomi,smartrecruiters,netomi
NetQuest,smartrecruiters,netquest
Netural,smartrecruiters,netural
NetWorth Realty USA,smartrecruiters,networthrealtyusa
netx,smartrecruiters,netx
New Century Education,smartrecruiters,newcenturyeducation
New England Donor Services,smartrecruiters,newenglanddonorservices
New Legacy Logistics LLC,smartrecruiters,newlegacylogisticsllc
New Relic,smartrecruiters,newrelic
New Venture Fund,smartrecruiters,newventurefund
New York Psychotherapy and Counseling Center,smartrecruiters,newyorkpsychotherapyandcounselingcenter
News Revenue Hub,smartrecruiters,newsrevenuehub
Newsela,smartrecruiters,newsela
Newton,smartrecruiters,newton
Newton Europe,smartrecruiters,newtoneurope
NEXGEN TECHNOLOGIES,smartrecruiters,nexgentechnologies
Nexio Projects,smartrecruiters,nexioprojects
Next Step Systems,smartrecruiters,nextstepsystems
NEXTDC,smartrecruiters,nextdc
Nextdoor,smartrecruiters,nextdoor
Nexthink,smartrecruiters,nexthink
NexusOP,smartrecruiters,nexusop
Nexvel Solutions,smartrecruiters,nexvelsolutions
nfrastructure,smartrecruiters,nfrastructure
NielsenIQ,smartrecruiters,nielseniq
Nityo Infotech,smartrecruiters,nityoinfotech1
NJIT,smartrecruiters,njit
NoBroker,smartrecruiters,NoBroker
nokia,smartrecruiters,nokia
Northbeam,smartrecruiters,northbeam
Northstar Logistics LLC DBA Northstar Logistics NYC,smartrecruiters,northstarlogisticsllcdbanorthstarlogisticsnyc
Northwestern Memorial Healthcare,smartrecruiters,northwesternmedicine
Northwestern Mutual,smartrecruiters,northwesternmutual
Norwegian Cruise Line,smartrecruiters,norwegiancruiseline
Notable,smartrecruiters,notable
Novum Research,smartrecruiters,maps
nscglobal,smartrecruiters,nscglobal
NSD Tech Inc,smartrecruiters,nsdtechinc
NST. Inc.,smartrecruiters,nstinc
NT Concepts,smartrecruiters,ntconcepts
NTT Data,smartrecruiters,nttdata
Nubank,smartrecruiters,nubank
NVIDIA,smartrecruiters,nvidia
NXTKEY CORPORATION,smartrecruiters,nxtkeycorporation
NYC Delivery LLC,smartrecruiters,nycdeliveryllc
NYIT,smartrecruiters,nyit
Ocelot Logistics LLC,smartrecruiters,ocelotlogisticsllc
OCI,smartrecruiters,oci
Ocorian,smartrecruiters,ocorian
OCTO Technology,smartrecruiters,octotechnology
Octopus,smartrecruiters,octopus1
Odaseva,smartrecruiters,odaseva
OECD,smartrecruiters,oecd
Oetiker,smartrecruiters,oetiker
OfferUp,smartrecruiters,offerup
Office Depot,smartrecruiters,officedepot
OfficeSpace Software,smartrecruiters,officespacesoftware
OFX,smartrecruiters,ofx1
Ogury,smartrecruiters,ogury
Oklahoma Department of Human Services,smartrecruiters,oklahomadepartmentofhumanservices
Oliver & Bonacini,smartrecruiters,oliverbonacini
Olympus Property,smartrecruiters,olympusproperty
Omada Health,smartrecruiters,omadahealth
Omio,smartrecruiters,omio1
Omni,smartrecruiters,omni
OMS,smartrecruiters,oms
On The Stage,smartrecruiters,onthestage
Onecore,smartrecruiters,onecore
OneVest,smartrecruiters,onevest
Onfido,smartrecruiters,onfido
"OnSite Care, Inc.",smartrecruiters,onsitecareinc
Ontario Transit Group,smartrecruiters,ontariotransitgroup
Ooma,smartrecruiters,ooma
Oowlish,smartrecruiters,oowlish
Open,smartrecruiters,open
Open Road,smartrecruiters,openroad
Open Road Media,smartrecruiters,openroadmedia
OpenJobs,smartrecruiters,openjobs
optimum,smartrecruiters,optimum
Opus,smartrecruiters,opus2
Oracle,smartrecruiters,oracle
ORAU,smartrecruiters,orau
orbit,smartrecruiters,orbit
Order,smartrecruiters,order
OrderMyGear,smartrecruiters,ordermygear
Origami Risk,smartrecruiters,origamirisk
Orsini Healthcare,smartrecruiters,orsinihealthcare
Other,smartrecruiters,other
Owner,smartrecruiters,owner
Oxfam America,smartrecruiters,oxfamamerica2
Oxford International,smartrecruiters,oxfordinternational
PA Consulting,smartrecruiters,paconsulting
Pace,smartrecruiters,pace
Pacifica continental,smartrecruiters,pacificacontinental
Packt publishing,smartrecruiters,packtpublishing
PagerDuty,smartrecruiters,pagerduty
Paladin Technologies,smartrecruiters,paladintechnologies
Palantir,smartrecruiters,palantir
Palm Medical Centers,smartrecruiters,palmmedicalcenters
Paradigm,smartrecruiters,paradigm
Paradox,smartrecruiters,paradox
Paraform,smartrecruiters,paraform
Paragon,smartrecruiters,paragon
ParentSquare,smartrecruiters,parentsquare
parker,smartrecruiters,parker
Parkland,smartrecruiters,parkland
Parman Energy,smartrecruiters,parmanenergy
Parrot,smartrecruiters,parrot
PatientPoint,smartrecruiters,patientpoint
Payscale,smartrecruiters,payscale
PDT Partners,smartrecruiters,pdtpartners
Peacocks,smartrecruiters,peacocks
Peak Games,smartrecruiters,peakgames
Peak Performance,smartrecruiters,peakperformance
Peek,smartrecruiters,peek
Pegadaian,smartrecruiters,pegadaian
Percepta,smartrecruiters,percepta
Perennial,smartrecruiters,perennial
Perforce Software,smartrecruiters,perforce
PerformYard,smartrecruiters,performyard
Perplexity,smartrecruiters,perplexity
Persado,smartrecruiters,persado
Persistent Systems,smartrecruiters,persistentsystems
PEXA,smartrecruiters,pexa
Phase2Careers,smartrecruiters,phase2careers
"Phil, Inc.",smartrecruiters,philinc
Phillips Consulting,smartrecruiters,phillipsconsulting
PhonePe,smartrecruiters,phonepe
PhotoShelter,smartrecruiters,photoshelter
Pie Insurance,smartrecruiters,pieinsurance
Pillar Technology,smartrecruiters,pillartechnology
Pilmico Foods Corporation,smartrecruiters,pilmicofoodscorporation
Pilot Company,smartrecruiters,pilotcompany
Ping Identity,smartrecruiters,pingidentity
Pinterest,smartrecruiters,pinterest
"Pioneer Data Systems, Inc",smartrecruiters,pioneerdatasystemsinc
Pipedrive,smartrecruiters,pipedrive
Pipeworks,smartrecruiters,pipeworks
piramal,smartrecruiters,piramal
Pivotal,smartrecruiters,pivotal
Placements.io,smartrecruiters,placementsio
Planet Beauty,smartrecruiters,planetbeauty
Plante Moran,smartrecruiters,plantemoran
Platzi,smartrecruiters,platzi
Playtech,smartrecruiters,playtech
Playto Labs,smartrecruiters,playtolabs
pMDsoft,smartrecruiters,pmdsoft
Polestar,smartrecruiters,polestar
PolicyStreet,smartrecruiters,policystreet
PortKey Delivery LLC,smartrecruiters,portkeydeliveryllc
Portonics Limited,smartrecruiters,portonicslimited
power,smartrecruiters,power
Pran group,smartrecruiters,prangroup
Praxent,smartrecruiters,praxent
Praytell,smartrecruiters,praytell
PRC,smartrecruiters,prc
PRDC,smartrecruiters,prdc
Precision Logistics Corp,smartrecruiters,precisionlogisticscorp
Precision Technologies,smartrecruiters,precisiontechnologies1
Prelude,smartrecruiters,prelude
Premier Logistics Incorporated,smartrecruiters,premierlogisticsincorporated
Presidency Solutions,smartrecruiters,presidencysolutions1
PRESTIGE,smartrecruiters,prestige
Prezi.com Kft.,smartrecruiters,prezi
Primary,smartrecruiters,primary
Primary Source Care Ltd,smartrecruiters,primarysourcecareltd
PrimeSkill Staffing,smartrecruiters,primeskillstaffing1
Pro Stop Recruitment,smartrecruiters,prostoprecruitment
ProAutomated,smartrecruiters,proautomated
ProcDNA,smartrecruiters,procdna
Procom Consultants Group,smartrecruiters,procomconsultantsgroup
PROCON,smartrecruiters,procon
Product School,smartrecruiters,productschool
"Proficio, Inc.",smartrecruiters,proficioinc
Progression Recruitment LLP,smartrecruiters,progressionrecruitmentllp
Project Bread,smartrecruiters,projectbread
Prominence Advisors,smartrecruiters,prominenceadvisors
pronto,smartrecruiters,pronto
proSapient,smartrecruiters,prosapient
"ProSidian Consulting, LLC",smartrecruiters,prosidianconsulting
Protera,smartrecruiters,protera
ProtoLabs,smartrecruiters,protolabs
Provectus,smartrecruiters,provectus
PSG Global Solutions,smartrecruiters,psgglobalsolutions2
PSI CRO,smartrecruiters,psicro
PT Angkasa Pura II (Persero),smartrecruiters,ptangkasapuraiipersero22
PTC,smartrecruiters,ptc
Ptg,smartrecruiters,ptg
Public Storage,smartrecruiters,publicstorage
PubMatic,smartrecruiters,pubmatic
"PurpleBox, Inc.",smartrecruiters,purpleboxinc
PwC Portugal,smartrecruiters,pwcportugal
Pylon,smartrecruiters,pylon
pymetrics,smartrecruiters,pymetrics
Pythian,smartrecruiters,pythian
Q-CTRL,smartrecruiters,q-ctrl
"QAD, Inc.",smartrecruiters,qadinc
Qflow,smartrecruiters,qflow
QIMA,smartrecruiters,qima
Qoala,smartrecruiters,qoala
QONTO,smartrecruiters,qonto
Qoria,smartrecruiters,qoria
Qsic,smartrecruiters,qsic
Qualco,smartrecruiters,qualco
Qualdoc,smartrecruiters,qualdoc
Qualia,smartrecruiters,qualia
QualiTest,smartrecruiters,qualitest1
Quality Education Company,smartrecruiters,qualityeducationcompany
Quality Tank Solutions,smartrecruiters,qualitytanksolutions
QualityLogic,smartrecruiters,qualitylogic
Qualysoft,smartrecruiters,qualysoft
Quanticate,smartrecruiters,quanticate
Quantum Motion,smartrecruiters,quantummotion
quartic.ai,smartrecruiters,quarticai
Quest,smartrecruiters,quest
Quest Diagnostics,smartrecruiters,questdiagnostics7
Quicken Loans,smartrecruiters,quickenloans3
QuintoAndar,smartrecruiters,quintoandar
Qwilr,smartrecruiters,qwilr
r,smartrecruiters,r2
R&R Business Consultants,smartrecruiters,rrbusinessconsultants
RA,smartrecruiters,ra2
Rackner,smartrecruiters,rackner
Radius Limited,smartrecruiters,radiuslimited
"Radon Solutions, Inc.",smartrecruiters,radonsolutionsinc
RAI,smartrecruiters,rai
Rain,smartrecruiters,rain
RAKUNA,smartrecruiters,rakuna1
Rally Assets,smartrecruiters,rallyassets
Ramboll,smartrecruiters,ramboll3
Rapp,smartrecruiters,rapp
Rapsodo,smartrecruiters,rapsodo
Rated People,smartrecruiters,ratedpeople
RavenPack,smartrecruiters,ravenpack
RCH Solutions,smartrecruiters,rchsolutions
RE/SPEC Inc.,smartrecruiters,respecinc
ReadMe,smartrecruiters,readme
RealDefense,smartrecruiters,realdefense
RealSelf,smartrecruiters,realself
Recidiviz,smartrecruiters,recidiviz
RecruitLoop,smartrecruiters,recruitloop
Recurly,smartrecruiters,recurly
Red Arch Solutions,smartrecruiters,redarchsolutions
Red Carpet Logistics LLC,smartrecruiters,redcarpetlogisticsllc
Red Clay Consulting,smartrecruiters,redclayconsulting
Red Knight Solutions,smartrecruiters,redknightsolutions
Red Nucleus,smartrecruiters,rednucleus
Red Ventures,smartrecruiters,redventures
REDICA Systems,smartrecruiters,redicasystems
Reedsy,smartrecruiters,reedsy
reformation,smartrecruiters,reformation
Reiss,smartrecruiters,reiss
Reitmans (Canada) Ltée/Ltd,smartrecruiters,reitmanscanadalteltd
Relais & Châteaux,smartrecruiters,relaischateaux
ReliaTrack Logistics LLC,smartrecruiters,reliatracklogisticsllc
Reltio,smartrecruiters,reltio
Relu,smartrecruiters,relu
Remote-Recruitment,smartrecruiters,remoterecruitment
remoteva,smartrecruiters,remoteva
Renaissance,smartrecruiters,renaissance
Renesas Electronics,smartrecruiters,renesaselectronics
Renewed Vision,smartrecruiters,renewedvision
Renovco,smartrecruiters,renovco
Rent the Runway,smartrecruiters,renttherunway
REPA GROUP,smartrecruiters,repagroup
Reporters Committee for Freedom of the Press,smartrecruiters,reporterscommitteeforfreedomofthepress
RepRisk AG,smartrecruiters,repriskag
rePurpose Global,smartrecruiters,repurposeglobal
res,smartrecruiters,res
ReSource Pro,smartrecruiters,resourcepro
"Resourcex,Inc.",smartrecruiters,resourcexinc
Rest,smartrecruiters,rest1
Resultant,smartrecruiters,resultant
Rethink,smartrecruiters,rethink
retired,smartrecruiters,retired
Rev,smartrecruiters,rev
Revaia,smartrecruiters,revaia
Revalize,smartrecruiters,revalize
Reveal MedSpa,smartrecruiters,reveal
Revenue Analytics,smartrecruiters,revenueanalytics
Reverb,smartrecruiters,reverb
ReversingLabs,smartrecruiters,reversinglabs
Reward Gateway,smartrecruiters,rewardgateway
Rewards Network,smartrecruiters,rewardsnetwork
REXEL,smartrecruiters,rexel1
Rezedent.com,smartrecruiters,rezedentcom
RFI Global,smartrecruiters,rfiglobal
RGA,smartrecruiters,rga
RGI,smartrecruiters,rgi
RHB Singapore,smartrecruiters,rhbsingapore
"Rhyno Logistics, Inc",smartrecruiters,rhynologisticsinc
RhynoCare,smartrecruiters,rhynocare
Ridgely Logistics LLC,smartrecruiters,ridgelylogisticsllc
RightEye,smartrecruiters,righteye
Rippling,smartrecruiters,rippling
Riscure,smartrecruiters,riscure
"RKL & Associates, LLC",smartrecruiters,rkl
RLB,smartrecruiters,rlb
Road Runner Sports,smartrecruiters,roadrunnersports
robusta,smartrecruiters,robusta
Rocket Internet,smartrecruiters,rocketinternet
Rocketmiles,smartrecruiters,rocketmiles
Rockford Bride,smartrecruiters,rockfordbride
Rodeo FX,smartrecruiters,rodeofx
Roland & Associates,smartrecruiters,rolandassociates
Roland Berger,smartrecruiters,rolandberger
Rosso Restaurant & Bar,smartrecruiters,rossorestaurantbar
Rotork,smartrecruiters,rotork1
ROUSH,smartrecruiters,roush
Rowan,smartrecruiters,rowan
RR Donnelley,smartrecruiters,rrdonnelley
RTI,smartrecruiters,rti
RUMBLE,smartrecruiters,rumble
RYTHM,smartrecruiters,rythm
Sab,smartrecruiters,sab
SAC,smartrecruiters,sac
"SAFEWAY GARAGE DOORS, LLC",smartrecruiters,safewaygaragedoorsllc
Sahara,smartrecruiters,sahara
Sahara Kuwait Resort,smartrecruiters,saharakuwaitresort
SAHL,smartrecruiters,sahl
SAI,smartrecruiters,sai
Sajix Software Solution Private Limited,smartrecruiters,sajixsoftwaresolutionprivatelimited
Sales Consulting,smartrecruiters,salesconsulting
Sales Focus Inc,smartrecruiters,salesfocusinc
SalesHUB,smartrecruiters,saleshub
SALIX Data Africa Limited,smartrecruiters,salixdataafricalimited
Samasource,smartrecruiters,samasource
Samsung,smartrecruiters,samsung1
Samsung by Korn Ferry,smartrecruiters,samsung-by-korn-ferry
Sana Commerce,smartrecruiters,sanacommerce
Sandisk,smartrecruiters,sandisk
Sandy Hook Promise,smartrecruiters,sandyhookpromise
Sanford Health,smartrecruiters,sanfordhealth
Sans,smartrecruiters,sans2
Santen,smartrecruiters,santen
SAP,smartrecruiters,sap
Sawyer Studios,smartrecruiters,sawyerstudios
Say Operations LLC,smartrecruiters,sayoperationsllc
sbec,smartrecruiters,sbec
"SBT Global, Inc.",smartrecruiters,sbtglobalinc
Scalable GmbH,smartrecruiters,scalablegmbh
scalr,smartrecruiters,scalr
Scentbird,smartrecruiters,scentbird
Schneider Downs,smartrecruiters,schneiderdowns
Schonfeld,smartrecruiters,schonfeld
Schroders,smartrecruiters,schroders
Schréder,smartrecruiters,schrder
Schwebel Baking Company,smartrecruiters,schwebelbakingcompany
Scopic Software,smartrecruiters,scopicsoftware
Scyne Advisory,smartrecruiters,scyneadvisory
SDS,smartrecruiters,sds
SDSURF,smartrecruiters,sdsurf
SEA Ventures,smartrecruiters,seaventures
Seamen's Bank,smartrecruiters,seamensbank
Seamless.AI,smartrecruiters,seamlessai
Search,smartrecruiters,search
Sears,smartrecruiters,sears2
Seasats,smartrecruiters,seasats
Second Nature,smartrecruiters,secondnature
Sectigo,smartrecruiters,sectigo
Secure Parcel Delivery LLC,smartrecruiters,secureparceldeliveryllc
Secure Transit and Logistics LLC,smartrecruiters,securetransitandlogisticsllc
Securitas,smartrecruiters,securitas
"Securitas Security Services USA, Inc.",smartrecruiters,securitassecurityservicesusainc
SecZetta,smartrecruiters,seczetta
SEER Interactive,smartrecruiters,seerinteractive
Segula Technologies,smartrecruiters,segulatechnologies
SEI,smartrecruiters,sei
SellAnyCar.com,smartrecruiters,sellanycarcom
Senqu HR Solutions,smartrecruiters,senquhrsolutions
Sensia,smartrecruiters,sensia
SensorTower,smartrecruiters,sensortower
SEP,smartrecruiters,sep
Sequence,smartrecruiters,sequence
Serigor inc.,smartrecruiters,serigorinc
Serio Plast,smartrecruiters,serioplast
Sertis,smartrecruiters,sertis
ServiceNow,smartrecruiters,servicenow
SESO Labor,smartrecruiters,sesolabor
Sezzle,smartrecruiters,sezzle
SFC,smartrecruiters,sfc
SGS,smartrecruiters,sgs
Sheba.xyz,smartrecruiters,shebaxyz3
"Sheladia Associates, Inc",smartrecruiters,sheladiaassociates
Sherwin-Williams,smartrecruiters,sherwinwilliams
Shift Technology,smartrecruiters,shifttechnology
Shiji Group,smartrecruiters,shijigroup
Shipbird,smartrecruiters,shipbird
Shippabo,smartrecruiters,shippabo
Shotgun,smartrecruiters,shotgun
ShowMojo,smartrecruiters,showmojo
Shpock,smartrecruiters,shpock
Shree Venkatesh Films Pvt Ltd,smartrecruiters,shreevenkateshfilmspvtltd
Sia,smartrecruiters,sia
Sidetrade,smartrecruiters,sidetrade
Sienna Investment Managers,smartrecruiters,siennainvestmentmanagers
Sierra Club,smartrecruiters,sierraclub
SightCall,smartrecruiters,sightcall
Sigma Software,smartrecruiters,sigmasoftware2
Signal,smartrecruiters,signal
Signode,smartrecruiters,signode
Silfab Solar,smartrecruiters,silfabsolar
Siloam Hospitals Group,smartrecruiters,siloamcareers
Simpplr,smartrecruiters,simpplr
Single Grain,smartrecruiters,singlegrain
Sirtex,smartrecruiters,sirtex
SiteMinder,smartrecruiters,siteminder
SIXT,smartrecruiters,sixt
SK hynix America,smartrecruiters,skhynixamerica
Skanska,smartrecruiters,skanska
Skillshare,smartrecruiters,skillshare
Skroutz,smartrecruiters,skroutz
Sky Solutions LLC.,smartrecruiters,skysolutionsllc
Skyline Construction,smartrecruiters,skylineconstruction
Skyline Management,smartrecruiters,skylinemanagement
Slasify,smartrecruiters,slasify
slice,smartrecruiters,slice1
Slick Rock Tanning & Spa,smartrecruiters,slickrocktanningspa
Slite,smartrecruiters,slite
Smart Coos,smartrecruiters,smartcoos
Smart Step,smartrecruiters,smartstep
Smart Technologies,smartrecruiters,smarttechnologies
SmartCommerce,smartrecruiters,smartcommerce
SmartDev,smartrecruiters,smartdev1
SmartVault,smartrecruiters,smartvault
Smit Lamnalco,smartrecruiters,smitlamnalco
Smiths Group,smartrecruiters,smithsgroup2
SMS,smartrecruiters,sms
Snapfish,smartrecruiters,snapfish
snipebridge,smartrecruiters,snipebridge
SNR Logistics LLC,smartrecruiters,snrlogisticsllc
snuggs,smartrecruiters,snuggs
Sobi,smartrecruiters,sobi
Society19 Media LLC,smartrecruiters,society19mediallc
Socure,smartrecruiters,socure
Sodexo,smartrecruiters,sodexo
Softonic,smartrecruiters,softonic
Software Mind,smartrecruiters,softwaremind
Software Technology Inc,smartrecruiters,softwaretechnologyinc2
Soho House & Co,smartrecruiters,sohohouseco
Sojern,smartrecruiters,sojern
Solar Provider Group,smartrecruiters,solarprovidergroup
SolarCity,smartrecruiters,solarcity
Solidigm,smartrecruiters,solidigm
Soltia AB,smartrecruiters,soltiaab
sona,smartrecruiters,sona
Sonder Australia,smartrecruiters,sonderaustralia
Sono Bello,smartrecruiters,sonobello
Sonoma Consulting Inc.,smartrecruiters,sonomaconsultinginc
Sophos,smartrecruiters,sophos
SOSi,smartrecruiters,sosi1
Source Interim Services,smartrecruiters,source
Southern Company,smartrecruiters,southerncompany
Southworks,smartrecruiters,southworks
Sovrn,smartrecruiters,sovrn
Space Inch,smartrecruiters,spaceinch
SpaceX,smartrecruiters,spacex
Span,smartrecruiters,span
Spark Solutions,smartrecruiters,sparksolutions
Sparksoft Corporation,smartrecruiters,sparksoftcorporation
Speakeasy,smartrecruiters,speakeasy
Spectrum Health Care,smartrecruiters,spectrumhealthcare
Speedinvest,smartrecruiters,speedinvest
Speexx,smartrecruiters,speexx
Speridian Technologies,smartrecruiters,speridiantechnologies
Splash International,smartrecruiters,splashinternational
Sponsors for Educational Opportunity,smartrecruiters,sponsorsforeducationalopportunity
Sportradar,smartrecruiters,sportradar
Spotify,smartrecruiters,spotify
Spreetail,smartrecruiters,spreetail
Springboard Collaborative,smartrecruiters,springboardcollaborative
SproutLoud,smartrecruiters,sproutloud
SQLI,smartrecruiters,sqli1
SRI,smartrecruiters,sri
SRS|Acquiom,smartrecruiters,srsacquiom
SSENSE,smartrecruiters,ssense1
St. Hilary's Primary School,smartrecruiters,sthilarysprimaryschool
St. Luke's School,smartrecruiters,stlukesschool
StackOne,smartrecruiters,stackone
Standard Chartered,smartrecruiters,standardchartered
Stantec,smartrecruiters,stantec
Starbucks,smartrecruiters,starbucks
Startifier INC,smartrecruiters,startifierinc
Startup Voyager,smartrecruiters,startupvoyager
StartupTAP,smartrecruiters,startuptap
Statkraft,smartrecruiters,statkraft1
StayNTouch,smartrecruiters,stayntouch
Stealth Startup,smartrecruiters,stealthstartup
StealthCo,smartrecruiters,stealthco
Stefanini,smartrecruiters,stefanini1
stellar,smartrecruiters,stellar
Sterling Enterprise LLC,smartrecruiters,sterlingenterprisellc
Stifel,smartrecruiters,stifel
STL,smartrecruiters,stl
STOW Group,smartrecruiters,stowgroup
Stratas Foods,smartrecruiters,stratasfoods
Strategic Gears,smartrecruiters,strategicgears
"strategic HR, inc.",smartrecruiters,strategichrinc
Strategic Solutions,smartrecruiters,strategicsolutions
Stratostaff EA Limited,smartrecruiters,stratostaffealimited
Stream Realty,smartrecruiters,streamrealty
Street,smartrecruiters,street
Stronger Consulting,smartrecruiters,strongerconsulting
"Studio 613, Inc.",smartrecruiters,studio613inc
Study Abroad Europe,smartrecruiters,studyabroadeurope
Stäubli,smartrecruiters,staubligroup
SugarCRM,smartrecruiters,sugarcrm
Suki,smartrecruiters,suki
Summer Discovery,smartrecruiters,summerdiscovery
Summit,smartrecruiters,summit
Summit Funding,smartrecruiters,summitfunding1
Sumo Digital,smartrecruiters,sumodigital
Sumo Logic,smartrecruiters,sumologic
"Sunbird Software, Inc.",smartrecruiters,sunbirdsoftwareinc
SunDrive Solar,smartrecruiters,sundrivesolar
Sungro Horticulture,smartrecruiters,sungrohorticulture
sunrise,smartrecruiters,sunrise
Sunstar INC,smartrecruiters,sunstarinc1
SuperCare Health,smartrecruiters,supercarehealth
Superprof,smartrecruiters,superprof1
SupportYourApp,smartrecruiters,supportyourapp
Surfside Angels LLC,smartrecruiters,surfsideangelsllc
SURGE,smartrecruiters,surge
SUS,smartrecruiters,sus
Sutherland,smartrecruiters,sutherland
Sutherland,smartrecruiters,sutherland1
SV Tech Systems Inc,smartrecruiters,svtechsystemsinc1
SW Group,smartrecruiters,swgroup
Swag,smartrecruiters,swag
Swans,smartrecruiters,swans
Swapcard,smartrecruiters,swapcard
Sweet Fish Media,smartrecruiters,sweetfishmedia
SwiftSpeed Deliveries LLC,smartrecruiters,swiftspeeddeliveriesllc
Swiss Medical Network,smartrecruiters,swissmedicalnetwork1
Swissquote,smartrecruiters,swissquote
Switchfly,smartrecruiters,switchfly
SWVL,smartrecruiters,swvl
Swyft Filings,smartrecruiters,swyftfilings
Swyg,smartrecruiters,swyg
Sydney Airport,smartrecruiters,sydneyairport1
Synopsys,smartrecruiters,synopsys
T-Systems ICT India Pvt. Ltd.,smartrecruiters,t-systemsictindiapvtltd1
T5 Data Centers,smartrecruiters,t5datacenters1
Tailwind,smartrecruiters,tailwind
takealot.com,smartrecruiters,takealotcom
TAL,smartrecruiters,tal
Talan,smartrecruiters,talan
Talent Acquisition,smartrecruiters,talentacquisition
TalentBurst Inc,smartrecruiters,talentburstinc
tamigo,smartrecruiters,tamigo
Tangram Interiors,smartrecruiters,tangraminteriors
Tava Health,smartrecruiters,tavahealth
TaxJar,smartrecruiters,taxjar
TCN,smartrecruiters,tcn
TDC,smartrecruiters,tdc
TeamViewer,smartrecruiters,teamviewer1
Teamwork Employment Services Ltd,smartrecruiters,teamworkemploymentservicesltd
Tech Crunch,smartrecruiters,techcrunch
Technoform,smartrecruiters,technoform
Technology,smartrecruiters,technology
TechTree,smartrecruiters,techtree
TechVedika,smartrecruiters,techvedika
"TED Conferences, LLC",smartrecruiters,tedconferencesllc
Teikametrics,smartrecruiters,teikametrics
TEK systems,smartrecruiters,teksystems
teKnoluxion,smartrecruiters,teknoluxion
Telefonica Tech,smartrecruiters,telefonicatech
Telestream,smartrecruiters,telestream
Tem,smartrecruiters,tem
Tembo,smartrecruiters,tembo
Tempo Consulting,smartrecruiters,tempo
Tendo,smartrecruiters,tendo
Tennders,smartrecruiters,tennders
TEREOS,smartrecruiters,tereos
Terrapay,smartrecruiters,terrapay
Terrascope,smartrecruiters,terrascope
Terrestar Solutions Inc.,smartrecruiters,terrestarsolutionsinc
Texas Instruments,smartrecruiters,texasinstruments
Texas Workforce Commission,smartrecruiters,texasworkforcecommission
TexAu,smartrecruiters,texau
TextMaster,smartrecruiters,textmaster
Thanx,smartrecruiters,thanx
The Boundary,smartrecruiters,theboundary
The Credit Pros,smartrecruiters,thecreditpros
The Hive,smartrecruiters,thehive
The KEY,smartrecruiters,thekey
The Kroger Co.,smartrecruiters,thekrogerco
The Nielsen Company,smartrecruiters,thenielsencompany
The People Group,smartrecruiters,thepeoplegroup
The Piada Group,smartrecruiters,thepiadagroup
The PIE Exec Search,smartrecruiters,thepieexecsearch
The Refinery,smartrecruiters,therefinery
The Studio,smartrecruiters,thestudio
The Warehouse Group,smartrecruiters,thewarehousegroup1
The Wesley Hotel,smartrecruiters,thewesleyhotel
The Wonderful Company,smartrecruiters,thewonderfulcompany
Theemesoft.inc,smartrecruiters,theemesoftinc
Thenamaris,smartrecruiters,thenamaris
Think-it,smartrecruiters,think-it
ThinkCERCA,smartrecruiters,thinkcerca
Thorlabs,smartrecruiters,thorlabs
Thought Machine,smartrecruiters,thoughtmachine
ThousandEyes,smartrecruiters,thousandeyes
Three Space Lab,smartrecruiters,threespacelab
Thrive,smartrecruiters,thrive2
Thungela,smartrecruiters,thungela
Tidepool,smartrecruiters,tidepool
Tiedemann Advisors,smartrecruiters,tiedemannadvisors
Tiger Analytics,smartrecruiters,tigeranalytics
Tigergraph,smartrecruiters,tigergraph
Timmons Group,smartrecruiters,timmonsgroup1
Tinybeans,smartrecruiters,tinybeans
Tiverton Advisors,smartrecruiters,tivertonadvisors
Tixr,smartrecruiters,tixr
Together,smartrecruiters,together
Tomra,smartrecruiters,tomra
Toms Shoes,smartrecruiters,toms
Topaz Labs,smartrecruiters,topazlabs
Topcon Europe Medical B.V.,smartrecruiters,topconeuropemedicalbv
Toppr,smartrecruiters,toppr
TopstepTrader,smartrecruiters,topsteptrader
Toshiba Global Commerce Solutions,smartrecruiters,toshibaglobalcommercesolutions
Totango,smartrecruiters,totango
"Touchdown Logistics, Inc.",smartrecruiters,touchdownlogisticsinc
Town of Stony Plain,smartrecruiters,townofstonyplain
Toyota financial services,smartrecruiters,toyotafinancialservices
TPG,smartrecruiters,tpg
Trace3,smartrecruiters,trace3
Trade me,smartrecruiters,trademe
TradeTracker,smartrecruiters,tradetracker
TradingView,smartrecruiters,tradingview
TrafficCast,smartrecruiters,trafficcast
Transcat,smartrecruiters,transcat
Transifex,smartrecruiters,transifex
Translation Empire,smartrecruiters,translationempire
translations,smartrecruiters,translations
Transperfect,smartrecruiters,transperfect
trantor,smartrecruiters,trantor
Travoom,smartrecruiters,travoom
Treehouse Strategy and Communications,smartrecruiters,treehousestrategyandcommunicatio
TRI,smartrecruiters,tri
Trickle Up,smartrecruiters,trickleup
Triip.me,smartrecruiters,triipme
Trimble,smartrecruiters,trimble
TriNet,smartrecruiters,trinet
TripAdvisor,smartrecruiters,tripadvisor
Trocaire,smartrecruiters,trocaire
Trucordia,smartrecruiters,trucordia1
TrueCare,smartrecruiters,truecare
TruePill,smartrecruiters,truepill
Trupanion,smartrecruiters,trupanion1
Trust,smartrecruiters,trust
Trustonic,smartrecruiters,trustonic
Truth Initiative,smartrecruiters,truthinitiative
TSS Consultancy Pvt. Ltd.,smartrecruiters,tssconsultancypvtltd
TTP,smartrecruiters,ttp1
Tubi TV,smartrecruiters,tubitv
TuneIn,smartrecruiters,tunein
Turner & Townsend,smartrecruiters,turnertownsend
Turner Construction,smartrecruiters,turnerconstruction
"Turnitin, LLC",smartrecruiters,turnitinllc
Twenty Twenty Consulting Ltd,smartrecruiters,twentytwentyconsultingltd
Twist Bioscience,smartrecruiters,twistbioscience
Twitch,smartrecruiters,twitch
Twitter,smartrecruiters,twitter2
Ubique Systems,smartrecruiters,ubiquesystems1
Ubisoft,smartrecruiters,ubisoft2
Udacity,smartrecruiters,udacity
uft,smartrecruiters,uft
UIC,smartrecruiters,uic
UK Atomic Energy Authority,smartrecruiters,ukatomicenergyauthority
Umbra,smartrecruiters,umbra
Umdasch Group,smartrecruiters,umdaschgroup
umniah,smartrecruiters,umniah
Uncommon Schools,smartrecruiters,uncommonschools
UNDP,smartrecruiters,undp
UNFCU,smartrecruiters,unfcu
Unify Partners,smartrecruiters,unifypartners
Union County Government,smartrecruiters,unioncountygovernment
Unit 4,smartrecruiters,unit410
United Infrastructure,smartrecruiters,unitedinfrastructure
United Nations Foundation,smartrecruiters,unitednationsfoundation
Unitedlex,smartrecruiters,unitedlex
Unitek Learning,smartrecruiters,uniteklearning
University Health Network,smartrecruiters,universityhealthnetwork
University of Auckland,smartrecruiters,theuniversityofauckland
University of Edinburgh,smartrecruiters,universityofedinburgh
University of Notre Dame,smartrecruiters,universityofnotredame
Unwrap,smartrecruiters,unwrap
Upgrade,smartrecruiters,upgrade1
UPROSPECT,smartrecruiters,uprospect
Upstream,smartrecruiters,upstream
Upvest,smartrecruiters,upvest
US Physical Therapy,smartrecruiters,usphysicaltherapy2
USAC,smartrecruiters,usac
USM,smartrecruiters,usm2
USS,smartrecruiters,uss
UTAC,smartrecruiters,utac
V4C,smartrecruiters,v4c
Valiantys,smartrecruiters,valiantys
Valley Medical,smartrecruiters,valleymedical
Valor Equity Partners,smartrecruiters,valorequitypartners
Valtech,smartrecruiters,valtech
Value,smartrecruiters,value1
VAM Systems,smartrecruiters,vamsystems
VAMS,smartrecruiters,vams
Vanderbilt University,smartrecruiters,vanderbiltuniversity
Vantage,smartrecruiters,vantage
Vatic Labs,smartrecruiters,vaticlabs
Veeam software,smartrecruiters,veeamsoftware
Veem,smartrecruiters,veem
Veepee,smartrecruiters,veepee
Velir,smartrecruiters,velir
Ventra Health,smartrecruiters,ventrahealth
Ventrata,smartrecruiters,ventrata
VentureDive,smartrecruiters,venturedive
Verdant,smartrecruiters,verdant1
Verge Genomics,smartrecruiters,vergegenomics
Vericast,smartrecruiters,vericast
Verisign,smartrecruiters,verisign
Vernacular.ai,smartrecruiters,vernacularai
Versant,smartrecruiters,versant3
Version 1,smartrecruiters,version1
Veryday,smartrecruiters,veryday
Vezeeta,smartrecruiters,vezeeta
VHB,smartrecruiters,vhb
VIPKID,smartrecruiters,vipkid
Viral Nation,smartrecruiters,viralnation
Virtua Advanced Solution,smartrecruiters,virtuaadvancedsolution
Virtusa Polaris,smartrecruiters,virtusapolaris
Visa,smartrecruiters,visa
Viseven,smartrecruiters,viseven
Vista Equity Partners,smartrecruiters,vistaequitypartners
Vista Higher Learning,smartrecruiters,vistahigherlearning
Vista Prairie Communities,smartrecruiters,vistaprairiecommunities
Vita Coco,smartrecruiters,vitacoco
Vita Logistics LLC,smartrecruiters,vitalogisticsllc
Vitas Healthcare,smartrecruiters,vitashealthcare
Vitestro,smartrecruiters,vitestro
Vitol,smartrecruiters,vitol
Viva Energy Australia,smartrecruiters,vivaenergyaustralia
Vivint,smartrecruiters,vivint
VIVIO Health,smartrecruiters,viviohealth
Vix Technology,smartrecruiters,vixtechnology
Vizrt,smartrecruiters,vizrt
VLC,smartrecruiters,vlc
Vodafone,smartrecruiters,vodafone
Volocopter GmbH,smartrecruiters,volocoptergmbh
Vonage,smartrecruiters,vonage
"Vuori, Inc",smartrecruiters,vuoriinc
VusionGroup SA,smartrecruiters,vusiongroupsa
VVB Engineering,smartrecruiters,vvbengineering
Wabash Valley Power Alliance,smartrecruiters,wabashvalleypoweralliance
Wabtec,smartrecruiters,wabtec
Wagepoint,smartrecruiters,wagepoint
Walgreens,smartrecruiters,walgreens7
WalkMe,smartrecruiters,walkme
Wanderlust Adventures,smartrecruiters,wanderlustadventures
WASABIT,smartrecruiters,wasabit
Waste Management,smartrecruiters,wastemanagement8
WaterAid,smartrecruiters,wateraid
Wavestone,smartrecruiters,wavestone1
Wavicledatasolutions,smartrecruiters,wavicledatasolutions
WDC Recruitment,smartrecruiters,wdcrecruitment
Webb Legacy Logistics LLC,smartrecruiters,webblegacylogisticsllc
WebSummit,smartrecruiters,websummit
Weekday,smartrecruiters,weekday1
Wellspring,smartrecruiters,wellspring
Welltok,smartrecruiters,welltok
Werfen,smartrecruiters,werfen
WESCO,smartrecruiters,wesco
WeSki,smartrecruiters,weski
Western Digital,smartrecruiters,westerndigital
Westwing Aviation,smartrecruiters,westwing
Weta Workshop,smartrecruiters,wetaworkshop
Whatnot,smartrecruiters,whatnot
WIFT LLC,smartrecruiters,wiftllc
WildBrain,smartrecruiters,wildbrain
William Osler Health System,smartrecruiters,williamoslerhealthsystem1
Williams-Sonoma,smartrecruiters,williamssonoma
Williams-Sonoma,smartrecruiters,williams-sonoma
Wilshire Advisors LLC,smartrecruiters,wilshireadvisorsllc
WilsonHCG,smartrecruiters,wilsonhcg
Window NAtion,smartrecruiters,windownation
Winsupply,smartrecruiters,winsupply1
Wired Messenger,smartrecruiters,wiredmessenger
Wiser,smartrecruiters,wiser
Wiser Solutions,smartrecruiters,wisersolutions
Wishpond,smartrecruiters,wishpond
WM,smartrecruiters,wm
Wns Careers,smartrecruiters,wnscareers
WNS Global Services,smartrecruiters,wnsglobalservices144
WNS Global Services,smartrecruiters,wnsglobalservices
Wolfram Research,smartrecruiters,wolframresearch
Wolt,smartrecruiters,wolt
"Woongjin, Inc",smartrecruiters,wjcompany
WordBank,smartrecruiters,wordbank
Work in Progress,smartrecruiters,workinprogress
Workato,smartrecruiters,workato
Workforce Source,smartrecruiters,workforcesource
Workhint,smartrecruiters,workhint
Working Solutions,smartrecruiters,workingsolutions
WorkSimple,smartrecruiters,worksimple
Workstate,smartrecruiters,workstate
Workstreet,smartrecruiters,workstreet
World Animal Protection,smartrecruiters,worldanimalprotection
World bank group,smartrecruiters,worldbankgroup
World Bicycle Relief,smartrecruiters,worldbicyclerelief
"World Wildlife Fund, Inc.",smartrecruiters,worldwildlifefundinc1
Worldia,smartrecruiters,worldia
Worldwide TechServices,smartrecruiters,worldwidetechservices
Wpromote,smartrecruiters,wpromote
WR,smartrecruiters,wr
Wrangu,smartrecruiters,wrangu
WSH Group,smartrecruiters,wshgroup
WTW,smartrecruiters,wtw
Wunder Capital,smartrecruiters,wundercapital
Wunder Mobility,smartrecruiters,wundermobility
Wüest Partner,smartrecruiters,wuestpartner
Xerox,smartrecruiters,xerox
XIO,smartrecruiters,xio
XP Power,smartrecruiters,xppower2
Xplor,smartrecruiters,xplor
Xprolabs,smartrecruiters,xprolabs
XREF,smartrecruiters,xref3
Xtremepush,smartrecruiters,xtremepush
Yokly,smartrecruiters,yokly
"YourCause, LLC",smartrecruiters,yourcausellc
YUM,smartrecruiters,yum
Yup,smartrecruiters,yup1
Zealogics LLC,smartrecruiters,zealogicsllc
Zeeco,smartrecruiters,zeeco
Zekelman Industries,smartrecruiters,zekelmanindustries
Zencore,smartrecruiters,zencore
Zendesk,smartrecruiters,zendesk
Zenlayer,smartrecruiters,zenlayer
Zeotap,smartrecruiters,zeotap
ZeroFOX,smartrecruiters,zerofox
Zeroheight,smartrecruiters,zeroheight
ZeroTier,smartrecruiters,zerotier
Zeta,smartrecruiters,zeta
Zinier Inc,smartrecruiters,zinierinc
Zinkworks,smartrecruiters,zinkworks
ZocDoc,smartrecruiters,zocdoc
Zoic Studios,smartrecruiters,zoicstudios
Zomato,smartrecruiters,zomato1
Zuum,smartrecruiters,zuum
Zycron,smartrecruiters,zycron
ZYCUS,smartrecruiters,zycus1
Évolution,smartrecruiters,volution
合同会社Kuruto,smartrecruiters,hetonghuishekuruto
株式会社GOAT,smartrecruiters,zhushihuishegoat
&FRIENDS,workable,and-friends
0x,workable,0x
100%,workable,ride100percent
1000heads,workable,1000heads
100mentors,workable,100mentors
100ms,workable,100ms
100x,workable,100x
10Pearls,workable,10pearls
10x Banking,workable,10xbanking
123FormBuilder,workable,123formbuilder
12Go Asia,workable,12go
15Five,workable,15five
1915 South / Ashley,workable,1915-south-ashley
1GLOBAL,workable,1global
1Kosmos,workable,1kosmos
1Rebel,workable,1rebel
1Stopbedrooms,workable,1stopbedrooms
2070Health,workable,2070health
20Four7VA,workable,20four7va
211 Broward,workable,211-broward-1
2Modern,workable,2modern
2U,workable,2u
3 Oaks Gaming,workable,3-oaks-gaming
360dialog GmbH,workable,360dialog-gmbh
360Learning,workable,360learning
37signals,workable,37signals
3AG Systems,workable,3ag-systems
3E,workable,3e
3Eco,workable,3eco
3M,workable,3m
3PillarGlobal,workable,3pillarglobal
3S,workable,3s
3SS,workable,3ss
3terra,workable,3terra
"3Top, Inc.",workable,3top
42matters,workable,42matters
47 Degrees,workable,47-degrees
4OC,workable,4oc
4th & Reckless,workable,4th-and-reckless
6 Figure Creative,workable,6figurecreative
6sense,workable,6sense
7ELEVEN,workable,7eleven
7thSENSE GmbH,workable,7thsense
87seconds,workable,87seconds
8Twelve Mortgage,workable,8twelve
90 Seconds,workable,90seconds
9D Technologies & Imagination AI,workable,9dtechnologies-1
9fin,workable,9fin
?What If!,workable,what-if
[solidcore],workable,solidcore
_nology,workable,nology
A Gas,workable,a-gas
A&L Goodbody LLP,workable,al-goodbody
a21,workable,a21
A2MAC1,workable,a2mac1
Aaramshop,workable,aaramshop
Aardvark Studios,workable,aardvark-studios
AB Marketing LLC,workable,ab-marketing
Abercrombie & Kent USA,workable,abercrombie-and-kent-1
Abi Global Health,workable,abi-hiring
Abilis Solutions,workable,abilis-solutions
ABIS,workable,abis
ABM UK,workable,abm-careers
Above the Treeline,workable,above-the-treeline
Absolute Disclosure,workable,attorneys
Abtrace,workable,abtrace
Abu Dhabi Investment Council Company,workable,abu-dhabi-investment-council
Abylle Solutions Pvt Ltd,workable,abylle-solutions-pvt-ltd
AC Disaster Consulting,workable,acdisaster
Academy Xi,workable,academyxi
Accel Club,workable,accel-club
Accellor,workable,accellor
"accentedge, LLC",workable,accentedge
Accenture,workable,accenture
Access,workable,access
Access Analytix,workable,access-analytix
Access Bank PLC,workable,access-bank
Access Services,workable,access-services-3
Access TCA,workable,accesstca
accessbank,workable,accessbank
AccessiWay,workable,accessiway
AccessNow,workable,accessnowapp
accesso,workable,accesso
accor,workable,accor
Accora,workable,accora
Accord,workable,myaccord
Accord,workable,accord
Accountingprose,workable,accountingprose-hiring
ACCUMED,workable,accumed
Accurant International,workable,accurant
Ace IT Careers,workable,ace-it-careers-1
Acelab,workable,acelab
Acentra Health,workable,acentra-health
Acodis,workable,acodis
Acolad,workable,acoladgroup
"Acorn Product Development, Inc.",workable,acorn-product-development
Acoustic,workable,acoustic-3
Across Continents Translations,workable,across-continents-translations
ACT1 Federal,workable,act1federal
Action Against Hunger,workable,action-against-hunger
Action1,workable,action1
actionable.co,workable,actionable
Actionstep,workable,actionstep
Activ,workable,activ-2
Activate Interactive Pte Ltd,workable,activate-interactive-pte-ltd
Activate Talent,workable,careersactivatetalent
ActivTrades,workable,activtrades
Acuity Insights,workable,acuity-insights
Acumen Technology,workable,acumentechnology
Acusensus Australia,workable,acusensus-australia
Acusensus New Zealand,workable,acusensus-new-zealand
AD Education,workable,icmp-6
Adamas Building Services,workable,adamasbuildingservices
Adare Pharma Solutions,workable,adarepharmasolutions
Addison Lee,workable,addison-lee-group
Adfix,workable,adfix
AdForge Corporation,workable,adforge-corporation
Adia,workable,adia1
Admios,workable,admios
Admirals Group,workable,admirals
Adoreal,workable,adoreal
ADROYTS™️,workable,adroytss
AdTheorent,workable,adtheorent-1
Advanced Automation Corporation,workable,aac-usa
Advansys,workable,advansys-esc-1
Advantmed,workable,advantmed
Adverto Inc,workable,adverto
Adzuna,workable,adzuna-2
AeroCloud Systems,workable,aerocloud-systems
Aerones,workable,aerones
Aesen Group,workable,aesengroup
AesthetiDocs,workable,aesthetidocs
Aesthetix CRM,workable,aesthetix-crm
Aethir,workable,aethir
Aethon Energy,workable,aethon-energy
AF | New York,workable,af-new-york
African Safari Group,workable,african-safari-group
AG Barr,workable,ag-barr
"AG Consulting Partners, Inc.",workable,agcp
AG1,workable,drinkag1
AGAD Technology,workable,agad-technology
agenda21 Digital,workable,agenda21-digital
Agent Vista,workable,agent-vista
"Aggio, LLC",workable,aggio
Agile Actors,workable,agileactors
Agility,workable,agility
AGT Group,workable,agt-group-1
Ahmed Seddiqi & Sons,workable,ahmed-seddiqi-and-sons
AHS,workable,ahsproperties
AI Acquisition,workable,ai-acquisition
AidPlex,workable,aidplex
AIDS Healthcare Foundation,workable,aids-healthcare-foundation-1
AIDT,workable,aidtedu
Air,workable,air
Aira,workable,aira
Airbeem,workable,airbeem
Airrack,workable,airrack
AIRS Medical Inc,workable,airs-medical-inc
Airtree Ventures,workable,airtree-ventures
Ajaib,workable,ajaib
Ajax Distributing Company,workable,ajax-distributing-company
AJG,workable,ajg
AK Steel,workable,ak-steel
Akamai,workable,akamai
AKAT,workable,akat
AKT London,workable,aktlondon
Akur8,workable,akur8
Al Jomaih Energy and Water,workable,al-jomaih-energy-and-water
AL Solutions,workable,al-solutions-1
Al Warren Oil Company Inc.,workable,al-warren-oil-company-inc
Al-Watania Information Systems,workable,alwatania-information-systems
Alani Nu,workable,alani-nu
ALAQTAR,workable,alaqtar
Albert Bartlett,workable,albert-bartlett
Albi,workable,albi
Albireo Energy,workable,albireo-energy
AlBorg Diagnostics,workable,alborg-diagnostics
Alcemy,workable,alcemy
Aldea,workable,aldea
ALDEBARAN,workable,aldebaran-urg
Alector,workable,alector
Alene Candles,workable,alene-candles
Alex Staff Agency,workable,alex-staff-agency-careers
AlgaeCal,workable,algaecal
AlGooru,workable,algooru
Ali Bin Ali Holding,workable,abaholding
All Day Kitchens,workable,all-day-kitchens
ALL.SPACE,workable,allspace
AllCleared Solutions Inc.,workable,allcleared
Allego,workable,allego-1
Allen + Shariff Corporation,workable,allen-shariff-corporation
ALLEN Digital,workable,allen-digital
"Alliance Marketing Partners, LLC",workable,alliance-marketing-partners-llc
Allied,workable,alliedteam
Allied Machine & Engineering,workable,alliedmachine
Alloy Automation,workable,alloy-automation
Alloy Partners,workable,alloy-partners
Allucent,workable,allucent
Allwyn Lottery Solutions,workable,allwynls
Allwyn North America,workable,allwynnorthamerica
Allwyn UK,workable,allwynuk
Alma Advisory Group,workable,almaadvisorygroup
Almanak,workable,almanak-blockchain-labs-ag
Alohi,workable,alohi
Alooba,workable,alooba
AlphaHire,workable,alphax
Alphatec Spine,workable,atec-spine
Alpine Home Air Products,workable,alpinehomeair
Alta Ares,workable,alta-ares
AltaLink,workable,altalink
ALTEN MÉXICO,workable,alten-mexico-1
Alternative Payments,workable,alternative-payments
Altman Solon,workable,altman-solon
Altom Transport,workable,altom-transport
Altruist,workable,altruist
ALUMIL,workable,alumil
Amagi,workable,amagi
Amare Global,workable,amare-global
Amarillo College,workable,amarillo-college
Amartha,workable,amartha
AMAX,workable,amax-1
Amazon,workable,amazon
Ambition,workable,ambition
AMC Ro Studio,workable,amc-studio
AMCID SOLUTIONS,workable,amcid-solutions
Amer Sports,workable,amer-sports
"America's Pharmacy Group, LLC",workable,americas-pharmacy-group
American College of Education,workable,american-college-of-education
American Hotel & Lodging Association,workable,american-hoteland-lodging-association
American Institute of Chemical Engineers,workable,american-institute-of-chemical-engineers
American University of Bahrain,workable,aubh
Americana,workable,americana-kuwait-food-company
Ametsa Packaging,workable,ametsa-packaging
Amplifi Capital,workable,ampcap
Amplifier Health,workable,amplifier-health
"Amprius Technologies, Inc.",workable,amprius
AMV,workable,amv
"Anand Systems Engineering Pvt.Ltd.,Mumbai",workable,anand-systems-engineering-pvt-dot-l-td-dot-mumbai
"Anatomage, Inc.",workable,anatomage
Anavah Talent,workable,anavah-talent
ANAX Group,workable,anax-group
AND Digital,workable,and-digital
Anderson Engineering,workable,anderson-engineering
Andromeda Robotics,workable,andromeda-robotics
Angkas,workable,angkas
Anjuna LLC,workable,anjuna-global
ANNA Money,workable,annamoney
Antarctica,workable,antarcticaglobal
Antenna Group,workable,antenna
Anthro,workable,anthro
Antler,workable,antler
anton,workable,anton
Anvil,workable,anvil
Anvilogic Inc,workable,anvilogic-inc
AnyRoad,workable,anyroad
Anything,workable,anything
Anytime Fitness,workable,anytime-fitness-32
AnytimeFitness,workable,anytimefitness
Anza,workable,anza-xyz
APAVE Cameroun,workable,apave-cameroun
Aperture,workable,aperture-london
Apex Informatics,workable,apexinformatics
Apex Network,workable,apex-network-1
Apex Wheels,workable,apexwheels
ApexFocusGroup,workable,afg
APM Monaco,workable,apm-monaco
Aporia,workable,aporia
Apothékary,workable,apothekary
Appear Here,workable,appearhere
Appier,workable,appier
Apple,workable,apple
Apple Restoration and Waterproofing,workable,apple-restoration-and-waterproofing
Apple Roofing,workable,apple-roofing
Appleseed,workable,appleseed
Applicant System,workable,applicantsystem
Applied Blockchain,workable,appliedblockchain
Applied Carbon,workable,appliedcarbon
AppNation,workable,appnation
Appointy,workable,appointy
Apprentice Now,workable,apprenticenow
AppyWay,workable,appyway
Apt Resources,workable,apt-resources
aptihealth,workable,aptihealth
Aquaria,workable,aquaria
Arabesque,workable,arabesquegroup
Arabic Computer Systems,workable,acs-sa
"Aravo Solutions, Inc.",workable,aravo
ARBOC,workable,arboc
Arbonics,workable,arbonics
Arch Aerial LLC,workable,arch-aerial-llc
ARCHIMED,workable,archimed
ArchiPro,workable,archipro-3
Archistar,workable,archistar
Architus,workable,architus
ArchLynk,workable,archlynk
ArcSite,workable,arcsite
Arena Investors I Quaestor Advisors,workable,arena-investors-lp
AreTheyHappy,workable,aretheyhappy
Aretum,workable,aretum
Arex,workable,arex
Argent,workable,argenthq
Aristo Sourcing,workable,aristo-sourcing
Aristotle,workable,aristotle
Ariva Hospitality,workable,ariva-hospitality
ARK Group,workable,ark-group-dmcc
ARK Group,workable,arkgroup
Arkadium,workable,arkadium-1
Arkle Finance,workable,arkle-finance
ARO,workable,aro
Arondite,workable,arondite
Arrakis Finance,workable,arrakis-finance
Art Storefronts,workable,artstorefronts
Articulate Marketing,workable,articulate
Arts Alliance Media,workable,arts-alliance-media
ARVO,workable,arvo
Aryng,workable,aryng
AS HELLAS,workable,as-hellas
Asahi,workable,asahi-1
Ascendis Pharma,workable,ascendis-pharma
Ascension Publishing Group,workable,ascension-publishing-group
Ascera,workable,ascera
Ashbury,workable,ashbury
Ashnik Pte Ltd,workable,ashnik-pte-ltd
ASI Student Government,workable,asi-student-government
Asia Alternatives Management LLC,workable,asia-alternatives
AsiaEdit,workable,asiaedit
Asico,workable,asico
Asite,workable,asite
Aspirion,workable,aspirion-health-resources
Assala Energy,workable,assala-energy
Assembly,workable,assemblyglobal
AssemblyAI,workable,assemblyai
"Asset Dedication, LLC",workable,assetdedication
Assetnote,workable,assetnote
assima,workable,assima
Assistant Launch,workable,assistant-launch
Assistantly,workable,assistantly
Assistenza Brokers srl,workable,assistenzabrokers
AssistIQ,workable,assistiq
AssistRx,workable,assist-rx
"Associated Students, Inc.",workable,associated-students-inc
Assurity Trusted Solutions,workable,assurity-trusted-solutions
Astor & Sanders,workable,astorandsanders
ASTRALABS,workable,astralabs
Astro Sirens LLC,workable,astro-sirens-llc
Astrome Technologies,workable,astrome-technologies
ATAK Interactive,workable,atak-interactive
Atarim,workable,atarim
ATC Computer Transport & Logistics,workable,atc-driving-forward
ATEMPO,workable,atempo
Athari,workable,athari
Athena Global Advisors,workable,athena-global-advisors
Athletes Unlimited,workable,auprosports
Athlon,workable,athlon
ATI,workable,ati-inc
Atlantic Health Strategies,workable,atlantic-health-strategies
Atlas Consolidated PTE Ltd,workable,atlas-consolidated
Atlean World,workable,atleanworld
atmio,workable,atmio
Atria Physician Practice New York PC,workable,atria-health
"Attainia, Inc.",workable,attainia-inc
Attendify,workable,attendify
Atticus,workable,atticushq
Atticus,workable,atticustech
Atto Trading,workable,atto-trading
ATUM Ventures,workable,atum-ventures
AuctionNow.bid,workable,auctionnow
Audiokinetic,workable,audiokinetic
AudioStack,workable,audiostack
Augmenta,workable,augmenta
Augmentum Fintech,workable,augmentum
Aureol Global Connections,workable,aureol-global-connections
Auror,workable,auror
AURORA,workable,aurora-3
Aurora San Diego,workable,aurora-san-diego
AUS SOURCER INTERNATIONAL PTY LTD,workable,aus-sourcer-international-pty-ltd
Aussie Founders Club,workable,aussie-founders-club
Australian Healthcare Associates,workable,australian-healthcare-associates
Australian Payments Plus,workable,auspayplus
Authenticate,workable,authenticate
Authorium,workable,authorium
AUTO24,workable,auto24
Autocraft Solutions Group,workable,autocraft-solutions-group
Autofleet,workable,autofleet
AutoLeap,workable,autoleap
AutoMarket,workable,automarketco
Automated Machine Learning,workable,automated-machine-learning
Automattic,workable,automattic
Automotive Management Services (AMS),workable,automotivemanagementservices
Autonomo GmbH,workable,autonomo-gmbh
AutoRentals.com,workable,autorentals
AutoVitals,workable,autovitals
Avado,workable,avado
"Avalore, LLC",workable,avalore
Avant Gardner,workable,avant-gardner
Avant Tech,workable,avant-tech-jobs
AvantePH Staffing and Consultancy Inc.,workable,avanteph
AvantStay,workable,avantstay
Averi,workable,averi
Aviary,workable,aviary
Avint,workable,avint
Aviso Wealth,workable,aviso
Aviture,workable,aviture
AVK,workable,avk-seg-uk-ltd
Avocet,workable,avocet
Avolution,workable,avolution
Avomind,workable,avomind
Avōq,workable,teamavoq
Awesome Motive,workable,awesomemotive
Awtad,workable,awtad
Axi,workable,axi
Axiom Software Solutions Limited,workable,axiom-software-solution
AxiomSL,workable,axiomsl
Axle Energy,workable,axle-energy
Axomic Ltd,workable,axomic-ltd
Axur,workable,axur
Axure,workable,live
AYANA Hospitality,workable,ayana
Ayik + Berto Dental Specialists,workable,ayik-berto-dental-specialists
Azeus Convene,workable,azeus-convene
Azumo,workable,azumo
Azure,workable,azure
b_labs,workable,blabs
Babel Film Workshop,workable,bfw
Bachmann Chemical and Engineering,workable,bce
Back to the Roots,workable,backtotheroots
BACKBONE,workable,backbone
Backbone (BKBN),workable,bkbn
Bad Dragon,workable,bad-dragon
Bahwan Cybertek Group,workable,bahwan-cybertek-group
Bakery Agency,workable,bakery-agency
Balderton Capital,workable,baldertoncapital
balena,workable,balena
Ballinger Group,workable,ballingerco
Ballotpedia,workable,ballotpedia
Bananas Marketing,workable,bananas-marketing
BandLab Technologies,workable,bandlabtechnologies
Banff Hospitality Collective,workable,banffcollective
Bank al Etihad,workable,bank-al-etihad
Bank of Jordan,workable,bank-of-jordan
Bankable,workable,bankable
Banks Valuation,workable,banksvaluation
Banque Misr Transformation office,workable,bm-to
Bardel Entertainment,workable,bardel-entertainment
barre3,workable,barre3
Bartlett Wealth Management,workable,bartlett-and-co-dot-llc
Base.com,workable,base-com
Base58 Capital AG,workable,base58
Basetwo,workable,basetwo
Bask Health,workable,bask-health-1
Batgroup,workable,batgroup
Battlefy,workable,battlefy
Battlenet Gaming Stations,workable,battlenet
Bay Area Community Resources,workable,bacr
"Bayesian Health, Inc.",workable,bayesian-health-careers
Baylor College of Medicine - Children's Foundation Malawi,workable,tingathe
Bayut | dubizzle,workable,bayutdubizzle
BB&E,workable,bband-e-1
BBC Maestro,workable,bbc-maestro
BBGC,workable,bbgc
BCI Brands,workable,bci-brands
BE Power Equipment,workable,be-power-equipment
Beam,workable,onbeam
Beam ABA Services,workable,beam-aba
Beame,workable,beame
BeamNG GmbH,workable,beamng
Beanstalk,workable,beanstalk
Beauty Industry Group GmbH & Co. KG,workable,beauty-industry-group-gmbhand-co-kg
BeCentral,workable,becentral-1
Beckett Collectibles,workable,beckett-collectibles
Bedford Industries,workable,bedford
Bedrock Learning,workable,bedrock-learning
Beeflow,workable,beeflow
Beekin,workable,beekin
Behavioral Health Works,workable,behavioral-health-works
Belmont Lavan Ltd,workable,belmont-lavan-ltd
BenevolentAI,workable,benevolentai
BEOND,workable,beond
Berg Engineering,workable,berg-engineering
Berry Street,workable,berry-street
Berry Virtual,workable,berryvirtual
Best Friend Finance,workable,bff
Best Mobile Limited,workable,bestmobileltd
BestEx Research,workable,bestex-research
BetAdvanced,workable,betadvanced
Betfair,workable,betfair
Better Reports,workable,better-reports
BetterBe,workable,betterbe
BetterHelp,workable,betterhelp
Betterhomes,workable,betterhomes
BetterSleep,workable,bettersleep
Bevy,workable,bevy
Beyond,workable,qodea
Beyond Identity,workable,source-code-1
Bezos.ai,workable,bezos
BFAM Partners,workable,bfam-partners
BforeAI,workable,bforeai
BGC Group,workable,bgc-group-1
Bhaasha,workable,bhaasha
BHG Hospitality GmbH,workable,bhg-hospitalitygmbh
Biffa Waste Services,workable,biffa
Big Picture Medical,workable,big-picture-medical
Big Viking Games,workable,big-viking-games-3
BigDataCorp,workable,bigdatacorp
BiggerPockets,workable,biggerpockets
Bigtincan,workable,bigtincan
BillionToOne,workable,billiontoone
Bindplane,workable,bindplane
Bing,workable,bing
Biocytogen,workable,biocytogen
"BioFilm, Inc",workable,biofilm-inc
BIOS Health,workable,bios-3
BIOTA Smart Home,workable,biota-smart-home
BIP Ventures,workable,bipventures
Birdie,workable,birdie
Bit by Bit Inc,workable,bit-by-bit-inc
Bitaccess,workable,bitaccess
Bitcoin.com,workable,bitcoindotcom
Bites Media,workable,bites-media
Bitget,workable,bitget
Bitquery,workable,bitquery
Bits,workable,getbits
Bitstamp by Robinhood,workable,bitstamp
Bitterne Park School,workable,bitterne-park-school
BizCover,workable,bizcover-1
Bizee,workable,bizee
BizForce,workable,bizforcenow
Biztory,workable,biztory
Bjak,workable,bjak-1
BKF,workable,bkfengineers
Black Spectacles,workable,blackspectacles
Black Tree Gaming Limited,workable,blacktreegaming
Blackbird.AI,workable,blackbirdai
Blackbullion,workable,blackbullion
BlackStone eIT,workable,blackstone-eit-2
BLANKSLATE Partners,workable,blankslate-partners
BLAST,workable,blast
Blevins & Co.,workable,blevins
"Blew & Associates, P.A.",workable,blew
Blink - The Employee App,workable,joinblink
Blink22,workable,blink22-3
Blitzoo Games,workable,blitzoo-games
Block Gemini,workable,block-gemini
Blockchain & Climate Institute/ BCI America Inc.,workable,blockchain-climate-institute
BlockPunk,workable,blockpunk
Bloomfire,workable,bloomfire
Bloomlife,workable,bloomlife
Blu Selection Spain,workable,blu-selection-4
Blue Altair,workable,blue-altair
Blue Nile,workable,blue-nile
Blue Prism,workable,blue-prism
Blue Tiger,workable,blue-tiger
Bluegr Hotels & Resorts,workable,bluegr-hotelsand-resorts
Blueground,workable,blueground
Bluehost,workable,bluehost
Bluelambda,workable,bluelambda
Blueprint,workable,blueprint-bryanjohnson
Blueprint,workable,blueprint-health
BlueRock,workable,the-blue-rock
Blufox Mobile,workable,blufox-mobile
Blyth Academy,workable,blyth-education
BME Strategies,workable,bme-strategies
Bnberry,workable,bnberry
BNM,workable,bnm
Boca Recovery Center,workable,boca-recovery
Bohemia Interactive Simulations,workable,bohemia-interactive-simulations-inc
BOI,workable,boardofinnovation
Bon Secours Wellness Arena,workable,bswarena
Bonsai,workable,hellobonsai
BookNook,workable,booknook-inc
Booksy,workable,booksy-1
Bookvoice,workable,bookvoice
BookWithMel,workable,bookwithmel
BoostDraft,workable,boostdraft
Boostsecurity.io,workable,boostsecurity-dot-i-o
Bootlegger Clothing Inc,workable,bootlegger-clothing-inc
Born Digital,workable,born-digital
Borrowell,workable,borrowell
BOSS.Gaming solutions,workable,boss-dot-g-aming-solutions
Botpress Technologies Inc.,workable,botpress
Botrista,workable,botrista
BountyJobs,workable,bountyjobscareers
"BP3 Global, Inc.",workable,bp3
BPCM,workable,bpcm
Brainforce,workable,brainforce
BrainHi,workable,brainhi
Brainomix Limited,workable,brainomix-2
Branching Minds,workable,branchingminds
BrandBastion,workable,brandbastion
Brannon Steel,workable,brannon-steel
Braven,workable,braven
Brax Realty Group LLC,workable,braxrealty
brc,workable,brc
BRC Group Inc.,workable,brc-group-inc
Breakaway,workable,breakaway
Breakroom,workable,breakroom
"Bremer Whyte Brown & O'Meara, LLP",workable,bremer-whyte-brownand-omeara-llp
Bridge33 Capital,workable,bridge33capital
Bridgeable,workable,bridgeable
BridgeStreet Global Hospitality,workable,bridgestreet-global-hospitality
BridgeU,workable,bridgeu-1
Bridgit,workable,bridgit
Bright Harbor Healthcare,workable,brightharbor
BrightOrder Inc.,workable,brightorder
Brij,workable,brij
Brilliant Corners,workable,brilliant-corners
Bristol Global Mobility,workable,bristol-global-mobility
British Ecological Society,workable,britishecologicalsociety
Brixio,workable,brixio
Broadlume,workable,broadlume
Broadpin,workable,quistor
Broadway Gaming,workable,broadwaygaming
Broadwick,workable,broadwick
BRX Performance,workable,brxperformance
Build My Great Team,workable,bmgt
Builder.ai - What would you Build?,workable,builderai
BuildingLink,workable,buildinglink
Bulletproof,workable,wearebulletproof
Bully Pulpit International,workable,bully-pulpit-international-1
Bump Health,workable,bump-health
bun,workable,bun
Burendo,workable,burendo
Burke's,workable,burkes
Burnout Brands,workable,burnoutbrands
"Burq, Inc.",workable,burq
Burson EMEA,workable,bcw-emea
Burson North America,workable,bcw
BusPlanner,workable,busplanner
BusRight,workable,busright
ButterflyMX,workable,butterflymx
Buzzbike,workable,buzzbike
BW Energy,workable,bw-energy
bwise Media AG,workable,bwise-media-ag
Bydrec,workable,bydrec
Byrider,workable,byrider
C the Signs,workable,c-the-signs
C. Hoare & Co.,workable,hoares-bank
Cache Ventures,workable,cache
Cactus,workable,cactus
Caddi,workable,trycaddi
Cadillac Formula 1® Team,workable,cadillacf1team
Cadmus,workable,cadmus-io
Cajoo,workable,cajoo
Calabrio,workable,calabrio
Calibrant Energy,workable,calibrant-energy
Caliwater,workable,caliwater
Caliza,workable,caliza
Callbell,workable,callbell
CallMiner,workable,callminer
Callsign,workable,callsign
CallTek,workable,staff4me
Calor,workable,calor-careers
CALPAK,workable,calpak-1
Calvary Hospital,workable,calvary-hospital
Cambridge GaN Devices,workable,cambridge-gan-devices
Cambridge Healthcare Research,workable,cambridge-healthcare-research
Cambridge Mobile Telematics,workable,cambridge-mobile-telematics
Cambridge Spark,workable,cambridge-spark
Camen Behavioral Services,workable,camen-behavioral
Camino Partners,workable,camino-partners-1
Canadian Recruitment Group,workable,canadian-recruitment-group
Canalys,workable,canalys
Cancer IQ,workable,canceriq
Cannon Industries,workable,cannon-industries-2
Canopy,workable,canopy-7
Canopy Farm Management,workable,canopyfm
Canopy Pte Ltd,workable,canopy-cloud
Canvas8,workable,canvas8
Capgemini,workable,capgemini-insurance
Capital Factory,workable,capital-factory
Capital Partners,workable,capitalpartnersme
Capitex,workable,capitex
Capula,workable,capula-investment-management-ltd
Caravan Appliances Pvt Ltd,workable,caravan-appliances-pvt-ltd
Carazo Enterprise SL,workable,carazo-enterprise-sl
Carb Manager,workable,carbmanager
Carbo Culture,workable,carbo-culture
Carbon DMP,workable,carbon-dmp
CarbonPlan,workable,carbonplan
Carbyne,workable,carbyne-1
Care for the Homeless,workable,careforthehomeless
Career Renew,workable,career-renew
Career Shaper,workable,career-shaper
CareerFoundry,workable,careerfoundry
Careerlist,workable,careerlist
Careers at VirtualStaffing.com,workable,virtualstaffing
Careers with WM Partners' Portfolio Companies,workable,wmpcompanies
CareHarmony,workable,care-harmony
CareSend,workable,caresend
CARMA,workable,carma-1
Carmoola,workable,carmoola-1
Carnall Farrar,workable,carnallfarrar
Carr Recruiting,workable,carr-recruiting
Carry1st,workable,carry1st
Cars24,workable,cars24
Carta Law,workable,avantialaw
Carwow,workable,carwow
CaryHealth,workable,caryhealth
Cascade Engineering Services,workable,cascade-engineering-services-1
Cascadia Strategy Consulting Partners,workable,cascadia
Casio Electronics Co. Limited,workable,casiouk
Casting Workbook,workable,casting-workbook-1
Castle Trust Bank,workable,castle-trust
CATA,workable,cata
Catalog,workable,catalog
Catalpa International,workable,catalpa
Catalyze,workable,catalyze
Catawiki,workable,catawiki
Catchafire,workable,catchafire
Catenate,workable,catenate
CaterCow,workable,catercow
CATHEXIS,workable,cathexis
CatholicMatch,workable,catholicmatch
Causaly,workable,causaly
Caxton Associates,workable,caxton
CBH Homes,workable,cbh-homes
CBO Group,workable,cbo-group
CBS,workable,cbs-9
"CCRES, Educational & Behavioral Health Services",workable,ccres
CCRi,workable,ccri
CDC Data Centres,workable,cdc-data-centres
CDC Small Business Finance,workable,cdc-small-business-finance
CDR Companies,workable,cdr-companies
CED Systems,workable,cedsys
CEL Consulting,workable,cel-consulting
Celcom Solutions Global Pvt Ltd,workable,celcom-solutions
Celestino,workable,celestino
CellarTracker,workable,cellartracker
Celmatix,workable,celmatix
Celsius,workable,celsius
Cenfri,workable,cenfri
CENSUS S.A.,workable,census-sa
Centage,workable,centage
Centah Inc,workable,centah-inc
Centorrino Technologies,workable,centorrino-technologies
Central Moloney,workable,cmicareers
Central New York Feeds,workable,cnyf
Centrapay,workable,centrapay
"Centric Services, Inc.",workable,centric-services
Cepal Hellas Financial Services S.A.,workable,cepal
CEQUENS,workable,cequens
CG Life,workable,cg-life
"CG Tech Services, Inc",workable,cg-tech-services-inc
CGHero,workable,cghero
CGIAR,workable,cgiar
Chainlabs,workable,chainlabs
"Challenge Unlimited, Inc.",workable,challenge-unlimited-inc-1
Channel Factory,workable,channel-factory
Channeltivity,workable,channeltivity
Chapa,workable,chapa
Chargeflow,workable,chargeflow-1
Charger Logistics Inc,workable,charger-logistics-inc
Charity Search Group,workable,charity-search-group
Charityvest,workable,charityvest
Charlotte Tilbury,workable,charlotte-tilbury
Charterhouse,workable,charterhouse-2
Chase Design Group,workable,chase-design-group
Chatham House,workable,chathamhouse
Chatterboxes,workable,chatterboxes-1
Checkmate,workable,itsacheckmate-dot-com
Checkmate,workable,joincheckmate1
Cheil UK,workable,cheil
Chemin,workable,chemin
Chernoff Newman,workable,chernoff-newman
Chesapeake Contracting Group,workable,chesapeake-contracting-group
Chimera Securities LLC,workable,chimera-securities-llc
Chiron Management Company,workable,chironmanagement
Choice Property Resources,workable,choice
Christopherson Business Travel,workable,cbtravel
Chronocam,workable,chronocam
Chronograph,workable,chronograph
Chuco,workable,chuco
Chuffed.org,workable,chuffed
Church of the City New York,workable,church-of-the-city-new-york
Cibo Vita,workable,cibovita
Cielo,workable,cielo
CIeNET International,workable,cienet
CIMMYT,workable,cimmyt-1
Cimolai Rimond Middle East,workable,cimolai-rimond-middle-east
Cimpress,workable,cimpress
CIMSPA,workable,cimspa
CINC Systems,workable,cinc-systems
Circadia Health,workable,circadia-health
Circit Limited,workable,circit-limited
CircleLink Health,workable,circlelink-health
Circles,workable,circles
Circuit,workable,careers-circuit
Circulee,workable,circulee
CirrusLabs,workable,cirruslabs
CirrusMD,workable,cirrusmd
Citizens State Bank,workable,citizens-state-bank
"CitraPac, Inc.",workable,citrapac
City Cast,workable,city-cast
City Fund,workable,city-fund
City of Altoona,workable,city-of-altoona
City Wide Facility Solutions,workable,citywide
Citylitics,workable,citylitics
CitySquare,workable,citysquare
Civic Elevator,workable,civic-elevator
Civica,workable,civica-uk-ltd-1
Civiteq,workable,civiteq
Clarion Events,workable,clarion-events
Claritas Rx,workable,claritasrx
Clarity AI,workable,clarity-ai
Classcraft,workable,classcraft
Classet,workable,classet
ClassWallet,workable,classwallet
Clay,workable,clayglobal
Clear Junction,workable,clearjunction
Clear Labs,workable,clear-labs
ClearlyAgile,workable,clearlyagile
Clearpay EU,workable,clearpayeu
Clearstory,workable,clearstory
Clearwaters.IT,workable,clearwaters-dot-i-t
Clerk,workable,clerk-dev
Clickatell,workable,clickatell
ClickView,workable,clickview
Client Accelerators,workable,client-accelerators
Climate Action,workable,climate-action
Climate Bonds Initiative,workable,climate-bonds-initiative
Climate Catalyst,workable,climate-catalyst-1
ClimateWorks Foundation,workable,climateworks-foundation-1
Climax Studios,workable,climax-studios
Clinigen,workable,clinigen
Cliniko,workable,cliniko
Clipperton,workable,clipperton
Clipt,workable,clipt
Close Concerns,workable,closeconcerns
CloudFactory,workable,cloudfactory
CloudHire,workable,cloudhire1
Cloudlinux,workable,cloudlinux-1
CloudQuery,workable,cloudquery
CloudShare,workable,cloudshare
Cloudtalk,workable,cloudtalk
Clover Food Lab,workable,cloverfoodlab
CLUSE,workable,cluse
Cluttons,workable,cluttons
CMC,workable,cmcportal
CMDC,workable,cmdc
CMG Marketing,workable,cmg-marketing
CMiC,workable,cmic
CMSPI,workable,cmspi
Coastal Babysitters,workable,coastalbabysitters
Coastal Wave Recruiting,workable,coastal-wave-recruiting
Coastline Equity,workable,coastline-equity
COBS Bread,workable,cobs-bread-2
Coconut,workable,coconutva
CoCreativ,workable,cocreativ
Codasip,workable,codasip
Code Metal,workable,code-metal
CodeLink,workable,codelink
CodeNinja,workable,codeninjapk
Codi,workable,codi
Coding Collective,workable,coding-collective
Codurance,workable,codurance
Cogna,workable,cogna
Cognite,workable,cognite
Cognito Education,workable,cognito-education
COGNNA,workable,cognna
coherence,workable,coherence
CoinJar,workable,coinjar
CoinList,workable,coinlist
Cold Stone Creamery South Florida,workable,cold-stone-creamery-southflorida
Collinear Group,workable,collinear-group
COLOR,workable,colorcreative
ComeOn Group,workable,comeon-group
Command Holdings,workable,wwc
Commify,workable,commify
Common App,workable,commonapp
Commonwealth Medical Services,workable,commonwealth-medical-services
"CommunicateHealth, Inc.",workable,communicatehealth-inc
Community,workable,community-2
Community Bank of the Bay,workable,community-bank-of-the-bay
Community Hospital Corporation,workable,community-hospital-corporation
Community Sports Partners,workable,community-sports-partners
CommXP IT Solutions,workable,commxp-it-solution-ltd
Company,workable,company
Compass Analytics,workable,compass-analytics
Compass Education,workable,compass-education
Complexio,workable,complexio
Compound Growth Marketing,workable,compound-growth-marketing
Comsys CX,workable,comsyscx
Conares,workable,conares
Concept3D,workable,concept3d-dot-c-om
Concured Limited,workable,concured-limited
Conduktor Inc,workable,conduktor
Conjointly,workable,conjointly
ConnectAd,workable,connectad
ConnectOS,workable,cos
ConnectPath,workable,connectpath
ConnectPrep,workable,connectprep
"Connexity | Skimlinks, a Taboola company",workable,connexity
Conrad Athens The Ilisian,workable,conradathens
Consigli Construction,workable,consigli-construction-1
Consortia Group,workable,consortiagroup
Constructor,workable,constructor-1
ConsumerAffairs,workable,consumeraffairs-1
CONTACT,workable,contact
Continuity Global Solutions,workable,continuity-global-solutions
Continuum Resource Network,workable,continuum-resource-network
ContinuumCloud,workable,continuumcloud
Control Risks,workable,control-risks-6
Contáctica.,workable,contactica
Converge,workable,converge
Convergent,workable,convergent
Convergent Energy and Power,workable,convergent-careers
Conversate,workable,conversate
ConvertFlow,workable,convertflow
Convosphere,workable,convosphere
Cookpad Ltd,workable,cookpad
CoolGames,workable,coolgames
Coolmath Games,workable,coolmath
Coons Franklin Lodge,workable,coons-franklin-lodge
Cooperidge Consulting Firm,workable,cooperidge-consulting-firm
CoPilot Advisor,workable,copilotadvisor
Coppett Hill,workable,coppett-hill
Corcentric,workable,corcentric
Core-VA Solutions,workable,core-va-solutions
Core10,workable,core10
CoreSite,workable,coresite
Coretek Services,workable,coretek-services
Cornspring,workable,cornspring
Corporativo Lumston,workable,corporativolumston
Cortip,workable,cortip
Cosentino North America,workable,cosentino-north-america-1
COSMO,workable,cosmo
Cosmos Sport S.A.,workable,cosmos-sport-s-dot-a
COSMOTE GLOBAL SOLUTIONS NV,workable,cosmote-global-solutions-nv
Costa Navarino,workable,costa-navarino
Costello Medical,workable,costello-medical
Cosy Hauz A Ltd.,workable,cosy-hauz
Cotton Clout,workable,cottonclout
Council on Criminal Justice,workable,counciloncj
Council on Foundations,workable,council-on-foundations
coUrbanize,workable,courbanize
Coventry,workable,coventryfirst
Cover Whale Insurance Solutions,workable,cover-whale
CoverGo,workable,covergo
Cowboy,workable,cowboy
CP Engineers,workable,cp-engineers
CP PLUS ASIA SDN BHD,workable,cp-plus-asia-sdn-bhd-1
CPAI Inc,workable,cpai-inc
CPM Ireland,workable,cpm-ireland
Craft Gin Club,workable,craft-gin-club
Craftsman Collision,workable,craftsman-collision
Crayon,workable,crayon
Crayon Data,workable,crayon-data
Crazy Maple Studio,workable,crazymaplestudio
CreateMe Technologies,workable,createme-technologies
CREATEQ,workable,createq-space
Credence,workable,credence
"Cresilon, Inc.",workable,cresilon
CrewAI,workable,crewai
CrewBloom,workable,crewbloom
Crewlink,workable,crewlinkltd
Creyos,workable,creyos
CRICO,workable,crico
Crisalix,workable,crisalix
Critical Control,workable,critical-control
Crop.photo,workable,crop-photo-at-evolphin
CropX,workable,cropx
Cross Border Talents,workable,crossbordertalents
Crossfuze,workable,crossfuze
CROSSMARK Australia,workable,dkshsmollan
Crowd Favorite,workable,crowd-favorite
crowdspring,workable,crowdspring
Crown Equipment,workable,crown-equipment
Crown Equipment Pte Ltd (Singapore),workable,crown-equipment-pte-ltd-singapore
Crumdale Specialty,workable,crumdale-specialty
Crypto Finance AG,workable,crypto-finance
Cryptonext Security,workable,cryptonext-security
Crystal,workable,crystalknows
Crystal Creek Hospitality,workable,crystal-creek-hospitality
Crystalia Glass,workable,crystalia-glass
CTO.ai,workable,ctoai
CTW,workable,ctw
Cube,workable,cube-asia
Cube RM,workable,cuberm
Cuberg,workable,cuberg
Cubitts,workable,cubitts-2
Cullinan Holdings,workable,cullinan-holdings
CUR8,workable,cur8earth
Curated Greece,workable,curated-greece
CurbWaste,workable,curbwaste
Curology,workable,curology
Current Health,workable,currenthealth
Curvo,workable,curvo
Cuso International,workable,cuso-international
Customs4trade,workable,customs4trade
CVC Credit Partners,workable,cvc-credit-partners
CVector - Industrial AI,workable,cvector
CWSI,workable,cwsi
CXG,workable,cxg
CXM Direct LLC,workable,cxmdirect
CybelAngel,workable,cybelangel
CyberSmart,workable,cybersmart
Cydcor,workable,cydcor
Cygnus Payment Solutions,workable,cygnus-pay-careers
CYM Living LLC,workable,cym-living
Cynch AI,workable,cynch-ai
Cyperts Digital Solution Pvt Ltd,workable,cyperts-digital-solution-pvt-ltd
Cyrex,workable,cyrex
D ONE,workable,d-one
D-ploy,workable,d-ploy
D2B,workable,d2b-1
D2B Groups,workable,d2b-groups
D2M SERVICES,workable,d2mservices
DaCodes,workable,dacodes-mx
dahmakan,workable,join-dahmakan
DailyStaffWorks UAE,workable,dailystaffworks-uae
Daito Design,workable,daito-design
dameproducts,workable,dame1
"Dane Street, LLC",workable,dane-street-llc
Dangote Group,workable,dangote
Daniels Solutions,workable,daniels-solutions
DAOU Family Estates,workable,daou-family-estates
Darkhive,workable,darkhive
Darwin AI,workable,darwin-ai
Darwinbox,workable,dbox
DASH Water,workable,dash-water
Data Vista Inc,workable,data-vista-inc
DataClover,workable,data-clover
Datacom,workable,datacom1
Datafied,workable,datafied-1
DataFinch Technologies,workable,datafinch-technologies
Datamaran,workable,datamaran
"Datamark, Inc.",workable,datamark-inc
Datapane,workable,datapane
Datatonic,workable,datatonic
DataVisor,workable,datavisor-jobs
datma,workable,datma
David Protein,workable,david-protein
Davy,workable,davy
DAYBREAKER,workable,daybreaker
Dayshape,workable,dayshape
Daystar Power,workable,daystar-power-group
DBSync Inc,workable,mydbsync
DC Advisory,workable,dcadvisory
DC Enterprises (iLABS Inc. and Affiliated Companies:),workable,dc-enterprises-career
DC Thomson,workable,dcthomson
DCOH,workable,dcoh
DCSA,workable,dcsa
dcv,workable,dcv
Debenhams Group,workable,debenhamsgroup
Debiopharm,workable,debiopharm
Deblock,workable,deblock
Decathlon Hong Kong,workable,decathlonhk
Decathlon Singapore,workable,decathlon-sg
Decentralized Masters,workable,decentralized-masters
Decisal,workable,decisal
Decision Foundry,workable,decision-foundry
Decisions,workable,decisions
Deep Knowledge Group,workable,deep-knowledge-group-1
Deep Science Ventures,workable,deep-science-ventures
Deeplight,workable,deeplight
Deeproute.ai,workable,deeproute-dot-a-i
deepset,workable,deepset
DeepSource Technologies,workable,deepsource
Dehaat,workable,agrevolution
Dekeo Services North America Inc,workable,dekeo-services-north-america-inc
Delaware Nation Industries,workable,dnigov
Deliver Now Logistics,workable,deliver-now-logistics
Delivery Mates,workable,dmates
Deloitte East Africa,workable,deloitte-eastafrica
Delta Consulting Company,workable,delta-consulting-company
Delta Hotels by Marriott Toronto Airport & Conference Centre,workable,delta-toronto-airport
Delta-v,workable,delta-v
Deluxe Holiday Homes,workable,deluxe-holiday-homes
DemandTec,workable,demandtec
Dendra Systems Limited,workable,dendra-systems
Dental Media Corp,workable,dental-media-corp
Dentons,workable,dentons-europe
"Dephy, Inc.",workable,dephy
DeRisk Technologies,workable,derisk
Design Shopp,workable,design-shopp
Deskpro,workable,deskpro
Desmone Architects,workable,desmone-architects
Destinus,workable,destinusgroup
Dev.Pro,workable,devpro
Devbridge,workable,devbridge
Development Data Lab,workable,development-data-lab
Devoted Studios,workable,devoted-studios-1
Devsinc,workable,devsinc-17
DevSquad,workable,devsquad
Devsu,workable,devsu
Dext,workable,dext
Dextra,workable,dextra
DFDL,workable,dfdl
DGR Systems LLC,workable,dgrsystems
Diagnostic Robotics,workable,diagnostic-robotics
Dialectica,workable,dialectica-global
Dialexa,workable,dialexa
Diet ID,workable,diet-id
DigiOutsource,workable,digioutsource-1
digiRocks,workable,digirocks
Digital Aid,workable,digital-aid
Digital Catapult,workable,digital-catapult
Digital Control Inc.,workable,digital-control
Digital Frontier,workable,digital-frontier
Digital Shadows,workable,digital-shadows
Digital Yalo,workable,digital-yalo
DigitalGenius,workable,digitalgenius
digitalundivided,workable,digitalundivided
Digiterre,workable,digiterre
dim,workable,dim
Ding,workable,ding
Direct Biologics,workable,direct-biologics
Dirty Martini Marketing,workable,dirty-martini-marketing
DISA Technologies,workable,disa-technologies
DISCO,workable,disco
Discogs,workable,discogs-1
Discovery Education,workable,discoveryed
Dishpatch,workable,thedishpatch
Dispel,workable,dispel
Dispense,workable,dispense
Displayr,workable,displayr
Distalmotion SA,workable,distalmotion
DISYS,workable,disys
Divar,workable,divarjobs
Diverse Computing,workable,diversecomputing
Divvy,workable,divvy
dltHub,workable,dlthub
DMV IT Service,workable,dmvitservice
DocMatter Inc.,workable,docmatter-inc-2
DocPlanner,workable,docplanner
Doctify,workable,doctify-1
Doctor Care Anywhere,workable,doctor-care-anywhere
Doehler North America,workable,doehler-north-america
DOF,workable,dof
Doist,workable,doist
Doji Ltd,workable,doji
DomainTools,workable,domain-tools
Doman Building Materials Group Ltd,workable,doman-building-materials
Domes Resorts & Reserves,workable,domes-resorts
Domyn,workable,domyn
DonationXchange,workable,donationxchange
Donesafe,workable,donesafe
Dopay,workable,dopay-8
Dossier,workable,dossier
Double Stallion Games,workable,dblstallion
DoubleIP S.A.,workable,doubleip-sa
Downtown Houston +,workable,central-houston-inc
DPG,workable,dpg
Dreamdata,workable,dreamdata
Dreamix Ltd.,workable,dreamix-ltd
Driftrock Limited,workable,driftrock
Driven Properties,workable,driven-properties-1
DrivenData,workable,drivendata
Droids On Roids,workable,droids-on-roids-1
DroneUp,workable,droneup
Drops,workable,drops
Drug Hunter,workable,drug-hunter
Druid Hills Golf Club,workable,dhgc-careers
DRVN,workable,drvn
Dry Farm Wines,workable,dry-farm-wines-1
DSI Systems,workable,dsi-systems
DSI-Global,workable,dsi-global
Dsquares,workable,dsquares-loyalty-dmcc
Dubber,workable,dubber
Dubizzle MENA,workable,dubizzlemena
Duke Corporate Education,workable,duke-corporate-education
"Dunlop Manufacturing, Inc.",workable,dunlop
Durham Community Health Centre,workable,durham-community-health-centre
Durma North America,workable,durma-north-america
DVI Solution,workable,dvi-solution
dYdX Operations Trust,workable,dydx-operations-trust
Dynamic Solution Innovators,workable,dsinnovators
Dyson Farming,workable,dyson-farming
e-Careers Limited,workable,ecareers
E8 Engineering,workable,e8-engineering
Eagle Eye,workable,eagle-eye-2
Eagle Sales Corp,workable,eagle-sales-corp
Eagle Seven,workable,eagle-seven
EarthCam,workable,earthcam
Earthlinktele,workable,earthlinktele
Ease Solutions,workable,ease-solutions-pte-ltd
East Bank Club,workable,east-bank-club
Easy Auto & Sunrise Acceptance,workable,easyauto
EBC Group,workable,ebcfinancialgroup
ECAD Labs Inc.,workable,ecadlabs
Echo Base,workable,echobase-global
Echo360 Inc,workable,echo360-inc
Echoing Green,workable,echoing-green
ecoligo,workable,ecoligo
Ecomnova,workable,ecomnova
"Econ One Research, Inc.",workable,econ-one-research
ECP,workable,ecp-123
EDAG UK,workable,edag-uk
Eden GeoPower Inc,workable,eden-geopower
Eden Holdings Philippines Inc.,workable,ed3nventures
Edgility Search,workable,edgility-search
edison365,workable,edison365
Editas Medicine,workable,editas
Edpuzzle,workable,edpuzzle
Education First Consulting,workable,education-first-consulting
Education Outside,workable,educationoutside
Education Perfect,workable,education-perfect
Education Reform Now Advocacy,workable,erna
edyn.care,workable,edyn-care
efood,workable,e-food
eFounders,workable,efounders
Egon Zehnder,workable,ezrecruiting
ei3 Corporation,workable,ei3-corporation
eight&four,workable,eight-and-four
Eightcap,workable,eightcap
Einsite,workable,einsite
Ekanite Consulting,workable,ekanite-consulting
ekar,workable,ekar
elasticStage,workable,elasticstage
ElectraMeccanica,workable,electrameccanica
Electric Coin Company,workable,electric-coin-company
Electrum Software,workable,electrum
Element,workable,elementio
Eleos Health,workable,eleos-health
Elephant and Castle,workable,elephant-and-castle-1
Elephant Healthcare,workable,elephanthealthcare
Elesta,workable,elesta
Elevate,workable,elevate-7
Elevate and Delegate,workable,eandd
Elevate Semiconductor,workable,elevate-semiconductor
Elevation Capital,workable,elevation-capital-3
Elevation Pictures Corp.,workable,elevation-pictures-corp
Elevatus,workable,elevatus-2
Elior North America,workable,elior-north-america
Elior-NA,workable,elior-na
Elite Interpreters Asia (HK) Pte Ltd,workable,elite-interpreters-asia-hk-pte-ltd
Ellinopoula Ltd,workable,ellinopoula-ltd
Ellipsis Marketing LTD,workable,getellipsis
Ellison Institute of Technology,workable,ellison-institute-of-technology
Elms Interior Design,workable,elms-interior-design
Elmwood Brand Consultancy,workable,elmwood
Elo,workable,elo-health
Elsewedy Electric PSP,workable,elsewedy-electric-psp
Eluvio,workable,eluvio
Elve Inc,workable,elvespeed
Elvie,workable,elvie
ELVTR,workable,elvtrcom
Emanuelson-Podas,workable,emanuelson-podas
Emaratech,workable,emaratech-2
Ember Digital Limited,workable,emberdigital
Emerging Travel Group,workable,emerging-travel-group
Eminent Valet,workable,eminent-valet
Emirates Investment Authority,workable,emirates-investment-authority
Emora Health,workable,emora-health
Empatica,workable,empatica
Emplify,workable,emplify
Employ,workable,employit
"Employee Owned Holdings, Inc.",workable,employee-owned-holdings-inc
Employmate,workable,emapply
Employment Hero,workable,employment-hero
Emprise Bank,workable,emprise-bank
EMS Healthcare,workable,ems-group
eMushrif,workable,emushrif
"EMW, Inc.",workable,emw
Enable Data Incorporated,workable,enable-data
Encoded Therapeutics,workable,encoded
Endear,workable,endear
Endomag,workable,endomag
Energy Aspects Ltd,workable,energyaspects
Energy Impact Partners,workable,energyimpactpartners
Energy Transportation Group,workable,shipenergy
Energy Trust of Oregon,workable,energy-trust-of-oregon
EnerMech,workable,enermech
Enerwave,workable,enerwave
Enfinity Global,workable,enfinity-global-2
"ENFOS, Inc.",workable,enfos-inc
Enfuse Group,workable,enfusegroup
EngageTech,workable,engagetechuk
EngFlow Inc.,workable,engflow
Enigmatic Smile,workable,enigmaticsmile
Enjins,workable,enjins
enosix,workable,enosix-1
EnrollHere,workable,enrollhere
EnsoData,workable,ensodata
Entain,workable,entaingroup
Enter,workable,getenter
Enterfusion,workable,enterfusion
Enterprise Electrical,workable,enterprise-electrical
Enterprise Horizon Consulting Group,workable,enterprise-horizon-consulting-group
Entourage,workable,entouragevc
Entuitive,workable,entuitive
Envalior,workable,envalior
Environment Bank,workable,environment-bank
Envision Employment Solutions,workable,envisiones
Envisso,workable,envisso
EO San Francisco (EOSF),workable,eosf
"epay, a Euronet Worldwide Company",workable,epay
EPOS,workable,epos
EPS Consultants,workable,epsconsultants
Equiem,workable,getequiem
Equipment Experts Inc.,workable,equipment-experts-inc
Eram Talent,workable,eramtalent-1
Ergonia,workable,ergonia
ERP,workable,erp
eSalon,workable,esalon
Esanjo,workable,esanjo
Escape Velocity Entertainment Inc,workable,escape-velocity-entertainment-inc
"ESET Middle East, Greece & Cyprus",workable,eset
eSkill,workable,eskill-1
ESL FACEIT Group,workable,efg
eSoftware Associates Inc,workable,esoftware-associates-inc
Espresso Services Inc / Intermix Beverage,workable,espresso-services-inc
Esquel Group,workable,esquel-group
Essel,workable,esselenvironmental
Essence Investment AG,workable,essence-investment-ag
Estendio,workable,estendio
ESV Accounting and Business Advisors,workable,esv-accounting
ESV Digital,workable,esv-digital
ETL SYSTEMS,workable,etl-systems
Etraveli Group,workable,e-travel-sa-1
Eupry,workable,eupry-aps
Eurobank Private Bank Luxembourg SA,workable,eurobank
Euromonitor,workable,euromonitor
"Euronet Worldwide, Inc.",workable,euronet
Europe Careers,workable,europe-careers
EUROPEAN DYNAMICS,workable,european-dynamics
European Endowment for Democracy,workable,eed
European Policy Centre,workable,europeanpolicycentre
European Wax Center,workable,europeanwaxcenter
Eurostar International,workable,eurostar
Eva Pharma,workable,eva-pharma
Evaluate Group,workable,evaluate-ltd
Eventology Marketing,workable,eventologymarketing
Everest Ventures Group,workable,everest-ventures-group
EverService,workable,everservice
Everyday Dose Inc.,workable,everyday-dose-inc
Everything To Gain,workable,everythingtogain
EVH,workable,evh
Evidence Action,workable,evidence-action
eVisit,workable,evisit
Evolution Recruitment Solutions,workable,evolution-recruitment-solutions
Evolv Technologies Inc.,workable,evolv-technology
Evolve Group,workable,evolvegrp
Evolving Web,workable,evolving-web
"EVOTEK, Inc.",workable,evotek-1
EVRYTHNG,workable,evrythng
Excellence Community Schools,workable,excellence-community-schools
Excellence Health Inc.,workable,excellence-health-inc
Excelya,workable,excelya
Excess Baggage,workable,excess-baggage
Expatriate Management Services Ltd,workable,expatriate-management-services-ltd
Expereo,workable,expereo
Experience Senior Living,workable,experience-sl-co
Experience.com,workable,experience-com
Experts Plus Recruitment Services,workable,experts-plus
Exponent Energy,workable,exponent-energy
Ezypay,workable,ezypay
Fable,workable,fable-1
Fable Data,workable,fable-data
Fabulous,workable,fabulousco
Facebook,workable,facebook
Facet,workable,facetwealth
Facilities Management Express,workable,fmx
FairMoney,workable,fairmoney
Fairstead,workable,fairstead
Falcomm,workable,falcomm
Famoco,workable,famoco
Fancy,workable,fancy
Faraday Norton,workable,faradaynorton
Faria Education Group,workable,faria
Farm.One,workable,farm-one
Farmacy Beauty,workable,farmacy
Farmers Insurance - Richard Rappa District Office,workable,farmers-insurance-rappa-district
FARMVEDA,workable,farmveda
Faro Health Inc.,workable,farohealth
Fasanara,workable,fasanara
Fastbreak AI,workable,fastbreak-ai
Fastmail,workable,fastmail-1
Fastory,workable,fastory
"Fauna, Inc",workable,fauna
Favorite Medium,workable,favorite-medium
Fawkes IDM,workable,fawkes-idm
FCC Environmental Services,workable,fcc-environmental-services
FE fundinfo,workable,fe-fundinfo
Feeld,workable,feeldco
Felicity's link INC.,workable,felicitys-link-inc-1
Felsburg Holt & Ullevig,workable,felsburg-holt-and-ullevig
Fenergo,workable,fenergocareers
Fengate Asset Management,workable,fengate
FERASET,workable,feraset
Fergus,workable,fergus
Ferryhopper,workable,ferryhopper
Festicket,workable,festicket
Fetchr,workable,fetchr
FFCFC,workable,ffcfc
Ffern,workable,ffern-2
FFP,workable,florida-food
Fibra,workable,fibraconsulting
Field Day,workable,field-day
Fieldcrest Ventures,workable,fieldcrest-ventures
Fieldfisher Belgium,workable,fieldfisherbelgium
FieldWrk,workable,fieldwrk
Fifty-Five,workable,fifty-five
FillaRole,workable,fillarole
FILRO Global Hiring,workable,filro-global-hiring
Filtered,workable,filtered
Filtered Technologies Limited,workable,filtered-technologies-limited
Financeit,workable,financeit
FINARTIX Fintech Solutions S.A.,workable,finartix
Finexio,workable,finexio
Finisterre,workable,finisterre
Finite State,workable,finitestate
Finnovista,workable,finnovista
FinTech Insights,workable,scientia
Fireflies.ai,workable,fireflies
Firefly Health,workable,firefly-health
Firefly Tech Oy,workable,firefly-tech-oy
Firnal,workable,firnal
First Analysis,workable,first-analysis
First Choice Finance Consultants,workable,firstchoicefinanceconsultants
First Circle,workable,first-circle
FIRST Exploration & Petroleum Development Company,workable,firstepdcng
First Focus,workable,first-focus
First Help Financial,workable,firsthelpfinancial
First Intuition,workable,first-intuition
First Law International sprl,workable,first-law-international-sprl
First Recruiting,workable,first
First San Francisco Partners,workable,first-san-francisco-partners
First Southern National Bank,workable,fsnb
Firstleaf,workable,firstleaf
Fiscal.ai,workable,fiscal-ai
Fishbrain AB,workable,fishbrain-ab
Fitness On Demand,workable,fitness-on-demand-1
Fitness Premier,workable,fitness-premier
FITURE,workable,fiture-holding-llc
FIVE19 Creative,workable,five19-creative
FixMyCar,workable,whocanfixmycar
Fixpoint,workable,fixpoint
Flagship Food Group,workable,flagship-premium-food-group
Flapen,workable,flapen
FlapKap,workable,flapkap
Flare,workable,flare-talent
Flat6Labs,workable,flat6labs
Flatgigs,workable,flatgigs
Flats LLC,workable,flats-llc
Flawless Photonics,workable,flawlessphotonics
Fleet Healthcare,workable,fleethealthcare
FleetPartners,workable,fleetpartners
Flex College Prep,workable,flex-college-prep
FlexCar,workable,flexcarcareers
Flexcompute Inc.,workable,flexcompute
Flexion Robotics,workable,flexion-robotics
Flight Group,workable,flight-group
FLiiP,workable,fliip
Flip,workable,flip
FLO EV Charging,workable,flo-addenergie
Float.com,workable,floatjobs
FloatMe,workable,floatme
Floom,workable,floom
Florence,workable,florence-4
Florida Design Works,workable,florida-design-works
Florida Realtors,workable,florida-realtors
Florida Window & Door,workable,floridawindowanddoor
Flosum,workable,flosum
Flowdesk,workable,flowdesk
FLOWERBX,workable,flowerbx
FlowX.AI,workable,flowxai
FLS Transportation Services,workable,fls-transportation
"Fluent, LLC",workable,fluent
Fluentbe.com,workable,fluentbe
FluidStack,workable,fluidstack
Flyability,workable,flyability
FlyAkeed,workable,akeed
FlyOver Canada,workable,flyover-canada
Focus Group,workable,focus-group
Focus Lab,workable,focuslab
Foley,workable,foley-carrier-services-llc
Fonpit AG,workable,fonpit-ag
"Food Plant Engineering, LLC",workable,food-plant-engineering
Food Revolution Network,workable,foodrevolutionnetwork
Food Truck Promotions,workable,food-truck-promotions
FOODGEARS SINGAPORE PTE LTD,workable,foodgears-singapore-pte-ltd
Foodgie,workable,foodgie
Foodics,workable,foodics
Footasylum,workable,footasylum
Footprint,workable,footprint
Forager,workable,forager
Forbes Media,workable,forbes-media
ForceMetrics,workable,forcemetrics
Forgotten Empires,workable,forgotten-empires
FormAssembly Inc.,workable,formassembly
Formula5,workable,formula5
Forseven,workable,forseven
Fortanix,workable,fortanix
forwardpmx,workable,forwardpmx
Fotografiska- Premier,workable,fotografiska
Found&Chosen,workable,foundand-chosen
Found.ation,workable,thefoundation
Founders Forum Group,workable,foundersforum
Founders Intelligence,workable,founders-intelligence
Four Sigmatic,workable,four-sigmatic
FourthRev,workable,fourthrevcareers
Foxbox Digital,workable,foxbox-digital
Fractl,workable,fractl-1
Fran's ExploreMore Travel,workable,exploremore-with-fran
Francis Lofts & Bunks,workable,adultbunkbeds
Fred Astaire Dance Studios,workable,fred-astaire-dance-studios-3
Freddies Flowers,workable,freddies-flowers-1
Freebird,workable,freebird
Freedx,workable,freedx
Freelance Latin America,workable,freelance-latin-america
FreightTAS LLC,workable,freight-t-a-s-llc
Fresh Gravity,workable,freshgravity
Fresh.Land,workable,freshland
FRESKO,workable,fresko
Fresno Regional Workforce Development Board,workable,frwdb
Frida,workable,fridababy
Friends of the High Line,workable,thehighline
"From Day One, Inc.",workable,fromdayone
Front Row,workable,front-row-group
"Frontline, LLC - Managed IT Services and IT Support",workable,frontlineinc
Fruitz,workable,fruitz
Fruugo.com Ltd,workable,fruugo
FSAA,workable,fsaa
FSC,workable,fsc
Fuel Ventures,workable,fv-careers
Fuelius,workable,fuelius
Fujifilm Healthcare Europe,workable,fujifilm-healthcare-europe
Fuku,workable,fuku
Fulfillment IQ,workable,fiq
Fullmind,workable,fullmind
Fullstack Academy,workable,fullstackacademy
FullStack Labs,workable,fullstack-labs
Fun Town RV,workable,fun-town-rv
"Functional Nutriments, LLC",workable,functional-nutriments
Fundcraft,workable,fundcraft
Fundify,workable,fundify
Funding Options,workable,fundingoptions
Funding Societies | Modalku Group,workable,fundingsocieties
Fundment,workable,fundment
Funnel Leasing,workable,funnel-leasing
FunnelFuel,workable,funnelfuel
FunPlus,workable,fun-plus
Fuse Energy,workable,fuseenergy
Fuse Finance,workable,fuse-finance
Fusion Professionals,workable,fusionprofessionals
Fusion Professionals Pty Limited,workable,fusion-professionals-pty-limited
FusionHit,workable,fusionhitjobs
Futurae,workable,futurae
Future Advocacy,workable,future-advocacy
Future Farm,workable,future-farm
Future Publishing,workable,futureplc
Future Today Strategy Group,workable,ftsg
FutureLearn Ltd,workable,futurelearn-ltd
Futuresay,workable,futuresay
FutureSight,workable,futuresight
Futurex,workable,futurex-1
Fy!,workable,fy
G MASS,workable,g-mass
G-20 Group,workable,g-20-advisors-ag
Gable,workable,gable
GaggleAMP Inc.,workable,gaggleamp
"Galois, Inc.",workable,galois
gamigo group,workable,gamigo
Ganymede,workable,ganymede
Garmin Cluj,workable,garmin-cluj
Gathern,workable,gathern
GBG,workable,gbg
GCI Health,workable,gci-health
GearUp2Success,workable,gearup2success-1
Geissele Automatics Inc.,workable,geissele-automatics-inc
Gelato,workable,gelato-cloud
GEM Technologies,workable,gemtechnologies
Gemini Personnel Pte Ltd,workable,gemini-personnel-pte-ltd
Gemmo,workable,gemmo
GEN PLUS Group,workable,genplusgroup
Generation Esports,workable,gene
Generation UK & Ireland,workable,generation-uk
Generation West Virginia,workable,generationwv
Genesis Orthopedics & Sports Medicine,workable,genesisortho
Genesis Recruiting,workable,genesis-recruiting
Genetec,workable,genetec-inc
Genius Agency AI,workable,genusagencyai
Genius™,workable,joingenius
Genki,workable,staygenki
GenLayer Labs Corp.,workable,genlayer-labs
Genvax Technologies,workable,genvax-technologies
Genz-Ryan,workable,genz-ryan
GeoDelphi,workable,geodelphi
Geomagical Labs,workable,geomagical-labs
Geoprobe Systems®,workable,geoprobe
George Lucas Educational Foundation,workable,glef
Georgia Dept. of Corrections,workable,georgia-dept-of-corrections
Georgia Network to End Sexual Assault,workable,georgia-network-to-end-sexual-assault
Gerard Search,workable,gerardsearch
Getir,workable,getir
getolo GmbH,workable,getolo
GetResponse,workable,getresponse
GFT,workable,gft
GHGSAT,workable,ghgsat
Giant Pumpkin,workable,giant-pumpkin
GigaBrands,workable,gigabrands
Gigmo Solutions,workable,gigmos
Gigs,workable,gigs
Ginetta,workable,ginetta
Girls Who Invest,workable,girls-who-invest
Giskard,workable,giskard
GitHub,workable,github
GIZ-Kamerun,workable,giz-kamerun
Gizmo,workable,gizmo
Glass Lewis Europe Limited,workable,glass-lewis-europe-limited
Gleamin Inc.,workable,gleamin
Glenveagh Properties PLC,workable,glenveagh-properties-plc
Global App Testing,workable,global-app-testing
Global Dimensions,workable,globaldllc
"Global Engineering & Technology, Inc. (GET)",workable,global-engineering-and-technology
Global Finance Teams,workable,globalfinanceteams
Global Healing,workable,globalhealing
Global Medical Virtual Assistants,workable,globalmedicalvirtualassistants
Global Schools Forum,workable,global-schools-forum
Global Secure 3,workable,global-secure-3
Global Strategic Business Process Solutions Inc.,workable,global-strategic
Globalscape,workable,globalscape
GlobalVision,workable,globalvision-careers
Gobee Group,workable,gobee-group
goFLUENT,workable,gofluent-1
GoFull Inc.,workable,gofull-inc
gogaga holidays pvt ltd,workable,gogaga-holidays-pvt-ltd
GoGlobal,workable,goglobal
Goin,workable,goin
Goldair Handling,workable,goldair-handling-s-dot-a
Golden Gate Regional Center,workable,ggrc
GoldenLine,workable,goldenline-1
GoLeasy,workable,goleasy
GolfSuites,workable,golfsuites
GOLFTEC,workable,golftec1
Goliath,workable,goliathgroup
Golin,workable,golin
GoMining,workable,gomining
Goo,workable,goo
GoodHabitz,workable,goodhabitz
Goody,workable,goody
GoOpti B.V.,workable,goopti
Goosechase,workable,goosechase
GoReel,workable,goreel
Gorillas,workable,gorillas
Gotham Enterprises Ltd,workable,gotham-enterprises
Gotu Healthcare,workable,gotu-healthcare
Gould & Ratner LLP,workable,gouldand-ratner
GOVX,workable,govx
Gramian Consulting Group,workable,gramian
"Grand Lodge, Masonic Homes & Acacia Creek",workable,masonic-homes-of-ca
Granite State Manufacturing,workable,granite-state-manufacturing
Grant Thornton New Zealand,workable,grant-thornton-new-zealand
Grapevine MSP Technology Services,workable,grapevine-msp-technology-services
Graph.one,workable,graph-one
Grassroots Carbon,workable,grassrootscarbon
Gravity Payments,workable,gravity-payments-1
Grayce,workable,grayce
Graza,workable,graza
Great Northern Way Campus Ltd,workable,great-northern-way-campus
Greater Europe Mission,workable,greater-europe-mission
Greater Toronto Music School,workable,greater-toronto-music-school
GREEN GENIUS,workable,green-genius
Green Man Gaming,workable,green-man-gaming
Green.Earth,workable,greenearth
Greenbacker Capital,workable,greenbacker-capital
"Greenberg-Larraby, Inc. (GLI)",workable,greenberg-larraby-inc-gli
Greene County Public Library,workable,greenelibrary
Greenfly,workable,work-at-greenfly
Greenlife Healthcare Staffing,workable,greenlife-healthcare-staffing-1
Greenscreens.ai,workable,greenscreens-dot-a-i
Greentank,workable,greentank
Gregory's Food Service Group S.A.,workable,gregorys-food-service-group
GRESB,workable,gresb
Gresham Technologies PLC,workable,gresham
Greycoat Placements Limited,workable,greycoatlumleys
"Griffin & Strong, PC",workable,griffinand-strong-pc
Grio,workable,grio
GRIP Personal Training,workable,grip-personal-training
Gritter Francona,workable,gritter-francona
Groundfloor,workable,groundfloor
GroundTruth,workable,groundtruth
Growth Hub Consultants,workable,growth-hub-consultants
Growth Kitchen,workable,growth-kitchen
Growthcurve,workable,growthcurve-ltd
GrowthPair,workable,growthpair
GrowthWheel International Inc.,workable,growthwheel
GrowthX Labs,workable,growthx
Growwr,workable,growwr
Grupago,workable,grupago
Grupo Medico Georgia,workable,grupo-medico-georgia
Grupo QuintoAndar,workable,quintoandar
GSSTech Group,workable,gsstech-group
GTECH Information Technology LLC,workable,gtech
Guess Europe Sagl,workable,guess-europe-sagl
Guestwise,workable,guestwise
Gunnebo Entrance Control,workable,gunnebo-entrance-control
GXE,workable,gxe
Gypsy Collective,workable,gypsy
Gyroscope Therapeutics,workable,gyroscope-therapeutics
H&H,workable,hardestyand-hanover
H2 Health,workable,h2-health
Habitat Learn Inc,workable,habitat-learn-inc
Hack The Box,workable,hack-the-box-ltd
hackajob,workable,hackajob
Hadley Designs,workable,hadley-designs
Haiqu Inc.,workable,haiqu-inc
Hakluyt,workable,hakluyt
Halcyon London International School,workable,halcyon-2
Hallson Hospitality,workable,hallson-hospitality
"Halo Industries, Inc.",workable,halo-industries
"Halstead Management Company, LLC",workable,halstead-management-company-llc
Hamiltonian Dynamics,workable,hamiltonian-dynamics
Hampton Healthcare,workable,hamptonhealthcare
Handicap International,workable,hi-jobs
"Handle, Inc.",workable,handle-inc
HanmiGlobal Saudi,workable,hanmiglobal-saudi
Hanna Interpreting Services LLC,workable,hanna-interpreting-services-llc
Happy Day Brands,workable,happyday
Happy Hour Games,workable,happy-hour-games
HappyFunCorp,workable,happyfuncorp-1
Harbr,workable,harbrdata
Harlem Children's Zone,workable,harlem-childrens-zone
Harmonic Fund Services,workable,harmonic-fund-services
Harmonic Security,workable,harmonic-security
Harvest,workable,harvest
Haus,workable,haus
Hawk-Eye Innovations,workable,hawk-eye-innovations
Hayat Universal School (HUBS),workable,hayat-universal-school-hubs
Hayfin Capital Management,workable,hayfin-capital-management
HeadQuarters,workable,headquarters
"Headworks, Inc.",workable,headworks-inc
HealingUS Centers,workable,healingus-centers
Health Care Informed,workable,health-care-informed
Health Link Talent,workable,health-link-talent
Healthcare Central London,workable,healthcare-central-london
Healthcare Management Administrators,workable,healthcare-management-administrators
HealthCorps,workable,healthcorpsorg
"HealthLink Dimensions, LLC",workable,healthlink-dimensions-llc
HealthOp Solutions,workable,healthop-solutions
HealthSnap,workable,healthsnap
Hearth Support Services,workable,hearth-support-services
HeartyyFresh,workable,heartyyfresh
HeavenHR,workable,heavenhr
Hedepy,workable,hedepy
HedgeServ,workable,hedgeserv-1
Hefring Engineering,workable,hefring-engineering
Helic Consultancy,workable,helic-consultancy
Helical,workable,helical
Hellas Gold S.A.,workable,eldoradogold
Hello Alice,workable,hello-alice
Hello Rache,workable,hello-rache
Hello Sunshine,workable,hello-sunshine
Help Scout,workable,help-scout
Helper Heroes,workable,helperheroes
HelpFlow,workable,helpflow
Helprise,workable,helprise-1
hemana,workable,hemana
Hemisphere Design Works,workable,hemispheredesignworks
HERA London,workable,hera-london
Heraklion International Airport,workable,heraklion-international-airport
hermeneutic Investments,workable,hermeneutic
Hertility Health,workable,hertilityhealth
Heska Corporation,workable,heska-corporation
Hex Trust,workable,hextrust
Hexagon Recruitment Partners Ltd,workable,hexagon-recruitment-partners-ltd
HGC Global Communications Limited,workable,hgc
Hi-Altitude Brands,workable,hialtitudebrands
HICX,workable,hicx-solutions
Hidden Valley Orchards,workable,hiddenvalleyorchards
High End Hiring,workable,high-end-hiring-3
High Street Resources,workable,high-street-resources
High Time Foods,workable,high-time-foods
Highbridge Human Capital,workable,highbridgecareers
Higher Learning Commission,workable,higher-learning-commission
Highland Spring Group,workable,highland-spring-group
Highview,workable,highview-power
Hike,workable,hike
Hilbert Investment Solutions,workable,hilbert-investment-solutions
Hilo By Aktiia,workable,hilobyaktiia
Hind Management,workable,hindmanagement
"Hint, Inc.",workable,hint
Hippo Digital,workable,hippo-digital
HipVan Pte Ltd,workable,hipvan-pte-ltd
Hire Fellows,workable,hirefellows
Hire with Reef,workable,hire-with-reef
Hireframe,workable,hireframe
HireHawk,workable,hirehawk
"Hireio, Inc.",workable,hireio-inc
Hiring Street,workable,hiring-street-1
HIROTEC AMERICA,workable,hirotec-america
Hirsch,workable,hirsch
Hitch,workable,hitch-careers
Hive Healthcare,workable,hive-healthcare
Hmlet,workable,hmlet
HMTX Industries,workable,hmtx-industries
HOG TECHNOLOGIES,workable,hog-technologies
HOKALI,workable,hokali
Holiday Extras,workable,holiday-extras
Homa,workable,homa-games
Home365,workable,home365
HomeBuddy,workable,homebuddy
Homeprotect,workable,homeprotect
Homey,workable,homey
Honda Indy Toronto,workable,honda-indy-toronto
Honest Networks,workable,honest-networks
HOOKBANG,workable,hookbang
Hop Labs,workable,hoplabs
Horizon Brands,workable,horizon-brands-group
Horizontal Digital,workable,horizontal-digital
Hosco,workable,hosco
Hospitable,workable,hospitable
"Hourly, Inc.",workable,hourly
Houseful,workable,houseful
"HousingPlus, Inc.",workable,housingplus-inc
Houst,workable,houst
Houston Behavioral Healthcare Hospital,workable,houston-behavioral-healthcare-hospital
Houston Properties Team,workable,houston-properties-team
HowNow,workable,hownow
Howso,workable,howso
HR factory,workable,hrfactory-lithuania
HR Force International,workable,hr-force
HR Studio,workable,hr-studio
"HRINC(Cambodia)Co.,Ltd.",workable,hrinc-cambodia-co-dot-ltd
HSI,workable,hsi-1
HSO,workable,hso
Huawei Technologies,workable,huawei-16
Huawei Telekomünikasyon Dış Ticaret Ltd,workable,huawei-telekomunikasyon-dis-ticaret-ltd
"Hubb, Inc.",workable,hubb-inc
Hubble,workable,hubble
Hubtype,workable,hubtype
Huckberry,workable,huckberry
Huckletree,workable,huckletree
Huda Beauty,workable,hudabeauty
Hudson Data,workable,hudson-data
Hugging Face,workable,hugging-face
Hugging Face,workable,huggingface
Huk Gear,workable,marolina
"Human Made, makers of Altis DXP",workable,humanmade
HumanI,workable,human-intelligence
Humara,workable,humara-2
Humi,workable,humi
Hummingbird Technologies Ltd,workable,hummingbird-technologies-ltd
Hunt St,workable,hunt-st
Hustler Marketing,workable,hustler-marketing
Hutch,workable,hutch
Hutong School,workable,hutong-school-5
Huzzle,workable,huzzle
HXP,workable,humanitarianxp
Hybrid Holdings (PTY) LTD,workable,hybrid-holdings-pty-ltd
Hydrosat,workable,hydrosat
HyperLight,workable,hyperlight
Hyperon,workable,hyperon
HyperVerge,workable,hyperverge
hyu,workable,hyu
I-TEKTON PRIVATE COMPANY,workable,i-tekton-private-company
I.Rice & Company,workable,irice-and-company
IAPWE,workable,iapwe
IAS - the International AIDS Society,workable,iasociety
IAV Automotive Engineering Inc,workable,iav-automotive-engineering
IB3 Global Solutions,workable,ib3-global-solutions
IBMC,workable,ibmcid
ICARDA,workable,icarda
ICAST,workable,icast
ICBD,workable,icbd-holdings
ICEYE,workable,iceye
Icona Resorts,workable,icona-resorts
iDE,workable,ide-global
Idea Entity,workable,idea-entity
ideali,workable,ideali
IDEAtors Apprenticeship Program,workable,ideatorsrecruiting
Identiv,workable,identiv
IDEX,workable,idex
Idoven,workable,idoven
IDS Engineering Group,workable,ids-engineering-group
ieso,workable,ieso
iFAST Global Bank Ltd,workable,ifast-global-bank-ltd
iGATE Technology,workable,igate-technologies
iGenius,workable,igenius
Igloo,workable,iglooinsure
Ignite IT,workable,ignite-33
ihateironing,workable,ihateironing
Ileg,workable,ileg
Iliad Partners,workable,iliad-partners
Illuma Technology,workable,illuma-technology
illuminating asia sg pte ltd,workable,illuminating-asia-sg-pte-ltd
ILO,workable,ilo
Imandra Inc.,workable,imandra
iMarketGlobal Inc,workable,imarketglobal-inc
iMarketing,workable,imarketing
Imdad,workable,careers-imdad
IMImobile Pvt Ltd,workable,imimobile-pvt-ltd
Immediate Media Co,workable,immediate-media-co
immidi,workable,immidi
Immigrant Invest,workable,immigrant-invest-2
Impact Clients,workable,impact-clients
Impact Media,workable,impact-digital-group-inc
Impact Theory,workable,impact-theory
Impactual LLC,workable,impactual-llc
IMS,workable,ims
INAUTALENT,workable,inautalent
Inbox Business Technologies,workable,inbox-business-technologies
Indeavor,workable,indeavor
InDebted,workable,indebted
InDelivery sp z o.o,workable,indelivery
index,workable,index-4
Indian River Transport,workable,irtcareers
IndiBrain,workable,umcg1
Indice IT Consulting,workable,indice
Indigo Solutions Group,workable,indigo-solutions-group
Indiko Data,workable,indikodata
Indra Park Air,workable,indra-park-air
Infini Capital Management Limited,workable,infini-capital-management-limited
Infleqtion,workable,coldquanta
InfluenceMap,workable,influencemap
Infomineo,workable,infomineo
InfoSum,workable,infosum
Infosys Consulting - Europe,workable,infosys-consulting-europe
Infosys Singapore & Australia,workable,infosys-singaporeand-australia
Infotek Consulting LLC,workable,infotek-consulting
InfoTrack US,workable,infotrack-us
Infuse Consulting Ltd,workable,infuse-it
Inivos,workable,inivos
INJ Partners,workable,inj-partners-1
INK,workable,ink
Inkomoko,workable,inkomoko
Inland Family of Companies,workable,inland-companies
InMotion Ventures,workable,inmotion
inMusic,workable,inmusic-1
Innocence Project,workable,innocence-project
Innovaccer Analytics,workable,innovaccer-analytics
InnovaPoint Infotech Pvt. Ltd.,workable,innovapoint-infotech-pvt-ltd
Innovative Rocket Technologies Inc.,workable,innovative-rocket-technologies-inc
Innovative Solutions,workable,is
Innovature BPO,workable,innovature-bpo-2
Innowell,workable,innowell
Inns of Aurora,workable,inns-of-aurora
inos Hellas. S.A.,workable,inos-hellas-sa
INSHUR,workable,inshur
Inside Real Estate,workable,inside-real-estate
Inside Sales Solutions,workable,inside-sales-solutions
InsiderSecurity,workable,insidersecurity
Insight Investment,workable,insight-investment
Insignis,workable,insignis
Inspired Thinking Group (ITG),workable,itg
Inspiroz,workable,inspiroz1
Instagram,workable,instagram
Installation Made Easy,workable,installation-made-easy
INSTANDA,workable,instanda
Instant Underwriting,workable,instant-underwriting
"Instashowing, Inc.",workable,instashowing-inc
Integral Group Inc.,workable,integralgroup
"Integral Resources, LLC",workable,integral-resources-llc
Integrant,workable,integrant
Integrated Protection Systems,workable,ipssec
"Integrity Management Services, Inc.",workable,integritym
IntellaTriage,workable,intellatriage
Intellect,workable,intellecthq
Intellectsoft,workable,intellectsoft
Intelligent Change,workable,intelligentchange
Intelligo Group,workable,intelligo-group
IntelliShift,workable,intellishift
Inter Island Manpower Pte Ltd,workable,inter-island-manpower-pte-ltd
interactive investor,workable,interactive-investor
Interactive Strategies,workable,interactivestrategies
Interapt,workable,interapt
InterCloud,workable,intercloud
Interlaced,workable,interlaced
International Centre for Integrated Mountain Development,workable,icimod
International Institute of Tropical Agriculture(IITA),workable,iita
International Water Management Institute,workable,international-water-management-institute
Interocean,workable,interocean
Interpath Advisory,workable,interpath-advisory
INTERSEC Group,workable,intersec-group
Intersog,workable,intersog-na
Intertek,workable,intertek
Interview Kickstart,workable,ikan
INTRACOM DEFENSE,workable,intracom-defense
Intracom Telecom,workable,intracom-telecom-2
Intropic,workable,intropic
Intuita - Vacancies,workable,intuita-consulting
"Intuition Machines, Inc.",workable,imachines
inventi.jobs,workable,weareinventijobs
InvestNext,workable,investnext
Invision AI,workable,invisionai
invygo,workable,invygo
IO Global,workable,io-global
IPConfigure,workable,ipconfigure
IPEX Group of Companies,workable,ipex
IPID,workable,ipid
iPullRank,workable,ipullrank
Ironhack,workable,ironhack
Ironwear,workable,ironwear
Irth Solutions,workable,irth-solutions
IS International Services,workable,is-international-services
iSchool,workable,ischool
Isla,workable,islacare
Isotron AI,workable,isotron-ai
ISTA Personnel Solutions,workable,ista-2
Istorima,workable,istorima
it's electric,workable,itselectric
It's Pretty Hair,workable,itsprettyhair
iT1,workable,it1
ITAC,workable,itac-1
ITE MGMT,workable,ite-mgmt
iTechScope,workable,itechscope-3
Itecor,workable,itecor
Ithaca Hummus,workable,ithaca-hummus
IV.AI,workable,iv-ai
J. Blanton Plumbing,workable,j-blanton-plumbing
"Jaan Health, Inc.",workable,jaan-health-inc
Jack Wills,workable,jackwills
Jackbox Games,workable,jackbox-games
Jacob,workable,eatjacob
Jacobian,workable,jacobian
Jacuzzi Group,workable,jacuzzi-group
Jadeclass Education,workable,jadeclass-education
Jaded London,workable,jaded-london-2
Jagex: The RuneScape Company,workable,jagex-limited
JAINAM TECHNOLOGIES PVT LTD,workable,jainam-technologies-pvt-ltd
Jalasoft,workable,jalasoft
Jam+,workable,jam-4
James Allen,workable,james-allen
James S. McDonnell Foundation,workable,james-s-mcdonnell-foundation
Janes,workable,janes
Jarilo Design,workable,jarilo-design
JASARA PMC,workable,jasarapmc
Javelin Global Commodities,workable,javelin-global-commodities
Javelot,workable,javelot
JazzWorld,workable,pakistan-mobile-communication-limited-pmcl
JCC Greater Boston,workable,jcc-greater-boston
Jeenka,workable,jeenka
Jeeny,workable,jeeny
JeffreyM Consulting,workable,jeffreym-consulting
Jehlum,workable,jehlum
Jellyfish Group Ltd,workable,jellyfish-group-ltd
Jellyfish Pictures Ltd,workable,jellyfish-pictures-ltd
Jenzabar,workable,jenzabar1
Jerry,workable,jerry
Jiffy,workable,jiffyshirts
Jigsaw XYZ,workable,jigsaw-xyz
JITbase,workable,jitbase
JJ Buckley,workable,jj-buckley
JMAC Lending,workable,jmac-lending
JMP Securities LLC,workable,jmp-group
Job Board Fire,workable,jobboardfire
Job Bridge Global,workable,job-bridge-global-1
Jobble,workable,jobble-4
Jobgether,workable,jobgether
Jobicy,workable,jobicy
Jobint,workable,jobint-1
JobRack,workable,jobrack
JobSpot,workable,jobspot-2
JOEY Restaurant Group,workable,joey-restaurants-1
John Brooks Company,workable,john-brooks-company
Johnson Electric,workable,johnson-electric-4
Jomboy Media,workable,jomboy-media
Jon Ossoff for Senate,workable,jon-ossoff-for-senate
Jones Knowles Ritchie,workable,jones-knowles-ritchie
Joomag,workable,joomag
JOOR,workable,joor
Joramco,workable,joramco
Joss Search,workable,joss-search
Journey,workable,journeylive
Journey Beyond,workable,journey-beyond
Jump 450 Media,workable,jump450
Junglee Games,workable,junglee-games
Juno Bio,workable,junobio
Just Vision,workable,justvision
Just-Inspire Hospitality & Event Management,workable,just-inspire-hospitality-and-event-management
K1X,workable,k1x
K2D Strategies,workable,k2d-strategies
K3 Business Technologies,workable,k3btg
Kahoot!,workable,kahoot
Kahuna Workforce Solutions,workable,kahunaworkforce
Kaizen Asset Management Services,workable,kaizenams
Kaliber Asia,workable,kaliber-asia-sg
KAMI Workforce,workable,harmony-cloud-systems-pte-ltd
Kanopi,workable,kanopi
Kantox,workable,kantox
Karo Healthcare,workable,karohealthcare
Kartu Prakerja,workable,kartu-prakerja
"Kaseware, Inc.",workable,kaseware-inc
Katalyst Fitness,workable,katalyst-fitness
Kate Farms,workable,kate-farms
Kaufman Rossin,workable,kaufmanrossin
Kaya,workable,kayaventures
Kayali,workable,kayali
Kayne Anderson Capital Advisors,workable,kaynecapital
KDA Consulting Inc,workable,kda-consulting
"Keeper Security, Inc.",workable,keepersecurity
Keepsafe,workable,keepsafe
Keepthinking,workable,keepthinking
Keller Executive Search,workable,keller-executive-search
Kenai Therapeutics,workable,kenai-therapeutics
Kentro,workable,kentro
Keragon,workable,keragon
"Kestra Medical Technologies, Inc",workable,kestra-medical-technologies-inc
Kettle,workable,kettle-2
Kettle & Fire,workable,kettle-and-fire
Kettler,workable,kettler
Keybee Hosting,workable,keybee-hosting
Keycafe,workable,keycafe
Keylane,workable,keylane
Keywords Studios,workable,keywords-intl1
"KGS TECHNOLOGY GROUP, Inc.",workable,kgs-technology-group-inc
Kheiron Medical Technologies,workable,kheironmed
Khibraty,workable,khibraty
Ki,workable,ki-insurance
Kibo Ventures,workable,kibo-ventures-3
Kibo Ventures,workable,kibo-ventures-4
Kickr Design,workable,kickr-design
Kidadl,workable,kidadl
Kido,workable,kidoschools
Kiewit Mexico,workable,carreraskiewitmx
KIHOMAC,workable,kihomac
Kindred Nurseries,workable,kindredcareers
Kinetic Investments,workable,kinetic-investments
Kingdom Homes,workable,kingdom-homes
Kingmaker Limited,workable,kingmaker-limited
KingMakers,workable,kingmakers
Kingsley Management Inc,workable,kingsleymanagement
Kinsta,workable,kinsta
Kitman Labs,workable,kitman
Kitopi,workable,kitopi
Kitt,workable,kitt
Kixie,workable,kixie
Klass,workable,klass-capital
Klearly,workable,klearly
Kleen Test Products,workable,kleen-test-products
KLM Careers,workable,klm-careers-3
knok,workable,knok
knowhirematch,workable,knowhirematch
Knowhirematch,workable,knowhirematch-1
Knowledge Futures,workable,knowledgefutures
Koala,workable,koala
Kobiton,workable,kobiton
Koda Health,workable,koda-health
Kody,workable,kody
Kognitive Sales Solutions,workable,kognitive-sales-solutions
Koi,workable,koi
"Komodo Co., Ltd.",workable,komodo-co-dot-ltd
Konew FinTech Corporation Limited,workable,konew-fintech
Kooku Recruiting GmbH,workable,kooku
Kooner Fleet Management Solutions,workable,kooner-fleet-management-solutions
Kooth,workable,koothjobs
Kora,workable,koracareers
Koru UX Design LLP,workable,koru
Korvia Consulting,workable,korvia
KPI Solutions,workable,kueckerpulseintegration
KPMG in Ukraine,workable,kpmg-ukraine
Kriya,workable,kriya
Kroo Bank Ltd,workable,kroo
Ksisters,workable,ksisters
Kuba,workable,kubapay
Kubicki Draper,workable,kubicki-draper
Kubicle,workable,kubicle
Kuda Technologies Ltd,workable,kuda
Kudos Services,workable,kudos-services
Kuhn Aviation,workable,kuhn-aviation
Kurt Geiger,workable,kurtgeiger
Kyboe Watches,workable,kyboe
KYN,workable,kyn
Kynze,workable,kynze
L,workable,leg
L'Attitude Recruiting,workable,lattitude-recruiting
L'Renee & Associates,workable,lra
LA Clippers,workable,la-clippers
Laba Group,workable,laba
Label Your Data,workable,labelyourdata
LaBella Associates,workable,labella-associates
LabGenius,workable,labgenius
Laborup,workable,laborup
Lago,workable,lago-1
Laka,workable,laka
Lakeside Software,workable,lakeside-software
Lakshya Digital,workable,lakshyadigitalglobal
LANDBAY,workable,landbay
Landed,workable,careerslanded
Landtrust Title Services,workable,landtrust-title-services
Landytech,workable,landytech
Language Empire,workable,empire-group-1
LanguageWire,workable,languagewire
Lap of Love,workable,lapoflovejobs
Laravel,workable,laravel
Later + Mavrck,workable,later-5
Laterite,workable,laterite
LatinxEd,workable,latinxed
Launch Finance,workable,launchfinance
Launchpoint,workable,launchpointdev
Laundryheap,workable,laundryheap-2
Lawhive,workable,lawhive
Lawn Love,workable,lawn-love
LawnStarter,workable,lawnstarter
Lawyers in Local Government,workable,lawingov
Layer Labs (Cayman) Ltd.,workable,layer-labs-cayman-ltd
Lazarus Naturals,workable,lazarus-naturals
LCX,workable,lcx
LDX Digital,workable,ldx-digital
LDX Digital,workable,ldx-digital-2
Lead For America,workable,lead-for-america
Leadhome,workable,leadhome
Leadling,workable,leadling
LeadOwl,workable,leadowlhq
Leads.io,workable,leads-io
leadtech,workable,leadtech
LEAP Legal Software,workable,leap-legal-software
Learner Education,workable,learner-education
Learnlight,workable,learnlight
Learnosity,workable,learnosity
LearnWorlds,workable,learnworlds
Leena AI,workable,leenaai
LeetCode,workable,leetcode
Left Coast Naturals,workable,left-coast-naturals
Legacy Food Group,workable,legacy-food-group
Legacy People,workable,legacypeople
LegacyX Hiring,workable,legacyx-hiring
LegalMatch.com,workable,legalmatch
"LegalSifter, Inc.",workable,legalsifter-inc
LegalVision,workable,legalvision
Legatics,workable,legatics
Lemon.io,workable,lemon-dot-i-o
LendingOne,workable,lendingone
Lendscape,workable,lendscape
Lengow,workable,lengow
Lenses.io,workable,lensesio
Leo's Hospitality Group,workable,leos-hospitality-group
"Leupold + Stevens, Inc.",workable,leupold
LEVEE,workable,levee
Level Agency,workable,levelagency
LGBT Great,workable,lgbt-great
LGFG Fashion House,workable,lgfg-fashion-house-8
LGI Homes,workable,lgihomes
"LGND AI, Inc.",workable,lgnd-ai-inc
Libertex Europe,workable,libertex-europe
Libertex Group,workable,libertexgroup
"Liberty Behavioral & Community Services, Inc.",workable,liberty-behavioraland-community-services-inc
Liberty Music PR,workable,liberty-music-pr
Liberty Mutual Canada,workable,liberty-mutual-canada
Liberum,workable,liberum
Libra Solutions,workable,libra-solutions
Lick,workable,lick-home-ltd
Life is Good,workable,life-is-good
Lifebit Biotech Ltd,workable,lifebit-biotech-ltd
Lifelinks International Resources,workable,lifelinks-international-resources
LifeMD,workable,lifemdcareers
Liferaft,workable,liferaft
LifeX,workable,lifex
Lighthouse Games,workable,lighthousegames
Lighthouse Reports,workable,lighthouse-reports-2
Lighting New York,workable,lny
Lightmatter,workable,lightmatter
Likewise,workable,likewise
Limeroad,workable,limeroad
Limetree Bay Refinery & Terminal,workable,limetree-bay-refinery-and-terminal
Linah Group,workable,linah-group
Lincoln Avenue Communities,workable,lincolnavenue
Linearity,workable,linearity
LingoAce,workable,lingoace
Lingumi,workable,lingumi
LinkedIn,workable,linkedin
Lipman Pty Ltd,workable,lipman-pty-ltd
Liquid Development,workable,liquid-development
Listings Project,workable,listings-project
Lithos,workable,lithos
Littledata,workable,littledata
Living in a Bubble,workable,living-in-a-bubble
Living Room LA,workable,living-room-la
LIVunLtd,workable,livunltd
LLS,workable,lls
LM Designwerks Inc.,workable,lm-designwerks-inc
LMG Staffing Solutions,workable,lmg-staffing-solutions
Lo & Sons,workable,loandsons
Local Crafts,workable,localcrafts
"Local Projects, LLC",workable,local-projects-llc-1
LocalStack,workable,localstack
Locke Lord LLP,workable,locke-lord-llp
LOD Technologies Inc.,workable,lod-technologies-inc
Lodge Brothers,workable,lodge-brothers
Lodge Management Group,workable,lodge-management
Lodgify,workable,lodgify
LOFT,workable,loft
Loggi,workable,loggi
LOGIC,workable,withlogic
Logical Clocks AB,workable,logical-clocks-ab
LogicGate,workable,logicgate
Logifuture,workable,logifuture
LogiNext,workable,loginext
Logistics UK,workable,logistics-uk
Logitech,workable,logitech
Lokal App,workable,lokal-app
London Bridge Rooftop,workable,london-bridge-rooftop
London Film Academy,workable,london-film-academy
London Green Cycles,workable,london-green-cycles-lgc
LondonEnergy,workable,london-energy-1
Lone Rock Point,workable,lonerockpoint
Longshot Systems Ltd,workable,longshot-systems-ltd
Lookout Tavern,workable,lookout-tavern
LoopMe,workable,loopme
LOOP®,workable,followloop
Lord,workable,lord
LOTTE Travel Retail Singapore,workable,lotte-travel-retail-singapore
"Love Strategies, Inc.",workable,love-strategies-inc
"Love, Bonito",workable,lovebonito
Lovingly,workable,lovingly
LoyaltyLion,workable,loyaltylion-1
LPOD,workable,lpod
LPP Greece,workable,lpp-greece
LRN Corporation,workable,lrn-corporation
LTF DESIGN & MARKETING LTD,workable,ltf-designand-marketing-ltd
Lucidya,workable,lucidya
Luke Recruitment,workable,luke-recruitment
Luminance,workable,luminance-1
Luminary Group,workable,luminary-group
Luminous Computing,workable,lmns
Lunit,workable,lunit
LUXASIA,workable,luxasia
Luxico,workable,luxico-1
Luxus Worldwide,workable,luxus
Luxy Hair,workable,luxyhair
LV Petroleum,workable,lv-petroleum
Lyka,workable,lyka
Lyst,workable,lyst
Lytegen,workable,lytegen-1
M-Files,workable,m-files
m-hospitality,workable,m-hospitality-1
M.S. Walker,workable,mswalker
M/I Homes,workable,mi-homes
M2 Engineering,workable,m2-engineering
M247 Europe,workable,m247-europe
M3 Global Research,workable,m3gr
Maan Global Development,workable,maan-global-development
MacDonald-Miller Facility Solutions,workable,macdonald-miller
Macphie Ltd,workable,macphie-ltd
Macropace Technologies,workable,macropace-technologies
Mad Capital,workable,mad-capital
MADEL FOOD Ltd.,workable,madel-food-ltd
MadeTruly,workable,madetruly
Madwire,workable,madwire-1
MAGIC,workable,magic-careers
Magic,workable,magicrecruitment
"Magic Labs, Inc.",workable,magic-labs-inc
Magic Spoon,workable,magicspoon
Magnetic London Creative Services Ltd.,workable,magnetic-london-creative-services-ltd
Magpie Literacy,workable,magpieliteracy
Maid My Day Pty Ltd,workable,maidmyday
Maintain Technology Consulting,workable,maintain-technology-consulting
MAKAN,workable,makan
Make-A-Wish® Illinois,workable,make-a-wish-illinois
Maker Lab,workable,maker-lab
Makersite,workable,makersite
Makro PRO,workable,joinmakropro
Manada Technologies,workable,manada-technologies
Managed Services,workable,managed-services
"Mandarich Law Group, LLP",workable,mandarich-law
Maneva,workable,maneva
Mangone Law Firm,workable,mangonelawfirm
Manifest Services SA,workable,manifest-services
Manila Recruitment,workable,manilarecruitment
Manna,workable,manna-1
ManpowerGroup Greece,workable,manpowergroup-greece-1
Mantis Security,workable,mantissecurity
Maqsam,workable,maqsam
Marabu Airlines,workable,marabu
Marble,workable,marble
March Networks,workable,march-networks
Marchay,workable,marchay-1
Marcura,workable,marcura
Mari,workable,mari-events
Marker.io,workable,marker-io
Marks & Clerk,workable,marksand-clerk
Marlowe Fire and Security,workable,marlowe-fire-and-security
Marshalls PLC,workable,marshalls
Marshmallow,workable,marshmallow
Martin Brower,workable,martin-brower
MAS Europe,workable,mas-europe
Mash Staffing,workable,mash-staffing
Massachusetts Technology Collaborative,workable,masstech
Mast-Jägermeister US,workable,mast-jagermeister-us
Master It Behavior Therapy,workable,masterit-behavior-therapy
Master of Malt,workable,masterofmalt
Master-Works,workable,masterworksco
MasteryPrep,workable,masteryprep
Mat3ra,workable,mat3ra
MATCHES,workable,matchesfashion
Mathspace,workable,mathspace
Matific,workable,matific
Matrix Camps and Logistics,workable,matrix-camps-and-logistics
MATRIX Resources,workable,matrix-resources-1
Matternet,workable,matternet
Matthew Hoyle Financial Markets,workable,matthew-hoyle-financial-markets-1
Mattson,workable,mattson
Maven Pet,workable,maven-pet
Maverc Technologies,workable,maverctech
Maveris,workable,maveriscareers
Maviance,workable,maviance
"Max AI, Inc.",workable,maxcare
Max Borges Agency,workable,max-borges-agency
MaxAccelerate,workable,max-accelerate
maxRTE,workable,maxrte
Maxus Capital,workable,maxus-capital
Maxwell Energy System Pvt Ltd,workable,maxwellenergy
Mayors Migration Council,workable,mayors-migration-council
Maza Financial,workable,maza-financial
MBA CSi,workable,mba-csi
McColm and Company,workable,mccolm-and-company
McLane Global,workable,mclane-global
MCS North America Inc.,workable,mcs-north-america-inc
Mealshare,workable,mealshare
MealSuite,workable,mealsuite
MeanPug Digital,workable,meanpug
Measured,workable,measured
MEDA Limited,workable,meda-limited
MedChart,workable,medchart
MediaMonks,workable,mediamonks
MediaRadar,workable,mediaradar
Mediavine,workable,mediavine
Medical Guardian,workable,medical-guardian
Medicare Singapore,workable,medicare-singapore
Mediix,workable,mediix-recruitment
MedScope Installation,workable,medscope-installation
MedVA,workable,medva
Medvivo,workable,medvivo
Melco Resorts & Entertainment,workable,melco-resorts-and-entertainment
Mellon Group of Companies,workable,mellongroup
Melotech,workable,melotech
Meltwater,workable,meltwater
Mention Me,workable,mention-me-ltd
MEPCON AUDITING & CONSULTANCY SERVICES,workable,mepcon-auditing-and-consultancy-services
Meraki Group,workable,meraki-global
"Mercari, inc.",workable,mercari
"Mercari, Inc. (India)",workable,mercari-india
Mercata,workable,mercata
Mercenary,workable,mercenary
Mercier Consultancy,workable,mercier-consultancy
Mercier Consultancy Group,workable,mercier-consultancy-group
Mesh Systems,workable,meshsystems
MESHKI,workable,meshki
Metaculus,workable,metaculus
MetalBear,workable,metalbear
Metaplex Studios,workable,metaplex-studios
Meteor Education,workable,meteor-education
Methods Business and Digital Technology,workable,methods
Metova,workable,metova
METRUM,workable,metrum
MFS Africa,workable,mfs-africa
"Michael & Associates, Attorneys at Law",workable,michaelandassociates
"Micro-Leads, Inc.",workable,micro-leads
Micro:bit Educational Foundation,workable,micro-bit-educational-foundation
Microsoft,workable,microsoft
Microverse,workable,microverse
Middle Seat,workable,middle-seat
Middlebury College,workable,middleburycollege
Midea,workable,midea-america-corp
Midnite,workable,midnite
Midplaza Holding,workable,midplaza
Mightybytes,workable,mightybytes
Mikinok Enterprises,workable,mikinok
Mila - Institut québécois d'intelligence artificielle,workable,mila-2
Milani Cosmetics,workable,milanicosmetics
Miller International Inc.,workable,miller-international
Million Dollar Sellers,workable,million-dollar-sellers
Milo Enterprises Inc.,workable,milo-enterprises-inc
Mimica Automation,workable,mimica-automation
Mina Foundation,workable,mina-foundation
Mind Friend,workable,mind-friend
Mind Omega,workable,mind-omega-1
Mind the Product,workable,mindtheproduct
MindBridge Analytics Inc.,workable,mindbridge-analytics
Mindera,workable,minderacraft
Mindex,workable,mindex
Mindful Support Services,workable,mindful-support-services
Mindray North America,workable,mindray-north-america
Mindrift,workable,toloka-ai
Mindstone,workable,mindstone
Mine Tech Services,workable,minetechservices
Minerva Research Labs,workable,minervaresearchlabs
Mini-O,workable,mini-o
Minly,workable,minly
Mint Studios,workable,mint-studios
Mintago,workable,mintago
MIRA CONSTRUCTION L.L.C,workable,mira-construction-l-dot-l-c-1
MIRA- Search,workable,mira-8
Miracle-Ear,workable,miracle-ear
Mirai Arabian International Company Limited,workable,playmirai
Miray Holdings,workable,miraygroup
Misha Talent Acquisition,workable,misha-talent-acquisition
Mission 44,workable,mission-44
Mission Bit,workable,missionbit
MistyWest,workable,mistywest
Mitsis Group,workable,mitsis-group
Mixcloud,workable,mixcloud-limited
MLabs,workable,mlabs
MMC Ventures,workable,mmcventures
MMDSmart Ltd,workable,mmdsmart-ltd
MMI - Maritime and Mercantile International,workable,mmi-maritime-and-mercantile-international
Mo-Sys Engineering Ltd,workable,mo-sys
Mod Op,workable,mod-op
mod.io,workable,modio
MODANI FURNITURE,workable,modani-furniture
Modash,workable,modash
Modern AI,workable,modern-ai
Modern Family Law,workable,modern-family-law-1
Modern Selections,workable,modern-selections
MODIFI GmbH,workable,modifi
Moesif,workable,moesif
Mom to Virtual Assistant,workable,momtovirtualassistant
Momentum IO,workable,momentumdesinglab
Momentum Services Ltd.,workable,momentum-services-ltd
Momos,workable,momos
MON Co.,workable,mon-co
Monarch Quantum,workable,monarch-quantum
Mondelez International,workable,mdlz
Mondia Group,workable,mondia-group
Mondu,workable,mondu
Moneyfarm,workable,moneyfarm
Moneyhub,workable,moneyhub
Moneythink,workable,moneythink
Monite,workable,monite
Mono,workable,mono
Mons Royale,workable,mons-royale
MONTANA CONSTRUCTION,workable,montana-construction
Montera,workable,montera
Monterail,workable,monterail
Montreal Analytics,workable,montrealanalytics
Montreal Associates,workable,montreal-associates
Moodle,workable,moodle
moomoo,workable,moomoo
Moonbug Entertainment,workable,moonbug-entertainment
Moonshot,workable,moonshot
More Staffing LLC,workable,more-staffing-llc
more.com,workable,more-com
Moreton Capital Partners,workable,moreton-capital-partners
Morgan Fire Protection,workable,morgan-fire-protection
MORI,workable,babymori
Mori,workable,mori
Moro Tech,workable,moro-tech
Morressier,workable,morressier
Morrey Auto Group,workable,morrey-auto
MORROW & MORROW Medical,workable,morrow-health
Mosaic,workable,mosaic-app
MOSCOT,workable,moscot
Motability Foundation,workable,motabilityfoundation
Moth Drinks,workable,moth-drinks
Motivo Engineering,workable,motivo
Motor Coach Industries,workable,motor-coach-industries
Move,workable,move-talent
Move For Hunger,workable,move-for-hunger
Movement Labs,workable,movement-labs
Moxie Labs,workable,moxie-labs
MPF Federal,workable,mpf-federal-4
MRG Exams,workable,mrg-exams
Mrsool,workable,mrsool-3
MS Canada,workable,mscanada
MSL Engineering,workable,msl-engineering
MSNT.LLC,workable,msnt-dot-l-lc
MSPS,workable,msps
MSR-FSR,workable,msr-fsr
MSS,workable,midwest-special-services
Much Better Adventures,workable,muchbetteradventures
Multi Media LLC,workable,multimediallc
Multigate,workable,multigate
Multimedia,workable,multimediacl
Multiplica Talent,workable,multiplicatalent
Mumsnet,workable,mumsnet
Murmuration,workable,murmuration
Murphy Research,workable,murphy-research
Murray Franklyn,workable,murray-franklyn
Mursion Inc,workable,mursion-inc
Museum of Ice Cream,workable,museumoficecream
Musixmatch,workable,musixmatch
Mutual Mobile,workable,mutualmobile
Muume,workable,muume
Mvnifest,workable,mvnifest
my team,workable,myteam
mylo,workable,mylo-btech
Myndlift,workable,myndlift
MyOutDesk,workable,mod-careers
MySigrid,workable,mysigrid
MyTutor,workable,mytutor
Médecins du Monde,workable,medecins-du-monde
Müller`s Solutions,workable,mullers-solutions-1
N2O,workable,n2o-1
n8n,workable,n8n
NA,workable,na2
Nairtime,workable,nairtime
NALA,workable,nalamoney
"nanameue, Inc.",workable,nanameue
Nanocorp AG,workable,nanocorp
Napster,workable,napster
Nasoft.eg,workable,nasoft-eg
Natech ∙ Financial Software,workable,natech
Natilus,workable,natilus
National Company For Learning & Education,workable,ncle
National Fitness Campaign,workable,national-fitness-campaign
NationSwell,workable,nationswell-1
Navarino,workable,navarino
Navion Senior Solutions,workable,navionsl
Navro,workable,navro
Nawy Real Estate,workable,nawy-real-estate
NCG Associates,workable,ncg-associates
Ndax Canada Inc.,workable,ndax
nDreams Limited,workable,ndreams
Neal R Gross & Co,workable,nrgco
NearNow,workable,nearnow
NEAT Method,workable,neat-method-careers
Nectafy,workable,nectafy
NEF,workable,nef
Nelson Education LTD,workable,nelson-education
Neo Group,workable,neo-gg
Neo Technologies,workable,neo-tech
NEON Rated,workable,neon-rated
NeoReach,workable,neoreach
NeoWork,workable,neowork
Ness Digital Engineering,workable,risk-focus-global
Nestle Waters North America,workable,nestle-waters-north-america
Net Natives,workable,net-natives-7
NetImpact Strategies,workable,netimpactstrategies
Netradyne,workable,netradyne-1
NetX,workable,netx
NeueHouse,workable,neuehouse
NeuGroup,workable,neugroup
Neural Magic,workable,neural-magic
NeuralFlex AI,workable,neuralflex-ai
NeuTalent,workable,neutalent
New Disabled South,workable,new-disabled-south
New Energy Nexus,workable,newenergynexus
New Flyer,workable,new-flyer
New Home Star,workable,newhomestar
New Oakland Family Centers,workable,newoakland
New York City Tourism + Conventions,workable,nyctourism
New York Football Giants,workable,new-york-football-giants
New York Life,workable,new-york-life-60
New York Life,workable,new-york-life-63
New York Life Iowa office,workable,new-york-life-iowa-office
Newcode.ai,workable,newcode
Newrich Network,workable,newrich-network
NewsBreak,workable,newsbreak
Newstaff Employment Services,workable,newstaff
Newton,workable,newton-europe
Next Job Abroad,workable,next-job-abroad
Nextern,workable,nextern
Nexus Studios,workable,nexusstudios
Nexvel,workable,nexvelsolutions
Neybox Digital Ltd.,workable,neybox-digital
NFI Group Inc.,workable,nfi-group-inc
nGeneration,workable,ngeneration
Nido Living,workable,nidoliving
NiftyApes,workable,niftyapes
Nile Fresh (Pty) Ltd,workable,nile-fresh-pty-ltd
Nillion,workable,nillion
"NILO BRANDS, INC.",workable,drinknilo
nimbyx,workable,nimbyx
NIN Delivers,workable,nin-delivers
NineTwoThree AI Studio,workable,ninetwothree-ai-studio
Ninja,workable,ananinja
Ninja Theory,workable,ninja-theory
Nippon Express Europe GmbH,workable,nipponexpress
Nippon Shokken U.S.A. Inc.,workable,nipponshokkenusa
Nitor,workable,nitor
Nitrogen,workable,nitrogenwealth
NIVA Health,workable,niva-health-2
NNC.,workable,nncpr
Noble,workable,wearenoble
Noble of Indiana,workable,noble-of-indiana
Nobox Aviation Recruitment,workable,nobox-hr-outsourcing-solutions
NoGigiddy,workable,nogigiddy
NoGood,workable,nogood
Nomad,workable,nomadglobal
Nood,workable,noodists
Noramtec Consultants,workable,noramtec-consultants
norbloc AB,workable,norbloc-se
Norfolk County,workable,norfolk-county
NORIT Activated Carbon,workable,norit
Normally,workable,normally
Northern Architectural Systems,workable,northern-architectural-systems
Northern California Behavioral Health System,workable,northern-california-behavioral-health-system
Northzone,workable,northzone
Notion Capital,workable,notion-vc
Noun Inc.,workable,noun-inc
NOVA,workable,novainstall
Nova Wealth,workable,nova-wealth
Novacom Building Partners,workable,novacom
NovaFori,workable,novafori
Novasign,workable,novasign
November Five,workable,novemberfive
"Novex, LLC",workable,novex-llc
Novibet,workable,novibet
Novo Holdings,workable,novoholdings
Novo Nordisk Foundation,workable,novonordiskfoundation
NOW Courier,workable,now-courier-ic
Nowlun,workable,nowlun
NowVertical,workable,nowverticalgroup
NQC,workable,nqc
Nu Quantum Ltd,workable,nu-quantum
Nuada,workable,nuadaco2
Nuclera,workable,nuclera
Nuovo Photography,workable,nuovophotography
NUS Enterprise,workable,nus-enterprise
nutpods,workable,nutpods
Nutrition International,workable,nutritionintl
Nuvani London,workable,nuvani-london
Nuvei,workable,nuvei
NYNN,workable,nynn
O'Hagan Meyer,workable,ohagan-meyer
O'Hara Corporation,workable,ohara-corporation
Oak Engage,workable,oakengage
Oak Ridge Tile and Home,workable,oak-ridge-tile-and-home
OBDeleven,workable,obdeleven
Oblivious,workable,oblivious
Obrela,workable,obrela-security-industries-sa
Ocean Casino Resort,workable,theoceanac
Ocean Outcomes,workable,ocean-outcomes
Oceans,workable,oceansxyz
"OCT Consulting, LLC",workable,oct-consulting-llc
Octopus HR,workable,octopushr
ODEL,workable,odel
Odeon Capital Group,workable,odeon-capital-group
Odin Mortgage,workable,odin-mortgage
ODK Media,workable,odk-media
ODORZX INC.,workable,odorzx
Office,workable,office
Offline,workable,offline
Ofload,workable,ofload
Ohalo,workable,ohalo
"OhmniLabs, Inc",workable,ohmnilabs
Oikonomakis Law Firm,workable,oikonomakis-law-firm
Oliva,workable,oliva1
Olive,workable,olive
Ombori,workable,ombori-career
Omen,workable,omen
Ometria,workable,ometria
Omnipresent,workable,omnipresent-group
Omron Asia Pacific Pte Ltd,workable,omron-asia-pacific-pte-ltd
Once,workable,getonce
One Of Us,workable,one-of-us
ONE Sotheby's International Realty,workable,one-sir
ONE2ONE Inc.,workable,one-2-one-computer-services-inc
Onedersquad,workable,onedersquad-1
OneImaging,workable,oneimaging-1
OneOcean,workable,oneocean
OnePlus North America,workable,oneplus-north-america
Oner Active UK Ltd,workable,oneractive
OneSpace,workable,onespace
OneTouch Direct,workable,otdcareers
Oneview Healthcare,workable,oneview-healthcare-plc
Onfido,workable,onfido
Online Education Services,workable,oes
Online Marketing Gurus,workable,onlinemarketinggurus
Onlock,workable,onlock
OnLogic,workable,onlogic-inc
OnlyExperts,workable,onlyexperts
OnMed,workable,onmed
Onomondo,workable,onomondo
OnScale,workable,onscale
Onside,workable,onside
Ontime Healthcare,workable,ontimedubai
Onyx Capital Group Limited,workable,onyx-capital-group
OnZero,workable,onzero
OOCA,workable,oocahq
Opal,workable,opal-labs
Open,workable,beopen
"Open Systems International, Inc. (OSI)",workable,osii
OpenDataJobs,workable,opendatajobs
OpenFn,workable,openfn
OPENLANE Europe,workable,openlane-europe
OpenMined,workable,openmined
Opensignal,workable,opensignal-limited
OpenSymmetry,workable,opensymmetry
OpenWorks Engineering,workable,openworks-engineering
Oppizi,workable,oppizi
OPPO US Research Center,workable,innopeaktech
Optasia,workable,optasia
OPTASY Inc.,workable,optasy
optiBPO,workable,optibpo
Optime Group,workable,optimegroup
Optimiza,workable,optimiza-4
Optimizon,workable,optimizon
OptiSigns Inc.,workable,optisigns-inc
OptiTrack,workable,optitrack
Opus 2,workable,opus2
Orbital,workable,orbital-witness-limited
Orchard Therapeutics,workable,orchard-therapeutics
Order Desk,workable,orderdesk
OrderMyGear,workable,ordermygear
Oredata Yazılım Anonim Şirketi,workable,oredata
Orfium,workable,orfium
Orgmento,workable,orgmento
Orgvue,workable,orgvue
Origin,workable,origin-10x
Origin Primary Limited,workable,origin-primary-limited
Orlando Informer,workable,orlando-informer
Ortus Health,workable,ortushealth
Orum,workable,orum
OSEA,workable,osea
OSL,workable,osldotcom
Osool Integrated Real Estate.,workable,osool-1
Othaim Holding,workable,othaim-holding
OTK Media,workable,otk-media
Otoqi,workable,otoqi
Ottimate,workable,ottimate
OUAI,workable,theouai
Our Future Health,workable,our-future-health
Our Home,workable,ourhomesnacks
Oura,workable,oura-health-ltd
Outdoorsy,workable,outdoorsy
Outfund,workable,outfund
Outlier.org,workable,outlier-dot-o-rg
Outsource Access,workable,outsource-access
Outsourcing Advantage,workable,osa
Outward,workable,outward
Outwork Staffing,workable,outwork-staffing
Over The Moon,workable,over-the-moon-1
Oversee,workable,oversee-1
Overwatch Construction Management,workable,overwatchcm
owl.co,workable,owl-dot-co
Owlet Baby Care,workable,owlet-baby-care-1
Own,workable,own
Own Up,workable,own-up
Oxford Ionics,workable,oxford-ionics
Oxford Quantum Circuits,workable,oqc
Oxford Quantum Circuits,workable,oxford-quantum-circuits-8
Oxford University Innovation,workable,oxford-university-innovation
Ozone API,workable,ozoneapi
Pachama Inc,workable,pachama
Pacific Aviation,workable,pacificaviation
Pacific Defense,workable,pacific-defense
Pacific Energy Canada,workable,woodfibre-management-limited
Pacific Health Group,workable,pacific-health-group
Packlane,workable,packlane
Packt,workable,packtpublishing
Pactera Singapore Pte Ltd,workable,pactera-singapore-pte-ltd
Paired,workable,paired
Paired,workable,pairedrecruiting
Pakistan Single Window,workable,pakistan-single-window
Paleovalley,workable,paleovalley-1
PalmHR,workable,palmhr
Palo Alto Mind Body,workable,pamb
Palona AI,workable,palona
PandaTree,workable,pandatree
Pangaia,workable,pangaia
Panic Stations,workable,panic-stations
Paper Giant,workable,papergiant
Paper Tiger,workable,papertiger
Papier,workable,papier
Papoutsanis SA,workable,papoutsanis-1
Paradigm Power Delivery Inc.,workable,paradigm-pd
Paragon Cyber Solutions,workable,paragoncybersolutions
Paragraf,workable,paragraf-1
Parallelz,workable,parallelz
Paramount Commerce,workable,paramount-commerce
Pardon,workable,pardon
Pareto Publishing - Make The Magic Happen,workable,pareto-publishing
Parimatch Tech,workable,pmtech
"Park Place Finance, LLC",workable,park-place-finance-llc
Parman Energy,workable,parmanenergy
PARS Therapy,workable,pars-therapy
PARTALE,workable,partale-talent
Partech,workable,partech
Partech Partners,workable,partechpartners
Partner One Capital,workable,partner-one-capital
PartnerCentric,workable,partnercentric
PASHA Holding,workable,pasha-holding
Pass the Keys,workable,passthekeys
Passage,workable,passage
Passion.io,workable,passionio
Passionfruit,workable,passionfruit
Patchstack,workable,patchstack
Path Construction,workable,path-construction
Pathlight School / Autism Resource Centre (Singapore),workable,pathlight
Pathway,workable,pathwaycom
PatientIQ,workable,patientiq
Patients Know Best,workable,patients
Patriot Software,workable,patriot-software
Patrique Mercier Recruitment By Cyriel,workable,patrique-mercier-recruitment-1
Patrique Mercier Recruitment By Nellie,workable,patrique-mercier-recruitment-fr
Pavago,workable,pavago
PAXT,workable,paxt
Payability,workable,payability
payabl.,workable,payabl
Payfuture,workable,payfuture
Paylidify,workable,paylidify
Paysure,workable,paysure
PeachPay,workable,peachpay
PeakMade Real Estate,workable,peak-made
Peaksware,workable,peaksware
Pearl,workable,pearltalent
Pearl Abyss Europe,workable,pearlabyss-europe
Pecan Ai,workable,pecan
Pele Energy Group,workable,pele-energy-group
Pele Soccer,workable,pelesoccer
Pelesys Learning Systems Inc.,workable,pelesys-learning-systems-inc
Penn Mutual Life Insurance,workable,pennmutual
Penny AI,workable,penny-ai
PenPal Schools,workable,penpal-schools
People for UNDP,workable,people4undp
People In Need,workable,people-in-need-2
People Powered,workable,peoplepowered
PEOPLECERT,workable,peoplecert
Pepper,workable,wearpepper
Pepperstone,workable,pepperstone
Perci Health,workable,percihealth
Pereview Software,workable,pereview-software
PerformYard,workable,performyard
Perlego,workable,perlego
Perry Homes,workable,perryhomes
Perry Weather,workable,perryweather
Persado,workable,persado
Persimmons,workable,persimmons-ai
PERSUIT,workable,persuit-1
PETBUDDY AB,workable,petbuddy
PetLabCo.,workable,petlab-co
PetroApp,workable,petroapp
Petrotec Group,workable,petrotec
Petsource Asia Limited,workable,petsource-asia-limited
PGTEK,workable,pgtek
Pharmathen,workable,pharmathen
Phasecraft,workable,phasecraft-1
Phasor Engineering Inc,workable,phasorengineering
"Phil, Inc",workable,philinc
Phillips Consulting,workable,phillips-consulting
Phillips Corporation,workable,phillips-corporation
Phlo - Digital Pharmacy,workable,wearephlo
Phocas Software,workable,phocassoftware
Phoenix Home Care and Hospice,workable,phoenix-home-care-and-hospice
Phoenix Software,workable,phoenix-software
Photobooth Supply Co,workable,photoboothsuppplyco
PhotoShelter,workable,photoshelter
Physera,workable,physera
PIC,workable,pension-services-corporation-limited
PicassoMD,workable,picassomd
Pickle,workable,fyxer-7
Pierce Technology Corp,workable,pierce
Piggy,workable,piggy
Pilcrow,workable,pilcrow
Pilot,workable,pilot
Pinata,workable,pinata
Pineapple | Virtual Assistant Hub,workable,pineapple-staffing
Pinefield Industries Ltd,workable,pinefield
Pinely,workable,pinely
Pinewood.AI,workable,pinewoodaicareers
Pink Joint,workable,pink-joint
Pinkston,workable,pinkston
Pinnacle Middle East,workable,pinnacle-middle-east
Pinterest,workable,pinterest
Pion,workable,wearepion
Pioneer Management Consulting,workable,thepioneerteam
Pipeline Gurus,workable,pipeline-gurus
Piraeus Bank,workable,piraeus-bank
Pirata Group,workable,piratagroup
PIRATE,workable,pirate-studios
Pitch,workable,pitch-software
Pitch Marketing Group,workable,pitch-marketing-group
Pitchbox,workable,pitchbox
Pitchero,workable,pitchero
PIVOT Agency,workable,pivot-agency
Pix4D,workable,pix4d
"Pixelogic Media Partners, LLC",workable,pixelogicmedia
Pixlr Group,workable,pixlrgroup
Pixomondo,workable,pxo
Places For Less,workable,places-for-less
Placewise,workable,placewise
Plain,workable,plain
Plain Concepts,workable,plainconcepts
Plaisio Computers S.A.,workable,plaisio-careers
Plan A,workable,plana
PLANET S.A.,workable,planet-sa-1
Planet S.A.,workable,planet-sa-international
Planet.fans,workable,planet
PlanetArt,workable,planetart
Platinumlist,workable,platinum-list
Platzi,workable,platzi
Playfair,workable,playfair
Plum Fintech,workable,withplum
Plume Labs,workable,plumelabs
Plumerai,workable,plumerai
Plutra Quantitative Trading,workable,plutra-quantitative-trading
PM2CM,workable,pm2cm
Podia,workable,podia
Pogust Goodhead,workable,pogustgoodhead
Polaron,workable,polaron
Pole Star Global,workable,pole-star-1
PolicyStreet,workable,policystreet
Polonord Adeste Srl,workable,polonord-adeste-srl
PolyAI,workable,poly-ai
pony.ai,workable,pony-dot-ai
Popmenu,workable,popmenu
Porkepic Solutions,workable,porkepic
Porsche Asia Pacific,workable,porsche-asia-pacific
Porsche Cars GB Ltd,workable,porsche-cars-gb-ltd
Portainer.io,workable,portainer
Portless,workable,portless
PortSwigger,workable,portswigger
PostHog,workable,posthog
Postman,workable,postman
Power Factors,workable,power-factors
PowerLines,workable,powerlines
Powtoon - A Visual Native company,workable,powtoon
Practi,workable,practihealth
Praecipio,workable,praecipio
PRAN GROUP AB,workable,prangroup
Pravaler,workable,pravaler-1
Praytell,workable,praytell
Precoa,workable,precoa
Predoc,workable,predoc
Premier Foods Asia,workable,premier-foods-asia
Premium Merchant Funding,workable,premium-merchant-funding-3
Premium Solutions Consultancy,workable,premium-solutions-consultancy
Prenda,workable,prenda
PrePass,workable,prepass
Pressed Roots,workable,pressed-roots
PressReader,workable,pressreader
Prestage,workable,prestage
PreStocks,workable,prestocks
Prevail,workable,prevail
Prima Assicurazioni,workable,primait
PRIME,workable,drinkprime
Prime,workable,primeglobalpeople-join-us
Prime System Solutions,workable,prime-system
Printec,workable,printec
Printfresh LLC,workable,printfresh
PriorityChef,workable,prioritychef
Prism Consulting Group Singapore,workable,prism-consulting-group-singapore
PRISM+,workable,prismplus
"Prisma International, Inc.",workable,prisma-3
Privy,workable,privy-2
Privyr,workable,privyr
Pro Aims Resources,workable,pro-aims-resources
Proactive Talent Solutions,workable,proactive-talent-solutions
ProArch,workable,proarch-3
Prochant US,workable,prochant-us
ProCook,workable,procook-1
ProdPad,workable,prodpad
Productio,workable,productio
Professional Physical Therapy,workable,professional-pt
Proficio,workable,proficio-inc
Profile Software,workable,profile-sw
ProfitCoach,workable,profitcoach
ProgressSoft,workable,progressoft
ProjectFitter,workable,projectfitter
Prolific,workable,prolific-world
Prolucid Technologies,workable,prolucid-technologies
Prominence Advisors,workable,prominence-advisors
Prop Firm Match Global – FZCO,workable,pfm-global-fzco
PROPERTYLIMBROTHERSMEDIA PTE. LTD.,workable,propertylimbrothers
proSapient,workable,prosapient
Prosci,workable,prosci
prosource.it- Americas,workable,prosource-dot-i-t
ProspHire,workable,prosphire
Prosync,workable,prosync
Protec Dental Laboratories Ltd,workable,protec-dental-laboratories
Protera,workable,protera
ProtoTech Solutions & Services Pvt Ltd,workable,prototech-solutions-and-services-pvt-ltd
Provider1st,workable,provider1st
Proximity Works,workable,prox-works
Proxxi Technology,workable,proxxiband
Proxymity,workable,proxymity
PRX,workable,prx
Psychology Today,workable,psychology-today
PT Link Net Tbk,workable,pt-link-net-tbk-1
PT Pegadaian (Persero),workable,pegadaian
Pubguard,workable,pubguard
Public Cyprus,workable,public-cy
Public Digital,workable,public-digital-1
Publishers Clearing House,workable,publishers-clearing-house
Pulse Games,workable,pulsegames
PulseHire HR,workable,pulsehire-fze
"Pure Ground Ingredients, Inc.",workable,pgi-organics
Purely Optimal Inc.,workable,purely-optimal-inc
Purple Carrot,workable,thepurplecarrot
Puulse Marketing,workable,puulse-marketing
PXGEO,workable,pxgeo
pymetrics,workable,pymetrics
PÄRLA,workable,parla
Q ENERGY,workable,q-energy
Q5,workable,q5-partners
Qatalog,workable,qatalog
"QbDVision, Inc.",workable,qbdvision
QCP,workable,qcp-group
Qiddiya Investment Company,workable,qiddiya-investment-company-1
Qoala,workable,qoala
Qode,workable,qodeworld
QRA Corp,workable,qracorp
"quadric, Inc",workable,quadric-dot-i-o-inc
Quaestus Leadership Innovators,workable,quaestus-1
QUALCO,workable,qualco
Qualee,workable,qualee
Qualicom,workable,qualicom
Qualio,workable,qualio
Qualis LLC,workable,qualis-corporation
Qualitest,workable,qualitest-1
Quandela,workable,quandela
Quant Master Servicer S.A.,workable,qquant-master-servicer-sa
Quanta Canada Renewables,workable,quanta-canada-renewables
Quantexa,workable,quantexa
QuantHub,workable,quanthub
Quantic School of Business and Technology,workable,quantic-1
Quanticate,workable,quanticate
Quantis,workable,quantis
Quantum Fuel Systems LLC,workable,quantum-fuel-systems-llc
Quartic.ai,workable,quartic-ai
Quasar,workable,quasar
Queen Anna House of Fashion,workable,queen-anna-house-of-fashion
Questronix Corporation,workable,questronix-corporation-2
Queueco,workable,queueco
Quick Release,workable,quickrelease
QuickStarter,workable,quickstarter
Quizizz,workable,quizizz
Quona Capital,workable,quona-capital-llc
Quontic,workable,quonticbank
qurba,workable,qurba
Qwinix,workable,qwinix
R2Net,workable,r2net
Race Communications,workable,racecommunications
Racing Breaks,workable,racingbreaks
Radiant Hospitality Company,workable,radiant-hospitality
Radley Yeldar,workable,radley-yeldar
Raft,workable,raftai
Rail Delivery Group,workable,rail-delivery-group
Rainmaking,workable,rainmaking-innovation
Rallye Motor Company,workable,rallye-motors
RAM Investment Advisors Limited,workable,ram-investment-advisors-limited
Rand Europe,workable,rand-europe
Rankings.io,workable,rankings
Rankona Mazon AB,workable,rankona-mazon-ab
Rapsodo,workable,rapsodo
Raptee Energy,workable,raptee-energy
Rapyuta Robotics,workable,rapyuta-robotics
Rasid Holding Company,workable,rasidholding
Raspberry Pi,workable,raspberrypi
Raspberry Pi Foundation,workable,raspberrypifoundation
RateHawk,workable,ratehawk
"Raths, Raths & Johnson, Inc.",workable,raths-raths-and-johnson
Ravelin,workable,ravelin
Raw Signal Group,workable,rawsignalgroup
RDI,workable,rditrials
Re7 Capital,workable,re7-capital
Rea,workable,reaadvisory
REACH,workable,reach-europe
Reach,workable,withreach
Ready to Grow Gardens,workable,readytogrowgardens
REAPRA PTE. LTD.,workable,reapra-pte-ltd
Rebellion,workable,rebellion
RecargaPay,workable,recargapay
Recover Medical Group,workable,recover-medical-group
"Recovery Partners, an ARMStrong Company",workable,recovery-partners
Recruit Loop,workable,recruitloop
Recurly,workable,recurly
Red Airship,workable,redairship
Red Cedar Solutions,workable,red-cedar-solutions
RedLion Mobile,workable,redlion-mobility
Redox,workable,redox
REE Medical,workable,ree-medical
"Reebok International, Ltd",workable,reebok
REEDS Jewelers,workable,reeds
Reedsy,workable,reedsy
REEF,workable,nbrhd
Refloor,workable,refloor
Reform,workable,reform
Regional Airline Association,workable,regional-airline-association
Reliance Health,workable,get-reliance-health
Reliant AI,workable,reliant-ai
Relm Insurance,workable,relminsurance
Rely Health,workable,rely-health
Remegen Biosciences,workable,remegenbio
Remote Raven,workable,remote-raven
Remote Recruitment,workable,remote-recruitment
Remote Talent Cloud,workable,remote-talent-cloud
Remote Talent LATAM,workable,remote-talent-latam
Remote VA,workable,remote-va
Remotebase,workable,remotebase
Remotivate LLC,workable,letsremotivate
RemotivateJobs,workable,remotivatejobs
Renew Home,workable,renewhome
Renmoney,workable,renmoney
Reno Orthopedic Center,workable,reno-orthopedic-center
Renovco Inc,workable,renovco
Rentokil Initial,workable,rentokil-initial
reqroo,workable,reqroo
Research Collaborative,workable,research-collaborative
Resident Advisor,workable,resident-advisor
Resola Inc,workable,resola
Resonate Solutions,workable,resonate-solutions
Resource Guru,workable,resource-guru
Resource Innovations,workable,resource-innovations
Respect,workable,respect
Respiris,workable,respiris
ResPro Health,workable,respro-health
Resultance,workable,resultance
Resy,workable,resy-1
Retail Circle,workable,retail-circle
Retail knights limited,workable,retail-knights-limited
RetinAI Medical,workable,retinai
Retirement Villages Group,workable,retirement-villages-group
Revaya,workable,revaya
Reveal Health Tech,workable,reveal-health-tech
ReversingLabs,workable,reversinglabs
Revive Media,workable,revive-media
Rewardsco,workable,rewardsco-3
Rewiring America,workable,rewiring-america
ReWorks Solutions,workable,reworkssolutions
REX Architecture,workable,rex-architecture
Rezilient Health,workable,rezilient
RFI Global,workable,rfiglobal
Rgheeb,workable,rgheeb-1
Rhino Africa,workable,rhinoafrica
Ride Health,workable,ridehealth
Right Hook Digital,workable,righthookdigital
Rightangled,workable,rightangled
RightSite Health,workable,rightsite-health-1
Rimkus,workable,rimkus
Ripjar,workable,ripjar
Ripple Effect,workable,the-ripple-way
Rising Academies,workable,rising-academies
Rising Edge Group,workable,risingedgegroup
Rising Medical Solutions,workable,rising-medical-solutions-1
Rive,workable,rivecareers
Riverlane,workable,riverlane
Riverside Insights,workable,riverside-insights
Riviana Foods,workable,riviana-foods
RIXO,workable,rixo
RLJ Lodging Trust,workable,rlj-lodging-trust
"RMF Engineering, Inc",workable,rmf-engineering-inc
RNA Analytics,workable,rna-analytics
Roark Capital,workable,roark-capital
Robotec.ai,workable,robotec-ai
robusta,workable,robusta
Rock Petroleum,workable,rockpetroleum
RocketAMS,workable,rocketams
Rockstar,workable,rockstar-3
Rocky Talkie,workable,rocky-talkie
ROI Hunter,workable,roi-hunter
Rokt,workable,rokt
Rolescale.com,workable,role-scale
Roljobs Technology Services Pvt. Ltd.,workable,roland-associates
ROLLER Software,workable,roller-software
Roote,workable,rooteco
Roster,workable,roster
Roundtrip,workable,roundtrip-travel
Routable,workable,routable
RouteSmart Technologies Inc,workable,routesmart-technologies-inc
Roy's Towne Pub,workable,roys-towne-pub
Royal Ocean Marine,workable,royal-ocean-marine
Royalty Hospitality Staffing,workable,royalty-hospitality-staffing-1
RPM Ltd,workable,rpmltd
RSA Global,workable,rsa-global
RTM Business Group,workable,rtm-business-group
Runna,workable,runna
Runway East,workable,runway-east
Rushable,workable,rushable
Rutledge Healthcare,workable,rutledge-healthcare
Ruvixx,workable,ruvixx
RxData,workable,rxdata
RXP,workable,rxp
Ryanair,workable,ryanair
Rydoo,workable,rydoo
RYNO Strategic Solutions,workable,ryno-strategic-solutions
RYSE Inc,workable,ryse
Rystad Energy,workable,rystad-energy
Saaf Finance,workable,saaf-finance
Saalex,workable,saalex
SAEKI,workable,saeki
Safe Direction,workable,safe-direction
Safesite and Foresight Insurance,workable,foresightgroup
Safety-Care by QBS,workable,qbs-provider-of-safety-care
Safran Engineering Services UK Limited,workable,safrangroup
SAGA Diagnostics,workable,saga-diagnostics
Sago,workable,sago-group
Saibber LLC,workable,saibberllc
SalesFit Staffing Solutions,workable,salesfit-staffing-solutions
Salesfolks,workable,salesfolks
Saleshub,workable,saleshub
SalesPlaybook AG,workable,thesalesplaybook
Salina,workable,salina
Salla,workable,salla
Salt Technologies,workable,salttechno
Sam,workable,sam-18
Sama,workable,samacoaching
SamCart,workable,samcart
SAMI Navantia,workable,saminavantia
Samsung SDS America,workable,samsung-sds-america
San Diego County Regional Airport Authority,workable,san-diego-county-regional-airport-authority
San Diego Foundation,workable,san-diego-foundation
San Francisco Wine Trading Company,workable,san-francisco-wine-trading-company-1
Sanction Scanner,workable,sanction-scanner
Sand Cherry Associates,workable,sand-cherry-associates-1
Sandalwood Engineering & Ergonomics,workable,sandalwood-engineering-and-ergonomics
SANDEMANs NEW Europe,workable,sandemans-new-europe
Sandpiper Productions,workable,sandpiper-productions
Sanford Health,workable,sanford-health
Sangoma,workable,sangoma-3
Sans,workable,sans-2
SAP Fioneer,workable,fioneer
Sapsol Technologies Inc,workable,sapsol-technologies-inc-7
Sarmad,workable,sarmad
Saskatchewan Roughriders,workable,saskatchewan-roughriders
SASMAR,workable,sasmar
Satori Analytics,workable,satori-analytics-1
Satoshi Energy,workable,satoshi-energy
SatVu,workable,satellitevu
Save More Marketplace,workable,save-more-marketplace-1
Savvy Talent,workable,savvytalent
Sawhorse Productions,workable,sawhorse-productions
Sawyer Studios,workable,sawyer-studios
SBP,workable,recruitamc
Scahill Law Group P.C.,workable,scahill-law-group
Scale Virtually,workable,scale-virtually
Scalepex,workable,scalepex
Scalesource,workable,scalesource-1
Scaling.com,workable,scalingcom
Scede.io,workable,scede-dot-io-2
Schilling Cider,workable,schilling-cider
Schneider Innovations,workable,schneiderinnovations
SchooLinks,workable,schoolinks
"Schoox, LLC",workable,schoox
SciTec,workable,scitec
Scorpio Electric,workable,scorpio-electric
Scout Clean Energy,workable,scout-clean-energy
Screenmedia Design Ltd,workable,screenmedia
ScreenPal,workable,screenpal
SDF Group,workable,sdfgroup
Seadev,workable,seadev
Seal & Design,workable,sealanddesign
Sealy Mattress Middle East,workable,sealy-mattress-middle-east
Sealyme,workable,sealyme
Seapoint,workable,seapoint
SearchPlus HR,workable,searchplus-hr-4
Secret 6,workable,secret-6
Securibox,workable,securibox
Security Risk Advisors,workable,securityriskadvisors
SeedLegals,workable,seedlegals
Seekho,workable,seekho
Seeq,workable,seeq
Seervision,workable,seervision
Seismic,workable,seismic
SELIUK LTD,workable,seliuk-ltd
Semaphore,workable,semaphore
Sendinc,workable,sendinc
Seniorverse,workable,seniorverse
Sense,workable,sense
Senseye,workable,senseye
Sentec,workable,sentec
SEO Sherpa,workable,seosherpa
SEON Technologies,workable,seon-technologies-1
Sephora SEA,workable,sephora-sea
Seprod Limited,workable,seprod-limited
Sequel.io,workable,sequel
SerenityAG,workable,serenityag
Serko Ltd,workable,serko-ltd
Service,workable,getservice
ServisHero,workable,servishero
Session AI,workable,session-ai
Sessions II,workable,sessionsii
SH:24,workable,sh24
Shadow Light Studios,workable,shadow-light-studios
Shapeways,workable,shapeways-25
SheCodes,workable,shecodes
Shelter House,workable,shelter-house
Shepard Exposition Services,workable,shepard-exposition-services
Shero Commerce Inc.,workable,sherocommerce
SHIELD,workable,shield-1
Shift Robotics,workable,shift-robotics
Shiftmove,workable,shiftmove
Shipa,workable,shipa
"Shipbird, Inc.",workable,shipbird
Shippabo,workable,shippabo
Shockbyte,workable,shockbyte
Shop and Ship,workable,shop-and-ship
Showforce,workable,showforce-uk
ShowMojo,workable,showmojo
SICE Pty Ltd,workable,siceanz
Side,workable,sideinc
Sidekick,workable,sidekicktool
Sidetrade,workable,sidetrade
Sigma Defense,workable,sigmadefense
Signal,workable,thesignalgroup
SigTech,workable,sigtech
SIHAMCO,workable,sihamco
Silae,workable,silae
Silvur,workable,silvur
Sime Darby Property Berhad,workable,sime-darby-property-berhad
Simpay,workable,simpay
Simple Machines,workable,simple-machines-3
Simple Mills,workable,simple-mills-9
SimpleCITI,workable,simpleciti
Simprints,workable,simprints
Sinch,workable,sinch
Sinch Email,workable,mailgun
SINE Digital,workable,sinedigital
Single Grain,workable,single-grain
Singulier,workable,singulier
SIVVI.COM,workable,sivvi
Six Flags Qiddiya City and Aquarabia,workable,careers-sixflags-and-aquarabia
SJF Ventures,workable,sjf-ventures
Skeepers,workable,skeepers
Skeleton Technologies,workable,skeletontech
SketchDeck,workable,sketchdeck
SketchPro AI,workable,sketchpro-ai
Skiller Whale,workable,skiller-whale
Skimmer,workable,skimmer
Skin + Me,workable,skinandme
Skin Analytics,workable,skinanalytics
Skiplagged,workable,skiplagged
Skrapp.io,workable,skrapp
Skroutz S.A,workable,skroutz
Skufler,workable,skufler
Sky Mavis,workable,sky-mavis
SkyCell AG,workable,skycell-ag
SkyGig,workable,skygig
Skylight,workable,skylight
Skylight,workable,skylight-frame
Skype,workable,skype
Skyports,workable,skyports
SkySlope,workable,skyslope
"Skywalker Holdings, LLC",workable,skywalker
Slasify,workable,slasify
Slate,workable,slatecleaning
Slate Flosser,workable,slate-flosser
SLB Capturi,workable,slb
Sleek,workable,careers-at-sleek
Sleek Events,workable,sleek-events
Slip Robotics,workable,slip-robotics
SLK Development,workable,slk-development
Small Axe,workable,smallaxe
Smappee,workable,smappee
Smart Apartment Data,workable,smart-apartment-data
Smart Financial,workable,smart-financial
Smart Sitting,workable,smart-sitting
SmartCommerce,workable,smartcommerce
SmartCrowd,workable,smartcrowd
Smarter Good,workable,smartergood
SmartFinancial,workable,smartfinancial
SmartLab,workable,smartlablearning
SmartNews,workable,smartnews
SmartStay,workable,smartstay
SMB Team,workable,smb-team
Smood,workable,smood
Snapfish,workable,snapfish
SNIPEBRIDGE,workable,snipebridge
Snowball,workable,snowball-agency
Snowed In Studios,workable,snowed-in-studios-3
Snuggs,workable,snuggs
Soar Software Development Company,workable,soar-software-development-company
Soar With Us,workable,soar-with-us
SocialRadar,workable,socialradar
Society Awards,workable,society-awards
Soda Data,workable,soda-data-nv
SOFTONE,workable,softone-technologies-s-a
Softship,workable,softship
SOGECLAIR,workable,sogeclair
SOHAIL SMART SOLUTION,workable,sohail-smart-solution
SolAmerica Energy,workable,solamerica-energy
Solance,workable,solance
SolarCity,workable,solarcity
Solarvest,workable,solarvest
Solawave,workable,solawave
SolidarMed,workable,solidarmed-1
Solirius Reply,workable,solirius-consulting-1
Solutions3 LLC,workable,solutions3-llc
Solvay Brussels School Lifelong Learning,workable,solvay-executive-education
Somerce,workable,somerce
Soneta Pty Ltd,workable,soneta-pty-ltd
Sope,workable,sope
Sophinea,workable,sophinea
Sopra Steria I2S,workable,soprasteria-i2s
SORACOM,workable,soracom
Sorted,workable,sorted
Sortly,workable,sortly
SourceCode Communications,workable,sourcecode-communications
Sourced By,workable,sourced-by
Sourcemap,workable,sourcemap
Sourgum,workable,sourgum
South Country Equipment,workable,south-country-equipment
South Florida After School All Stars,workable,south-florida-after-school-all-stars
"Southeastern Archaeological Research, LLC. ""SEARCH""",workable,search
Southern National Roofing,workable,southern-national
SP Associates,workable,sp-associates
Space Inch,workable,spaceinch
Space Matrix Design Consultants,workable,space-matrix
Spark Solutions,workable,spark-solutions
SparkFun Electronics,workable,sparkfun-electronics-2
SparkPlug,workable,sparkplug
Sparx Engineering,workable,sparx-engineering
Spate,workable,spate
Special Projects,workable,special-projects
Specialised Force,workable,specialised-force
Specialized Technical Services – STS,workable,stsmiddleeast
Spectarium,workable,spectarium
Speech Graphics & Rapport,workable,speech-graphics
Speechmatics,workable,speechmatics-cantab
Speexx,workable,speexx
Spence Diamonds,workable,spence-diamonds-ltd
Spenmo,workable,spenmo
Sperasoft,workable,sperasoft
Spicy Minds Ltd,workable,spicy-minds
Spiff,workable,spiff
SPIN Global,workable,spin-global
Spindrift,workable,spindrift
Spitfire Audio,workable,spitfireaudio
Spitogatos,workable,spitogatos-gr
SPOKE,workable,spoke
Spot Insurance,workable,spot-insurance
Spotlight Sports Group,workable,spotlightsportsgroup
Sprout.ai,workable,sprout-ai
Spruce,workable,spruce-2
SPT Groups,workable,spt-groups
SPT Labtech,workable,spt-labtech
Squadio,workable,squadio23
Square Enix,workable,square-enix
Square One,workable,squareone
squid.,workable,squid
Squiz,workable,squiz
"SSC Advisors, Inc.",workable,ssccpas
SSC HR Solutions,workable,ssc-hr
St. Joe County Public Library,workable,sjcpl
St. Luke's School,workable,st-lukes-school
Stacker,workable,stackerhq
Stacker Media,workable,stacker
Stadium,workable,bystadium
Stafford Gray,workable,staffordgray
Stage 3 Separation,workable,s3s
stakefish,workable,stakefish
Stalis,workable,stalis
Stampede AI Ltd,workable,stampede-ai-ltd
Standing on Giants,workable,standing-on-giants
Stanhope Capital,workable,stanhope-capital
Starfish Hiring,workable,findstarfish
Starling,workable,starling-bank
Starry,workable,starry
Starttech Ventures,workable,starttechvc
Startup Creator,workable,decondia
Startup San Diego,workable,startup-san-diego
Startup Voyager Digital UK Limited,workable,startupvoyager
StartupBros,workable,startupbros
Startups.com,workable,startups
STAT Recovery Services,workable,stat-recovery-services
Station A,workable,stationa
Statistics & Data Corporation (SDC),workable,statistics-and-data-corporation-sdc
Steady Vision,workable,steadyvision
SteadyMD,workable,steadymd
Stealth Startup,workable,stealth-health
Steamship Insurance Management Services Ltd,workable,steamship-mutual-1
Steer,workable,steer-group
Steer Health,workable,steer-health
Stellar Cyber,workable,stellar-cyber
Stemcell Technologies UK Ltd,workable,stemcell-technologies-uk-ltd
Stepping Stone School,workable,steppingstoneschool
Stereolabs,workable,stereolabs
Stigg,workable,stigg
Stio,workable,stio
Stirling Q&R,workable,stirling-qr
Stitch,workable,stitchmoney
"Stitch Consulting Services, Inc.",workable,stitch-consulting-services-inc
Stockholm Environment Institute - U.S.,workable,sei
Stockholm Environment Institute Oxford Centre,workable,stockholm-environment-institute-oxford-centre
Stockholm Environment Institute U.S.,workable,stockholm-environment-institute-3
StoreHub,workable,storehub
Storyteq,workable,storyteq
"StoryTerrace, Your Personal Biographer",workable,storyterrace
STR,workable,str
Strand Finance Inc.,workable,strand-finance
Stranger Soccer,workable,stranger-soccer-1
Strategic Legal Practices,workable,slp
Stream Data Centers,workable,stream-dc
Streamline Innovations,workable,streamline-innovationsinc
Streamoid Technologies,workable,streamoid
Street Child,workable,streetchildcareers
StrideUp,workable,strideup
Stronger Consulting,workable,stronger-consulting
StructureFlow,workable,structureflow
STUDIO,workable,studio
Studio Dental,workable,studio-dental
Studio Gobo,workable,studiogobo
StudioXAG,workable,studioxag
Studyportals,workable,studyportals
Suade,workable,suade
Subscript,workable,subscript
Substance | Level Up by Substance,workable,getsubstance
Substrakt,workable,substrakt
Success Tutoring,workable,success-tutoring
Sumble Inc,workable,sumble-inc
Sumerge,workable,sumerge-1
Summus Global,workable,summusglobal
Sundae School,workable,sundae-school
Sundays For Dogs,workable,sundays-for-dogs
Sunlighten,workable,sunlighten
Sunrider Europe Inc,workable,dwed
Sunstone,workable,sunstone-eduversity
Suntria,workable,suntria
Supahands,workable,supahandsmy
Supermassive Games,workable,supermassive-games
Supernormal,workable,supernormal
Superprof,workable,superprof-1
SuperStaff,workable,apply-superstaffjobs
Supertech Group,workable,supertech-group
Supplied Talent,workable,suppliedtalent
SupplyCore,workable,supplycore-1
SupplyHouse.com,workable,supply-house
Support Shepherd,workable,jobssomewhere
SupportYourApp,workable,supportyourapp
Supy,workable,supy-2
Sur,workable,surglobal
Surge Entertainment,workable,surge-entertainment
SURI,workable,suri-3
Surich Asset Management Limited,workable,surich-asset-management-limited
SVP Vancouver,workable,svp-vancouver
Swans,workable,swans
Swap,workable,swap
Swarovski,workable,swarovski
Sweatcoin,workable,sweatcoin
sweet,workable,sweet
Sweeten,workable,sweeten
swift,workable,swift
Swift Engineering,workable,swiftengineering
Swing Development (SwingDev),workable,swingdev
Swire Properties,workable,swire-properties
Swiss Data Science Center,workable,sdsc
SWITCHBOARD,workable,switchboard
Switchboard Hiring,workable,switchboard-hiring-1
SWK Technologies,workable,swk-tech
Sword Group,workable,sword-group
SWOT Hospitality Management Company,workable,swot-hospitality-management-company
Swvl,workable,swvl
Swyg,workable,swyg
Swytch Technology,workable,swytchbike
Syarah,workable,syarah
Sylvan Health,workable,sylvan-health
Symmetrio,workable,symmetrio
Symphony Solution Inc,workable,symphony-solution-inc-1
Syntiant,workable,syntiant
Systems Engineering Solutions Corporation,workable,systems-engineering-solutions-corporation
SZNS Solutions LLC,workable,szns
Sécheron Hasler Group,workable,secheron-s-dot-a
Sézane,workable,sezane-3
T-Tech,workable,ttech
TA Digital India,workable,ta-digital-india
Tabeo Ltd.,workable,tabeo-ltd
"Tablet Command, Inc.",workable,tablet-command
Tactiq.io,workable,tactiqio
Tagup Inc.,workable,tagup
Taiga Motors,workable,taigamotors
Take Eat Easy,workable,take-eat-easy
Taksu Digital,workable,taksudigital
Talarico for Texas,workable,talarico-for-texas
Talence Group LLC,workable,talencegroup
Talent Engine,workable,talent-engine
Talent Level Up,workable,talentlevelup
Talent Trader Group,workable,talent-trader-group
Talent Voyager,workable,talent-voyager
Talent Worx,workable,talworx
Talent-360.me,workable,talent3600
TalentNow Solutions,workable,talentnow-solutions
talentpluto,workable,talentpluto
Talentspoc,workable,talentspoc-llc
Tamatem,workable,tamatem
Tamkeen Technologies,workable,tamkeentech
Tamnoon.io,workable,tamnoon-dot-i-o
Tanco Engineering,workable,tanco-engineering
Tandem,workable,madeintandem
Tarjama,workable,tarjama
tarte cosmetics,workable,tarte-inc
TaskForce,workable,taskforce
"Tasq Staffing Solutions, Inc.",workable,tasq-work
TAT Technologies Ltd,workable,tat-technologies-ltd
Tatu City,workable,tatucity
Tava Health,workable,tava-health
TAWANTECH,workable,tawantech
TaxJar,workable,taxjar
Tayco,workable,tayco
Team Architects,workable,team-architects
Team TPS (The Paradigm Shifters),workable,teamtps
Team17 Digital,workable,team-17-digital
Teamified,workable,teamified
Tech Ahoy!,workable,techahoy
Tech Firefly,workable,techfirefly
Tech Will Save Us,workable,twsu
"TechFlow, Inc.",workable,techflow
Techland,workable,techland-1
Technance,workable,technance
TechOp Solutions International,workable,techop-solutions-international
Techpresso.io,workable,techpresso
Techsylvania,workable,techsylvania
TechTellent,workable,techtellent
TechWings,workable,techwings
Tecknoworks Europe,workable,tecknoworks
Tecsa,workable,tecsa
Tecsys Inc.,workable,tecsys
TEHORA,workable,tehora
Teikametrics,workable,teikametrics
Telemedi,workable,telemedi
Telementum Global,workable,telementum
Teleperformance Spain,workable,teleperformance-spain
Teleport,workable,teleport-careers
Telestream,workable,telestream
Tellow,workable,tellow
Telum Media,workable,telum-media
Ten Group,workable,ten-group
Tenjin,workable,tenjin-inc
tentree,workable,tentree
Tentworks Interactive,workable,tentworks-interactive
Terabase Energy,workable,terabase-energy
Teragonia,workable,teragonia
Teramind,workable,teramind-1
Tes Global,workable,tes-global
Tesla Laboratories. Inc.,workable,tesla-labs
testRigor,workable,testrigor
Testronic,workable,testronic
TetraScience,workable,tetrascience
Texas Health Action,workable,texashealthaction
TextMaster,workable,textmaster
"TextNow, Inc.",workable,textnow-inc
TFT Global (USA) Inc.,workable,tft-global-usa-inc
tgndata,workable,tgndata
Thaloz,workable,thaloz
Thanks,workable,thanks-co
The Alinea Group,workable,the-alinea-group-1
The Alliance for Gender Equality in Europe,workable,allianceforgenderequality
The American University of Paris,workable,the-american-university-of-paris
The Arc of Ocean County,workable,the-arc-of-ocean-county
The Asian American Foundation,workable,the-asian-american-foundation
The Back Room Offshoring Inc.,workable,backroomoffshoringinc
The Boundary,workable,the-boundary
The Boutique COO,workable,the-boutique-coo
The Brydon Group,workable,the-brydon-group
The Canadian Press,workable,the-canadian-press
The Care Company Inc.,workable,the-care-company-inc
The Career Works Limited,workable,tcw
The Chefz,workable,the-chefz-1
The Children's Investment Fund Foundation,workable,ciff
The Chope Group Pte Ltd,workable,the-chope-group-pte-ltd
The Closet Lover,workable,theclosetlover
The Collecting Group,workable,the-collecting-group
The Common Market,workable,the-common-market
The Corporate Law Academy,workable,tcla
The Credit Pros,workable,the-credit-pros
The Dental Group,workable,thedentalgroup
The Dot Group,workable,the-dot-group-2
The Drum,workable,the-drum
The ECA International Group,workable,eca-global
The Education Equality Institute,workable,the-educational-equality-institute
The Fairness Project,workable,fairnessproject
The Fashion Goat Pty Ltd,workable,peppermayo
The Faulkner Automotive Group,workable,faulkner
The Flowery,workable,theflowery
The Flowery NY,workable,the-flowery-ny
The Focusrite Group,workable,focusrite
The Greater Change,workable,the-greater-change-1
The Growth Center,workable,the-growth-center
The HALO Trust,workable,the-halo-trust
The Herring Group,workable,the-herring-group
the Hiring Room,workable,the-hiring-room
The ICE List,workable,theicelist
The Influencer Marketing Factory,workable,influencer-marketing-factory
The Jewish Federations of North America,workable,the-jewish-federations-of-north-america
The June,workable,the-june
The Key Support Services,workable,thekey
The London Display Company Limited,workable,the-london-display-company-limited
The London Interdisciplinary School,workable,lisacuk
The Luxury Closet,workable,the-luxury-closet
The McLean Group,workable,the-mclean-group
The Merry Beggars,workable,themerrybeggars
The Missing Link,workable,the-missing-link
The People Group,workable,thepeoplegroup
The Pod Group,workable,the-pod-group
The Proactive Technology Group,workable,the-proactive-technology-group
The QUIKRETE® Companies,workable,quikrete
The Really Great Teacher Company,workable,reallygreatteachers
The Regina Exhibition Association Limited,workable,real1884
The Scalable Company,workable,scalable
The Shannon Agency,workable,the-shannon-agency
The Shipyard,workable,theshipyard
The Social Station,workable,the-social-station
The Symicor Group,workable,the-symicor-group-1
The Telegraph,workable,telegraph
The Treetop ABA Therapy,workable,the-treetop-aba
The Trustees of Reservations,workable,thetrustees
The Tsui Group,workable,thetsuigroup
The Very Group,workable,the-very-group
The Wesley Hotel,workable,the-wesley-hotel
TheCasbah,workable,casbah
TheGuarantors,workable,the-guarantors
TheIncLab,workable,theinclab
TheList,workable,thelist-app
Theodora,workable,theodora-1
TherapyNotes.com,workable,therapynotes
Therefore,workable,therefore
TheSoul Group,workable,thesoul-publishing-1
Theta,workable,theta-systems-ltd
Think-it,workable,think-it
ThinkingIT Corp.,workable,thinkingit
ThinkWell,workable,thinkwell
ThinScale,workable,thinscale-technology-ltd
Third Space Learning,workable,thirdspacelearning
This is Gain Ltd,workable,thisisgain
Thorlabs,workable,thorlabs
ThoughtFull™ World,workable,thoughtfull-world
Thoughtworks Canada,workable,connected
Threads Styling Ltd.,workable,threadsstyling
ThreatMetrix,workable,threatmetrix
"Threatswitch, Inc.",workable,threatswitch-inc
Thunderhead Engineering,workable,thunderheadeng
Tiburcio Vasquez Health Center,workable,tiburcio-vasquez-health-center
Ticketek Entertainment Group,workable,teg
TickPick,workable,tickpick
Tiger Analytics Inc.,workable,tiger-analytics
Tikkas,workable,tikkas
"TileDB, Inc.",workable,tiledb
timeOS,workable,timeos
Timescapes,workable,timescapes-co
tink GmbH,workable,tink
Tinkergarten,workable,tinkergarten
TINQIN,workable,tinqin
Tios Capital,workable,tios-capital
Tiraz Asbani,workable,tiraz-asbani
Titan Cloud,workable,titan-cloud
Tito's Handmade Vodka,workable,titos-handmade-vodka
TMEIC Corporation Americas,workable,tmeic-corporation-americas
TMGM,workable,tmgm
tmp,workable,the-marketing-practice
TMWUnlimited...,workable,tmw
TOCA Social,workable,toca-social
Today,workable,today
Togather,workable,togather
Toggl,workable,toggl-track-plan
Tommy Gun's Original Barbershop,workable,tommy-guns-original-barbershop
Tomoro,workable,tomoro-ai
Tomorrow,workable,tomorrow-2
TOMORROW HIRE,workable,tomorrow-hire
Tomorrow's Journey,workable,tomorrows-journey
Too Sweet Cakes,workable,too-sweet-cakes
Top Talents London,workable,top-talents
Topco Sales,workable,topco-sales
TOPOSOPHY,workable,toposophy
Toppr,workable,toppr
TORKLAW,workable,torklaw
Toronto International College,workable,toronto-international-college
Toronto Lands Corporation,workable,toronto-lands-corporation
TORQCOMMODITIES,workable,torqcommodities
Tortuga,workable,tortuga
"Total Care Services, Inc.",workable,totalcareservices
"Total Life, Inc.",workable,total-life
Touchstone,workable,touchstone
"Tower Staffing, Inc.",workable,tower-staffing-inc
Tower Water,workable,tower-water
Town Web,workable,town-web
"Toyota Financial Services, KINTO and KINTO JOIN",workable,toyota-financial-services
Toyota Tsusho Systems,workable,toyota-tsusho-systems
TP-Link Systems Inc.,workable,tp-link-usa-corp
Trackier,workable,cloudstuff
Trade Nation,workable,trade-nation
Tradify Limited,workable,tradify-limited
Trading Tips,workable,tradingtips
TradingHub,workable,tradinghub
Trail of Bits,workable,trailofbits
Training The Street,workable,trainingthestreet
Trala,workable,trala
"Transcend Spatial Solutions, LLC",workable,transcend-spatial-solutions-llc
transcosmos (TCIS),workable,tciscareers
TransferGo,workable,transfergo
Transfermate,workable,transfermate
Transformations Community,workable,transformations-community
Transifex,workable,transifex
Translation Empire,workable,translation-empire
Transmax,workable,transmax
TransWest Mobility,workable,transwest
Trantor Software,workable,trantor
Travis CI,workable,travisci
Treantly,workable,treantly
Tree Fresno,workable,tree-fresno
Treewalk Consulting Inc.,workable,treewalk-accounting
Tresata,workable,tresata
Trexquant Investment,workable,trexquant
Tricoci University,workable,tricoci-university
Trifecta Retail Ventures,workable,trv
Trilagen,workable,trilagen
Trilo,workable,trilo
Trinetix,workable,trinetix
Trinny London,workable,trinnylondon
Trio scs,workable,trio-scs
Tripledot Studios,workable,tripledotstudios
Triskele Labs,workable,triskele-labs
Trivium,workable,trivium
"TRL11, Inc.",workable,trl11-inc
Trouva,workable,trouva
TRP Infrastructures,workable,trp-infrastructures
"TrueDialog, Inc.",workable,truedialog-inc
Truly,workable,truly
Trust Keith,workable,trust-keith
Trustmi Network Ltd.,workable,trustmi
Tryzens Global,workable,tryzensglobal
Trócaire,workable,trocaire
Tsao Foundation,workable,tsao-foundation
TTP,workable,ttp
Tugende,workable,tugende
TurtleTree,workable,turtletree
Tutor Me Education,workable,tutor-me-education-1
Tutored by Teachers,workable,tutoredbyteachers
Tutors Green,workable,tutors-green-1
tvg,workable,tvg-hospitality
TWG Global AI,workable,twgai
Twine,workable,twine
Two,workable,twoinc
Two95 International Inc.,workable,two95-international-inc-3
Twoconnect,workable,twoconnect-careers
Twos,workable,twos
TWOSENSE.AI,workable,twosense
Tyde Digital,workable,tyde-digital-1
TydeCo,workable,tydeco
Tyk Technologies,workable,tyk-technologies
Tymit,workable,tymit
U.S .Vision,workable,us-vision-3
UBDS Group,workable,ubds
Ubiqus Reporting Inc.,workable,ubiqus
UBREAKIFIX,workable,ubreakifix-20
UCP Oregon,workable,united-cerebral-palsy-of-oregon-sw-washington
Ukio,workable,ukio
Ultimate Peaks,workable,ultimate-peaks
Ultimate Performance,workable,ultimateperformance
Umbra,workable,umbra
Umniah,workable,umniah
Umpisa Inc.,workable,umpisa-inc
Unacast,workable,unacast
UnboundEd,workable,unbounded
Unbox,workable,unbox
Uncapped,workable,uncapped
Uni Systems,workable,uni-systems
UNIFI Autism Care,workable,unifi-autism-care
Unifize,workable,unifize
Unilabs,workable,unilabs
Unimacts Global,workable,unimacts
Unimed Maritime Solutions,workable,universal-marine-medical
Union Heritage,workable,union-heritage
Union Home Mortgage,workable,union-home-mortgage
Union Maritime,workable,union-maritime
Uniphar Medtech,workable,uniphar-medtech
Unique Training Solutions,workable,unique-training-solutions
Unison Group,workable,unisongroup
Unit8 SA,workable,unit8
Unitary,workable,unitary
Unite America,workable,uniteamerica
"United Field Services, Inc.",workable,united-field-services-inc
United Greeneries,workable,united-greeneries
UNITH,workable,unith
Universal Business Team,workable,ubteam
Universal Energy Solutions,workable,ues-careers
Universe,workable,universe-2
UniverseMT Corp.,workable,universemt-corp
University of Mount Saint Vincent,workable,university-of-mount-saint-vincent
University System of Maryland Office,workable,usm-office
unspun,workable,unspun
UNTUCKit,workable,untuckit
Unusual Machines,workable,unusual-machines
Up Hellas,workable,up-hellas-1
Up Learn,workable,uplearn
UpClear,workable,upclear
UpcoMinds,workable,upcominds
Updraft,workable,updraft
Upgrade,workable,upgrade-1
UpMail Solutions,workable,upmail
Upstream,workable,upstream
Uptalent.io,workable,uptalent-dot-i-o
Urban,workable,urbanco
URBAN MONEY PVT LTD,workable,urban-money-pvt-ltd-2
Urbanise,workable,urbanise
Urbint,workable,urbint
Ursa Major Skincare,workable,ursa-major-vt
Userbrain,workable,userbrain
UserEvidence,workable,userevidence
UserZoom,workable,userzoom
Ushahidi,workable,ushahidi
UtilitiesOne,workable,utilitiesone-1
Utopia,workable,utopia-life-worth-living
UTR Sports,workable,universal-tennis
"UWorld, LLC",workable,uworld
Uxbert Labs,workable,uxbert-labs-1
V3 Middle East Engineering Consultants,workable,v3-middle-east-engineering-consultants
V4C.ai,workable,v4c
Vable,workable,vable
Valard Construction,workable,valard-construction-lp
Valatam,workable,valatam
Valer,workable,voluware
ValGenesis,workable,valgenesis-1
Validus Risk Management,workable,validus-risk-management
Valley Services,workable,valley-services
Valneva,workable,valneva
Valor Protection Safety Agency,workable,vpsa
Valsoft Corporation,workable,valsoft-corp
Vantage Point,workable,vantagepointconsult
Varjo,workable,varjo-1
Vasion,workable,vasion
Vatica Health,workable,vatica-health
VavaCars,workable,vavacars
Vayyar,workable,vayyar
VBP,workable,vbp
Vcare Hospitality Services,workable,vcare-hospitality-services
"Vector North America, Inc.",workable,vectornorthamerica
Velan Studios,workable,velanstudios
Veld Capital,workable,veldcap
Velocity Trade,workable,velocity-trade
Velora,workable,velora
Velotio Technologies,workable,velotio
Vendo sp. o.o.,workable,vendo
Ventrata,workable,ventrata
Venture Global Engineering,workable,venture-global-engineering
VentureFriends,workable,venturefriendsvc
Veracross,workable,veracross
Vercingetorix Technologies,workable,vercingetorix
Verinext,workable,verinext
Verisian,workable,verisian
Verista,workable,verista
veritree,workable,veritree
Verlabs,workable,verlabs-com
Verneek,workable,verneek
Vero HR Ltd,workable,vero-hr-ltd
"VersaTrial, Inc.",workable,versatrial
Vertex Sigma Software,workable,vertex-sigma-software
Vertin,workable,vertin
Verve Ventures,workable,verveventures
Ververica GmbH,workable,ververica
Veryday,workable,veryday
VesprSolar,workable,vesprsolar-1
Vessels Value Ltd,workable,vessels-value-ltd
Vessev,workable,vessev
Vesta Home,workable,vestahome
Vestd,workable,vestd
Vesuvius,workable,vesuvius
Vesynta,workable,vesynta
Veterans Engineering,workable,veterans-engineering-2
Veterans Launch Inc,workable,veterans-launch-inc
Veterinary Staffing Pros,workable,veterinary-staffing-pros-1
Vezeeta,workable,vezeeta
VIA,workable,via-science
VIANEX,workable,vianex
Vibrant ABA,workable,vibrant-aba
Victor Energy,workable,victor-energy
Vidapp,workable,vidapp
Videobot Ltd,workable,vbot
VIGILINT,workable,vigilint
VillageReach,workable,villagereachcareers
Vinmar International,workable,vinmar-international
Vinterior,workable,vinterior
Viralstyle,workable,viralstyle
Virgin,workable,virgin
Vironix AI,workable,vironix-ai
Virtasant,workable,virtasant
Virtual Assist,workable,virtual-assist
Virtual Staff 365,workable,virtual-staff-365
VirtueStaff,workable,virtuestaff
VirtuHire,workable,virtuhire
Virtusa Polaris,workable,virtusa-polaris
Visage.jobs,workable,visage-dot-j-obs-1
Visalaw AI,workable,visalawai
Vision Loss Rehabilitation Canada,workable,vlrc
Visit.org,workable,visit
VisitorsCoverage Inc.,workable,visitorscoverage-inc
Visium SA,workable,visium
Vista Group,workable,vista-group
Visual BI Solutions Inc,workable,visualbi
Vita Green,workable,vitagreen
Vita Green Health Product Company Limited,workable,vita-green
Vitabiotics,workable,vitabiotics
Vitae Health Systems,workable,vitae-health-systems
"Vitality Group International, Inc.",workable,vitalitygroup
Vitaly Health,workable,vitaly-health
Vitesse PSP,workable,vitesse-psp
Viva.com,workable,viva
Vivaldi Group,workable,vivaldi-group
Vivid Money,workable,vivid-money
Vivo Energy,workable,vivo-energy
Vix Technology,workable,vix-technology
Vizrt,workable,vizrt
VoicedIQ®,workable,voicediq
Volga Partners,workable,volga-partners
Volt.io,workable,volt-dot-i-o
Volution,workable,volution
Vortexa,workable,vortexa
Vouched,workable,vouched
Voulgaris Hospitality Group,workable,voulgaris-hospitality-group
Voxidea-Stafi,workable,stafi
Voyage Foods,workable,voyagefoods
Voyago,workable,voyago
Voyc,workable,voyc
Vuealta,workable,vuealta
Vulcan,workable,vulcan
Waad Education,workable,waad-education
Waed Ventures,workable,waed-1
Wake Research,workable,wake-research
Waking Up,workable,waking-up-1
Walking Tree,workable,walkingtree
Wallbox,workable,wallbox
Wallee,workable,wallee
WalletConnect,workable,walletconnect
Wallop,workable,walloprecruitment
WALT Labs,workable,walt-labs
Walter,workable,walter-careers
Wantable,workable,wantable-careers
Warden AI,workable,warden-ai
WarrCloud,workable,warrcloud
Wasserman,workable,wasserman-1
Water.org,workable,waterorg
WaterAid,workable,wateraid
Waterworth,workable,waterworth
WATI.io,workable,wati-dot-i-o
Watson Institute,workable,watson-institute
"WaveStrong, Inc.",workable,wavestrong
Wavicle Data Solutions,workable,wavicle-data-solutions
Wayman Group,workable,wayman-group
Waypoint Maine,workable,waypointmaine
Wayzontech Services Pvt. Ltd.,workable,wayzontech-services-pvt-ltd
"WBParts, Inc.",workable,wbpartsinc
We Are Social,workable,we-are-social-1
WeatherBug,workable,weatherbug
Weatherbys Banking Group,workable,weatherbys-bank
Weave,workable,weave
WebCreators.in,workable,creators
webhotelier | primalres,workable,webhotelier
webook.com,workable,webook
WebProps.org,workable,webprops
WeBuild-AI,workable,webuild-ai
Weee!,workable,sayweee
Weekday AI,workable,weekday-1
Weetabix,workable,weetabix
Wefluens,workable,wefluens-1
Welcome,workable,welcome-jobs
Welcome Pickups,workable,welcomepickups
Welovesupermom Pte Ltd,workable,welovesupermom-pte-ltd
WeNext Europe B.V.,workable,wenext-europe
WeSki,workable,weski
Westcoast Actuaries Inc.,workable,westcoast-actuaries-inc
Western Construction Group,workable,western-construction-group
Westfalia Fruit,workable,westfalia-fruit
Weybourne,workable,weybourne-group
whatsapp,workable,whatsapp
Whip Around,workable,whiparound
White Fox Boutique,workable,white-fox-boutique
White Pearl Hospitality,workable,white-pearl-hospitality
"White Rabbit Ventures, LLC",workable,whiterabbit
White Swan Data,workable,whiteswandata
Whiteshield,workable,whiteshield
Whitespectre,workable,whitespectre
Whizz,workable,whizz
Widilo,workable,widilo
WiFi Tribe,workable,wifi-tribe
Wildlife Works,workable,wildlife-works
"WilkinGuttenplan, P.C.",workable,wilkinguttenplan
Willett Distillery,workable,willett-distillery
Williams Parker,workable,williams-parker
WINGS ICT SOLUTIONS S.A.,workable,wings-ii
"Wingz, Inc",workable,wingz
Winning Assistants,workable,winning-assistants
Winnow,workable,winnow
Winthrop Technologies,workable,winthrop-technologies
Wipro Technologies,workable,applied-value-tech
Wirecard Asia,workable,wirecard-asia-holding-pte-ltd
Wisdom Sprouts,workable,wisdom-sprouts
Wisedocs AI,workable,wisedocs-ai
Wisevu,workable,wisevu
With Intelligence,workable,with-intelligence
Withings,workable,withings
WittyCommerce,workable,wittycommerce
Wizcorp Inc,workable,wizcorp
Wizer,workable,wizer
WNS,workable,wnscareers
Wolf & Badger,workable,wolfandbadger
"Wolf Carries, LLC",workable,wolfcarries-llc
Wolff Olins,workable,wolff-olins
Women Donors Network,workable,womendonorsnetwork
Wonderbly,workable,wonderbly
Woof Together,workable,woof-together-1
Woolf,workable,woolf
Wooplr,workable,wooplr
Woozle Research,workable,woozle-research
WORDPRESS,workable,wordpress
Workable,workable,careers
Workana,workable,workana-premium
"Workbox Holdings, Inc.",workable,workbox-company
workers,workable,workers
Workforce Optimizer Pte Ltd,workable,workforceoptimizer
Working Solutions,workable,working-solutions
"WorkMoney, Inc.",workable,workmoney
WorkMotion,workable,workmotion
WorkSquare,workable,worksquare
Workstate,workable,workstate
WorkStep,workable,workstep
Workx Middle East FZC LLC,workable,workx-middle-east-fzc-llc
Workyard,workable,workyard
"World Business Lenders, LLC",workable,commercial-lending
World Central Kitchen,workable,world-central-kitchen
WorldFish,workable,worldfish
WorldVia,workable,worldviatravel
Worth AI,workable,worthai
Woven,workable,woven
Wowza Media Systems,workable,wowza-media-systems
WP Media,workable,wp-media
WPT Global,workable,wpt-global
Wrisk,workable,wrisk
Writesonic,workable,writesonic
"WRMC, Inc.",workable,wrmc
WS Development,workable,ws-development
WSU Tech,workable,wsutech
WWF,workable,wwf
X UP Brands,workable,x-up-brands
X-PHY,workable,flexxon-1
Xcellink Pte Ltd,workable,xcellink
Xe,workable,xe
Xenon7,workable,xenon7
Xillium Professional Services,workable,jobsxillium
XIO,workable,xio
Xodus Group,workable,xodus-group
XperiencOps Inc,workable,xops
Xplore Inc.,workable,xplore-inc
xponentiate,workable,xponentiate
Xpress Wellness Urgent Care,workable,xpress-wellness-urgent-care-2
XQ,workable,xqthesuperschoolproject
XR Extreme Reach,workable,extremereach
XTM International,workable,xtm
Xtremax Pte. Ltd.,workable,xtremax-pte-ltd
XXperiential Marketing Group,workable,xxperiential-marketing-group
Y Combinator,workable,ycombinator
Yahoo,workable,yahoo
YAP Global,workable,yap-global
Yapily,workable,yapily
YASO,workable,yaso
YayPay,workable,yaypay
YBF Ventures,workable,ybfventures
Yellow Leaf Hammocks,workable,yellowleaf
Yikodeen Footwear Limited,workable,yikodeen-footwear-limited
YMT,workable,yieldmartech
Yobota,workable,yobota
Yoda Tech,workable,yoda-tech
YouLend,workable,youlend-1
YouTrip,workable,youtrip
Yyyyyyyyyyy,workable,yyyyyyyyy
Zaelab,workable,zaelab
ZainCash,workable,zaincash-1
ZainTECH,workable,zaintech
Zaizi,workable,zaizi
Zams,workable,zams
Zeal Group,workable,zealgroup
Zealthy,workable,zealthy
Zearn,workable,zearn
Zeel,workable,zeel
Zeelo,workable,zeelo
Zego,workable,zego
Zenara Health,workable,zenara-health
Zenarate,workable,zenarate
Zengistics,workable,zengistics
Zenoti,workable,zenoti
Zero Down Lease,workable,zero-down-lease
Zero Labs Automotive,workable,zerolabs
Zero100,workable,zero100
ZeroFox,workable,zerofox
zeroheight,workable,zeroheight
ZEST Preparatory Academy,workable,zestprep
Zgraph,workable,zgraph
Zicasso,workable,zicasso
Zifo,workable,zifo
ZigZag Global,workable,zigzag-global
ZILO,workable,zilo-1
Zinc,workable,zinc-work
Zinc Network,workable,zincnetwork
Zipdev,workable,zipdev
ZipLiens,workable,zipliens
Zipline.io,workable,zipline-io
Zirtual,workable,zirtual-llc
Ziyut Al Adaa,workable,ziyut-al-adaa
Zodia Custody,workable,zodia-custody
Zone IT Solutions,workable,zoneit
Zoomo,workable,zoomo
Zoopla,workable,zoopla
Zycus,workable,zycus-1
Zyte,workable,zyte
Zzish,workable,zzish
Ηπειρωτική Βιομηχανία Εμφιαλώσεων Α.Ε. (ΒΙΚΟΣ),workable,vikos
