name,ats,slug,dataset
0g Labs,ashby,0g,main
0x,ashby,0x,main
115 Ventures LLC,ashby,115ventures,main
1bios,ashby,1bios,main
1mind,ashby,1mind,main
1Password,ashby,1password,main
1X,ashby,1x,main
30 Minutes to President's Club,ashby,30mpc,main
3E,ashby,3e,main
3i Members,ashby,3imembers,main
3Y Health,ashby,3y-health,main
42dot,ashby,42dot,main
"80,000 Hours",ashby,80000hours,main
805Title,ashby,805title,main
829 Studios,ashby,829studios,main
8Fleet Inc.,ashby,8fleet-inc,main
8VC,ashby,8vc,main
9 Mothers,ashby,9-mothers,main
9amHealth,ashby,join9am,main
9fin,ashby,9fin,main
A Place for Mom,ashby,a-place-for-mom,main
A.Team,ashby,a-team,main
a16z,ashby,a16z,main
a16z New Media,ashby,a16z-new-media,main
"AACI Group, Inc.",ashby,aacigroup,main
Aaron School,ashby,aaron-school,main
Aaru,ashby,aaru,main
Abacum,ashby,abacum,main
Abby Care,ashby,abby-care,main
Abe,ashby,abe,main
Abound,ashby,abound,main
Abridge,ashby,abridge,main
Absentia Labs,ashby,absentia-labs,main
Absorb,ashby,absorblms,main
Abundant,ashby,abundant,main
Abusix,ashby,abusix,main
Academia.edu,ashby,academia,main
Access Destination Services,ashby,access,main
Accord,ashby,accord,main
Accurx,ashby,accurx,main
Ace 1 Media,ashby,ace-1-media,main
Achilles,ashby,achilleshr,main
Achira,ashby,achira,main
Acorns,ashby,acorns,main
Acquisition.com,ashby,acquisition,main
Active Site,ashby,activesite,main
Adapt API,ashby,adapt,main
adaption,ashby,adaption,main
Adaptive,ashby,adaptive,main
Adaptive Home Health,ashby,fira-health,main
Adaptive Innovations,ashby,adaptive-innovations,main
Adaptive Security,ashby,adaptivesecurity,main
Adaptyv,ashby,adaptyv,main
Addi,ashby,addi,main
Additive AI,ashby,additiveai,main
Adelphi,ashby,adelphi-ai,main
Aditude,ashby,aditude,main
Adonis,ashby,adonis,main
Adthena,ashby,adthena,main
Aduro Advisors,ashby,aduro-advisors,main
Aerotime,ashby,aerotime,main
AeroVect,ashby,aerovect,main
Aerovy,ashby,aerovy,main
Aescape,ashby,aescape,main
Afference Inc,ashby,afference,main
Affinity Analytics,ashby,affinity,main
Afresh,ashby,afresh,main
AfterQuery,ashby,afterquery,main
Agen,ashby,agen,main
Agentio,ashby,agentio,main
Agentis Capital Advisors,ashby,agentis-capital-advisors,main
AgentMail,ashby,agentmail,main
Aghanim,ashby,aghanim,main
"AGI, Inc.",ashby,agi-inc,main
"Agresta, Storms & O’Leary, PC",ashby,aso-careers,main
AgZen,ashby,agzen,main
AIA Contract Documents,ashby,acd,main
Aibidia,ashby,aibidia,main
Aida,ashby,aida,main
AidKit,ashby,aidkit,main
AIM,ashby,aim,main
Aim4Hire,ashby,aim4hire,main
AIOS (YC W20/S21),ashby,aios,main
AiPrise,ashby,aiprise,main
AIR,ashby,air,main
Air Apps,ashby,airapps,main
Airbyte,ashby,airbyte,main
AirGarage,ashby,airgarage,main
Airgoods,ashby,airgoods,main
AirOps,ashby,airops,main
Airspace Intelligence,ashby,airspace-intelligence.com,main
Airtable,ashby,airtable,main
Airtasker,ashby,airtasker,main
Airwallex,ashby,airwallex,main
Aisle,ashby,aisle,main
Aiwyn,ashby,aiwyn,main
Ajax,ashby,ajax,main
AKASA,ashby,akasa,main
Akur8,ashby,akur8,main
Alan,ashby,alan,main
Alaro,ashby,alaro,main
Alcazar Energy,ashby,alcazar-energy,main
Alchemy,ashby,alchemy,main
"Alden Labs, Inc.",ashby,alden,main
Alembic,ashby,alembic,main
Aleph,ashby,aleph,main
Aleph Alpha,ashby,alephalpha,main
Alex AI,ashby,alexai,main
All in Bits,ashby,allinbits,main
Allara,ashby,allarahealth,main
Allen Control Systems,ashby,allen-control-systems,main
Alleviate Health,ashby,alleviatehealth,main
Allica Bank,ashby,allica-bank,main
Allium,ashby,allium,main
Alljoined,ashby,alljoined,main
Allminds,ashby,allminds,main
Allocate,ashby,allocate,main
AllSpice,ashby,allspice,main
Alma,ashby,tryalma,main
Almedia,ashby,almedia,main
Alohi SA,ashby,alohi,main
Alpaca Health,ashby,alpacahealth,main
Alpen Labs,ashby,alpenlabs,main
Alpha,ashby,alpha,main
Alpic,ashby,alpic,main
ALSO,ashby,ridealso,main
AlterCall,ashby,altercall,main
Alternative Payments,ashby,alternativepayments,main
Altimate.ai,ashby,altimate,main
Altis,ashby,altis,main
Altura,ashby,altura,main
"Alva Energy, Inc",ashby,alva-energy,main
Ambience Healthcare,ashby,ambiencehealthcare,main
AMBOSS,ashby,amboss,main
Ambral,ashby,ambral,main
Ambrook,ashby,ambrook,main
Ameba,ashby,ameba,main
Amenitiz Solutions,ashby,amenitiz,main
American Operator,ashby,americanoperator,main
AMI,ashby,ami,main
Amigo,ashby,amigo,main
Amma Inc.,ashby,amma,main
amo,ashby,amo,main
Amperos,ashby,amperos,main
Ampersand,ashby,ampersand,main
Amplify,ashby,amplify,main
Amplitude,ashby,amplitude,main
amplo,ashby,amplo,main
Anagram,ashby,goanagram,main
Anagram,ashby,anagram,main
Anam AI,ashby,anam,main
Anara,ashby,anara,main
Andela,ashby,andela,main
Andercore,ashby,andercore,main
Ando,ashby,ando,main
"Ando Technologies, Inc",ashby,andotechnologies,main
Andromeda Cluster,ashby,andromeda,main
Angi,ashby,angi,main
Angle Health,ashby,anglehealth,main
Anima,ashby,anima,main
Ankar,ashby,ankar,main
Ankorstore,ashby,ankorstore,main
Anna Autism Care,ashby,annaautismcare,main
Anomaly,ashby,findanomaly,main
Anon,ashby,anon,main
Anrok,ashby,anrok,main
AnsibleHealth Inc.,ashby,ansiblehealth,main
AnswersNow Inc,ashby,answersnow,main
Antai Ventures,ashby,antaiventures,main
Antares,ashby,antares,main
Anterior,ashby,anterior,main
Anthelion Capital,ashby,anthelioncap,main
Antimetal,ashby,antimetal,main
Antioch,ashby,antioch,main
Antithesis,ashby,antithesis,main
Anuvaya Labs,ashby,anuvaya,main
Anyscale,ashby,anyscale,main
AnySignal,ashby,anysignal,main
Anything,ashby,anything,main
AnyVan,ashby,anyvan,main
Apella,ashby,apella,main
Apex Growth,ashby,apexgrowth,main
"Apex Technology, Inc.",ashby,apex-technology-inc,main
Aphex,ashby,aphex,main
Apify Technologies s.r.o.,ashby,apify,main
Apiphany,ashby,apiphany,main
Aplazo,ashby,aplazo,main
Apolink Communcations,ashby,apolink,main
Apollo GraphQL,ashby,apollo-graphql,main
Apollo Information Systems,ashby,apollo-information-systems,main
Apple Roofing,ashby,apple-roofing,main
Applied Behavioral Services,ashby,applied-behavioral-services,main
Applied Intuition,ashby,applied,main
Applied Labs,ashby,appliedlabs,main
AppSumo,ashby,appsumo,main
april,ashby,april,main
Apron,ashby,apron,main
Aptible,ashby,aptible,main
Aptura,ashby,aptura,main
Aquant,ashby,aquant,main
Aquarian,ashby,aquarianlp,main
Aquatic,ashby,aquatic,main
Arago,ashby,arago,main
ARB Interactive,ashby,arb-interactive,main
Arbiter AI,ashby,arbiter-ai,main
Arbor,ashby,arbor,main
Arbor,ashby,findarbor,main
Arcada Labs Incorporated,ashby,arcada,main
Arcade,ashby,arcade,main
Arcade,ashby,arcade-ai,main
Arcade,ashby,arcadeai,main
Arch,ashby,arch,main
Arch Solutions,ashby,arch-solutions,main
Archil,ashby,archil,main
Architect,ashby,architect,main
Archive,ashby,archive,main
Archy,ashby,archy,main
Arcturus,ashby,arcturus,main
Ardea Partners,ashby,ardea-partners,main
"Arena Intelligence, Inc.",ashby,arena,main
ArenaNet,ashby,arenanet,main
Arizent,ashby,arizent,main
Arketa,ashby,arketa,main
Arlo,ashby,arlo,main
Arlyn AI,ashby,quantilehealth,main
Armory,ashby,armory,main
ARQ,ashby,arq,main
Arrakis Finance,ashby,arrakis,main
Array Behavioral Care,ashby,array-behavioral-care,main
Arta Finance,ashby,artafinance,main
Artemis,ashby,artemis,main
Artemis,ashby,artemisanalytics,main
Arthur Robotics,ashby,arthur,main
Artian AI,ashby,artian,main
Articul8,ashby,articul8,main
"Artificial Analysis, Inc.",ashby,artificialanalysis,main
Artificial Intelligence Underwriting Company,ashby,aiuc,main
Artisan,ashby,artisan,main
Artsy,ashby,artsy,main
Ascertain,ashby,ascertain,main
Ashby,ashby,ashby,main
ashby-embed-demo-org,ashby,ashby-embed-demo-org,main
Asimov,ashby,asimov,main
Aspora,ashby,aspora,main
Assemble,ashby,assemble,main
Assembled,ashby,assembledhq,main
Assembly,ashby,assembly,main
Assort Health,ashby,assorthealth,main
Assured,ashby,assured,main
Assured,ashby,assured-health,main
Astera Institute,ashby,astera,main
"Asteri AI, Inc.",ashby,asteriai,main
Astra,ashby,astra,main
Astral,ashby,astral,main
Astro Mechanica,ashby,astro-mechanica,main
Astrocade,ashby,astrocade,main
Astronomer,ashby,astronomer,main
Atalanta,ashby,atalanta,main
Ataraxis AI,ashby,ataraxis-ai,main
ATG,ashby,atg,main
Athena Actuarial Consulting,ashby,athenaactuarial,main
AthenaHQ,ashby,athena-hq,main
Atlas,ashby,atlas,main
Atlas Oncology Partners,ashby,atlasonc,main
Atlas Privacy,ashby,atlas-privacy,main
Atlas Residential,ashby,atlasresidential,main
AtoB,ashby,atob,main
Atolio,ashby,atolio,main
Atomic,ashby,atomic,main
Atomic Fi,ashby,atomic-financial,main
Atomic Industries,ashby,atomicindustries,main
Atomic Invest,ashby,atomic-invest,main
Atominvest,ashby,atominvest,main
Atomos Systems,ashby,atomos,main
Atrix AI,ashby,atrix,main
Atropos Health,ashby,atroposhealth,main
Attention Engineering,ashby,attention,main
Atticus,ashby,atticus,main
Attio,ashby,attio,main
Auctor,ashby,auctor,main
Audacious Ventures,ashby,audacious,main
Audiohook,ashby,audiohook,main
Augmodo,ashby,augmodo,main
Augur Initiative Ltd,ashby,augur,main
August,ashby,august,main
August Health,ashby,august-health,main
Augustus,ashby,augustus,main
Aurelian,ashby,aurelian,main
Aurelius Systems,ashby,aureliussystems,main
Auror,ashby,auror,main
Aurora Solar,ashby,aurorasolar,main
Authorium,ashby,Authorium,main
AuthZed,ashby,authzed,main
"Automat, Inc.",ashby,automat,main
Autoscience,ashby,autoscience,main
Ava Labs,ashby,ava-labs,main
Avala,ashby,avala,main
Avantos AI,ashby,avantos,main
Aven,ashby,aven,main
Aviator,ashby,aviator,main
Avid4 Adventure,ashby,avid4,main
Avida,ashby,avida,main
Avoca,ashby,avoca,main
Away,ashby,away,main
Axel,ashby,axel,main
Axelera AI,ashby,axelera,main
Axiom,ashby,axiom,main
Axiom,ashby,axiom-co,main
Axiom,ashby,axiombio,main
Axion,ashby,axion,main
Axle Energy,ashby,axle-careers,main
Axle Health,ashby,axle-health,main
Axle Mobility,ashby,axle-mobility,main
Aztec Labs,ashby,aztec-labs,main
Baba,ashby,baba,main
Babbel,ashby,babbel,main
Back Market,ashby,backmarket,main
Backflip,ashby,backflip,main
Bad Robot Games,ashby,badrobotgames,main
Bankjoy,ashby,bankjoy,main
Bantam Communications,ashby,bantamcommunications,main
Barkbus,ashby,barkbus,main
Barnes & Thornburg LLP,ashby,barnes,main
Barti,ashby,barti,main
Basata Inc,ashby,basata,main
Base,ashby,base,main
Base Operations,ashby,base-operations,main
Base Power Company,ashby,base-power,main
Basecamp Research,ashby,basecamp-research,main
Baseten,ashby,baseten,main
Basic Capital,ashby,basiccapital,main
Basis AI,ashby,basis-ai,main
Basis Research Institute,ashby,basis-research,main
Bastion,ashby,bastion,main
Baton,ashby,baton,main
Baton Corporation Ltd,ashby,batoncorporation,main
Battle Creek Games,ashby,battle-creek-games,main
"Bayesian Health, Inc.",ashby,bayesianhealth,main
Beach Bum,ashby,beach-bum,main
Beacon AI,ashby,beaconai,main
Beacon Software,ashby,beaconsoftware,main
Beacons,ashby,beacons,main
Beam,ashby,beam-up,main
Beam Impact,ashby,beamimpact,main
Beamery,ashby,beamery,main
Bedford,ashby,learn-bedford,main
Bedrock Ocean Exploration,ashby,bedrockocean,main
Bedrock Robotics Inc,ashby,bedrock-robotics,main
Believer,ashby,believer,main
bem,ashby,bem,main
Ben,ashby,ben,main
Benchling,ashby,benchling,main
Benepass,ashby,benepass,main
Benevity,ashby,benevity,main
Bento Setup Sandbox,ashby,bento,main
Beside,ashby,beside,main
Bespoke Labs,ashby,bespokelabs,main
Bestow,ashby,bestow,main
Better Health,ashby,joinbetter,main
Better Mortgage,ashby,better-mortgage,main
Bettermile,ashby,bettermile,main
BetterUp,ashby,betterup,main
Bevel,ashby,bevel,main
Beyond Sports,ashby,wearebeyondsports,main
Bhblasted,ashby,bhblasted,main
Bicara Therapeutics,ashby,bicara-therapeutics,main
Biconomy,ashby,biconomy,main
Big Leap Health,ashby,big-leap-health,main
Bigger Games,ashby,biggergames,main
Bild AI,ashby,bild-ai,main
Billie,ashby,billie,main
billups,ashby,billups,main
Binalyze,ashby,binalyze,main
Binance,ashby,binance,main
Binti,ashby,binti,main
BIO,ashby,bio,main
Biofire,ashby,biofire,main
Biograph,ashby,biograph,main
BIOptimizers,ashby,bioptimizers,main
Birdie,ashby,birdie,main
Bitnomial,ashby,bitnomial,main
Bitstack,ashby,bitstack,main
Bitvavo,ashby,bitvavo,main
BiVACOR Inc,ashby,bivacor-inc,main
Bjak,ashby,bjakcareer,main
Blackbird Labs Inc,ashby,blackbird-labs-inc,main
BlackBox Strategies,ashby,blackbox-strategies,main
Blacksmith,ashby,blacksmith,main
"Blackstar Computers, Inc.",ashby,blackstar,main
Bland,ashby,bland,main
Blank Instance,ashby,blankexampleinstance,main
Blank Metal,ashby,blank-metal,main
Blaxel,ashby,blaxel,main
Blink Tech Inc,ashby,blink,main
Bliro GmbH,ashby,bliro,main
Blissway Inc.,ashby,blissway,main
Blitzy,ashby,blitzy,main
Blockdaemon,ashby,blockdaemon,main
Blockhouse,ashby,blockhouse,main
Blockit AI,ashby,blockit,main
Blockstream,ashby,blockstream,main
Blockworks,ashby,blockworks,main
Blooming Health,ashby,blooming-health,main
Blossom Health,ashby,blossom-health,main
Blowhammer,ashby,blowhammer,main
Bloxd,ashby,bloxd,main
Blue Energy,ashby,blue-energy,main
Blueberry Pediatrics,ashby,blueberrypediatrics,main
BlueDot Impact,ashby,bluedot,main
Bluenote,ashby,bluenote,main
Blumen Systems,ashby,blumen,main
Boam AI,ashby,boam,main
Bobyard,ashby,bobyard,main
Body & Soul Studios,ashby,bodysoul,main
Bold.org,ashby,bold,main
Bolt,ashby,bolt,main
Bolt Farm Treehouse,ashby,bolt-farm,main
Bookkeeper360,ashby,bookkeeper360,main
Boom,ashby,boom,main
Boom & Bucket Inc,ashby,boomandbucket,main
Boomi,ashby,boomi,main
"Boon Technologies, Inc.",ashby,boon,main
Boost,ashby,boost,main
Boosters,ashby,boosters,main
BootLoop,ashby,bootloop,main
Botanic Tonics,ashby,botanictonics,main
Bounce,ashby,bounce,main
Braiins,ashby,braiins,main
Brain Co.,ashby,brainco,main
Brainbase Labs,ashby,brainbaselabs,main
Brainly,ashby,brainly,main
Braintrust,ashby,braintrust,main
Brale,ashby,brale,main
"Branch Financial, LLC",ashby,branchinsurance,main
BranchLab,ashby,branchlab,main
Brandlight,ashby,brandlight,main
Brave Health,ashby,bravehealth,main
Breadcrumb,ashby,breadcrumb,main
Breadwinner,ashby,breadwinner,main
Breaker,ashby,breaker,main
Breakmark,ashby,breakmark,main
Bree,ashby,bree,main
Brelle,ashby,brelle,main
Brellium,ashby,brellium,main
Bretton AI,ashby,brettonai,main
Bridger,ashby,bridger,main
Brighterly,ashby,brighterly,main
Brightline,ashby,hellobrightline,main
Brightstar.AI,ashby,brightstar-ai,main
brightwheel,ashby,brightwheel,main
Brigit,ashby,brigit,main
Brimstone,ashby,brimstone,main
BRINC,ashby,brinc,main
Brisk Teaching,ashby,brisk-teaching,main
Broccoli AI,ashby,broccoli,main
Brookwood,ashby,brookwood,main
Browserbase,ashby,browserbase,main
Bubble,ashby,bubble,main
Buffer,ashby,buffer,main
Build Technologies,ashby,build,main
Builder Prime,ashby,builder-prime,main
Buildforce,ashby,buildforce,main
BuildingWorks,ashby,buildingworks,main
Buildlinx GmbH,ashby,buildlinx,main
Buildout,ashby,buildout,main
Built Robotics Inc,ashby,built-robotics,main
Bumble,ashby,bumble,main
bunch,ashby,bunch,main
Bunkerhill Health,ashby,bunkerhillhealth,main
Bunny,ashby,bunny,main
Bureau,ashby,bureau,main
Burkland Associates,ashby,burklandassociates,main
BusPatrol,ashby,buspatrol,main
ButterflyMX,ashby,butterflymx,main
Button Labs,ashby,button,main
Bynder,ashby,bynder,main
C1,ashby,c1,main
Cache,ashby,cache,main
Cadre,ashby,cadre,main
CADRE GOVERNMENT SOLUTIONS,ashby,cadregs,main
Calder,ashby,calder,main
Camber,ashby,camber,main
Cambio AI Inc.,ashby,cambio,main
Cambium,ashby,cambium,main
Cambly,ashby,cambly,main
Cambridge Boston Alignment Initiative,ashby,cbai,main
Campfire,ashby,campfire,main
Campus,ashby,campus,main
Camunda,ashby,camunda,main
CanadaVisa,ashby,canadavisa,main
Canals,ashby,canals,main
Candid Health,ashby,candidhealth,main
Candid Intelligence,ashby,candidintelligence,main
candidate fyi,ashby,candidate.fyi,main
Canopy,ashby,canopy,main
Cantina,ashby,cantina,main
Canvas Medical,ashby,canvas-medical,main
Capable Labs,ashby,capable,main
Capchase,ashby,capchase,main
Cape,ashby,cape,main
Capi Money,ashby,capimoney,main
Capital V Strategies,ashby,capital-v-strategies,main
Capsule,ashby,capsule,main
Capy,ashby,capy,main
Cara,ashby,cara-ai,main
Carbon Health,ashby,carbonhealth,main
Cardless,ashby,cardless,main
Careers,ashby,proto-town,main
CareSwift,ashby,careswift,main
Careway Health,ashby,careway,main
Cargado,ashby,cargado,main
CARIAN,ashby,carian,main
Caribou,ashby,caribou,main
Carolina Complete Health Network,ashby,cchn,main
Carrara,ashby,carrara,main
Cartesia,ashby,cartesia,main
Caruso,ashby,caruso,main
Carwow,ashby,carwow,main
Casa,ashby,casa,main
Casca,ashby,casca,main
Casdin Capital,ashby,casdin-capital,main
Casium,ashby,casium,main
Cassi Home,ashby,cassihome,main
Castle,ashby,castle,main
Castleton Tower,ashby,castletontower,main
Catalog,ashby,catalog,main
Catch,ashby,catch,main
Catchafire,ashby,catchafire,main
Category Labs,ashby,category-labs,main
Catena,ashby,catena,main
Catio,ashby,catio,main
Causal Labs,ashby,causal,main
Causaly,ashby,causaly,main
Ceartas,ashby,ceartas,main
Cedar,ashby,cedar,main
Cellular Intelligence,ashby,cellular-intelligence,main
Centari,ashby,centari,main
Centerfield,ashby,centerfield,main
Centivo,ashby,centivo,main
Cerebras,ashby,cerebras,main
"Certifid, Inc",ashby,certifid,main
CertifyOS,ashby,certifyos,main
Chai Discovery,ashby,chaidiscovery,main
Chainalysis,ashby,chainalysis-careers,main
Chakra Labs,ashby,chakra-labs,main
Chalice Custom Algorithms,ashby,chalice,main
Chalk,ashby,chalk,main
Chalkboard,ashby,chalkboard,main
Chamber,ashby,chamber,main
Chamber Cardio,ashby,chambercardio,main
Change.org,ashby,change,main
Chapter,ashby,chapter,main
Character.AI,ashby,character,main
Charge Robotics,ashby,charge-robotics,main
ChartHop,ashby,charthop,main
Chatbase,ashby,chatbase,main
Check Technologies,ashby,check-technologies,main
Checkatrade,ashby,checkatrade,main
Checkly,ashby,checkly,main
Cheiron,ashby,cheiron,main
Chestnut,ashby,chestnut,main
Chief,ashby,chief,main
Chili Piper,ashby,chilipiper,main
Chimera Investment Corporation,ashby,chimerareit,main
Choco,ashby,choco,main
Chord,ashby,chord,main
Chroma,ashby,trychroma,main
Chromatic,ashby,chromatic,main
Chronosphere,ashby,chronospherejobs,main
Cinder,ashby,cinder,main
Circleback,ashby,circleback,main
CircuitHub,ashby,circuithub,main
Circular Economy Systems,ashby,circulareconomysystems,main
Ciroos,ashby,ciroos,main
Citadel AI,ashby,citadel-ai,main
Citizen,ashby,citizen,main
CivicMarketplace,ashby,civicmarketplace,main
CivilGrid,ashby,civilgrid,main
Claim Health,ashby,claim-health,main
ClaimSorted,ashby,claimsorted,main
Clair,ashby,clair,main
Clarasight,ashby,clarasight,main
Clarify,ashby,clarify,main
Clarion,ashby,clarion,main
Clarity,ashby,clarity,main
Clarity Pediatrics,ashby,claritypediatrics,main
ClarityPay,ashby,claritypay,main
Clarium,ashby,clarium,main
Claryo,ashby,claryo,main
Clasp,ashby,clasp-group,main
Clasp,ashby,clasp,main
ClassDojo,ashby,classdojo,main
Clay Labs,ashby,claylabs,main
clearalpha,ashby,clearalpha,main
ClearBank,ashby,clearbank,main
Clearco,ashby,clearco,main
Clearly AI,ashby,clearly-ai,main
ClearVector,ashby,clearvector,main
Clera,ashby,clera,main
Cleric,ashby,cleric,main
Clerk,ashby,clerk,main
"Clerky, Inc.",ashby,clerky,main
Clever,ashby,clever,main
ClickUp,ashby,clickup,main
Climate Finance Solutions,ashby,climate-finance-solutions,main
Climatiq,ashby,climatiq,main
Clinically AI,ashby,clinicallyai,main
Clipboard,ashby,clipboard,main
Clipbook,ashby,clipbook,main
Cloaked,ashby,cloaked,main
Close,ashby,close,main
Closetamerica,ashby,closetamerica,main
Cloud Accountant Staffing,ashby,cas,main
CloudKitchens,ashby,cloudkitchens,main
Cloudscaler,ashby,cloudscaler,main
CloudTrucks,ashby,cloudtrucks,main
CloudZero,ashby,cloudzero,main
Clove,ashby,clove,main
Clover Sonoma,ashby,clover-sonoma,main
Clubhouse,ashby,clubhouse,main
Cluely,ashby,cluely,main
Clutch,ashby,withclutch,main
Coactive AI,ashby,coactive,main
Coalesce,ashby,coalesce,main
Coastal Community Bank,ashby,coastal,main
Cobot,ashby,cobot,main
Coco,ashby,cocodelivery,main
Cocoon,ashby,cocoon,main
CodaMetrix,ashby,codametrix,main
Codat,ashby,codat,main
Code Metal,ashby,code-metal,main
Coder,ashby,coder,main
CodeRabbit,ashby,coderabbit,main
Codes Health,ashby,codes-health,main
Codex,ashby,codex,main
Coefficient Giving,ashby,coefficientgiving,main
Coframe,ashby,coframe,main
Cogent Security,ashby,cogent-security,main
Cognition,ashby,cognition,main
Cohen Immigration Law,ashby,cohen-immigration-law,main
Cohere,ashby,cohere,main
Coinflow,ashby,coinflow,main
CoinTracker,ashby,cointracker,main
Cold Start Ventures,ashby,coldstartventures,main
Collective,ashby,collective,main
Colonist,ashby,colonist,main
Column,ashby,column,main
Column Tax,ashby,columntax,main
Comfy,ashby,comfy-org,main
Comity,ashby,comity,main
Common Room,ashby,commonroom,main
Commons,ashby,commons,main
Commonware,ashby,commonware,main
Commure,ashby,commure,main
Compa,ashby,compa,main
Company.ai,ashby,company-ai,main
Compass Surgical Partners,ashby,compass-surgical-partners,main
Complement,ashby,complement,main
Complete,ashby,complete,main
Composio,ashby,composio,main
Composite,ashby,composite,main
"Compound Planning, Inc.",ashby,compound,main
CompScience,ashby,compscience,main
comstruct ICT,ashby,comstruct,main
Comun,ashby,comun,main
Conception,ashby,conception,main
Concourse,ashby,concourse,main
Condor Software,ashby,condor-software,main
Conduct,ashby,conduct,main
Conductor,ashby,conductor,main
ConductorAI,ashby,conductorai,main
Conduit,ashby,conduit,main
Conduit Health,ashby,conduit-health,main
Confiant,ashby,confiant,main
Confido,ashby,confido,main
Confluent,ashby,confluent,main
Connectly Inc,ashby,connectly,main
Conquest,ashby,conquest,main
Conscious Talent,ashby,conscious-talent,main
Console,ashby,console,main
Constellation Space,ashby,constellationspace,main
Constructor,ashby,constructor,main
Context,ashby,context,main
Contoro Inc.,ashby,contoro,main
Contra,ashby,contra,main
Conveo.ai,ashby,conveo,main
Conversion,ashby,conversion,main
Convex,ashby,convex-dev,main
Convey (formerly Message Broadcast),ashby,convey,main
Coperniq Inc.,ashby,coperniq,main
Copilot Money,ashby,copilot-money,main
Coral AI,ashby,coralai,main
Coram AI,ashby,coram-ai,main
Core of the Heart,ashby,coreoftheheart,main
coreflow,ashby,coreflow,main
CorePlan,ashby,coreplan,main
Corgi Insurance,ashby,corgi,main
Corridor,ashby,corridor,main
Cortea AI,ashby,cortea,main
Corti,ashby,corti,main
Corvus Robotics,ashby,corvus-robotics,main
Cosine,ashby,cosine,main
Cosmic Robotics,ashby,cosmic-robotics,main
cosmos GmbH,ashby,cosmos,main
Costanoa Ventures,ashby,costanoavc,main
Council Capital,ashby,council-capital,main
Counsel Health,ashby,counsel,main
Count,ashby,count,main
Counterpart,ashby,counterpart,main
CourseCareers,ashby,coursecareers,main
Coverbase,ashby,coverbase,main
Coverdash,ashby,coverdash,main
CoW DAO,ashby,cow-dao,main
Cowboy Space Corp.,ashby,cowboyspace,main
Coworker.ai,ashby,coworker,main
CPOHQ + Knoetic AI,ashby,knoetic,main
Cracken,ashby,crackenagi,main
Cradle,ashby,cradlebio,main
Craze,ashby,craze,main
Creatify Lab Inc,ashby,creatify,main
CreatorIQ,ashby,creatoriq,main
Credal,ashby,credal,main
Credit Genie,ashby,creditgenie,main
Crisp,ashby,crispgrowth,main
Crisp,ashby,crisp,main
Critical Energy,ashby,critical-energy,main
Critical Loop,ashby,criticalloop,main
Crogl,ashby,crogl,main
Crosby,ashby,crosby,main
crossjoin-solutions,ashby,crossjoin-solutions,main
Crunchbase (Lever),ashby,crunchbase,main
Crusoe,ashby,crusoe,main
Cruva,ashby,cruva,main
Crux,ashby,cruxclimate,main
Cryptio,ashby,cryptio,main
Cside,ashby,cside,main
CTGT,ashby,ctgt,main
CUBE,ashby,cube,main
Cube,ashby,cubesoftware,main
Cubic³,ashby,cubic3,main
Cubist,ashby,cubist,main
Cuesta Partners,ashby,cuesta-partners,main
Curated,ashby,curated,main
Curri,ashby,curri,main
cursor,ashby,cursor,main
CuspAI,ashby,cuspai,main
Customuse,ashby,customuse,main
CyberCube,ashby,cybcube,main
Cyberhaven,ashby,cyberhaven,main
CYBRET AI,ashby,cybret,main
Cylake,ashby,cylake-inc,main
Cylinder Health,ashby,cylinderhealth,main
Cyvl,ashby,cyvl,main
d-Matrix,ashby,d-matrix,main
d/dx,ashby,ddx,main
DailyPay,ashby,dailypay,main
Dakota,ashby,dakota,main
Dandelion Energy,ashby,dandelion,main
Dandy,ashby,dandy,main
Dapster,ashby,dapster,main
Darkroom,ashby,darkroom,main
Darwin,ashby,darwin,main
Dash0,ashby,dash0,main
Datafold,ashby,datafold,main
DataGuard,ashby,dataguard,main
Datalab,ashby,datalab,main
Dataleap,ashby,dataleap,main
Datatonic,ashby,datatonic,main
DatologyAI,ashby,datologyai,main
Datum,ashby,datum,main
Dave,ashby,dave,main
David AI,ashby,david-ai,main
David Energy,ashby,davidenergy,main
Davis Technology Management,ashby,davistechnologymanagement,main
daydream,ashby,withdaydream,main
DayDream,ashby,daydream,main
Daydream,ashby,daydreamlive,main
Daydream,ashby,daydream-ai,main
dClimate,ashby,dclimate,main
DDN,ashby,ddn,main
DealMaker,ashby,dealmaker,main
Decagon,ashby,decagon,main
Decimal,ashby,decimal,main
Decoda Health,ashby,decodahealth,main
Dedale Intelligence,ashby,dedale-intelligence,main
Deductive AI,ashby,deductive,main
Deel,ashby,deel,main
Deepgram,ashby,deepgram,main
DeepJudge,ashby,deepjudge,main
DeepL,ashby,deepl,main
Deepnote,ashby,deepnote,main
DeepSource,ashby,deepsource,main
Deeptune,ashby,deeptune,main
DeepWalk,ashby,deepwalk,main
Deeter Analytics,ashby,deeter-analytics,main
Defense,ashby,defense,main
Defy Security,ashby,defy-security,main
Delian Alliance Industries,ashby,delian,main
Deligo,ashby,deligo,main
Delinea,ashby,delinea,main
Deliveroo,ashby,deliveroo,main
Delos Data Inc,ashby,delos-data,main
Delphi,ashby,delphi,main
Delphina,ashby,delphina,main
Demandbase,ashby,demandbase,main
Deposco,ashby,deposco,main
Deposely,ashby,deposely,main
Depot,ashby,depot,main
DepthFirst,ashby,depthfirst,main
Designworks Talent,ashby,designworkstalent,main
Detail,ashby,detail,main
Develop Health,ashby,develop-health,main
Dex,ashby,dex,main
Dexmate,ashby,dexmate,main
Diagrid,ashby,diagrid,main
Dialogue AI,ashby,dialogueai,main
digg,ashby,digg,main
Dimensional Inc.,ashby,dimensional,main
Dipper,ashby,dipper,main
Directive,ashby,directive,main
Dispatch,ashby,dispatch,main
Distributed Spectrum,ashby,distributed-spectrum,main
Distributor Wire & Cable,ashby,distributor-wire-cable,main
Distyl AI,ashby,distyl,main
Ditto,ashby,ditto,main
Ditto,ashby,dittoai,main
Diversified Botanics,ashby,diversified-botanics,main
Divine,ashby,divineresearch,main
Docebo,ashby,docebo,main
Docker,ashby,docker,main
Docplanner,ashby,docplanner,main
Doctolib,ashby,doctolib,main
Doctronic,ashby,doctronic,main
doinstruct,ashby,doinstruct,main
Doji,ashby,doji,main
DoktorTakvimi,ashby,doktortakvimi,main
Domu AI,ashby,domu,main
Don's Garage Doors,ashby,dons-garage-doors,main
Doppel,ashby,doppel,main
Doppler,ashby,doppler,main
DOSS,ashby,doss,main
"Dosu, Inc.",ashby,dosu,main
dottxt,ashby,dottxt,main
Double,ashby,double,main
Double the Donation,ashby,double-the-donation,main
DoubleZero,ashby,doublezero,main
Dovetail,ashby,dovetail,main
Dr. Comfort,ashby,drcomfort,main
Drata,ashby,drata,main
Dream Three,ashby,dreamthree,main
Dressly,ashby,dressly,main
Drogue,ashby,drogue,main
Droyd,ashby,droyd,main
Dryft,ashby,dryft,main
DualEntry,ashby,dualentry,main
DubClub,ashby,dubclub,main
Duckbill,ashby,duckbill,main
DuckDuckGo,ashby,duck-duck-go,main
Duet,ashby,duet,main
Duffel,ashby,duffel,main
Duna,ashby,duna,main
Dune,ashby,dune,main
Dusk,ashby,dusk,main
Dust,ashby,dust,main
Dusty,ashby,jobs,main
Duvo Inc,ashby,duvo,main
Dweet,ashby,dweet,main
Dwelling,ashby,dwelling,main
Dyna Robotics,ashby,dyna-robotics,main
Dynamic,ashby,dynamic,main
Dyneti,ashby,dyneti,main
E Source,ashby,e-source,main
E2B,ashby,e2b,main
Eagle,ashby,eagle,main
Earned,ashby,earnedwealth,main
Earth Force,ashby,earthforce,main
Eastwood & Cleef,ashby,eastwoodcleef,main
Easygenerator,ashby,easygenerator,main
Echo Neurotechnologies,ashby,echo,main
EchoMark,ashby,echomark,main
EchoTwin AI,ashby,echotwin,main
Edia,ashby,edia,main
Ediphi,ashby,ediphi,main
EDITED,ashby,edited,main
Edlink,ashby,edlink,main
Edra,ashby,edra,main
EdSights,ashby,edsights,main
EducationSuperHighway,ashby,educationsuperhighway,main
EdVisorly,ashby,edvisorly,main
Egra,ashby,egra,main
Eigen,ashby,teameigen,main
Eigen Labs,ashby,eigen-labs,main
Eight Sleep,ashby,eightsleep,main
Eisen,ashby,eisen,main
Eka,ashby,ekarobotics,main
Ekho,ashby,ekho,main
ElastixAI INC.,ashby,elastix,main
Electric,ashby,electric,main
Electric Air,ashby,electricair,main
ElectronX,ashby,electronx,main
Element 84,ashby,element84,main
Element451,ashby,element451,main
Eleos AI Research,ashby,eleos,main
ElevenLabs,ashby,elevenlabs,main
Eli Health,ashby,eli,main
Elicit,ashby,elicit,main
EliseAI,ashby,eliseai,main
Eliza,ashby,eliza,main
ellamind,ashby,ellamind,main
Ellipsis Labs,ashby,ellipsislabs,main
Elliptic,ashby,elliptic,main
Ello,ashby,ello,main
Eloquent AI,ashby,eloquentai,main
Elorian,ashby,elorian-ai-inc,main
Ema,ashby,ema,main
Emanate,ashby,emanate,main
Embeddable,ashby,embeddable,main
Embedding VC,ashby,embedding-vc,main
Emberos,ashby,emberos,main
Emerald AI,ashby,emerald-ai,main
Emergence Capital Partners,ashby,emergence-capital-partners,main
Emergence Software,ashby,emergence,main
Emora Health,ashby,emora-health,main
Empathic,ashby,empathic,main
Empirical,ashby,empirical,main
Empirical Security,ashby,empirical-security,main
Empora Title,ashby,empora,main
Encord,ashby,encord,main
Endeavor,ashby,endeavorflow,main
endeavorai.com,ashby,endeavorai,main
Endex,ashby,endex,main
Endgame,ashby,endgame,main
Endurance Energy,ashby,endurance-energy,main
EngFlow,ashby,engflow,main
Engram Lab,ashby,engram,main
Enpal,ashby,enpal,main
ENS Labs,ashby,ens-labs,main
Ent Security,ashby,ent-security,main
Envoy,ashby,envoy,main
ePayPolicy,ashby,epay-policy,main
Epia Neuro,ashby,epianeuro,main
Epidemic Sound,ashby,epidemic-sound,main
Epistemix,ashby,epistemix,main
"Epsilon Labs, Inc.",ashby,epsilon-health,main
Equal Ventures,ashby,equal-ventures,main
Equal1,ashby,equal1,main
Equall,ashby,equall,main
Equi,ashby,equi,main
Equip Health,ashby,equip,main
Ernest,ashby,ernest,main
Escape Technologies,ashby,escape,main
Espa Labs,ashby,espa,main
Espresso AI,ashby,espresso,main
Essential AI,ashby,essentialai,main
Etched,ashby,etched,main
Ethereum Foundation,ashby,ethereum-foundation,main
ETHGlobal Inc,ashby,ethglobal,main
Ethyca,ashby,ethyca,main
Euclid Power,ashby,euclid-power,main
Euphoric Global,ashby,euphoric,main
Eventual,ashby,eventualcomputing,main
Eventual,ashby,eventual,main
EverAI,ashby,everai,main
Everbridge,ashby,everbridge,main
Everfield,ashby,everfield,main
Everis,ashby,everis,main
EverOps,ashby,everops,main
Everself,ashby,everself,main
Everstar,ashby,everstar,main
Evertune,ashby,evertune,main
Evervault,ashby,evervault,main
Evolve AI Ltd,ashby,evolve,main
Evolve Tech LLC,ashby,evolve-tech-llc,main
Evvy,ashby,evvy,main
Exa,ashby,exa,main
Excelerate,ashby,excelerate,main
Exegy,ashby,exegy,main
Expa,ashby,expa,main
Expensify,ashby,expensify,main
Expressable,ashby,expressable,main
Extend,ashby,extend,main
Extend Your Team,ashby,eyt,main
Eye Security,ashby,eye-security,main
Eyebot,ashby,eyebot,main
"EyeTell, Inc.",ashby,eyetell,main
EZ Health,ashby,ezhealth,main
EZTexting,ashby,eztexting,main
F2,ashby,f2-ai,main
Fable Security,ashby,fable,main
Fabrion,ashby,fabrion,main
FacilityOS,ashby,facilityos,main
Faction,ashby,faction,main
Factor Eleven,ashby,factor-eleven,main
Factory,ashby,factory,main
Faculty,ashby,faculty,main
Falconer,ashby,falconer,main
Fama Technologies,ashby,fama-technologies-inc,main
Familiar Machines & Magic,ashby,familiarmachines,main
Farmers District 40,ashby,farmersd40,main
FarmRaise,ashby,farmraise,main
Faros,ashby,faros-ai,main
Farsight AI,ashby,farsight,main
fastino.ai,ashby,fastino-ai,main
Fathom,ashby,fathom,main
Fathom,ashby,fathom.video,main
Faves,ashby,faves,main
Favorited,ashby,favorited,main
Featherless AI,ashby,featherlessai,main
Feathery,ashby,feathery,main
Feathr,ashby,feathr,main
FeedbackFruits,ashby,feedbackfruits,main
Felix,ashby,felix,main
Fellow,ashby,fellow,main
Fencer,ashby,fencer,main
Ferry,ashby,ferryhealth,main
fhiaremodeling,ashby,fhiaremodeling,main
Fiddler AI,ashby,fiddler-ai,main
Fiducial,ashby,fiducial,main
Field Technologies FZCO,ashby,infinitefield,main
Fieldguide,ashby,fieldguide,main
Fig,ashby,fig,main
Figure,ashby,figure,main
Filigran,ashby,filigran,main
Filmhub,ashby,filmhub,main
Fin,ashby,fin,main
Finalis,ashby,finalis,main
Finary,ashby,finary,main
Finch Care,ashby,finch,main
Finch Legal,ashby,finch-legal,main
Finni Health,ashby,finni-health,main
FINNY,ashby,finny,main
Finout,ashby,finout,main
Finvari,ashby,finvari,main
Finvest,ashby,finvest,main
Firebird Music,ashby,firebirdmusic,main
Firecrawl,ashby,firecrawl,main
Firetiger,ashby,firetiger,main
First Resonance,ashby,first-resonance,main
First Round Capital,ashby,firstround,main
First Street,ashby,firststreet,main
Firsthand,ashby,firsthand,main
Fitt Talent Partners,ashby,fitt,main
Fizz,ashby,fizz,main
Flagler Health,ashby,flaglerhealth,main
Flagstone,ashby,flagstone,main
Flai,ashby,flai,main
Flashpoint,ashby,flashpoint.io,main
Fleek,ashby,fleek,main
Fleetline,ashby,fleetline,main
FleetPulse,ashby,fleetpulse,main
FleetWorks,ashby,fleetworks,main
Flex,ashby,withflex,main
Flink Robotics,ashby,flink,main
Flint,ashby,flint,main
Flipper,ashby,flipper,main
Flipturn,ashby,flipturn,main
FloatMe,ashby,floatme,main
Flock,ashby,flock,main
FLORA,ashby,flora,main
"FloSports, Inc.",ashby,flosports,main
Flow Engineering,ashby,flowengineering,main
Flowhub,ashby,flowhub,main
Flox,ashby,flox,main
Fluency,ashby,fluency,main
Fluidstack,ashby,fluidstack,main
FlutterFlow,ashby,flutterflow,main
Flux,ashby,flux,main
Fnatic,ashby,fnatic,main
Focal,ashby,focal,main
Focus,ashby,focus,main
Focused,ashby,focused,main
Foley,ashby,foley,main
Folio,ashby,folio,main
Fonoa,ashby,fonoa,main
Footprint,ashby,footprint,main
Forerunner,ashby,forerunner,main
Foresight Data,ashby,foresight,main
Foresight Health,ashby,foresight-health,main
Foresite Labs (Stealth Co),ashby,foresite-labs-fl2024-006,main
Forma,ashby,forma,main
Formal,ashby,formal,main
Formance,ashby,formance,main
Formenergy,ashby,formenergy,main
Formula,ashby,formula,main
Fortreum,ashby,fortreum,main
Fortuna Health,ashby,fortuna-health,main
Forum Ventures,ashby,forum-ventures,main
Forus,ashby,forus,main
Found,ashby,found,main
Foundation,ashby,foundation,main
Foundation Health,ashby,foundationhealthcareers,main
Foundational,ashby,foundational,main
Founders Factory,ashby,founders-factory,main
Foundry Robotics Inc.,ashby,foundry-robotics,main
Fourier,ashby,fourier,main
Foursquare,ashby,foursquare,main
FourTwoThree,ashby,fourtwothree,main
Foxglove,ashby,foxglove,main
Fractional AI,ashby,fractional-ai,main
"Frec Markets, Inc.",ashby,frec,main
Freckle,ashby,freckle,main
Freed,ashby,freed,main
Freetrade,ashby,freetrade,main
FreeWill,ashby,freewill,main
Freshpaint,ashby,freshpaint,main
Fresno Summit Advisors,ashby,fresnosummit,main
FriendliAI,ashby,friendliai,main
Front,ashby,frontcareers,main
Front Analytics,ashby,frontapp,main
Frontier Audio,ashby,frontier,main
Fruitist,ashby,fruitist,main
FS Studio,ashby,fs-studio,main
ftmo,ashby,ftmo,main
Fuel Cycle,ashby,fuel-cycle,main
Fulcrum,ashby,fulcrum-inc,main
Fulcrum,ashby,fulcrum,main
Fullstory,ashby,fullstory,main
Fundamental,ashby,fundamental,main
Fundamental Research Labs,ashby,fundamentalresearchlabs,main
Funding Circle,ashby,fundingcircle,main
Fundwell,ashby,fundwell,main
FuriosaAI,ashby,furiosa-ai,main
FURTHER,ashby,further,main
FurtherAI,ashby,furtherai,main
Fuse,ashby,fuse,main
Fuser,ashby,fuser,main
Future Works,ashby,futureworks,main
FutureFit AI,ashby,futurefitai,main
FWD People,ashby,fwd-people,main
Fyxer,ashby,fyxer,main
G2,ashby,g2,main
G2i Inc.,ashby,g2i,main
Gadget,ashby,gadget,main
Gaia Family Inc,ashby,gaiafamily,main
Gainsight,ashby,gainsight,main
Gallatin,ashby,gallatin,main
GameChanger,ashby,gamechanger,main
Gamma,ashby,gamma,main
Garage,ashby,garage,main
Garage Door Doctor,ashby,garage-door-doctor,main
Gardens Interactive,ashby,gardens,main
GC AI,ashby,gc-ai,main
Gearset,ashby,gearset,main
Gecko Robotics,ashby,gecko-robotics,main
Gelato,ashby,gelato,main
"GEM Technologies, Inc.",ashby,gem-technologies,main
Gen Digital Inc.,ashby,gen-digital,main
General Context,ashby,general-context,main
General Intuition & Medal,ashby,generalintuition,main
General Medicine,ashby,general-medicine,main
General Robotics,ashby,generalrobotics,main
General Translation,ashby,generaltranslation,main
Generalist,ashby,generalist,main
Generate,ashby,generate,main
Generator Health,ashby,generatorhealth,main
Genesis Molecular AI,ashby,genesis-molecular-ai,main
Genies,ashby,genies,main
Genmo,ashby,genmo,main
Genomics,ashby,genomics,main
GenPeach AI,ashby,genpeach,main
Genspark Inc,ashby,genspark,main
Geoforce,ashby,geoforce,main
Geordie AI,ashby,geordieai,main
GetGround,ashby,getground,main
Ghost,ashby,ghost,main
Giga,ashby,gigaml,main
Gimlet Labs,ashby,gimlet,main
Givebutter,ashby,givebutter,main
Glacier,ashby,glacier,main
Glacis,ashby,glacis-ai,main
Glade,ashby,glade,main
Gladia,ashby,gladia,main
Glia,ashby,glia,main
Glide,ashby,glide,main
Glimpse,ashby,glimpse,main
Glimpse,ashby,glimp-se,main
Global X ETFs,ashby,global-x-etfs,main
Glomopay,ashby,glomo,main
Glow,ashby,glow,main
Go Nimbly,ashby,go-nimbly,main
GoHenry,ashby,gohenry,main
Going,ashby,going,main
GoLinks,ashby,golinks,main
Good Maven,ashby,goodmaven,main
GoodData,ashby,gooddata,main
Goodie AI,ashby,goodie-ai,main
Goodlord,ashby,goodlord,main
GoodParty.org,ashby,goodparty,main
GoodShip,ashby,goodship,main
Goodstack,ashby,goodstack,main
Goody,ashby,goody,main
Gorgias,ashby,gorgias,main
GotPhoto,ashby,gotphoto,main
GovDash,ashby,govdash,main
GovEagle,ashby,goveagle,main
GovSignals,ashby,govsignals,main
GovWell,ashby,govwell,main
GovWorx,ashby,govworx,main
GPTZero,ashby,gptzero,main
GrabAGun,ashby,grabagun,main
Gradera Inc.,ashby,gradera,main
gradient,ashby,gradient,main
Gradient Labs,ashby,gradient-labs,main
GRAI Inc.,ashby,grai,main
Grand Intelligence,ashby,grand,main
Granica,ashby,granica,main
Granola,ashby,granola,main
Granted,ashby,granted,main
Grapevine,ashby,grapevine,main
Graphite,ashby,graphite,main
Graphite,ashby,graphitehq,main
Gratia,ashby,gratia,main
Gravity,ashby,gravityclimate,main
Gravity,ashby,gravity,main
Gravity Sketch,ashby,gravitysketch,main
GrayMatter Robotics,ashby,graymatter-robotics,main
Green Tree School & Services,ashby,green-tree-school-and-services,main
Greenlight,ashby,greenlight,main
GreenLight Workforce Solutions Inc,ashby,greenlight-workforce-solutions,main
GreenLite,ashby,greenlitecareers,main
Grepr,ashby,grepr,main
Greptile,ashby,greptile,main
Grid,ashby,gridverify,main
GridCARE,ashby,gridcare,main
Gridium,ashby,gridium,main
GridUnity,ashby,gridunity,main
Gritt Robotics Inc,ashby,gritt,main
Grotto AI,ashby,grotto,main
Ground News,ashby,groundnews,main
Grow Therapy,ashby,grow-therapy,main
Gruntwork,ashby,gruntwork,main
GT,ashby,gt-hq,main
GT Bio,ashby,gt-bio,main
Guild.ai,ashby,guild,main
Gumloop,ashby,gumloop,main
H Company,ashby,hcompany,main
H3X Technologies,ashby,h3x-technologies,main
Haast,ashby,haast,main
HackerOne,ashby,hackerone,main
Hadrian Automation,ashby,hadrian-automation,main
Halliday,ashby,halliday,main
Halo,ashby,halo-cures,main
HaloBraid,ashby,halobraid,main
Halter,ashby,halter,main
Hamilton AI,ashby,hamilton-ai,main
Hamster,ashby,hamster,main
Handshake,ashby,handshake,main
Handspring,ashby,handspring,main
Hang,ashby,hang,main
Hanover Park,ashby,hanover-park,main
happyhotel,ashby,happyhotel,main
Harmattan AI,ashby,harmattan-ai,main
Harmonic,ashby,harmonic,main
"Harmonic Security, Inc",ashby,harmonic-security-inc,main
Harmony,ashby,harmony,main
Harper,ashby,harperinsure,main
Hartbeat,ashby,hartbeat,main
Harvey,ashby,harvey,main
Hatch,ashby,hatch,main
Hauler Hero Inc.,ashby,hauler-hero,main
Haus Analytics,ashby,haus,main
haven-headache,ashby,haven-headache,main
HavocAI,ashby,havocai,main
Hawk,ashby,hawk,main
Hawk-Eye Innovations (HEI),ashby,hawkeyeinnovations,main
Hayden AI,ashby,haydenai,main
Hayla,ashby,hayla,main
Haystack News,ashby,haystacknews,main
Hazel,ashby,hazel,main
Headstart,ashby,headstart,main
Headway,ashby,headway,main
Health Progress Hub,ashby,healthprogresshub,main
"HealthAxis Group, LLC",ashby,healthaxis,main
HealthLeap,ashby,healthleap,main
HealthMatch,ashby,healthmatch,main
HealthSherpa,ashby,healthsherpa,main
Hebbia AI,ashby,hebbia-ai,main
Hedra,ashby,hedra,main
Heirloom Carbon,ashby,heirloomcarbon,main
Helion,ashby,helion,main
Helius,ashby,helius,main
Heliux Inc.,ashby,heliux,main
Hello Patient,ashby,hellopatient,main
Hellyeah AI,ashby,hellyeah,main
Helm.ai,ashby,helm-ai,main
Help Scout,ashby,helpscout,main
Hera,ashby,hellohera,main
Hercules,ashby,hercules,main
Heritage Holding,ashby,heritage-holding,main
Heron Data,ashby,herondata,main
Heron Power,ashby,heron-power,main
Hex,ashby,hex,main
Hexa,ashby,hexa,main
HeyJobs,ashby,heyjobs,main
HeyMilo,ashby,heymilo,main
HIFI,ashby,hifi,main
Higgsfield,ashby,higgsfieldai,main
Higharc,ashby,higharc,main
Highbeam,ashby,highbeam,main
Highlight AI,ashby,highlightai,main
HighlightTA,ashby,highlightta,main
Hightop Health,ashby,hightop-health,main
Hightouch,ashby,hightouch,main
Hiive,ashby,hiive,main
Hike Medical,ashby,hike-medical,main
Hilbert's AI,ashby,hilberts,main
Hims & Hers,ashby,hims-and-hers,main
Hinge Health,ashby,hinge-health,main
Hinoki Security,ashby,hinoki,main
Hipp Health,ashby,hipp,main
Hire Hangar,ashby,hirehangar,main
hirehire,ashby,hirehire,main
Hiring Pros,ashby,hiring-pros,main
Hive Health,ashby,hivehealth,main
HiveMQ GmbH,ashby,hivemq,main
Hiverge Ltd,ashby,hiverge,main
HiveSmart Consulting,ashby,hivesmart-consulting,main
Hiya,ashby,hiya,main
Hobbes,ashby,hobbes,main
HockeyStack,ashby,hockeystack,main
Homebase,ashby,homebase,main
Homebot,ashby,homebot,main
Homebound,ashby,homebound,main
Homera Health,ashby,homera-health,main
HomeVision,ashby,homevision,main
HoneyBook,ashby,honeybook,main
Honeydew,ashby,honeydew,main
Hook,ashby,hook,main
Hook Music,ashby,hookmusic,main
Hooli,ashby,hooli,main
Hopae,ashby,hopae,main
Hopper,ashby,hopper,main
Horizon Institute for Public Service,ashby,horizon,main
Horizon3 AI,ashby,horizon3ai,main
Hostinger,ashby,hostinger,main
Hotplate,ashby,hotplate,main
Hotspex Media,ashby,hotspexmedia,main
Hoxhunt,ashby,hoxhunt,main
HRS,ashby,hrs,main
HTTPie,ashby,httpie,main
Hubstaff,ashby,hubstaff,main
HUD,ashby,hud,main
Hudson River Trading,ashby,hrt,main
Hudu,ashby,hudu,main
hum.ai,ashby,hum-ai,main
Humaans,ashby,humaans,main
HUMAN,ashby,human,main
Human Archive,ashby,humanarchive,main
Human Computer Lab,ashby,human-computer-lab,main
Humanly,ashby,humanly,main
Humanoid,ashby,humanoid,main
humans&,ashby,humans-and,main
"Humata Health, Inc",ashby,humatahealth,main
Hutora,ashby,hutora,main
HV Capital Manager,ashby,hv,main
Hyde,ashby,hyde,main
Hyperbolic Labs,ashby,hyperbolic,main
Hyperbound,ashby,hyperbound,main
Hypercore Inc.,ashby,hypercore,main
Hypercubic,ashby,hypercubic,main
hyperexponential,ashby,hyperexponential,main
HyperHug,ashby,hyperhug,main
Hyperscale,ashby,hyperscale,main
Hyperscience,ashby,hyperscience,main
Hyperspell,ashby,hyperspell,main
Hypha,ashby,hypha,main
i3D.net,ashby,i3d,main
IA Collaborative,ashby,iacollaborative,main
"Iambic Therapeutics, Inc",ashby,iambic-therapeutics,main
Ibotta,ashby,ibotta,main
ICEYE,ashby,iceye,main
Icon,ashby,icon,main
Ideals,ashby,ideals,main
Ideogram,ashby,ideogram,main
Idler,ashby,idler,main
Ignite Reading,ashby,ignite-reading,main
Ignition,ashby,ignition,main
ILLUIN Technology,ashby,illuin,main
Illumio,ashby,illumio,main
ImagineArt,ashby,imagineart,main
Immersive,ashby,immersivelabs,main
imper.ai,ashby,imper,main
Imprint,ashby,imprint,main
Improbable,ashby,improbable,main
Impulse Labs,ashby,impulse,main
Inato,ashby,inato,main
Incandescent,ashby,incandescent,main
Incard,ashby,incard,main
incident.io,ashby,incident,main
Inclined,ashby,inclined,main
Indent,ashby,indent,main
Inductive Bio,ashby,inductive-bio,main
Industrious,ashby,industrious,main
Ineffable Intelligence,ashby,ineffable,main
Inertia,ashby,inertia,main
Inferact,ashby,inferact,main
Inference,ashby,inference,main
Infinite,ashby,infinite,main
Infinite Machine,ashby,infinite-machine,main
Infinitus Systems,ashby,infinitus,main
Infinity,ashby,infinity-constellation,main
Infisical,ashby,infisical,main
Inflection.io,ashby,inflectionio,main
InfluxData,ashby,influxdata,main
Infracost,ashby,infracost,main
Injective,ashby,injective,main
Injective Labs,ashby,injective-labs,main
Inkeep,ashby,inkeep,main
Innate,ashby,innate,main
Innatera Nanosystems,ashby,innatera,main
Inngest,ashby,inngest,main
Inscribe,ashby,inscribeai,main
insitro,ashby,insitro,main
Inspiration Commerce Group,ashby,inspiration-commerce-group,main
Inspiren,ashby,inspiren,main
Instil Software Ltd,ashby,instil,main
"Instructure, Inc.",ashby,instructure,main
Intellistack,ashby,intellistack,main
Interaction,ashby,interaction,main
Interface,ashby,interface,main
Interplay,ashby,interplay,main
Interra Health,ashby,interrahealth,main
Intology,ashby,intology,main
Intrinsic,ashby,intrinsic,main
Intro,ashby,intro,main
IntusCare,ashby,intus,main
Inversion,ashby,inversion-cap,main
Invert,ashby,invert,main
Investors Heritage,ashby,investorsheritage,main
Inworld,ashby,inworld-ai,main
Iridium Consulting Ltd,ashby,iridiumc,main
Ironclad,ashby,ironcladhq,main
Irreducible,ashby,irreducible,main
Isometric,ashby,isometric,main
iVerify,ashby,iverify,main
Ivo Inc.,ashby,ivo-inc,main
iyo,ashby,iyo,main
Jack & Jill,ashby,jack-jill-external-ats,main
Jameda,ashby,jameda,main
Jampack AI,ashby,jampack-ai,main
Jane,ashby,jane,main
January,ashby,january,main
JBS Dev,ashby,jbs-dev,main
Jellyfish,ashby,jellyfish,main
Jellyfish,ashby,jellyfishcareers,main
Jerry,ashby,jerry.ai,main
Jigsaw Tech,ashby,jigsaw,main
Jinba.io,ashby,carnot-ai,main
Jitter,ashby,jitter,main
Jobber,ashby,jobber,main
Joko,ashby,joko,main
Jordan Digital Marketing,ashby,jordandigitalmarketing,main
Josys,ashby,josys,main
Joyful Health,ashby,joyfulhealth,main
Jua,ashby,jua,main
Judgment Labs,ashby,judgmentlabs,main
Juicebox,ashby,juicebox,main
Julius AI,ashby,julius,main
Jump,ashby,jump,main
Jump,ashby,jump-app,main
Junction,ashby,junction,main
Junior AI,ashby,junior,main
Juniper Square,ashby,junipersquare,main
Juno,ashby,juno,main
JUPUS,ashby,jupus,main
Juro,ashby,juro,main
JustPlay GmbH,ashby,justplay-gmbh,main
k-ID,ashby,k-id,main
KAANNAN & Associates,ashby,kaannan,main
Kafene,ashby,kafene,main
Kairon Health,ashby,kairon-health,main
Kaizen Labs,ashby,kaizenlabs,main
Kale,ashby,kale,main
Kalibri Labs,ashby,kalibri-labs,main
Kallikor,ashby,kallikor,main
Kalshi,ashby,kalshi,main
Kamiwaza AI,ashby,kamiwaza,main
Kastle,ashby,kastle,main
Katana,ashby,katana,main
Katapult Labs,ashby,katapult-labs,main
KAYAK,ashby,kayak,main
Keel,ashby,keel,main
Keep,ashby,keep,main
KeepTruckin,ashby,keeptruckin,main
Kepler,ashby,kepler-ai,main
Kepler,ashby,kepler,main
Keragon Inc,ashby,keragon,main
Kernel,ashby,usekernel,main
Kernel,ashby,kernel,main
Kestra Technologies,ashby,kestra,main
Kevin's Natural Foods,ashby,kevins-natural-foods,main
Keycard Labs,ashby,keycard-labs,main
Keyrock,ashby,keyrock,main
Kiddom,ashby,kiddom,main
Kilo Code,ashby,kilocode,main
Kiloforge,ashby,kiloforge,main
Kin Insurance,ashby,kin,main
Kindred,ashby,kindred,main
Kinetic,ashby,kinetic,main
Kingdom,ashby,kingdom,main
Kins,ashby,kins,main
Kinship,ashby,kinship,main
Kinstead,ashby,kinsteadhealth,main
Kira,ashby,kira,main
Kirin,ashby,kirin,main
Kiso Technology,ashby,kiso-technology,main
Kit,ashby,kit,main
Kittl,ashby,kittl,main
Kiwi Financial Inc,ashby,kiwi,main
Klarity,ashby,klarity-ai,main
Kled AI,ashby,kled-ai,main
Klue,ashby,klue,main
Knock,ashby,knock,main
Knot,ashby,knot,main
Knowledge Road,ashby,knowledge-road,main
Known,ashby,known,main
knownwell,ashby,knownwell,main
Knowtex,ashby,knowtex,main
Knowunity GmbH,ashby,knowunity,main
Knox Systems,ashby,knox-systems,main
Koah,ashby,koahlabs,main
Kodex,ashby,kodex,main
Kognitos,ashby,kognitos,main
Kognity,ashby,kognity,main
KOHO,ashby,koho,main
Kojo,ashby,kojo,main
Kombo,ashby,kombo,main
Kong,ashby,kong,main
Kontakt.io,ashby,kontakt,main
Konvu,ashby,konvu,main
kos.ai,ashby,kos.ai,main
Kota,ashby,kota,main
Kovari,ashby,kovari,main
Kovo,ashby,kovo,main
Koyfin,ashby,koyfin,main
KP Reddy Co.,ashby,kpr,main
Kraken (Analytics Only),ashby,kraken,main
Kraken Kinetics,ashby,kraken-kinetics,main
Krea,ashby,krea,main
Krew,ashby,krew,main
Kueski,ashby,kueski,main
Kunin Technologies,ashby,kunin,main
Kustomer,ashby,kustomer,main
Kyan Health,ashby,kyanhealth,main
KYP Holding B.V.,ashby,kyp,main
Kyra,ashby,kyra,main
LABHOUSE,ashby,labhouse,main
Ladder,ashby,ladder,main
Lambda,ashby,lambda,main
Lanai,ashby,lanai,main
Lance,ashby,lance,main
LanceDB,ashby,lancedb,main
LangChain,ashby,langchain,main
Langdock,ashby,langdock,main
Langfuse,ashby,langfuse,main
LAP Coffee,ashby,lap,main
Lapel,ashby,lapel,main
Lark Health,ashby,lark,main
Lassie,ashby,lassie,main
LAT Aerospace Private,ashby,lat,main
LatamCent,ashby,latamcent,main
LatchBio,ashby,latchbio,main
Latent,ashby,latent,main
Latent Labs,ashby,latentlabs,main
Latitude,ashby,latitude,main
Latitude,ashby,latitude-global,main
LaunchDarkly,ashby,launchdarkly,main
LaunchWell Group,ashby,launchwellgroup,main
Laurel,ashby,laurel,main
Lavendo,ashby,lavendo,main
LawDepot,ashby,lawdepot,main
Lawhive,ashby,lawhive,main
Layer,ashby,layerfi,main
Lazer,ashby,lazer,main
Lead,ashby,leadbank,main
Lead Allies Inc,ashby,lai,main
Lean Layer,ashby,leanlayer,main
Lean TECHniques,ashby,leantechniques,main
LeanData,ashby,leandata,main
LeanScale,ashby,leanscale,main
Leap,ashby,leap,main
Leapsome,ashby,leapsome,main
Learn Ashby (Google Workspace),ashby,learn-ashby,main
Learner,ashby,learner,main
Leavitt Group,ashby,leavitt,main
Ledge,ashby,ledge,main
Ledger,ashby,ledger,main
"Legend Labs, Inc.",ashby,legend-xyz,main
Legion Health,ashby,legionhealth,main
Legora AB,ashby,legora,main
Leland,ashby,leland,main
LemFi,ashby,lemfi,main
lemlist,ashby,lemlist,main
lemon.markets,ashby,lemon-markets,main
lemonade,ashby,lemonade,main
Lendable,ashby,lendable,main
LENS Inc.,ashby,lens,main
Leona Health,ashby,leona,main
"Leopard, Inc.",ashby,leopard,main
Leopards,ashby,leopards,main
Letta,ashby,letta,main
Level,ashby,level,main
Levelpath,ashby,levelpath,main
Leveraged Media,ashby,leveragedmedia,main
Lexroom,ashby,lexroom,main
LG Ad Solutions,ashby,lgads,main
Life Space Digital,ashby,life-space-digital,main
Lifen,ashby,lifen,main
LifeStance Health,ashby,lifestance,main
Lifetime Quality,ashby,lifetime-quality-roofing-storm-restoration,main
Liftoff,ashby,liftoff,main
Light,ashby,light,main
Lightdash,ashby,lightdash,main
Lightfield,ashby,lightfield,main
Lightning Labs,ashby,lightning,main
LightSource,ashby,lightsource,main
Lightspark,ashby,lightspark,main
"Lightspeed Commerce, Inc.",ashby,lightspeedhq,main
LILT,ashby,lilt-corporate,main
LILT (Production),ashby,lilt-production,main
Limbic,ashby,limbic,main
Limble,ashby,limble,main
"Limelight Steel, Inc.",ashby,limelight-steel,main
Linda AI,ashby,linda,main
Lindus,ashby,lindus,main
Linear,ashby,linear,main
Linero,ashby,linero,main
Links Academy,ashby,links-academy,main
Linkup,ashby,linkup,main
LINQ,ashby,linqapp,main
Lio,ashby,lio,main
Liquid,ashby,liquid,main
Liquid AI,ashby,liquid-ai,main
Listen Labs,ashby,listenlabs,main
LiteLLM,ashby,litellm,main
Literati,ashby,literati,main
Litmus,ashby,litmus,main
LIV Golf,ashby,liv-golf,main
Live it Up,ashby,liveitup,main
LiveFlow,ashby,liveflow,main
LiveKit,ashby,livekit,main
livingHR,ashby,livinghr,main
LlamaIndex,ashby,llamaindex,main
LM Studio,ashby,lm-studio,main
Loadshare,ashby,loadshare,main
Loancrate,ashby,loancrate,main
Loft,ashby,loft,main
Logiqal,ashby,logiqal,main
Loki Robotics,ashby,loki,main
Long Lake,ashby,long-lake,main
Longitude Labs,ashby,meridian-ai,main
Loom,ashby,loom,main
Loopio Inc.,ashby,loopio,main
Loot Labs,ashby,loot-labs,main
Lorikeet,ashby,lorikeet,main
Lottie,ashby,lottie,main
Lotus Health AI,ashby,lotushealth,main
Loula,ashby,loula,main
Lovable,ashby,lovable,main
loveholidays,ashby,loveholidays,main
Lovelace AI,ashby,lovelace,main
"LPA, Inc.",ashby,lpadesignstudios,main
LTV,ashby,ltv,main
LucidLink,ashby,lucidlink,main
Lumana,ashby,lumana,main
Lumbra,ashby,lumbra,main
Lumen,ashby,lumen,main
Lumilens,ashby,lumilens,main
Luminai,ashby,luminai,main
Luminary,ashby,luminary,main
Luminovo,ashby,luminovo,main
Lumos,ashby,lumos,main
Lunar,ashby,lunar,main
Lunar Solar Group,ashby,lunar-solar-group,main
Lunon,ashby,Lunon,main
Luxor Technology Corporation,ashby,luxor,main
Lydian,ashby,lydian,main
Lynk,ashby,lynk,main
Lyra Health,ashby,lyrahealth,main
Lyric,ashby,lyric,main
M-KOPA,ashby,m-kopa,main
M13,ashby,m13,main
Mach Industries,ashby,mach,main
Mach9,ashby,mach9,main
Machine Intelligence Research Institute,ashby,miri,main
Macroscope,ashby,macroscope,main
Made Card,ashby,madecard,main
Madhive,ashby,madhive,main
Magentic,ashby,magentic,main
Magic Eden,ashby,magiceden,main
Magic Patterns,ashby,magicpatterns,main
Magical,ashby,magical,main
MagicSchool AI,ashby,magicschool,main
MAI,ashby,mai,main
Maincode,ashby,maincode,main
Mainstay Labs Inc.,ashby,mainstay,main
MaintainX,ashby,maintainx,main
Makai Labs,ashby,makai-labs,main
MakiPeople,ashby,maki,main
Mandolin,ashby,mandolin,main
Mandrel,ashby,mandrel,main
Maneuver Marketing,ashby,maneuver-marketing,main
Mangomint,ashby,mangomint,main
Manifest Law,ashby,manifest-law,main
Manifest OS,ashby,manifest-os,main
Manus AI,ashby,manusai,main
Mapbox,ashby,mapbox,main
Maple,ashby,maple,main
Marble,ashby,marble,main
Marble Health,ashby,marblehealth,main
Marco,ashby,marcohire,main
Mariana Minerals,ashby,marianaminerals,main
Mariner,ashby,mariner-careers,main
Marketing Architects,ashby,markarch,main
Marloo,ashby,marloo,main
Marqeta,ashby,marqeta,main
marshmallow,ashby,marshmallow,main
Marvin Behavioral Health,ashby,meetmarvin,main
Masabi,ashby,masabi,main
Matchnode,ashby,matchnode,main
Material Group,ashby,material,main
Material Security,ashby,materialsecurity,main
Materialize,ashby,materialize,main
MathGPT,ashby,mathgpt,main
Matia,ashby,matia,main
Matic,ashby,maticrobots,main
Matter Intelligence,ashby,matter-intelligence,main
Matter Labs,ashby,matter-labs,main
"Matterworks, Inc.",ashby,matterworks,main
Maven,ashby,maven,main
Maven AGI,ashby,maven-agi,main
Mavericks,ashby,mavericks,main
Maxhome,ashby,maxhome,main
Maxima,ashby,maxima,main
Maxima Consulting,ashby,maxima-consulting,main
"Maximus Health, Inc.",ashby,maximustribe,main
MaxRewards,ashby,maxrewards,main
Maybern,ashby,maybern,main
Maze,ashby,mazedesign,main
Maze,ashby,mazehq,main
MDCalc,ashby,mdcalc,main
Meadow,ashby,meadow,main
MeBe,ashby,mebe,main
Mechanism Ventures,ashby,mechanism-ventures,main
"Mechanize, Inc.",ashby,mechanize,main
Medallion,ashby,medallion,main
Medely,ashby,medely,main
MediCircle,ashby,medicircle,main
"Mednet, Inc.",ashby,mednet,main
Medra,ashby,medraai,main
MedScout,ashby,medscout,main
Megazone Cloud US,ashby,megazone,main
Meliora Academy,ashby,meliora-academy,main
Melius,ashby,melius,main
Melotech,ashby,melotech,main
Mem0,ashby,mem0,main
Memfault,ashby,memfault,main
Memora Health,ashby,memora,main
Mend.io,ashby,mend-io,main
Menlo Security,ashby,menlosecurity,main
Ment,ashby,ment,main
Mento,ashby,mento,main
Meow,ashby,meow,main
Mercator,ashby,mercator,main
Merciv,ashby,merciv,main
Mercor,ashby,mercor,main
Mercura,ashby,mercura,main
Mercury,ashby,mercury,main
Merge,ashby,merge,main
MeridianLink,ashby,meridianlink,main
Meridio,ashby,meridio,main
Meshy LLC,ashby,meshy,main
Metaforms,ashby,metaforms,main
Metal,ashby,metal,main
Metalenz,ashby,metalenz,main
Metaview,ashby,metaview,main
Meter,ashby,meter,main
Method Financial,ashby,method,main
Method Integration Inc.,ashby,method-crm,main
Meticulous,ashby,meticulous,main
Metriport,ashby,metriport,main
"Mia Labs, Inc.",ashby,mia-labs,main
Miaplaza,ashby,miaplaza,main
Middesk,ashby,middesk,main
Midjourney,ashby,midjourney,main
Midnite,ashby,midnite,main
Midstream Health,ashby,midstream,main
Migaku,ashby,migaku,main
MikMak,ashby,mikmak,main
Mimica,ashby,mimica,main
Mind Robotics,ashby,mindrobotics,main
Mindbeam,ashby,mindbeam,main
Minerva,ashby,minerva-ai,main
Mintlify,ashby,mintlify,main
MintMCP,ashby,mintmcp,main
MioDottore,ashby,miodottore,main
Miovision,ashby,miovision,main
Mira Mace,ashby,miramace,main
Mirage,ashby,mirage,main
Mirelo AI,ashby,mirelo,main
Mirendil,ashby,mirendil,main
Miro,ashby,miro,main
Miter,ashby,miter,main
Mithrl,ashby,mithrl,main
Moab,ashby,moab,main
Mobasi,ashby,mobasi,main
Modal,ashby,modal,main
Modelyst,ashby,modelyst,main
Modern Treasury,ashby,moderntreasury,main
ModernFi,ashby,modernfi,main
Modus,ashby,modus,main
MoeGo,ashby,moego,main
Mogul & Co.,ashby,media-mogul,main
molecule.xyz,ashby,molecule,main
Molg,ashby,molg,main
Mollie,ashby,mollie,main
Moment Technology,ashby,moment,main
Momentic,ashby,momentic,main
Mona,ashby,mona,main
Monaco,ashby,monaco,main
Monarch,ashby,monarchcrops,main
Monarch,ashby,monarch-md,main
Monarch Money,ashby,monarchmoney,main
Mondoo,ashby,mondoo,main
Monk,ashby,monk,main
Monogram,ashby,monogram,main
Montauk Capital,ashby,montauk-capital,main
Monte Carlo,ashby,montecarlodata,main
Monterra,ashby,monterra,main
Montu UK,ashby,montu-uk,main
Monumental,ashby,monumental,main
Moon Active,ashby,moonactive,main
Moonlake,ashby,moonlake,main
Moonshot,ashby,moonshot,main
Moonshot AI,ashby,moonshot-ai,main
Moonvalley AI,ashby,moonvalley-ai,main
Morning Consult,ashby,morningconsult,main
Morpho,ashby,morpho,main
Morse Micro,ashby,morse-micro,main
Mosaic,ashby,mosaic,main
Mosey,ashby,mosey,main
Moss,ashby,moss,main
MotherDuck,ashby,motherduck,main
Motorway,ashby,motorway,main
MOXFIVE,ashby,moxfive,main
Moxie,ashby,moxie,main
MSquared,ashby,msquared,main
MUBI,ashby,mubi,main
Mudflap,ashby,mudflap,main
MUI,ashby,mui,main
Multiply,ashby,multiply,main
Multiverse,ashby,multiverse,main
Munich Electrification,ashby,munich-electrification,main
Mural,ashby,mural,main
Mutiny,ashby,mutiny,main
Muun,ashby,muun,main
Mux,ashby,mux,main
MyCase,ashby,mycase,main
MyEdSpace,ashby,myedspacecareers,main
Mysten Labs,ashby,mystenlabs,main
myTomorrows,ashby,mytomorrows,main
N1,ashby,n1,main
n8n,ashby,n8n,main
Nabi,ashby,nabihealth,main
Nabla,ashby,nabla,main
Nabr,ashby,nabr,main
Nabu Casa,ashby,nabucasa,main
Namespace,ashby,namespace,main
Nango,ashby,nango,main
Nanonets,ashby,nanonets,main
Nascent,ashby,nascent,main
Nash,ashby,nash,main
NationGraph,ashby,nationgraph,main
Natter,ashby,natter,main
Nava Benefits,ashby,nava-benefits,main
Navattic,ashby,navattic,main
Navi AI,ashby,navi,main
Ncontracts,ashby,ncontracts,main
NDEAVOUR CONSULTING,ashby,ndeavour,main
Neara,ashby,neara,main
Nebulock,ashby,nebulock,main
Nectar,ashby,nectar-social,main
Need,ashby,need,main
NegotiateAI,ashby,negotiate-ai,main
Neko Health,ashby,neko-health,main
Nell,ashby,nell,main
Nelly Solutions,ashby,nelly,main
Nelo,ashby,nelo,main
Nen,ashby,nen,main
Nen Creative,ashby,nen-creative,main
Neo Financial,ashby,neofinancial,main
Neo.Tax,ashby,neo-tax,main
Neon,ashby,neon,main
Neon Health,ashby,neon-health,main
Neon Redwood,ashby,neonredwood,main
NeoTaste,ashby,neotaste,main
NerdWallet,ashby,nerdwallet,main
Nesso Labs,ashby,nessolabs,main
Nest Health,ashby,nest-health,main
Nest Veterinary,ashby,nestveterinary,main
Nestmed,ashby,nestmed,main
NetBox Labs,ashby,netboxlabs,main
NetEase,ashby,netease,main
NETGEAR,ashby,netgear,main
Nethermind,ashby,nethermind,main
Netic,ashby,netic,main
Netpreme,ashby,netpreme,main
Netwealth,ashby,netwealth,main
Network Right,ashby,networkright,main
Neural Concept,ashby,neuralconcept,main
Neurophos,ashby,neurophos,main
Neuroscale AI,ashby,neuroscale,main
Nevis Wealth,ashby,nevis,main
Nevoya,ashby,nevoya,main
New Culture,ashby,new-culture,main
New Lantern,ashby,newlantern,main
New Story,ashby,new-story,main
New Story Schools (OH),ashby,new-story-schools-oh,main
New Story Schools (PA),ashby,new-story-schools-pa,main
Newform,ashby,newform,main
Newfront,ashby,newfront,main
NewOrbit Space,ashby,neworbit,main
Nextdata,ashby,nextdata,main
NextLink Labs,ashby,nextlinklabs,main
NextPatient,ashby,nextpatient,main
NextRoll,ashby,nextroll,main
Nexus Cognitive Technologies,ashby,nexus-cognitive,main
Nexus Marketing,ashby,nexus-marketing,main
Nexxa.AI,ashby,nexxa,main
Nexxen,ashby,nexxen,main
Niantic Spatial,ashby,niantic-spatial,main
Nidus Technologies,ashby,nidus-technologies,main
Nightfall AI,ashby,nightfall-ai,main
Nira Medical,ashby,niramedical,main
Nirvana Insurance,ashby,nirvana,main
Niural,ashby,niural,main
Niva,ashby,niva,main
Nivoda,ashby,nivoda,main
NODA AI,ashby,noda-ai,main
Noetic Global Corp.,ashby,noetic,main
Noetica,ashby,noetica,main
Noise Labs,ashby,noise-labs,main
Nolla Health,ashby,nollahealth,main
Nomad Labs Inc,ashby,nomad,main
nomic,ashby,nomic,main
Nomos,ashby,nomos,main
Nooks,ashby,nooks,main
nord-security,ashby,nord-security,main
Norm Ai,ashby,norm-ai,main
Norm Law,ashby,normlaw,main
Normal Computing Corporation,ashby,normalcomputing,main
Northslope,ashby,northslope-technologies,main
northwoodspace,ashby,northwoodspace,main
Nory,ashby,nory,main
NORY,ashby,nory-co,main
Nosis Bio,ashby,nosisbio,main
Notabene,ashby,notabene,main
Notable,ashby,notable,main
Notch,ashby,notch,main
Notion,ashby,notion,main
Noto,ashby,noto,main
Nous,ashby,nous,main
Nova Intelligence,ashby,novaintelligence,main
Novel,ashby,novel,main
Novellia,ashby,novellia,main
Novig,ashby,novig,main
Novita AI,ashby,novita-ai,main
Novo,ashby,novo,main
NOX METALS,ashby,nox-metals,main
Noyo,ashby,noyo,main
Nubank,ashby,nubank,main
Nuclear Promise X,ashby,npx,main
Nucleus Genomics,ashby,nucleus,main
Nudge,ashby,nudge,main
Numeral,ashby,numeral,main
Numeric,ashby,numeric,main
NumerixS Quant,ashby,numerixs-quant,main
"Numos AI, inc.",ashby,numosai,main
Nuna,ashby,nuna,main
"Nuon, Inc.",ashby,nuon,main
Nursa,ashby,nursa,main
Nusano,ashby,nusano,main
Nylas,ashby,nylas,main
Oak,ashby,oak,main
Oakland Feather River Camp,ashby,oakland-feather-river-camp,main
Observable Space,ashby,observable-space,main
Obsidian Systems,ashby,obsidiansystems,main
Obviant,ashby,obviant,main
Obvio,ashby,obvio,main
Obvious,ashby,obvious,main
Oceanus Marine Technologies,ashby,oceanus,main
Ocra,ashby,ocra,main
Oden Technologies,ashby,oden-technologies,main
Odin,ashby,odin,main
Odys Aviation,ashby,odys-aviation,main
Odyssey,ashby,odyssey,main
Odyssey,ashby,odysseyml,main
OffDeal,ashby,offdeal,main
Office Hours,ashby,office-hours,main
OKTOBER,ashby,oktoberagency,main
Old Well Labs,ashby,old-well-labs,main
Oligo Space,ashby,oligo,main
OLIX,ashby,olix,main
Olly Olly,ashby,olly-olly,main
Oma Fertility,ashby,omafertility,main
Oma Robotics,ashby,omarobotics,main
Omada.ai,ashby,omadaai,main
Omaze,ashby,omaze,main
Omen,ashby,omen,main
Omi,ashby,omi,main
Omnea,ashby,omnea,main
Omni,ashby,omni,main
Omniscient,ashby,omniscient,main
On Deck,ashby,ondeck,main
On Me Gifting,ashby,onme,main
Ona,ashby,ona,main
One Pass Solutions,ashby,one-pass-solutions,main
Onebrief,ashby,onebrief,main
OneCrew,ashby,onecrew,main
OneHealth Tech Corp,ashby,onehealth,main
Oneleet,ashby,oneleet,main
OnePay,ashby,oneapp,main
OneSchema,ashby,oneschema,main
OnHires,ashby,onhires,main
Onos Health,ashby,onoshealth,main
OnRamp,ashby,onramp,main
Ontic,ashby,ontic,main
Ontologize,ashby,ontologize,main
Onton,ashby,onton,main
Onyx,ashby,onyx,main
Onyx Bio,ashby,onyx-bio,main
OP Labs,ashby,oplabs,main
Opal,ashby,opal-os,main
Opal Security,ashby,opal,main
OpenAI,ashby,openai,main
OpenArt AI,ashby,openart,main
OpenCoreOS,ashby,opencoreos,main
OpenEvidence,ashby,openevidence,main
OpenGov,ashby,opengov,main
OpenHands,ashby,openhands,main
OpenLoop Health,ashby,openloophealth,main
OpenLoop Health Partners,ashby,openlooppartners,main
Openly,ashby,openly,main
OpenObserve Inc.,ashby,openobserve-careers,main
OpenRouter,ashby,openrouter,main
OpenSea,ashby,opensea,main
OpsMill,ashby,opsmill,main
Optimum,ashby,optimum,main
Optro,ashby,optro,main
Opus Medical,ashby,opus-medical,main
Opus Training Inc.,ashby,opus-training,main
OpusClip,ashby,opusclip,main
Orb,ashby,orb,main
Orbit Neuro Co.,ashby,orbit,main
Orbital,ashby,orbital,main
Orbital,ashby,orbitalindustries,main
Orca,ashby,orca,main
Orchard Robotics,ashby,orchard,main
Orchestra Bio,ashby,orchestra-bio,main
Orderful,ashby,orderful,main
Orita,ashby,orita,main
Orum,ashby,orum,main
Oscilar,ashby,oscilar,main
Osmo,ashby,osmo,main
Oso,ashby,oso,main
Ostium Labs,ashby,ostium,main
Oumi,ashby,oumi,main
OurRitual,ashby,ourritual,main
OuterSignal,ashby,outersignal,main
Outmarket AI,ashby,outmarket,main
Outpost,ashby,outpost,main
Outpost Technologies,ashby,outpostnow,main
Output Biosciences,ashby,output,main
Output Inc,ashby,outputinc,main
Outset,ashby,outset,main
Outsmart,ashby,outsmart,main
Outtake,ashby,outtake,main
Overflow,ashby,overflow,main
Overjet,ashby,overjet,main
Overtone,ashby,overtone,main
Overview Corporation,ashby,overview,main
Overview Energy,ashby,overviewenergy,main
Owkin,ashby,owkin,main
Owner.com,ashby,owner,main
Oxeon,ashby,oxeon,main
OXIO Corporation,ashby,oxio,main
OXMAN,ashby,oxman,main
Oxo,ashby,oxo,main
Oyster,ashby,oyster,main
PACE Loan Group,ashby,paceloangroup,main
PactFi,ashby,pactfi,main
Paddle,ashby,paddle,main
Padlet,ashby,padlet,main
"Pair Eyewear, Inc.",ashby,paireyewear,main
Palette Media,ashby,palette-media,main
Palladio AI,ashby,palladio,main
Palmstreet,ashby,palmstreet,main
Pandektes,ashby,pandektes,main
Pangram Labs,ashby,pangramlabs,main
Pano AI,ashby,pano-ai,main
Panoptyc,ashby,panoptyc,main
Panther Life Sciences,ashby,panther-life-sciences,main
Parabola,ashby,parabola-io,main
Paradigm,ashby,myparadigm,main
Paradigm,ashby,paradigmai,main
Paradigm,ashby,paradigm,main
Paradigm Health,ashby,paradigm-health,main
Paradox,ashby,paradox,main
Parafin,ashby,parafin,main
Paraform,ashby,paraform,main
Paragon,ashby,paragon,main
Parallel Bio,ashby,parallel-bio,main
"Parallel Fluidics, Inc.",ashby,parallel-fluidics,main
Parallel Web Systems,ashby,parallel,main
Pareto.AI,ashby,pareto-ai,main
Parity,ashby,parity,main
Pariveda,ashby,pariveda,main
Parkade,ashby,parkade,main
Parker Group Inc,ashby,parker,main
Parspec,ashby,parspec,main
Partiful,ashby,partiful,main
PartsBase Inc.,ashby,partsbase,main
Passage,ashby,passage,main
Passes,ashby,passes,main
Passport,ashby,passport,main
Passthrough,ashby,passthrough,main
Patch,ashby,patch.io,main
Pathwork,ashby,pathwork,main
"Patlytics, Inc.",ashby,patlytics,main
Patreon,ashby,patreon,main
Pave (Lever),ashby,pave,main
Pave Bank,ashby,pavebank,main
Pawp,ashby,pawp,main
Paxos,ashby,paxos,main
Paxos Labs,ashby,paxoslabs,main
Payabli,ashby,payabli,main
Payrails GmbH,ashby,payrails,main
Payscale,ashby,payscale,main
PayZen,ashby,payzen-inc,main
PCH Digital LLC,ashby,pch-digital,main
PeakMetrics,ashby,peakmetrics,main
Pear VC,ashby,pear-vc,main
Pearl,ashby,pearl,main
Pearl Health,ashby,pearlhealth,main
Pearly,ashby,pearlyplan,main
Pearmill,ashby,pearmill,main
Pearpop,ashby,pearpop,main
Pebl,ashby,pebl,main
Peec AI,ashby,peec,main
Peek,ashby,peek,main
Pennylane SAS,ashby,pennylane,main
Pensive,ashby,pensive,main
People Culture Talent,ashby,people-culture-talent,main
People Data Labs,ashby,people-data-labs,main
PeopleLoop,ashby,peopleloop,main
Percepta,ashby,percepta,main
Perchwell,ashby,perchwell,main
Percona,ashby,percona,main
Perfect Venue,ashby,perfect-venue,main
Perfectly,ashby,perfectly,main
Pergolux,ashby,pergolux,main
Periodic Labs,ashby,periodic-labs,main
Perk,ashby,perk,main
PermitFlow,ashby,permitflow,main
Permutive,ashby,permutive,main
Perplexity,ashby,perplexity,main
"Perry Weather, Inc.",ashby,perryweather,main
Persona,ashby,persona,main
Pesto,ashby,pesto,main
Petra Labs,ashby,petra-labs,main
Phantom,ashby,phantom,main
Pharos,ashby,pharos,main
Pharsalus Capital,ashby,pharsalus,main
Phia,ashby,phia,main
PHIL,ashby,phil,main
Phoenix,ashby,phoenix,main
Phonely,ashby,phonely,main
Phonic,ashby,phonic,main
Photoroom,ashby,photoroom,main
Phylax Systems,ashby,phylax,main
"Phylo, Inc.",ashby,phylo,main
Physical Intelligence,ashby,physicalintelligence,main
Physical Superintelligence,ashby,psi,main
PickNik Inc.,ashby,picknik,main
Picogrid,ashby,picogrid,main
Pika,ashby,pika,main
Pilgrim,ashby,pilgrim,main
Pilot Fiber,ashby,pilot-fiber,main
pineapple,ashby,pineapple,main
Pinecone,ashby,pinecone,main
Pinnacle,ashby,heypinnacle,main
Pioneer,ashby,pioneer,main
Pirros,ashby,pirros,main
Pivot,ashby,pivot,main
Pivot Robotics,ashby,pivotrobotics,main
Pivotal Health,ashby,pivotal-health,main
Pixaera,ashby,pixaera,main
Plaid,ashby,plaid,main
Plain,ashby,plain,main
"Plane Software, Inc.",ashby,plane,main
Planera,ashby,planera,main
Planet,ashby,planet,main
Planhat,ashby,planhat,main
Planteria Group,ashby,planteria,main
Plasma,ashby,plasma,main
Plasmidsaurus,ashby,plasmidsaurus,main
Platformed,ashby,platformed,main
Plaud,ashby,plaud,main
Playbook,ashby,playbook,main
"PlayerZero, Inc.",ashby,playerzero,main
Playground,ashby,playground,main
Playlab,ashby,playlab,main
Playson,ashby,playson,main
Pleo,ashby,pleo,main
Pliant,ashby,pliant,main
Plinth,ashby,plinth,main
Plot Pointe,ashby,plot-pointe,main
"Plot Technologies, Inc.",ashby,plot,main
Plotly,ashby,plotly,main
Plumerai,ashby,plumerai,main
Plural,ashby,pluralfinance,main
Pluralis Research,ashby,pluralis-research,main
Pluto Health,ashby,pluto-health,main
Pocket Prep,ashby,pocketprep,main
Podium,ashby,podium,main
Podium Automation,ashby,podium-automation,main
Poesis,ashby,poesis,main
Poetic,ashby,poetic,main
Poetiq,ashby,poetiq,main
Point,ashby,point,main
Point One Navigation Inc,ashby,point-one-navigation,main
PointFive,ashby,pointfive,main
PointOne,ashby,pointone,main
Pointr,ashby,pointr,main
Polar Analytics,ashby,polaranalytics,main
Polarsteps,ashby,polarsteps,main
Polly,ashby,polly,main
Polygon Labs,ashby,polygon-labs,main
Polymarket,ashby,polymarket,main
Polymath,ashby,polymath,main
Polène Paris,ashby,polene-paris,main
Poolside,ashby,poolside,main
Poolside Infrastructure Company,ashby,pic,main
Popl Co,ashby,popl,main
Poseidon Aerospace,ashby,poseidonaero,main
Posh,ashby,posh,main
Posh,ashby,posh-ai,main
Poshmark,ashby,poshmark,main
Positive Development,ashby,positive-development,main
Post.,ashby,post,main
Posthog,ashby,posthog,main
PowerLattice Technologies Inc,ashby,powerlattice,main
Powerline,ashby,powerline,main
pplwise,ashby,pplwise,main
Praecipio Consulting,ashby,praecipio,main
Pragmatike,ashby,pragmatike,main
"PrairieLearn, Inc.",ashby,prairielearn,main
Pravāh,ashby,pravah,main
praxipal,ashby,praxipal,main
"Precharm, LLC",ashby,precharm,main
Prefect,ashby,prefect,main
Preference Model,ashby,preference-model,main
Prelim,ashby,prelim,main
Prelude,ashby,prelude,main
Preply,ashby,preply,main
Preql AI,ashby,preql,main
Prevail Fund,ashby,prevail-fund,main
Primary,ashby,primary,main
Prime Intellect,ashby,primeintellect,main
Primer,ashby,primer,main
Prior Labs,ashby,prior-labs,main
Probably Genetic,ashby,probablygenetic,main
Probook,ashby,probook,main
"ProCure, LLC",ashby,procure,main
Procurement Sciences,ashby,procurementsciences,main
Prodigy Education,ashby,prodigy-education,main
Product Hunt,ashby,producthunt,main
ProductNow,ashby,product-now,main
ProductWind,ashby,productwind,main
Profound,ashby,profound,main
Project Expedition,ashby,project-expedition,main
Project44,ashby,project44,main
Prokeep,ashby,prokeep,main
prometheus,ashby,prometheus,main
Promise,ashby,promise,main
Promise Studios,ashby,promise-studios,main
Prompt,ashby,prompt,main
Propel,ashby,propel,main
Propelus,ashby,propelus,main
Prophecy Gov,ashby,prophecygov,main
Prophet Security,ashby,prophet-security,main
ProRata.ai,ashby,prorata,main
Prose,ashby,prose,main
Prosper AI,ashby,prosper-ai,main
Prospyr,ashby,prospyr,main
Protege,ashby,protege,main
Protegrity,ashby,protegrity,main
Protocol Behavioral Health,ashby,protocol-cares,main
Protocol Labs,ashby,protocol,main
Provable,ashby,provable,main
Prox,ashby,prox,main
Proxima,ashby,proximaai,main
Proxima,ashby,proxima,main
Proxima Fusion,ashby,proxima-fusion,main
Proximal,ashby,proximal,main
Pryzm,ashby,pryzm,main
Pulley,ashby,withpulley,main
Pulse,ashby,pulse,main
Punchh,ashby,punchh,main
Pure,ashby,pure,main
PureStorage,ashby,purestorage,main
Pursuit,ashby,pursuit,main
Puzzle Consulting Services,ashby,puzzle-consulting-services,main
Pylon,ashby,pylon,main
Pylon,ashby,pylon-labs,main
Pytho AI,ashby,pytho-ai,main
QA Wolf,ashby,qawolf,main
QED.ai,ashby,qed-ai,main
Quadrivia,ashby,quadrivia,main
Qualified,ashby,qualified,main
Qualified Health PBC,ashby,qualified-health-pbc,main
Qualitate,ashby,qualitate,main
Qualtrics,ashby,qualtrics,main
Qualytics,ashby,qualytics,main
Quanta,ashby,quanta,main
QuantAQ,ashby,quant-aq,main
Quantcast,ashby,quantcast,main
Quantexa,ashby,quantexa,main
Quantstamp,ashby,quantstamp,main
Quantum,ashby,quantum,main
QuantWare,ashby,quantware,main
Quarks,ashby,quarks-tech,main
Quartermaster,ashby,quartermaster,main
Quicknode,ashby,quicknode,main
Quilter,ashby,quilter,main
Quindar,ashby,quindar,main
Quintess AI,ashby,quintess-ai,main
Quora,ashby,quora,main
Quorum,ashby,quorum,main
QuoteWell,ashby,quotewell,main
Qwilr,ashby,qwilr,main
"R37 Lab, R1 RCM",ashby,phare-r1-r37,main
Rad AI,ashby,radai,main
RAD Amplify,ashby,rad-intel,main
Radar,ashby,radar,main
Radiant,ashby,radiant,main
Radiant Industries,ashby,radiant-industries,main
"RadiantGraph, Inc",ashby,radiantgraph,main
Radical Numerics,ashby,radical-numerics,main
Raft,ashby,raft,main
Raiku,ashby,raiku,main
Railway,ashby,railway,main
Rain,ashby,rain,main
Rain Technologies Inc.,ashby,rain-technologies,main
Rainfall Health,ashby,rainfallhealth,main
Rainforest,ashby,rainforest-pay,main
Ramp,ashby,ramp,main
Range,ashby,range,main
RapDev,ashby,rapdev,main
Raptive,ashby,raptive,main
Rare Candy,ashby,rarecandy,main
Rasa,ashby,rasa,main
Raspberry AI,ashby,raspberry,main
Ravenna,ashby,ravenna,main
Ravio,ashby,ravio,main
Raycast,ashby,raycast,main
Raylu AI,ashby,raylu-ai,main
Reach Security,ashby,reach,main
Reacher,ashby,reacher,main
"Read AI, Inc.",ashby,read-ai,main
ReadMe,ashby,readme,main
Ready,ashby,ready,main
Reaktor,ashby,reaktor,main
Real,ashby,real,main
Reality Defender,ashby,realitydefender,main
Realm,ashby,realmalliance,main
Rebar,ashby,rebar,main
Rebecca School,ashby,rebecca-school,main
Rebel Space Technologies,ashby,rebel-space-technologies,main
"Rebuy, Inc.",ashby,rebuy,main
Rec Technologies,ashby,rec,main
Recall,ashby,recall,main
Receptive,ashby,receptive,main
Recharge,ashby,recharge,main
Recraft,ashby,recraft,main
Recruiting School,ashby,recruitingschool,main
Recurrency,ashby,recurrency,main
Red 6,ashby,red6,main
Red Metals,ashby,redmetals,main
Red Oak,ashby,red-oak,main
Reddit,ashby,reddit,main
Redgate,ashby,red-gate,main
Redis,ashby,redis,main
Reducto,ashby,reducto,main
Reedsy,ashby,reedsy,main
Reevo,ashby,reevo,main
Reflect Orbital,ashby,reflect-orbital,main
Reflection,ashby,reflectionai,main
Reflex Robotics,ashby,reflexrobotics,main
Reflow,ashby,reflow,main
Reframe Systems,ashby,reframesystems,main
Regard,ashby,regard,main
REGENT,ashby,regent,main
Rehire,ashby,rehire,main
"Reimagine Robotics, Inc.",ashby,r2,main
Reindeer,ashby,reindeer-ai,main
"Reinforce Labs, Inc.",ashby,reinforce-labs-inc,main
Reka,ashby,reka,main
Reklame Health,ashby,reklamehealth,main
Reku,ashby,reku,main
Relace,ashby,relace,main
relationrx,ashby,relationrx,main
Relay,ashby,relayfi,main
Relay,ashby,relayprotocol,main
Relay Technologies,ashby,relay,main
Relevance AI,ashby,relevanceai,main
Reliable Robotics Corporation,ashby,reliable-robotics,main
"Remarcable, Inc.",ashby,remarcable-inc,main
Remedy Robotics,ashby,remedyrobotics,main
Remilia Corporation,ashby,remilia,main
Remo Health,ashby,remo,main
Render,ashby,render,main
Rennscot MFG,ashby,rennscotmfg,main
Renterra,ashby,renterra,main
Renuity,ashby,renuity,main
Reonic,ashby,reonic,main
Replicant,ashby,replicant,main
Replimune,ashby,replimune,main
Replit,ashby,replit,main
Replo,ashby,replo,main
RepRally,ashby,reprally,main
Reprise,ashby,reprise,main
Rerun,ashby,rerun,main
Rescale,ashby,rescale,main
Resend,ashby,resend,main
Reserve,ashby,reserve,main
Reservoir,ashby,reservoir,main
Reset,ashby,reset,main
Reson8,ashby,reson8,main
ResQ,ashby,resq,main
Restate,ashby,restate,main
Restream,ashby,restream,main
Reteam,ashby,reteam,main
Retell AI,ashby,retell-ai,main
Rev,ashby,rev,main
Reve,ashby,reve,main
Revenue Vessel,ashby,revenuevessel,main
RevenueBase Inc,ashby,revenuebase-inc,main
RevenueCat,ashby,revenuecat,main
Revic,ashby,revic,main
Revin,ashby,revin,main
Revinate,ashby,revinate,main
Revise Robotics,ashby,reviserobotics,main
Revive,ashby,revive,main
Revv,ashby,revv-hq,main
Rewind,ashby,rewind,main
Rho,ashby,rho,main
Rhoda AI,ashby,rhoda-ai,main
Rhythms,ashby,rhythms,main
Ribbon AI,ashby,ribbon-ai,main
Riff,ashby,riff,main
Rightfoot,ashby,rightfoot,main
Rilla,ashby,rilla,main
Rillet,ashby,rillet,main
Rime Labs,ashby,rime,main
RiseGuide,ashby,riseguide,main
Risk Labs,ashby,risklabs,main
River,ashby,river,main
River Rock Academy,ashby,river-rock-academy,main
Rivermont Schools,ashby,rivermont-schools,main
Riveron,ashby,riveron,main
Rivet Industries,ashby,rivet,main
Rivian and Volkswagen Group Technologies,ashby,rivianvw.tech,main
Roadrunner,ashby,roadrunner,main
Roam,ashby,tryroam,main
RobCo,ashby,robco,main
Robin Radar,ashby,robin-radar,main
Roboflow,ashby,roboflow,main
Rocket Science Group,ashby,rocketsciencegg,main
Roger Healthcare,ashby,rogerhealthcare,main
Rogo,ashby,rogo,main
Rohlik,ashby,rohlik,main
Rollstack,ashby,rollstack,main
roobet,ashby,roobet,main
Root Access,ashby,root-access,main
Roots AI,ashby,roots-automation,main
Rothy's,ashby,rothys,main
Routefusion,ashby,routefusion,main
Rowan Digital Infrastructure,ashby,rowan,main
Rox Data Corp,ashby,rox-data-corp,main
Rubie,ashby,rubie,main
Rula,ashby,rula,main
Runa,ashby,runa,main
Rundoo,ashby,rundoo,main
Rune Technologies,ashby,runetech,main
Runlayer,ashby,runlayer,main
Runna,ashby,runna,main
RunSybil,ashby,runsybil-jobs,main
Runway,ashby,runway-ml,main
Runway Financial,ashby,runway,main
Rutter,ashby,rutter,main
"Rwazi, Inc.",ashby,rwazi,main
Rythm Health,ashby,rythm,main
Ryvn,ashby,ryvn,main
Sabi,ashby,sabi,main
Sable,ashby,sable,main
Safe Software,ashby,safe,main
SafeLease,ashby,safelease,main
Safety Cybersecurity,ashby,safety,main
SafetyKit,ashby,safetykit,main
Safi,ashby,safi,main
Sage Alliance Schools,ashby,sage-alliance-schools,main
Sage Care Inc,ashby,sagecare,main
Sahara,ashby,sahara,main
Sailor Health,ashby,sailorhealth,main
Sailpeak,ashby,sailpeak,main
Sainapse,ashby,sainapse,main
SalesAPE.ai,ashby,salesape-ai,main
SalesJack,ashby,salesjack,main
SalesLoft,ashby,salesloft,main
SalesPatriot,ashby,salespatriot,main
Salient,ashby,salient,main
Salonkee,ashby,salonkee,main
Saltz Marketplace,ashby,saltz,main
Samsung Next,ashby,samsungnext,main
San Francisco Tensor Company,ashby,sf-tensor,main
Sana,ashby,sana-roles,main
Sanctuary,ashby,sanctuary,main
Sandbar,ashby,sandbar,main
SandboxAQ,ashby,sandboxaq,main
Sandstone,ashby,sandstone,main
Sanity,ashby,sanity,main
Sapien,ashby,sapien,main
Sardine,ashby,sardine,main
Saris AI,ashby,saris-ai,main
Saronic Technologies,ashby,saronic,main
Saturn,ashby,saturn,main
Savvy Wealth,ashby,savvy,main
SavvyMoney,ashby,savvymoney,main
Sazabi,ashby,sazabi,main
"Scale to Win, Inc",ashby,scale-to-win-inc,main
Scaled Cognition,ashby,scaled-cognition,main
ScaleMath,ashby,scalemath,main
Scaler,ashby,scaler,main
Scan.com,ashby,scan-com,main
Scarlet,ashby,scarlet,main
Scholarly,ashby,scholarly,main
Schoolhouse,ashby,schoolhouse-world,main
Scientech Research LLC,ashby,scientech-research,main
Sciforium,ashby,sciforium,main
ScorePlay,ashby,scoreplay,main
Scout,ashby,scout,main
Screenverse,ashby,screenverse,main
"Scribd, Inc.",ashby,scribdinc,main
Scribe,ashby,scribe,main
Scrollmark,ashby,scrollmark,main
Scrunch,ashby,scrunch,main
SE3 Labs,ashby,se3,main
Sea12 Technologies,ashby,sea12,main
Sealed,ashby,sealed,main
Seamflow,ashby,seamflow,main
Searchable,ashby,searchable,main
SearchStax,ashby,searchstax,main
Seccl,ashby,seccl,main
Secfix,ashby,secfix,main
Second Dinner,ashby,seconddinner,main
Second Front Systems,ashby,second-front-systems,main
Second Nature,ashby,second-nature,main
SecureBio,ashby,securebio,main
Seekeasy,ashby,seekeasy,main
Sei Development Foundation,ashby,seifoundation,main
Sei Labs,ashby,sei-labs,main
Sekai,ashby,sekai,main
Sellfire,ashby,sellfire,main
Semgrep,ashby,semgrep,main
Semperis,ashby,semperis,main
Seneca,ashby,seneca,main
Sensmore,ashby,sensmore,main
Sensor Tower,ashby,sensor-tower,main
Sensorfact,ashby,sensorfact,main
"Sent, Inc.",ashby,sent,main
SentiLink,ashby,sentilink,main
Sentra,ashby,sentra,main
Sentry,ashby,sentry,main
Seon,ashby,seon,main
Sequence,ashby,sequence,main
Sequoia,ashby,sequoia,main
Sereact,ashby,sereact,main
Serval,ashby,serval,main
Serve Robotics,ashby,serverobotics,main
Served With Honor,ashby,servedwithhonor,main
Sesame,ashby,sesame,main
Sevaro,ashby,sevaro,main
Sevaro - Physician/Clinical Roles,ashby,brunswick,main
Seven AI,ashby,sevenai,main
SewerAI Corporation,ashby,sewer-ai,main
SFG20,ashby,sfg20,main
SGNL.ai,ashby,sgnlai,main
Shade.inc,ashby,shade-inc,main
Shapes,ashby,shapes,main
Share,ashby,share,main
Shasqi,ashby,shasqi,main
Sheer Health,ashby,sheerhealth,main
Shepherd,ashby,shepherd,main
sherpa°,ashby,joinsherpa,main
Shift,ashby,shift,main
ShiftKey,ashby,shiftkey,main
Shiftsmart,ashby,shiftsmart,main
Short Story,ashby,shortstory,main
Sidekick,ashby,sidekick,main
Siena AI,ashby,siena,main
Sierra,ashby,sierra,main
Sierra Studio,ashby,sierra-studio,main
Sieve,ashby,sieve,main
SIFFLET,ashby,sifflet,main
Sift,ashby,sift,main
"Sift Stack, Inc.",ashby,siftstack,main
SiftScience,ashby,siftscience,main
Siftwell Analytics,ashby,siftwell-analytics,main
Sigma Prime,ashby,sigp,main
Signal AI,ashby,signal-ai,main
SignalFire,ashby,signalfire,main
"SignalWire, Inc",ashby,signalwire,main
SigNoz,ashby,signoz,main
Silktide,ashby,silktide,main
Silna Health,ashby,silnahealth.com,main
Silver.dev,ashby,silver,main
Sim,ashby,sim,main
Simile,ashby,simile,main
Simon AI,ashby,simondata,main
Simon Lever,ashby,simon-lever,main
Simple AI,ashby,simple-ai,main
SimpleClosure,ashby,simpleclosure,main
Simplify,ashby,simplify,main
SimSpace Corporation,ashby,simspace-corporation,main
Simular,ashby,simular,main
Singular,ashby,singular,main
Singulate,ashby,singulate,main
SIO Logistics,ashby,sio-logistics,main
Sirius,ashby,thesirius,main
Siro,ashby,siro,main
Sisu,ashby,sisu,main
Sitemate,ashby,sitemate,main
SiteMinder,ashby,siteminder,main
Skalar,ashby,skalar,main
SKELAR,ashby,skelar,main
Skilljar,ashby,skilljar,main
Skimmer,ashby,skimmer,main
Skip,ashby,skip,main
Skip Loans,ashby,skip-loans,main
skipup,ashby,skipup,main
Sky Mavis,ashby,skymavis,main
Skydio,ashby,skydio,main
Skydropx - Frenet,ashby,skydropx,main
SkyLink,ashby,skylink,main
Skylo Technologies,ashby,skylo,main
SkyNRG,ashby,skynrg,main
Skyscanner,ashby,skyscanner,main
SkyWatch,ashby,skywatch,main
Slant,ashby,slant,main
Slash Financial,ashby,slash-financial,main
Slate,ashby,slate,main
Sleeper,ashby,sleeper,main
Slingshot AI,ashby,slingshotai,main
Slope,ashby,slope,main
Small Door Veterinary,ashby,small-door-veterinary,main
Smallest,ashby,smallest,main
smallpdf,ashby,smallpdf,main
Smalls,ashby,smalls,main
Smallstep,ashby,smallstep,main
Smarkets,ashby,smarkets,main
Smartleaf,ashby,smartleaf,main
Smith Engineering,ashby,smith-engineering,main
Snackpass,ashby,snackpass,main
Snapdocs,ashby,snapdocs,main
Snappy,ashby,snappy,main
Snowball,ashby,snowball,main
Snowflake,ashby,snowflake,main
Snyk,ashby,snyk,main
Sobek AI,ashby,sobek-ai,main
Social News Desk,ashby,snd,main
Socket,ashby,socket,main
Socotra,ashby,socotra,main
Socure,ashby,socure,main
Sofar Ocean,ashby,sofarocean,main
Sola,ashby,sola,main
Sola Insurance,ashby,sola-insurance,main
Solace,ashby,solace,main
Solana Labs,ashby,solanalabs,main
Solcoa Industries,ashby,solcoa,main
Solidgate,ashby,solidgate,main
Solidroad,ashby,solidroad,main
Solink,ashby,solink,main
Solstice,ashby,solstice,main
Solva Technology,ashby,solva,main
Solvd,ashby,solvd,main
Solve Intelligence,ashby,solveintelligence,main
Somethings,ashby,somethings,main
Somnia,ashby,somnia,main
Sona,ashby,sona,main
Sonar,ashby,sonar-us,main
SonderMind,ashby,sondermind,main
Sonio,ashby,sonio,main
Sorare,ashby,sorare,main
Sorcerer,ashby,sorcerer,main
SoSafe,ashby,sosafe,main
Source Multiplier,ashby,source-multiplier,main
Sourgum,ashby,sourgum,main
South Geeks,ashby,southgeeks,main
Spacecurve,ashby,spacecurve,main
Spacial AI,ashby,spacial,main
SPAICE,ashby,spaice-tech,main
SPAN,ashby,span,main
Spara,ashby,spara,main
Sparrow,ashby,sparrow,main
Sparta,ashby,sparta-commodities,main
Speak,ashby,speak,main
Speakeasy,ashby,speakeasy,main
Spear AI,ashby,spear-ai,main
Spear Bio,ashby,spearbio,main
Speckle,ashby,speckle,main
Specter,ashby,specter,main
Spector.ai,ashby,spector-ai,main
Spekit,ashby,spekit,main
Spellbrush,ashby,spellbrush,main
spendesk,ashby,spendesk,main
Spexi,ashby,spexi,main
"Sphere, Inc.",ashby,sphere,main
Spherical,ashby,spherical,main
Sphinx,ashby,sphinx,main
Spike Labs,ashby,spikelabs,main
Spiral,ashby,spiral,main
Splitwise,ashby,splitwise,main
Spotlight Media,ashby,spotlight,main
SpotOn,ashby,spoton,main
Spreetail,ashby,spreetail,main
Sprig,ashby,sprig,main
Sprinter Health,ashby,sprinter-health,main
Spruce,ashby,spruce,main
"Spruce Systems, Inc.",ashby,spruceid,main
Squad,ashby,squadai,main
Squads,ashby,squads,main
Squint,ashby,squint.ai,main
Stable,ashby,stable,main
StackAI,ashby,stack-ai,main
StackedSP,ashby,stackedsp,main
Stacker,ashby,stacker,main
StackOne,ashby,stackone,main
Stacks,ashby,stacks,main
Stainless,ashby,stainlessapi,main
Stand,ashby,stand,main
Stand Insurance,ashby,standinsurance,main
Standard Bots,ashby,standardbots,main
Standard Fleet,ashby,standardfleet,main
Standard Subsea,ashby,standardsubsea,main
Standard Template Labs,ashby,st-labs,main
Starbridge,ashby,starbridge,main
Starfish Space Inc.,ashby,starfish-space-inc,main
Starknet Foundation,ashby,starknetfoundation,main
Starpath Robotics,ashby,starpath.space,main
Stash,ashby,stash,main
Statewide,ashby,statewide,main
Statista,ashby,statista,main
Stay AI,ashby,stayai,main
Stay22,ashby,stay22,main
Steadily,ashby,steadily,main
Stealth HC,ashby,stealthhc,main
Stealth HealthTech Startup,ashby,stealth-healthtech-startup,main
Stealth-mode Battery Startup,ashby,company,main
Stedi,ashby,stedi,main
Steel,ashby,steel,main
Stellar Development Foundation,ashby,stellar,main
Stellar Entertainment Software Ltd,ashby,stellarentertainment,main
Stellar Health,ashby,stellar-health,main
Stellic,ashby,stellic,main
Stensul,ashby,stensul,main
Stepful,ashby,stepful,main
Sticker Mule,ashby,stickermule,main
Stigg,ashby,stigg,main
Still Bright,ashby,stillbright,main
STNDRD,ashby,stndrd,main
Stork Labs,ashby,stork,main
Stout,ashby,stout,main
Strada,ashby,stradahq,main
Straia,ashby,straia,main
"Strala Group, Inc.",ashby,strala-ai,main
Strange Loop Labs,ashby,strange-loop-labs,main
Strategic Growth Partners,ashby,strategic-growth-partners,main
Strava,ashby,strava,main
Stream,ashby,stream,main
Street Group,ashby,streetgroup,main
Strella,ashby,strella,main
Strider Technologies,ashby,strider-technologies,main
StrongDM,ashby,strongdm,main
Stronghold,ashby,stronghold,main
"Studson, Inc.",ashby,studson,main
Stuut,ashby,stuut-ai,main
Stweart Firm,ashby,jaxs,main
Stytch,ashby,stytch,main
Sublime Security,ashby,sublime-security,main
Subsets,ashby,subsets,main
Subspace,ashby,subspace,main
Substack,ashby,substack,main
Substrate,ashby,substrate,main
Subzero Labs,ashby,subzero,main
Succinct,ashby,succinct,main
Suite Studios,ashby,suite-studios,main
Summation,ashby,summation,main
Summer Health,ashby,summerhealth,main
Sunday Robotics,ashby,sunday,main
Sunflower Sober,ashby,sunflower-sober,main
SunnyData,ashby,sunnydata,main
Suno,ashby,suno,main
Sunrise Robotics Corporation,ashby,sunrise,main
Sunset,ashby,sunset,main
Supabase,ashby,supabase,main
supercell,ashby,supercell,main
Superconductor,ashby,superconductor,main
SuperDial,ashby,superdial,main
Superhuman,ashby,superhuman,main
Superpower,ashby,superpower,main
Surfshark,ashby,surfshark,main
Surgical Data Science Collective,ashby,sdsc,main
Surgimate,ashby,surgimate,main
SurveyMonkey,ashby,surveymonkey,main
Susteon Inc.,ashby,susteon,main
Suzy,ashby,suzy,main
Svix,ashby,svix,main
swan,ashby,swan,main
Swans,ashby,swans,main
Swap,ashby,swap,main
Swarm Aero,ashby,swarmaero,main
Swarmer,ashby,swarmer,main
Swarmia,ashby,swarmia,main
Sweatpals,ashby,sweatpals,main
Sweep,ashby,sweep,main
Switchboard,ashby,switchboard,main
Swoop Technologies,ashby,swoop,main
Sxaler,ashby,sxaler,main
Sybill AI,ashby,sybill-ai,main
Sydecar,ashby,sydecar,main
Sygaldry Technologies,ashby,sygaldry-technologies,main
Sylvera,ashby,sylvera,main
Symbiotic,ashby,symbiotic,main
Symmetry AI,ashby,symmetry,main
Synctera,ashby,synctera,main
Syndica,ashby,syndica,main
Synquery,ashby,synquery,main
Synthesia,ashby,synthesia,main
Synthetic,ashby,synthetic,main
Synthflow AI,ashby,synthflow,main
Syro,ashby,syro,main
T1 Energy,ashby,t1energy,main
Taara,ashby,taaraconnect,main
Tabs,ashby,tabs,main
Tabz,ashby,tabz,main
Tacit,ashby,tacit,main
Tactiq,ashby,tactiq,main
Tacto,ashby,tacto,main
Taekus,ashby,taekus,main
Tailor,ashby,tailor,main
Tailwind,ashby,tailwind,main
Take2,ashby,take2,main
Tako,ashby,tako,main
Taktile,ashby,taktile,main
Talent Safari,ashby,talentsafari,main
Talentful,ashby,talentful,main
Talkdesk,ashby,talkdesk,main
Talkiatry,ashby,talkiatry,main
Talos,ashby,talos-trading,main
Tamarind Bio,ashby,tamarindbio,main
Tamr,ashby,tamr,main
Tandem Health,ashby,tandem-health,main
Tandem PV,ashby,tandempv,main
Tango,ashby,tango,main
TapBlaze,ashby,tapblaze,main
Tapcart Inc.,ashby,tapcart,main
Tapcheck,ashby,tapcheck,main
Taptap Send,ashby,taptapsend,main
TARGAN,ashby,targan,main
Tarro,ashby,tarro,main
Tasman Analytics,ashby,tasman,main
Tava Health,ashby,tavahealth,main
Tavily,ashby,tavily,main
Tavrn.ai,ashby,tavrn,main
Tavus,ashby,tavus,main
Taxo,ashby,taxo,main
Teal Health,ashby,teal-health,main
Teal HQ,ashby,tealhq,main
Teambridge,ashby,teambridge,main
TeamDynamix,ashby,teamdynamix,main
Teamworks,ashby,teamworks,main
Tebi,ashby,tebi,main
Technitask,ashby,technitask,main
Techtorch,ashby,techtorch,main
Teero,ashby,teero,main
Teleport,ashby,goteleport,main
Teleskope,ashby,teleskope,main
telli,ashby,telli,main
"Tellos, Inc.",ashby,tellos,main
TELUS Digital,ashby,telus-digital,main
Tembo Health,ashby,tembo-health,main
Tempo,ashby,tempo-xyz,main
Tempo,ashby,tempo-io,main
Tempo,ashby,tempo,main
Temporal Technologies,ashby,temporal,main
Tenex,ashby,tenexlabs,main
TENEX.AI,ashby,tenex,main
Tennr,ashby,tennr,main
Tenor,ashby,tenor,main
Tensec,ashby,tensec,main
TensorWave,ashby,tensorwave,main
Terac,ashby,terac,main
Teraswitch,ashby,teraswitch,main
Terminal,ashby,terminal,main
Terminal Industries,ashby,terminal-industries,main
Tern Travel,ashby,tern,main
Ternary,ashby,ternary,main
TERRA,ashby,terra,main
Terra AI,ashby,terraai,main
TerraFirma Robotics,ashby,terrafirma,main
Terranova,ashby,terranova,main
Terrarium,ashby,terrarium,main
Tessera Labs,ashby,tessera-labs,main
Tessl,ashby,tesslcareers,main
TestGorilla,ashby,testgorilla,main
Teton.ai,ashby,teton,main
Tetrix,ashby,tetrix,main
Tetsuwan,ashby,tetsuwan,main
Texture,ashby,texture,main
Teya,ashby,teya,main
Teza Technologies,ashby,teza-technologies,main
That 1 Detailer,ashby,that1detailer,main
thatgamecompany,ashby,thatgamecompany,main
The American Housing Corporation,ashby,american-housing,main
The Better Money Company,ashby,bettermoney,main
The Bot Company,ashby,thebotcompany,main
The Deep View,ashby,tdv,main
The Exploration Company,ashby,the-exploration-company,main
The Flex,ashby,the-flex,main
The Flex,ashby,theflex,main
The General Intelligence Company of New York,ashby,generalintelligencecompany,main
The Generalist Company Ltd,ashby,tgc,main
The Global Talent Co.,ashby,the-global-talent-co,main
The L Suite,ashby,jobs-page-4dc2685b-eb82-46d1-a3f9-1f0764dba814,main
The Learning Spectrum,ashby,the-learning-spectrum,main
The Lumber Manufactory,ashby,lumbermanufactory,main
The Mind Company,ashby,themindcompany,main
The Mobile-First Company,ashby,mobilefirst,main
The Path,ashby,pathos,main
The Pinnacle School,ashby,the-pinnacle-school,main
The San Francisco Compute Company,ashby,sfcompute,main
The Spire School,ashby,the-spire-school,main
The Utopia Venture Platform,ashby,the-studio,main
The Virga Law Firm,ashby,the-virga-law-firm,main
The Voleon Group,ashby,voleon,main
Theori,ashby,theori,main
Thera,ashby,thera,main
Thesis Inc.,ashby,thesis,main
TheyDo,ashby,theydo,main
Thinkific,ashby,thinkific,main
Third Space,ashby,third-space-therapy,main
Thndr,ashby,thndr,main
Thorit,ashby,thorit,main
Thought Machine,ashby,thought-machine,main
Thread AI,ashby,thread-ai,main
Thrill Labs,ashby,thrill-labs,main
Thrive Alliance Group,ashby,thrive-alliance-group,main
Thumbtack,ashby,thumbtack,main
Tides Network,ashby,tides,main
Tiger,ashby,tiger,main
Tiger Data,ashby,tigerdata,main
Tight,ashby,tight,main
Tilde Research,ashby,tilderesearch,main
Tillo,ashby,tillo,main
Tillster,ashby,tillster,main
Tilt,ashby,tilt,main
Tilt Finance,ashby,tilthq,main
Timely,ashby,timely,main
Tin Can,ashby,tin-can,main
Titan,ashby,titan,main
Titan,ashby,titan-msp,main
Titan AI,ashby,titan-ai,main
tldraw,ashby,tldraw,main
todyl,ashby,todyl,main
Togal AI,ashby,togal-ai,main
Tolan,ashby,tolan,main
Toma,ashby,toma,main
Tomo Mortgage,ashby,tomo,main
TOMS,ashby,toms,main
Tonal,ashby,tonal,main
Tonic AI,ashby,tonicai,main
tonies,ashby,tonies,main
Toogeza,ashby,toogeza,main
Top Hat,ashby,top-hat,main
Topline Pro,ashby,topline-pro,main
TORTUS,ashby,tortus,main
Tourlane,ashby,tourlane,main
"Town.com, Inc.",ashby,town,main
Traba,ashby,traba,main
Trace,ashby,tracelabs,main
Tracebit,ashby,tracebit,main
Tracer Cloud Inc,ashby,tracer,main
Tractable,ashby,tractable,main
Traction Wellness Group,ashby,traction-wellness-group,main
Tradeify,ashby,tradeify,main
Trading212,ashby,trading212,main
TradingHub,ashby,tradinghub,main
Trainline,ashby,trainline,main
Trajectory,ashby,trajectory,main
Transform,ashby,transform,main
Transfr,ashby,transfr,main
TransGrid Energy,ashby,transgrid-energy,main
Traversal,ashby,traversal,main
Tray.ai,ashby,tray-ai,main
Traysar,ashby,traysar,main
Tread,ashby,tread,main
Treefera,ashby,treefera,main
Treeswift Inc,ashby,treeswift,main
Trellis Technologies,ashby,savvyinsurance-trellis,main
Tremendous,ashby,tremendous,main
Trenchant,ashby,trenchant,main
TrendMD,ashby,trendmd,main
Trener,ashby,trener-robotics,main
Trengo,ashby,careerstrengo,main
Tribe AI,ashby,tribe-ai,main
TriEdge Investments,ashby,triedge-investments,main
Trig,ashby,trig,main
Trilitech,ashby,trilitech,main
Triomics,ashby,triomics,main
TripActions,ashby,tripactions,main
Triumph,ashby,triumph-arcade,main
TRM Labs,ashby,trm-labs,main
Trove,ashby,trove,main
Troveo AI,ashby,troveo,main
Trovy,ashby,trovy,main
TruckSmarter,ashby,trucksmarter,main
True Link Financial,ashby,truelinkfinancial,main
Truelogic,ashby,truelogic,main
Truemed,ashby,truemed,main
TrueShort,ashby,trueshort,main
Trulioo,ashby,trulioo,main
Trust Wallet,ashby,trust-wallet,main
Truth Systems,ashby,truthsystems,main
Truvo,ashby,truvo,main
Tryp,ashby,tryp,main
turbopuffer,ashby,turbopuffer,main
Turion Space,ashby,turion-space,main
Turnkey,ashby,turnkey,main
Turnstile,ashby,turnstile,main
Turquoise,ashby,turquoise-health,main
Twelve,ashby,twelve,main
TwelveLabs,ashby,twelve-labs,main
Twenty,ashby,twenty,main
Two Dots,ashby,two-dots,main
TwoStep Therapeutics,ashby,twosteptx,main
Tyba,ashby,tyba,main
Tycho.AI,ashby,tycho-ai,main
Tzafon,ashby,tzafon,main
Uberall,ashby,uberall,main
UDisc,ashby,udisc,main
UHP (Unlock Human Potential),ashby,uhp-unlockhumanpotential,main
UiPath,ashby,uipath,main
Ultra Pouches,ashby,ultra,main
Ultralytics,ashby,ultralytics,main
Umbrel,ashby,umbrel,main
Unblocked,ashby,unblocked,main
Uncountable Inc.,ashby,uncountable,main
UniCourt Inc,ashby,unicourt,main
Unify,ashby,unify,main
Union Technologies,ashby,union-tech,main
Union.ai,ashby,union,main
Uniswap Labs,ashby,uniswap,main
Unit,ashby,unit,main
United Talent Agency,ashby,united-talent-agency,main
Uniti AI,ashby,uniti,main
UnitX,ashby,unitxlabs,main
Unity Advisory,ashby,unity-advisory,main
UniversalAGI,ashby,universalagi,main
Unlearn,ashby,unlearn,main
UnlikelyAI,ashby,unlikelyai,main
Unlimited,ashby,unlimitedindustries,main
Unmind,ashby,unmind,main
Unstructured Technologies Inc.,ashby,unstructured,main
Unto Labs,ashby,unto-labs,main
Unwrap,ashby,unwrap,main
Upchurch,ashby,upchurch,main
UpCodes,ashby,upcodes,main
Upflow,ashby,upflow,main
UpGuard Inc.,ashby,upguard,main
Uplane,ashby,uplane,main
Upside,ashby,upside,main
Upside,ashby,upside-tech,main
UptimeAI,ashby,uptimeai,main
Upvest,ashby,upvest,main
Usul,ashby,usul,main
Valence,ashby,jobs-valence,main
Valence Discovery,ashby,valence,main
Valency Systems Inc.,ashby,valency,main
Valerie Health,ashby,valeriehealth,main
"Valinor Enterprises, Inc.",ashby,valinor,main
Valius Sciences,ashby,valiussciences,main
Valkai,ashby,valkai,main
Valon Mortgage,ashby,valonvm,main
Valon Tech,ashby,valon,main
Valthos,ashby,valthos,main
van den Boom & Associates,ashby,vandenboomassociates,main
Vanilla Technologies,ashby,vanilla,main
VanishID,ashby,vanishid,main
Vanta,ashby,vanta,main
Vantage,ashby,vantage,main
Vantage,ashby,vantageanalytics,main
Vapi,ashby,vapi,main
Variance,ashby,intrinsic-safety,main
Vast,ashby,vast,main
Vast.ai,ashby,vastai,main
Vaulted Deep,ashby,vaulted-deep,main
vCluster Labs,ashby,vclusterlabs,main
VEA Connect,ashby,vea-connect,main
Vector,ashby,vector,main
Vega,ashby,vega,main
Veliu,ashby,veliu,main
Vellum,ashby,vellum,main
Velocity,ashby,velocity,main
Velotio,ashby,velotio,main
Vend Park,ashby,vend-park,main
Vendelux,ashby,vendelux,main
Venn,ashby,venn,main
Venti Technologies,ashby,goventi,main
Ventuals,ashby,ventuals,main
Vercel,ashby,vercel,main
Verge Genomics,ashby,verge-genomics,main
Verisoul,ashby,verisoul,main
Verkada (Lever),ashby,verkada,main
Verse Medical,ashby,versemedical,main
Vertical Aerospace,ashby,vertical-aerospace,main
Vertical Semiconductor,ashby,verticalsemi,main
Vertice,ashby,vertice,main
Verto,ashby,verto,main
Vesta Innovations Inc.,ashby,vesta,main
Vetcove,ashby,vetcove,main
Vibe,ashby,vibe,main
VibeCode,ashby,vibecode,main
Victorious,ashby,victorious,main
Videowise,ashby,videowise,main
Vidmob,ashby,vidmob,main
Viessmann Generations Group,ashby,viessmann,main
Viggle AI,ashby,viggle,main
Vigil Markets,ashby,vigil-markets,main
Viktor,ashby,viktor,main
Vinci4d,ashby,vinci4d,main
Vio,ashby,vio,main
VIOLET,ashby,violet,main
Virta Health,ashby,virtahealth,main
Virtuous,ashby,virtuous,main
Vistar Media,ashby,vistar,main
Vital Lyfe,ashby,vital-lyfe,main
Vitalize,ashby,vitalize,main
Vitally,ashby,vitally,main
VITL,ashby,vitl,main
VitVio,ashby,vitvio,main
Vivian Health,ashby,vivian-health,main
Vivid,ashby,vivid,main
Vivun Inc.,ashby,vivun,main
Vizcom,ashby,vizcom,main
Vizzia,ashby,vizzia,main
VLogic,ashby,vlogic,main
Vogel,ashby,vogel,main
Voicemod,ashby,voicemod,main
voize,ashby,voize,main
Vola Dynamics,ashby,voladynamics,main
Voldex Games,ashby,voldex,main
Volition Capital,ashby,volition-capital,main
Volley Automation,ashby,volley-automation,main
VoltAI,ashby,voltai.careers,main
Voltrac S.L.,ashby,voltrac,main
Voodoo,ashby,voodoo,main
Vooma,ashby,vooma,main
Vori,ashby,vori,main
Vorticity Inc.,ashby,vorticity,main
Vorto,ashby,vorto,main
Vow,ashby,vow,main
Voxel,ashby,voxel,main
Voyant Photonics,ashby,voyant-photonics,main
Voyfai,ashby,voyfai,main
VREY,ashby,vrey,main
Vultr,ashby,vultr,main
Vyn,ashby,vyn,main
Vynca,ashby,vynca,main
"Wabi, Inc.",ashby,wabi,main
Wagmo,ashby,wagmo,main
Walrus,ashby,walrusfi,main
Walrus Foundation,ashby,walrus,main
Warp,ashby,warp,main
Watershed,ashby,watershed,main
Watney,ashby,watney,main
Wayflyer,ashby,wayflyer,main
Wealth.com,ashby,wealth-com,main
Wealthsimple Technologies,ashby,wealthsimple,main
Weave,ashby,weave,main
Weave,ashby,workweave,main
"WeaveGrid, Inc.",ashby,weave-grid,main
webAI,ashby,webai,main
WebFX,ashby,webfx,main
Weekend,ashby,weekend,main
Wellsheet,ashby,wellsheet,main
Welltech,ashby,welltech,main
Wellth,ashby,wellth,main
WellTheory,ashby,welltheory,main
Wemolo,ashby,wemolo,main
WeScale,ashby,wescale,main
WeTravel,ashby,wetravel,main
Wheel,ashby,wheel,main
Whetstone Research,ashby,whetstoneresearch,main
Whippy,ashby,whippy,main
Whisk,ashby,whisk,main
White Circle,ashby,whitecircle,main
Whoop,ashby,whoop,main
Widget Factory,ashby,widgetfactory,main
Willow Health,ashby,willow-health,main
WilsonAI,ashby,wilson,main
Wincent,ashby,wincent,main
WindBorne Systems,ashby,windborne-systems,main
Windmill,ashby,windmill,main
Windranger Labs,ashby,windranger,main
Winona,ashby,winona,main
WireScreen,ashby,wirescreen,main
Wisdom,ashby,withwisdom,main
Wisp,ashby,wisp,main
Wispr Flow,ashby,wispr-flow,main
Wistia,ashby,wistia,main
withco,ashby,withco,main
Witness AI,ashby,witnessai,main
Wiz,ashby,wiz,main
WJB,ashby,wjb,main
Woflow,ashby,woflow,main
Wolfjaw Studios,ashby,wolfjaw-careers,main
Wonderly,ashby,wonderly,main
Woodhouse Academy,ashby,woodhouse-academy,main
Wordsmith AI,ashby,wordsmith,main
WORKERBASE,ashby,workerbase,main
WorkOS,ashby,workos,main
WorkWhile,ashby,workwhilejobs,main
Workyard,ashby,workyard,main
World Foundation,ashby,world-foundation,main
Worldly,ashby,worldly,main
Wormhole Labs,ashby,wormholelabs,main
Wraithwatch Corporation,ashby,wraithwatch,main
Wrapbook,ashby,wrapbook,main
WRITER,ashby,writer,main
"WunderGraph, Inc.",ashby,wundergraph,main
Wursta,ashby,wursta,main
Wynd Labs,ashby,wynd-labs,main
XBOW,ashby,xbowcareers,main
XDOF,ashby,xdof,main
XDS,ashby,xds,main
Xenon Pharmaceuticals,ashby,xenon,main
Xephyr,ashby,xephyr,main
Xero,ashby,xero,main
XNRGY Climate Systems,ashby,xnrgy-climate-systems,main
Xona Space Systems,ashby,xona-space,main
Xyme,ashby,xyme,main
XYZ Reality,ashby,xyz-reality,main
Y Combinator,ashby,ycombinator,main
Yazio,ashby,yazio,main
yeet,ashby,yeet,main
Yendo,ashby,yendo,main
Yepoda,ashby,yepoda,main
Yobi,ashby,yobi,main
Yondr,ashby,yondr,main
Yotta Labs,ashby,yotta,main
You Health,ashby,you-health,main
"Yourco, Inc.",ashby,yourco,main
Yovo,ashby,yovo,main
Yuma AI,ashby,yumaai,main
Yutori,ashby,yutori,main
Zania,ashby,zania,main
Zapier,ashby,zapier,main
ZayZoon,ashby,zayzoon,main
Zed,ashby,zed,main
Zed,ashby,zedfinancial,main
Zefir,ashby,zefir,main
Zefr,ashby,zefr,main
Zello,ashby,zello,main
Zencastr,ashby,zencastr,main
Zenjob,ashby,zenjob,main
Zeno,ashby,zeno,main
Zero RFI,ashby,zero,main
Zeromark,ashby,zeromark,main
ZeroRFI,ashby,zerorfi,main
Zettabyte,ashby,zettabyte-space,main
Ziina,ashby,ziina,main
Zip,ashby,zip,main
"Ziplines, Inc.",ashby,ziplines,main
Zippy,ashby,zippymh,main
ZnanyLekarz,ashby,znanylekarz,main
Zoomlogi,ashby,zoomlogi,main
ZURU,ashby,zuru,main
Zyphra,ashby,zyphra,main
-ASG-,greenhouse,asgjobs,main
1-800 Contacts,greenhouse,1800contacts,main
1-800-GOT-JUNK?,greenhouse,1800gotjunk,main
1021 Creative,greenhouse,1021creative,main
10a Labs,greenhouse,10alabs,main
10Beauty,greenhouse,10beauty,main
10Pearls - UK,greenhouse,10pearlsuk,main
10x Genomics,greenhouse,10xgenomics,main
12twenty,greenhouse,12twenty,main
143 Studios LLC,greenhouse,143studiosinc,main
1910,greenhouse,1910genetics,main
1stdibs.com,greenhouse,1stdibscom,main
1upHealth,greenhouse,1uphealth,main
21Shares,greenhouse,21shares,main
2K,greenhouse,2k,main
2U,greenhouse,2u,main
3 Day Blinds (Corporate),greenhouse,3dayblindscorporate,main
3 Day Blinds (Sales),greenhouse,3dayblindssales,main
30th Street Animal Hospital,greenhouse,30thstreetanimalhospital,main
31st Union,greenhouse,31stunion,main
3Cloud,greenhouse,3cloud,main
3Cloud - Client Interviews,greenhouse,client,main
3MG Roofing & Solar,greenhouse,3mgroofing,main
3Red Partners,greenhouse,3redpartners,main
4D Molecular Therapeutics,greenhouse,4dmoleculartherapeutics,main
5280 Veterinary Care,greenhouse,5280,main
540,greenhouse,540,main
5minlab,greenhouse,5minlab,main
5WPR,greenhouse,5wpr,main
615 Ventures,greenhouse,615ventures,main
617MediaGroup,greenhouse,617mediagroup,main
66degrees,greenhouse,66degrees,main
6sense,greenhouse,6sense,main
7shifts,greenhouse,7shifts,main
84.51°,greenhouse,8451,main
84.51° University Programs / Early Career Paths,greenhouse,8451university,main
8am,greenhouse,affinipay1,main
8AM Golf,greenhouse,8amgolf,main
8th Light,greenhouse,8thlightrebuild,main
9th Way Insignia,greenhouse,9thwayinsignia,main
A Bright Beginning Childcare,greenhouse,abrightbeginnings,main
A Plus Garage Doors - Utah,greenhouse,aputah,main
A Thinking Ape,greenhouse,athinkingape,main
A&C Plastics,greenhouse,acplastics,main
A-LIGN External,greenhouse,align,main
A-TEK Inc.,greenhouse,atek,main
A11,greenhouse,projectaservicesgmbhcokg,main
a16z,greenhouse,a16z,main
a16z crypto portfolio,greenhouse,a16zcryptoteam,main
A1M Solutions,greenhouse,a1msolutions,main
A24,greenhouse,a24,main
AAVAA,greenhouse,aavaa,main
AB InBev | Growth Group,greenhouse,abinbev,main
ABACUS,greenhouse,abacus,main
Abacus Insights,greenhouse,abacusinsights,main
Abacus Learning Center,greenhouse,abacuslc,main
Abaka AI,greenhouse,abakaai,main
Abarca Health,greenhouse,abarca,main
ABBYY,greenhouse,abbyy,main
ABC Labs,greenhouse,abclabs,main
ABC Legal Services,greenhouse,abclegalservices,main
AbCellera,greenhouse,abcellera,main
AbelsonTaylor Group,greenhouse,abelsontaylor,main
Able,greenhouse,able,main
Abnormal,greenhouse,abnormalsecurity,main
"Abricare, Inc.",greenhouse,abricareinc,main
Absci,greenhouse,absci,main
Absher Construction,greenhouse,absherconstruction,main
Absolics Inc,greenhouse,absolicsinc,main
Absurd Ventures,greenhouse,absurdventures,main
Acacia Animal Hospital - Pompano Beach,greenhouse,acaciavpp,main
Academy with Community Partners,greenhouse,acp,main
Acadia Pharmaceuticals Inc.,greenhouse,acadiapharmaceuticals,main
Acadian Asset Management LLC,greenhouse,acadianassetmanagementllc,main
ACCA,greenhouse,acca,main
ACCEL Schools,greenhouse,accelschools,main
ACCEL Schools Internal,greenhouse,accelschoolsinternal,main
Accela,greenhouse,accela,main
Acceleration Partners,greenhouse,accelerationpartners,main
Accenture Federal Services,greenhouse,accenturefederalservices,main
Accenture Federal Services Careers Marketplace,greenhouse,afscareersmarketplace,main
Access Holdings,greenhouse,accessholdingsmanagementfirm,main
Access Systems - Operations & Service,greenhouse,accesssystemsserviceops,main
Access Systems - Sales & Administration,greenhouse,accesssystemsadminsales,main
Access Vascular,greenhouse,accessvascular,main
accessiBe,greenhouse,accessibe,main
accesso,greenhouse,accesso,main
Accordion,greenhouse,accordion,main
Accrue,greenhouse,accrue,main
AccuWeather Careers,greenhouse,accuweather,main
Aceable,greenhouse,aceable,main
Acentria Insurance,greenhouse,acentria,main
Achievement First Network Support,greenhouse,achievementfirstnetworksupportcareers,main
Achievers Early College Prep,greenhouse,achieversearlycollegeprep,main
ACI Learning,greenhouse,acilearning,main
Ackermann Group,greenhouse,ackermanngroup,main
ACLU - Internships,greenhouse,acluinternships,main
ACLU - National Office,greenhouse,aclu,main
ACLU of New Jersey,greenhouse,aclunj,main
ACLU of Northern California,greenhouse,aclunc,main
aCommerce,greenhouse,acommerce,main
Acorn Health,greenhouse,acornhealth,main
Acquia,greenhouse,acquia,main
Acrisure Innovation,greenhouse,acrisureinnovation,main
ACT Group,greenhouse,testendouble,main
ACT Power Services,greenhouse,actpowerservices,main
ActBlue,greenhouse,actblue,main
Action Garage Doors,greenhouse,action,main
"Activate Global, Inc",greenhouse,activate,main
AcuityMD,greenhouse,acuitymd,main
Acumen,greenhouse,acumen,main
"AcuTech Group, Inc.",greenhouse,acutechgroupinc,main
Ad Lightning,greenhouse,adlightning,main
Ada,greenhouse,ada18,main
Ada Health GmbH,greenhouse,adahealth,main
adam&eveDDB New York,greenhouse,adamevenyc,main
Adams Street Partners,greenhouse,adamsstreetpartners,main
Adapter,greenhouse,adapter,main
Adaptive Biotechnologies,greenhouse,adaptivebiotechnologies,main
Adaptive Financial Consulting,greenhouse,adaptivefinancialconsulting,main
Adapture Renewables,greenhouse,adapturerenewables,main
Adaugeo Healthcare Solutions,greenhouse,adaugeohealthcare,main
Addepar,greenhouse,addepar1,main
Adelphi Research,greenhouse,adelphiresearch,main
ADESA,greenhouse,adesa,main
ADF International,greenhouse,adfinternational,main
Adicet Bio,greenhouse,adicettherapeuticsinc,main
Aditum Bio,greenhouse,aditumbio,main
Adorama,greenhouse,creatorsworkhere,main
"Adswerve, Inc",greenhouse,adswerveinc,main
Advanced Dermatology and Skin Cancer Center,greenhouse,advancedderm,main
Advanced Space,greenhouse,advancedspace,main
Advanced Technology Services,greenhouse,advancedtechnologyservices,main
AdvancedMD,greenhouse,advancedmd,main
Advertising Specialty Institute,greenhouse,advertisingspecialtyinstitute,main
Advocate Construction,greenhouse,advocateconstruction,main
Advocates for Children of New York,greenhouse,advocatesforchildrenofnewyork,main
Adyen,greenhouse,adyen,main
AE Studio,greenhouse,aestudio,main
AEC,greenhouse,aec,main
Aechelon Technology,greenhouse,aechelontechnology,main
AEG Worldwide,greenhouse,aegworldwide,main
Aegis Ventures,greenhouse,aegisventures,main
Aer Lingus Technology Recruitment,greenhouse,aerlingus,main
Aerospike,greenhouse,aerospike,main
AEVEX,greenhouse,aevexaerospace,main
"AEye, Inc",greenhouse,aeyeinc,main
Affect,greenhouse,joinaffect,main
AffiniPay,greenhouse,affinipay,main
Affinitiv,greenhouse,affinitiv,main
Affinity.co,greenhouse,affinity,main
Affirm,greenhouse,affirm,main
"AffirmedRx, PBC",greenhouse,affirmedrxpbc,main
Afresh,greenhouse,afresh,main
AfterShip,greenhouse,aftership,main
AG1,greenhouse,ag1,main
Age Bold,greenhouse,agebold,main
AGE Solutions,greenhouse,agecareers,main
Agero,greenhouse,agero,main
Agile Six Applications,greenhouse,agilesix,main
Agilisys,greenhouse,agilisys,main
Agility Robotics,greenhouse,agilityrobotics,main
Agilysys,greenhouse,agilysys,main
Agoda,greenhouse,agoda,main
Agoda Sandbox,greenhouse,agodasandbox,main
AgWest Farm Credit,greenhouse,agwestfarmcredit,main
Ahrefs,greenhouse,ahrefsjobs,main
AI Alignment Foundation (AIAF),greenhouse,aiaf,main
AI Squared,greenhouse,aisquared,main
AIC Toronto @ Samsung Research America,greenhouse,saictoronto,main
"AiDASH, Inc.",greenhouse,aidashinc,main
AIFT,greenhouse,aift,main
Aimé Leon Dore,greenhouse,aimeleondore,main
AIP Publishing,greenhouse,aippublishing,main
Air North,greenhouse,airnorth,main
Airbnb,greenhouse,airbnb,main
Aircapture,greenhouse,aircapture,main
AIRCO,greenhouse,aircompany,main
Airia,greenhouse,airia,main
AirSculpt,greenhouse,airsculpt,main
Airship,greenhouse,airship,main
Airspace,greenhouse,airspace,main
Airtable,greenhouse,airtable,main
AirTrunk,greenhouse,airtrunk,main
Airwave,greenhouse,airwave,main
Aiven,greenhouse,aiven36,main
Aizer Health,greenhouse,aizerhealth,main
Akero Therapeutics,greenhouse,akerotherapeutics,main
Akido,greenhouse,akidolabs,main
AKKO,greenhouse,akko,main
Akoya,greenhouse,akoya,main
AKQA,greenhouse,akqa,main
AKQA Leap,greenhouse,leap,main
"AKS Engineering & Forestry, LLC",greenhouse,aksengineeringforestryllc,main
Aktos,greenhouse,applytoaktos,main
Akuity,greenhouse,akuity,main
Akuna Capital,greenhouse,akunacapital,main
Akuna Capital Options Trading 201 Course,greenhouse,optionstrading201course,main
"Alabama Title Loans, Inc",greenhouse,alabamatitleloansinc,main
Alamar Biosciences,greenhouse,alamarbiosciences,main
Alarm.com,greenhouse,alarmcom,main
AlayaCare,greenhouse,alayacare,main
Albedo,greenhouse,albedo,main
Alchemer,greenhouse,alchemer,main
AlertMedia,greenhouse,alertmedia,main
Alethea,greenhouse,alethea,main
Alexander Shunnarah Trial Attorneys,greenhouse,shunnarahcareers,main
Algolia,greenhouse,algolia,main
AlgoQuant,greenhouse,algoquant,main
Align Communications,greenhouse,align46,main
Aligned,greenhouse,aligned,main
AlixPartners,greenhouse,alixpartners,main
Alkeus Pharmaceuticals,greenhouse,alkeus,main
ALKU,greenhouse,alku,main
ALKU - Apply Today!,greenhouse,alkujobs,main
AllBooked,greenhouse,allbooked,main
Allegro,greenhouse,allegro,main
Allen Animal Hospital,greenhouse,allenanimalhospital,main
Allen Control Systems,greenhouse,allencontrolsystems,main
Allen Integrated Solutions,greenhouse,allenintegratedsolutions,main
Alliance,greenhouse,alliance,main
Alliance Defending Freedom,greenhouse,alliancedefendingfreedom,main
Allied Maker,greenhouse,alliedmaker,main
Allied Mechanical,greenhouse,allied,main
Alloy,greenhouse,alloy,main
Alltrna,greenhouse,alltrna,main
Allworth Financial,greenhouse,allworthfinancial,main
Ally Behavior Centers,greenhouse,allybehaviorcenters,main
ALO,greenhouse,aloyoga,main
ALOHA Collection Inc.,greenhouse,alohacollection,main
Alpaca,greenhouse,alpaca,main
Alpha Asset & Wealth Management Consulting - Early Careers Opportunities,greenhouse,alphaawmnaearlycareers,main
Alpha Financial Markets Consulting,greenhouse,alphafmcroles,main
Alpha Financial Markets Consulting - Early Careers,greenhouse,alphafmcrolesearlycareers,main
Alpha FMC - Asset and Wealth Management Consulting - Europe,greenhouse,alphaawmeur,main
Alpha FMC - Insurance Consulting,greenhouse,insurance,main
Alpha Public Schools,greenhouse,alphapublicschools,main
Alpha-9 Oncology,greenhouse,alpha9oncology,main
AlphaGrep Securities,greenhouse,alphagrepsecurities,main
Alphalion,greenhouse,alphalion,main
AlphaSense,greenhouse,alphasense,main
AlphaSense India,greenhouse,alphasenseindia,main
AlphaSights,greenhouse,alphasights,main
AlphaSights Campus Recruiting,greenhouse,alphasightsresumedrop,main
Alphazyme,greenhouse,alphazyme,main
Alpine Internships,greenhouse,alpineinternships,main
Alpine Investors,greenhouse,alpineinvestors,main
Alt,greenhouse,alt,main
"Alta Resource Technologies, Inc.",greenhouse,altaresourcetechnologiesinc,main
Altamira for freelancers,greenhouse,altamirafreelance,main
Altana,greenhouse,altanaai,main
ALTEN Technology USA,greenhouse,altentechnologyusa,main
Altium,greenhouse,altium,main
Altos Labs,greenhouse,altoslabs,main
Altruist,greenhouse,altruist,main
AltScore,greenhouse,altscore,main
ALU,greenhouse,alu,main
Alumni Ventures,greenhouse,alumniventures,main
Alveole,greenhouse,alveole,main
ALX Africa,greenhouse,alxafrica,main
Alzheimer's Disease Data Initiative,greenhouse,addatainitiative,main
Amae Health,greenhouse,amaehealth,main
AMAROK,greenhouse,amarok,main
Ambient Enterprises,greenhouse,ambiententerprises,main
Amca,greenhouse,amca,main
Ameelio,greenhouse,ameelio,main
AMEND Consulting,greenhouse,amendconsulting,main
Amenitiz,greenhouse,amenitiz,main
American Capital Group,greenhouse,americancapitalgroup,main
American College of Obstetricians and Gynecologists,greenhouse,acog,main
American Flood Coalition,greenhouse,americanfloodcoalition,main
American Institute,greenhouse,americaninstitute,main
American Institutes for Research,greenhouse,americaninstitutesforresearch,main
American Marketing Association,greenhouse,americanmarketingassociation,main
American Museum of Natural History,greenhouse,amnh,main
American Quick Lube,greenhouse,aql,main
Amity,greenhouse,amity,main
AMMEX Corporation,greenhouse,ammexcorporation,main
Amoria Group,greenhouse,amoriabond,main
AMP: AI-Powered Sortation for Waste and Recycling,greenhouse,ampsortation,main
Amperity,greenhouse,amperity,main
Amperon,greenhouse,amperon,main
Amplemarket,greenhouse,amplemarket,main
Ampliform LLC,greenhouse,ampliform,main
Amplitude,greenhouse,amplitude,main
Amtech Software,greenhouse,amtechsoftware,main
Amwell,greenhouse,amwell,main
Amwins Global Risks,greenhouse,agr,main
Amylyx Pharmaceuticals,greenhouse,amylyx,main
Analyst1,greenhouse,analyst1,main
Anaplan,greenhouse,anaplan,main
Anchanto,greenhouse,anchanto,main
Anchor Health CT,greenhouse,anchorhealthct,main
Anders,greenhouse,anderscpasadvisors,main
Andesite,greenhouse,andesite,main
Anduril Industries,greenhouse,andurilindustries,main
Anello Photonics,greenhouse,anellophotonics,main
Angel City,greenhouse,wfclainc,main
Animal Health Associates,greenhouse,aha,main
Animal Health Care Denver,greenhouse,denver,main
Animal Hospital of Dunedin,greenhouse,dunedin,main
Animal Hospital of O'Fallon,greenhouse,ahof,main
AniMed Animal Hospital,greenhouse,animed,main
ANINE BING,greenhouse,aninebing,main
Annexon Biosciences,greenhouse,annexonbioscience,main
Annexus Health,greenhouse,annexushealth,main
Anno.ai,greenhouse,annoai,main
Anodize,greenhouse,anodize,main
Ansa,greenhouse,ansa,main
Ansa Biotechnologies,greenhouse,ansabiotechnologies,main
AnswerRocket,greenhouse,answerrocket,main
Antares Therapeutics,greenhouse,antaresrx,main
Antenna,greenhouse,antenna,main
Anteriad,greenhouse,anteriad,main
Anteris Technologies,greenhouse,anteristech,main
Antheia,greenhouse,antheia,main
AnthroMed Education (School Services),greenhouse,anthromededucation,main
Anthropic,greenhouse,anthropic,main
Antigua Veterinary Practice,greenhouse,antigua,main
Antora Energy,greenhouse,antora,main
ANY,greenhouse,any,main
AnyDesk,greenhouse,anydesk,main
AnyMind Group,greenhouse,adasiaholdings,main
AOTI,greenhouse,aoti,main
Apaleo,greenhouse,apaleo,main
Apalon,greenhouse,apalon,main
Apartment Life,greenhouse,apartmentlife,main
Apartment Therapy Media,greenhouse,apartmenttherapymedia,main
APCCO,greenhouse,apcco,main
APCON,greenhouse,apcon,main
Apera AI Inc,greenhouse,aperaaiinc,main
Aperia,greenhouse,aperiasolutions,main
"Aperia Technologies, Inc",greenhouse,aperiatechnologies,main
Aperio Philanthropy,greenhouse,aperiophilanthropy,main
Aperture Labs,greenhouse,aperture,main
Apex Companies,greenhouse,apexcompanies,main
Apex Companies - CSW,greenhouse,apexcompaniescsw,main
Apex Eye,greenhouse,apex,main
Apiiro,greenhouse,apiiro,main
apiphani,greenhouse,apiphani,main
Apogee Therapeutics,greenhouse,apogeetherapeutics,main
Apollo Behavior,greenhouse,apollobehaviorservices,main
Apollo Education Systems,greenhouse,apollo,main
Apollo.io,greenhouse,apolloio,main
APPARATUS,greenhouse,apparatus,main
AppDirect,greenhouse,appdirect,main
Appfire,greenhouse,appfire,main
Appian Corporation,greenhouse,appian,main
Appier,greenhouse,appier,main
Appinio,greenhouse,appinio,main
AppleTree Prep,greenhouse,appletreeprep,main
Applicant Privacy Notice,greenhouse,apn,main
Applied Engineering,greenhouse,appliedengineering,main
AppliedVR,greenhouse,appliedvr,main
AppLovin,greenhouse,applovin,main
Appnovation Technologies,greenhouse,appnovation,main
Appodeal,greenhouse,appodeal,main
AppOmni,greenhouse,appomni,main
Apprentice,greenhouse,apprentice,main
AppsFlyer,greenhouse,appsflyer,main
Appspace,greenhouse,appspace,main
Appstar,greenhouse,appstarfinancial,main
Apptegy,greenhouse,apptegy,main
Apptronik,greenhouse,apptronik,main
AppViewX,greenhouse,appviewx,main
APT Research,greenhouse,aptportfolio,main
Aptos,greenhouse,aptoslabs,main
AQR,greenhouse,aqr,main
AQR India,greenhouse,india,main
Aquatic Capital Management,greenhouse,aquaticcapitalmanagement,main
Aquia,greenhouse,aquia,main
Aralez Bio,greenhouse,aralezbio,main
Arbital Health,greenhouse,arbitalhealth,main
Arbor Energy,greenhouse,arborenergy,main
Arc Boat Company,greenhouse,arcboatcompany,main
Arc Institute,greenhouse,arcinstitute,main
Arcadia,greenhouse,arcadiacareers,main
Arcaea,greenhouse,arcaea,main
Arcana Analytics,greenhouse,arcanaanalytics,main
arcee.ai,greenhouse,arceeai,main
Arcellx,greenhouse,arcellx,main
Arcesium LLC,greenhouse,arcesiumllc,main
Archer,greenhouse,archer56,main
Archer Veterinary Clinic,greenhouse,archer,main
Archera,greenhouse,archera,main
Archipelago Analytics Inc.,greenhouse,onarchipelago,main
Archrival,greenhouse,archrival,main
Archway Lawn Care,greenhouse,archway,main
Arco Educação,greenhouse,arcoeducacao,main
Ardent,greenhouse,ardentmc,main
Arena Club,greenhouse,arenaclub,main
Arevon,greenhouse,arevonenergyimpltest,main
Argmax,greenhouse,argmax,main
Ariel Alternatives,greenhouse,arielalternatives,main
Ariel Investments,greenhouse,arielinvestments,main
Arine,greenhouse,arine,main
ARIVE,greenhouse,arive,main
Arize AI,greenhouse,arizeai,main
Arizona Commerce Authority,greenhouse,arizonacommerceauthority,main
Arizona Eye Institute & Cosmetic Laser Center,greenhouse,azeyeinstitute,main
Arizona Liver Health,greenhouse,arizonaliverhealth,main
Ark Veterinary Hospital & Urgent Care,greenhouse,ark,main
Ark Workplace Risk,greenhouse,awr,main
Arkestro,greenhouse,arkestroinc,main
Arkose Labs,greenhouse,arkoselabs,main
Arkose Labs - India,greenhouse,arkoselabsindia,main
Arlington Cat Clinic,greenhouse,arlingtoncatclinic,main
Arlo Solutions LLC,greenhouse,arlosolutionsllc,main
Armada,greenhouse,armada,main
Armaments Research Company,greenhouse,armamentsresearchcompany,main
Armis Security,greenhouse,armissecurity,main
ArmorCode Inc.,greenhouse,armorcode,main
Armorous,greenhouse,armorous,main
ARMRA Colostrum,greenhouse,armracolostrum,main
Armstrong Transport Group,greenhouse,armstrongtransportgroup,main
Arnold Veterinary Hospital,greenhouse,arnoldveterinaryhospital,main
Array,greenhouse,array,main
Array Education,greenhouse,arrayeducation,main
Art of Problem Solving,greenhouse,artofproblemsolving,main
Artefact,greenhouse,artefact,main
Artefact US,greenhouse,artefactus,main
Article Group,greenhouse,articlegroup,main
ArtStation,greenhouse,artstation,main
Arva Intelligence,greenhouse,arvaintelligence,main
Arvinas,greenhouse,arvinas,main
Asana,greenhouse,asana,main
Ascend,greenhouse,ascend21,main
Ascend Analytics,greenhouse,ascendanalytics,main
Ascend Healthcare,greenhouse,ascendhealthcare,main
Ascend Partner Firms,greenhouse,ascendtogether,main
Ascent Developer Solutions,greenhouse,ascentds,main
Ascidian Therapeutics,greenhouse,ascidiantherapeutics,main
ASG,greenhouse,asg,main
Ashfield MedComms,greenhouse,ashfieldmedcomms,main
ASI Hastings,greenhouse,asi,main
ASM,greenhouse,asm,main
Aspect Biosystems,greenhouse,aspectbiosystems,main
Aspire Employment Opportunities,greenhouse,aspireinternaljobboard,main
Aspire Living & Learning,greenhouse,allinc,main
Assembly Health,greenhouse,assemblyhealth,main
AssemblyAI,greenhouse,assemblyai,main
Asset Living,greenhouse,assetliving,main
"AssetWatch, Inc.",greenhouse,assetwatch,main
Assured Guaranty,greenhouse,assuredguaranty,main
"ASSYST, Inc.",greenhouse,assystinc,main
AST SpaceMobile,greenhouse,astspacemobile,main
Astera Labs,greenhouse,asteralabs,main
Astranis,greenhouse,astranis,main
At Home Healthcare,greenhouse,athomehealth,main
At-Bay,greenhouse,atbayjobs,main
"Atari, Inc.",greenhouse,atariinc,main
Athena Club,greenhouse,athenaclub,main
Athena Group Advisors,greenhouse,athena,main
Athletics - Baseball Operations,greenhouse,athleticsbaseballops,main
Athletics - Business Operations,greenhouse,athleticsbusinessops,main
Athletics - Private,greenhouse,athletics,main
ATI Advisory,greenhouse,atiadvisory,main
Atlantic Valve Services,greenhouse,atlanticvalveservices,main
Atlas Air,greenhouse,atlasair,main
Atlas Energy Solutions,greenhouse,atlassand,main
Atlas HXM,greenhouse,atlasxhm,main
ATLAS SP,greenhouse,atlassp,main
Atolls,greenhouse,atolls,main
Atomic AI,greenhouse,atomai,main
Atomic Cartoons,greenhouse,atomiccartoons,main
"Atomic Industries, Inc.",greenhouse,atomicindustriesinc,main
Atomic Machines,greenhouse,atomicmachines,main
Atomico,greenhouse,atomico,main
Atomicwork Inc,greenhouse,atomicwork,main
Atoms,greenhouse,atoms,main
ATOMS Careers page,greenhouse,cssmerge,main
ATOSS Aloud GmbH - Crewmeister,greenhouse,crewmeister,main
Atrium Campus,greenhouse,atriumcampus,main
Atropos,greenhouse,atropos,main
Attain,greenhouse,attain,main
Attain Partners,greenhouse,attainpartners,main
Attain Talent,greenhouse,attaintalent,main
Attention Arc,greenhouse,attentionarc,main
Attentive,greenhouse,attentive,main
Attivo Partners,greenhouse,attivopartners,main
attn:,greenhouse,attn,main
Atto Trading,greenhouse,attotrading,main
Attune,greenhouse,attune,main
Atwell Internships,greenhouse,atwellinternships,main
"Atwell, LLC",greenhouse,atwellgroup,main
Auctane,greenhouse,auctane,main
Audax Group,greenhouse,audaxgroup,main
Audia,greenhouse,audia,main
audibene / hear.com,greenhouse,audibenehearcom,main
AudioEye,greenhouse,audioeye,main
Augment Code,greenhouse,augmentcomputing,main
Augury,greenhouse,augury,main
Auld & White Constructors,greenhouse,auldwhiteconstructors,main
Aura,greenhouse,aura,main
Aura,greenhouse,aura798,main
Aurora Innovation,greenhouse,aurorainnovation,main
Auros,greenhouse,aurosglobal,main
Auterion,greenhouse,auterion,main
Authentic,greenhouse,authenticinsurance,main
Authentic Brands Group,greenhouse,authenticbrandsgroup,main
Authenticx,greenhouse,authenticx,main
AutoDS,greenhouse,autods,main
Automattic Careers,greenhouse,automatticcareers,main
Automox,greenhouse,automox,main
Autotrader,greenhouse,autotrader,main
Autura,greenhouse,autura,main
Auvik Networks,greenhouse,auviknetworks,main
Avalyn Pharma,greenhouse,avalynpharma,main
Avani Media,greenhouse,avani,main
Avantium,greenhouse,avantium,main
Avantus,greenhouse,avantus,main
Avathon,greenhouse,avathon,main
Avathon Government,greenhouse,ag,main
Avela,greenhouse,avela,main
AvePoint,greenhouse,avepoint,main
"Avetta, LLC",greenhouse,avetta,main
Avi Medical,greenhouse,avimedical,main
Aviary,greenhouse,aviary,main
Aviation Institute of Maintenance,greenhouse,aviationinstituteofmaintenance,main
Aviator Nation,greenhouse,aviatornation,main
Aviatrix,greenhouse,aviatrix,main
"AvidXchange, Inc.",greenhouse,avidxchangeinc,main
Avnos,greenhouse,avnos,main
Avride,greenhouse,avride,main
Awardco,greenhouse,awardco,main
AWeber,greenhouse,aweber,main
Awetomaton,greenhouse,awetomaton,main
Awin,greenhouse,awin,main
AWL,greenhouse,allwebleads,main
Axi,greenhouse,axicorpfinancialservicesptyltd,main
Axial,greenhouse,axial,main
Axicom,greenhouse,axicom,main
Axiom,greenhouse,axiom,main
Axiom Talent Platform,greenhouse,axiomtalentplatform,main
Axios,greenhouse,axios,main
Axis Automation,greenhouse,axiscompany,main
AXIS Teletherapy,greenhouse,axisteletherapy,main
Axle,greenhouse,axle,main
Axogen,greenhouse,axogen,main
Axon,greenhouse,axon,main
Axonius,greenhouse,axonius,main
AXQ Capital,greenhouse,axq,main
AXS,greenhouse,axs,main
Axsome Therapeutics,greenhouse,axsometherapeutics,main
Axuall,greenhouse,axuall,main
Aya Healthcare,greenhouse,ayahealthcare,main
Aylo Careers,greenhouse,aylo,main
Aylo Health,greenhouse,eagleslandinghealth,main
Aypa Power,greenhouse,aypapower,main
Azra Games,greenhouse,azragames,main
Azra Games - Open Application,greenhouse,azragamesoa,main
Azurity Pharmaceuticals - India,greenhouse,azuritypharmaceuticalsindia,main
Azurity Pharmaceuticals - Switzerland,greenhouse,azuritypharmaceuticalsswitzerland,main
Azurity Pharmaceuticals - US,greenhouse,azuritypharmaceuticals,main
B Capital,greenhouse,bcapitalgroup54,main
B Lab,greenhouse,blab,main
B-Stock,greenhouse,bstocksolutions,main
B. Riley Securities,greenhouse,brileysecurities,main
B12,greenhouse,b12,main
B2C2,greenhouse,b2c2,main
Babel Street,greenhouse,babelstreet,main
Babylist,greenhouse,babylist,main
Backbase,greenhouse,workatbackbase,main
Backblaze External Website,greenhouse,backblaze,main
Backpack Healthcare,greenhouse,hellobackpack,main
Baidu USA,greenhouse,baidu,main
Bailiwick,greenhouse,bailiwick,main
BALT Group,greenhouse,baltgroup,main
Baltimore Orioles,greenhouse,baltimoreorioles,main
BambooHR,greenhouse,bamboohr17,main
Banco PAN,greenhouse,bancopan,main
Bandai Namco Entertainment America Inc.,greenhouse,bandainamco,main
Bandwidth,greenhouse,bandwidth,main
Bankrate,greenhouse,bankrate,main
Banks Power,greenhouse,bankspower,main
Banyan Infrastructure Corporation,greenhouse,banyaninfrastructure,main
Banyan Software,greenhouse,banyansoftware,main
Banza,greenhouse,banza,main
Barbarian,greenhouse,barbarian,main
Barbaricum,greenhouse,barbaricum,main
Baringa,greenhouse,baringa,main
BARK,greenhouse,bark,main
Baron Capital,greenhouse,baroncapital,main
Barr Foundation,greenhouse,barrfoundation,main
Base.org Careers Page,greenhouse,basejobs,main
Baselayer,greenhouse,baselayer,main
BASS ABA Therapy,greenhouse,bassabatherapy,main
Bath Fitter Corporate,greenhouse,bathfitterdistributinginc,main
BathWorks Michigan,greenhouse,bathworksmichigan,main
Baton (A Ryder Technology Lab),greenhouse,baton,main
Battery,greenhouse,batteryventures,main
BaubleBar,greenhouse,baublebar,main
Bauer Hockey/ Cascade Maverik Lacrosse,greenhouse,bauerhockeycascademaveriklacrosse,main
Baya Systems,greenhouse,bayasystems,main
BAYADA Home Health Care,greenhouse,bayada,main
BBPOS Limited,greenhouse,bbposlimited,main
BBYO,greenhouse,bbyo,main
BCC - LH,greenhouse,bccnihlh,main
BCC-NIH,greenhouse,bcc,main
BCom,greenhouse,bcomsolutions,main
BCS,greenhouse,bcscareers,main
BDA,greenhouse,bdainc,main
Beacon Biosignals,greenhouse,beaconbiosignals,main
BEAM for Summer Roles,greenhouse,beamsummer,main
Beam Healthcare,greenhouse,beamhealthcare,main
Beam Therapeutics,greenhouse,beamtherapeutics,main
Bearing,greenhouse,bearing,main
"Beatbox Beverages, LLC",greenhouse,beatboxbeveragesllc,main
Beauhurst,greenhouse,beauhurst,main
Beautiful.ai,greenhouse,beautifulai,main
Becket Community Services,greenhouse,bcs,main
BEDI Partnerships,greenhouse,udemybedi,main
Bedrock Academy,greenhouse,bedrockacademy,main
Bee Genius,greenhouse,beegenius,main
Beeline Medicines,greenhouse,beelinemedicines,main
BEES,greenhouse,bees,main
Behavox,greenhouse,behavox,main
BELLA+CANVAS,greenhouse,bellacanvas,main
Bellroy,greenhouse,bellroy,main
Belltower Fund Group,greenhouse,belltowerfundgroup,main
Belmont Charter Network,greenhouse,belmontcharternetwork,main
Beltsville Veterinary Hospital,greenhouse,beltsvilleveterinaryhospital,main
Benchmark Physical Therapy,greenhouse,benchmarkpt,main
BenchPrep,greenhouse,benchprep,main
Benesch,greenhouse,alfredbeneschco,main
Bennie,greenhouse,bennie,main
Berkadia,greenhouse,berkadia,main
Berlin Brands Group SK,greenhouse,berlinbrandssk,main
Berlin City Auto Group,greenhouse,berlincity,main
Berlin Packaging,greenhouse,berlinpackaging,main
BerlinRosen,greenhouse,berlinrosen,main
Bertke Electric,greenhouse,bertkeasp,main
Bertram Capital Management,greenhouse,bertramcapitalmanagement,main
BES Fellowship and School Leadership Opportunities,greenhouse,besfellowship,main
Bessemer Venture Partners,greenhouse,bessemerventurepartners,main
Bessemer Venture Partners - Analyst Program,greenhouse,bvpanalyst,main
Best Care Pet Hospital,greenhouse,bestcare,main
Best Version Media,greenhouse,bestversionmedia,main
BETA Technologies,greenhouse,betatechnologiesinc,main
Bethesda Health Group,greenhouse,bethesdahealthgroup,main
Bethesda Physical Therapy,greenhouse,bethesda,main
Betsson Group,greenhouse,betsson,main
Betsson Group Data Privacy,greenhouse,consent,main
BetterHelp,greenhouse,betterhelp,main
BetterHelp,greenhouse,betterhelpcom,main
Betterment,greenhouse,betterment,main
Betting Hero,greenhouse,bettinghero,main
Betty,greenhouse,bettyjobboard,main
Bevi,greenhouse,bevicareers,main
Bevlab Animal Hospital,greenhouse,bevlabvet,main
Beyond,greenhouse,beyond,main
Beyond Finance,greenhouse,beyondfinance,main
Beyond Mission Capable Solutions LLC,greenhouse,beyondmissioncapablesolutionsllc,main
BeyondTrust,greenhouse,beyondtrust,main
Bezos Academy,greenhouse,day1academies,main
BGBx,greenhouse,bgbx,main
BGE Inc.  Campus Recruiting,greenhouse,bgeinccampus,main
"BGE, Inc",greenhouse,bgeinc,main
BGW,greenhouse,bgw,main
Bicycle Health,greenhouse,bicyclehealth,main
Bidease,greenhouse,bidease,main
BidMachine,greenhouse,bidmachine,main
BiggsKofford,greenhouse,biggskofford,main
BigID,greenhouse,bigid,main
BILL,greenhouse,billcom,main
BillionToOne,greenhouse,billiontoone,main
Billtrust US Careers,greenhouse,billtrust,main
Biofourmis,greenhouse,biofourmis,main
Biohub,greenhouse,biohub,main
BioMed Realty,greenhouse,biomedrealty,main
biomodal,greenhouse,biomodal,main
Biosphere,greenhouse,biosphere,main
Birch Hill - Harvard University,greenhouse,harvard,main
Bird,greenhouse,bird,main
Birdy Grey,greenhouse,birdygrey,main
Birgo,greenhouse,birgo,main
Bishop Fox,greenhouse,bishopfox,main
Bitcoin Depot,greenhouse,bitcoindepot,main
Bitfocus,greenhouse,bitfocus,main
BitGo,greenhouse,bitgo,main
BitGo Campaigns,greenhouse,growth,main
BITKRAFT Ventures,greenhouse,bitkraft,main
Bitly Inc.,greenhouse,bitly,main
Bitmovin,greenhouse,bitmovin,main
Bitso,greenhouse,bitso,main
Bitwage,greenhouse,bitwage,main
Bitwarden,greenhouse,bitwarden,main
Black Canyon Consulting,greenhouse,blackcanyonconsulting,main
"Black Duck Software, Inc.",greenhouse,blackduck,main
Black Forest Labs,greenhouse,blackforestlabs,main
Blackbird Health,greenhouse,blackbirdhealth,main
BlackEdge Capital,greenhouse,blackedgecapital,main
BLACKLANE,greenhouse,blacklane,main
BlackSky,greenhouse,blacksky,main
Blackthorn.io,greenhouse,blackthorn,main
Blank Street,greenhouse,blankstreet,main
BlastPoint,greenhouse,blastpoint,main
Blend,greenhouse,blend,main
Blink Health,greenhouse,blinkhealth,main
Blip,greenhouse,blip,main
Block,greenhouse,block,main
Block Renovation,greenhouse,blockrenovation,main
Blockchain.com,greenhouse,blockchain,main
Blockgraph,greenhouse,blockgraph,main
Bloomberg Philanthropies,greenhouse,bloombergorg,main
Bloomerang,greenhouse,bloomerang,main
Bloomreach,greenhouse,bloomreach,main
Blue Current,greenhouse,bluecurrent,main
Blue Moon Metals,greenhouse,bluemoonmetals,main
Blue River Technology,greenhouse,bluerivertech,main
Blue Rose Research,greenhouse,blueroseresearch,main
Blue Sky Innovators,greenhouse,blueskyinnovators,main
Blue Star Families,greenhouse,bluestarfamilies,main
Blue State,greenhouse,bluestatedigital,main
"Blue Valley Heating, Cooling & Plumbing",greenhouse,bluevalley,main
Blue Water Thinking,greenhouse,bluewaterthinking,main
Blue Wireless,greenhouse,bluewireless,main
BlueConic,greenhouse,blueconic,main
Bluefish AI,greenhouse,bluefishai,main
"BlueLabs, Inc.",greenhouse,bluelabsanalyticsinc,main
Blueprint Internal,greenhouse,blueprintinternal,main
"Blueprint Medicines, a Sanofi company",greenhouse,blueprintmedicines,main
Blueprint Technologies,greenhouse,bpcs,main
BlueSky Telepsych,greenhouse,blueskytelepsych,main
Bluestaq US,greenhouse,bluestaq,main
Bluestone Physician Services,greenhouse,bluestone,main
Bluevine - India,greenhouse,bluevineindia,main
Bluevine - US,greenhouse,bluevineus,main
Blumira,greenhouse,blumira,main
Blytheco,greenhouse,blytheco,main
BME,greenhouse,bmeasp,main
BME Inc.,greenhouse,bme,main
BMG Money,greenhouse,bmgmoney,main
BMNT,greenhouse,bmnt,main
bob,greenhouse,bob,main
Bobbie,greenhouse,bobbie,main
Bobtail,greenhouse,bobtail,main
Boingo,greenhouse,boingo,main
Boku,greenhouse,boku,main
bol.com EN,greenhouse,bolcomen,main
Bold Careers,greenhouse,bold,main
Boldly,greenhouse,boldly,main
Bolo AI,greenhouse,boloai,main
Bolster,greenhouse,bolster,main
Bolt.new,greenhouse,stackblitz,main
BoltWise,greenhouse,applytoboltwise,main
Bombas,greenhouse,bombas,main
Bombora,greenhouse,bombora,main
Bond Vet,greenhouse,bondvet,main
Bondora,greenhouse,bondora,main
Boom Entertainment,greenhouse,boomentertainment,main
Boomi,greenhouse,boomilp,main
Boostlingo,greenhouse,boostlingo,main
Bosa Properties Inc.,greenhouse,bosapropertiesinc,main
Bot Auto,greenhouse,botauto,main
Bottomline,greenhouse,bottomlinetechnologies,main
Boulder Care,greenhouse,bouldercare,main
Boulevard,greenhouse,boulevard,main
Bovenizer & Baker Orthodontics,greenhouse,bovenizerandbakerorthodontics,main
BOWA,greenhouse,bowa,main
Box,greenhouse,boxinc,main
Boxxe Group,greenhouse,boxxe,main
Bozzuto,greenhouse,bozzuto,main
BPD,greenhouse,bpd,main
BR,greenhouse,independent,main
Bracebridge Capital,greenhouse,bracebridgecapital,main
Brady Services,greenhouse,brady,main
Braeburn,greenhouse,braeburn,main
Brain Corp,greenhouse,braincorporation,main
Brainlabs,greenhouse,brainlabs,main
Brainloop,greenhouse,brainloop,main
BrainPOP,greenhouse,brainpop,main
BrainRocket,greenhouse,brainrocketltd,main
BrainStation,greenhouse,brainstation,main
Braintrust Tutors,greenhouse,braintrusttutors,main
Branch,greenhouse,branch,main
Branch Metrics,greenhouse,branchmetrics,main
Brand New School,greenhouse,brandnewschool,main
Brandermill Animal Hospital,greenhouse,brandermillanimalhospital,main
Brandfolder,greenhouse,brandfolder,main
Brandon J. Broderick,greenhouse,brandonjbroderick,main
Brandtech+,greenhouse,brandtechplus,main
Brandwatch,greenhouse,brandwatch,main
Braskem,greenhouse,braskem,main
Brave,greenhouse,brave,main
BRAVO - A Cooperative Company,greenhouse,bravo,main
Braze,greenhouse,braze,main
Breakthrough Energy,greenhouse,breakthroughenergy,main
Breeze,greenhouse,breezecash,main
Breeze Airways™,greenhouse,breezeairways,main
Breezeway,greenhouse,breezeway,main
Brennan Industries,greenhouse,brennan,main
Brevium,greenhouse,brevium,main
Brex,greenhouse,brex,main
Brick,greenhouse,getbrick,main
Bridge to Enter Advanced Mathematics (BEAM),greenhouse,beam,main
BridgeBio Pharma,greenhouse,bridgebio,main
Bridgewater Associates,greenhouse,bridgewater89,main
Bridgewater Associates LP,greenhouse,bwaltpostings,main
Bright Network,greenhouse,brightnetwork,main
BrightAI,greenhouse,brightai1,main
BrightAI Corporation,greenhouse,brightai,main
Brightcore Energy,greenhouse,brightcoreenergy,main
Brighthaven,greenhouse,brighthavencommunities,main
BrightHire,greenhouse,brighthire,main
Brightidea,greenhouse,brightidea,main
Brightmode,greenhouse,brightmode,main
BrightSign,greenhouse,brightsign,main
Brightstone Therapy,greenhouse,brightstonetherapy,main
Brilla Schools,greenhouse,brillapubliccharterschools,main
Brilliant Earth,greenhouse,brilliantearth,main
Bringg,greenhouse,bringg,main
Brinqa,greenhouse,brinqa,main
Britive,greenhouse,britive,main
Broad River Animal Hospital,greenhouse,broadriver,main
Broadsign Careers,greenhouse,broadsign,main
Broadvoice,greenhouse,broadvoice,main
Broadway Ventures,greenhouse,broadwayventures,main
Broadway Veterinary Clinic,greenhouse,broadway,main
Brooke Charter Schools,greenhouse,brookecharterschools,main
Brooklinen,greenhouse,brooklinen,main
Brooklyn Sports & Entertainment,greenhouse,bseglobal,main
BRPH,greenhouse,brph,main
Brunswick Group,greenhouse,brunswickgroup,main
BRUNT Workwear,greenhouse,bruntworkwear,main
Bryant Park Consulting,greenhouse,bryantparkconsulting,main
bswift,greenhouse,bswift,main
BTG Pactual,greenhouse,btgpactual,main
BTIG,greenhouse,btig27,main
Bubble Skincare,greenhouse,bubbleskincare,main
Buck Creek Veterinary Clinic,greenhouse,buckcreekvet,main
Buckeystown Veterinary Hospital,greenhouse,buckeystownveterinaryhospital,main
Buckner International,greenhouse,bucknerinternational,main
Buckner Retirement Services,greenhouse,brscorporate,main
Budderfly,greenhouse,budderfly,main
Bugcrowd,greenhouse,bugcrowd,main
Builder.io,greenhouse,builder,main
Builders at Gigs,greenhouse,engineeringatgigs,main
Buildkite,greenhouse,buildkite,main
BuildOps,greenhouse,buildops,main
Built In,greenhouse,builtin,main
Built Technologies,greenhouse,getbuilt,main
BuiltIn Integration Sandbox,greenhouse,builtinintegrationsandbox,main
BuiltInBoston,greenhouse,builtinboston,main
Bullis Charter School,greenhouse,bullischarterschool,main
Buncha,greenhouse,buncha,main
Bungie,greenhouse,bungie,main
Burris Logistics,greenhouse,burrislogistics,main
Burson,greenhouse,bursonglobalcareers,main
Business Insider,greenhouse,insider,main
Businessolver,greenhouse,businessolver,main
Butlr,greenhouse,butlr,main
Butterfly Network,greenhouse,butterflynetwork,main
Butternut Box,greenhouse,butternutbox,main
Buutti CodeMatch,greenhouse,codematch,main
"Buyers Edge Platform, LLC",greenhouse,buyersedgeplatformrecruiting,main
Buynomics,greenhouse,buynomics,main
Buzz Solutions,greenhouse,buzzsolutions,main
BVNK,greenhouse,bvnk,main
BW,greenhouse,bw,main
By the Bay Health,greenhouse,bythebayhealth,main
Bybit,greenhouse,bybit,main
BYD North America,greenhouse,byd,main
ByHeart,greenhouse,byheart,main
C+C,greenhouse,colehourcoheninc,main
C. C. Veterinary Hospital,greenhouse,columbiacityvet,main
C.A. Fortune,greenhouse,cafortune,main
C3 AI,greenhouse,c3iot,main
C3 AI Ascend Internship Program: Summer 2026,greenhouse,c3ascend,main
C3 Integrated Solutions,greenhouse,c3integratedsolutions,main
C3EL,greenhouse,c3el,main
Cabify,greenhouse,cabify,main
Caddell Construction,greenhouse,caddellconstruction,main
Cadence Health,greenhouse,cadencehealth,main
Cadre Hospice,greenhouse,cadrehospice,main
Cadwell,greenhouse,cadwell,main
CAIS,greenhouse,cais,main
Cajal Therapeutics,greenhouse,cajal-tx,main
Cake,greenhouse,cakeai,main
Cala Health,greenhouse,calahealth,main
Calendly,greenhouse,calendly,main
Caliber,greenhouse,caliber,main
Caliber Healthcare Solutions,greenhouse,caliberhealth,main
Calico,greenhouse,calicolabs,main
Calif,greenhouse,calif,main
California Academy of Sciences,greenhouse,californiaacademyofsciences,main
CALIFORNIA AUTISM CENTER,greenhouse,californiaautismcenter,main
California Psychics,greenhouse,californiapsychics,main
CallRail,greenhouse,callrail,main
Calm.com,greenhouse,calm,main
Calusa Veterinary Center,greenhouse,calusavet,main
Calyxo,greenhouse,calyxo,main
Cambridge Mobile Telematics,greenhouse,cambridgemobiletelematics,main
Cameo,greenhouse,cameo,main
CAMP,greenhouse,camp,main
Campbell Ewald,greenhouse,ce,main
Campminder,greenhouse,campminder,main
Campus CTC - LinkedIn,greenhouse,chicagotradingcampushiring,main
Candid,greenhouse,candid,main
Candidaturas Direcionadas,greenhouse,candidaturasdirecionadasxpinc,main
Candidly,greenhouse,candidly,main
Cannabis & Glass,greenhouse,cannabisandglass,main
CannonDesign,greenhouse,cannondesign,main
Canonical,greenhouse,canonical,main
Canopy,greenhouse,canopytax,main
Canopy,greenhouse,canopycare,main
Canopy Connect,greenhouse,canopyconnect,main
Canto,greenhouse,canto,main
Capco,greenhouse,capco,main
Capella,greenhouse,capellaspace,main
Capgemini Invent,greenhouse,capgeminideutschlandgmbh,main
CapIntel,greenhouse,capintel,main
Capital on Tap,greenhouse,capitalontap,main
Capital Technology Group,greenhouse,capitaltg,main
Capitalize,greenhouse,capitalize,main
Capitolis,greenhouse,capitolis,main
capSpire - Canada,greenhouse,canada1,main
Capstone Investment Advisors,greenhouse,capstoneinvestmentadvisors,main
Captivation Software,greenhouse,captivation,main
CaptiveAire,greenhouse,captiveaire,main
Carbon Direct,greenhouse,carbondirect,main
Carbon Robotics,greenhouse,carbonrobotics,main
"Carbon, Inc.",greenhouse,carbon,main
CarbonChain,greenhouse,carbonchain,main
Carbonfuture,greenhouse,carbonfuture,main
Cardata,greenhouse,cardata,main
CardFlight,greenhouse,cardflight,main
Care Access,greenhouse,careaccess,main
Care Dimensions,greenhouse,caredimensions,main
"CareDx, Inc.",greenhouse,caredxinc,main
Career Team,greenhouse,careerteam,main
Career Team Enterprises,greenhouse,cteph,main
Careers at Eucalyptus,greenhouse,eucalyptus,main
Careers at GTCR,greenhouse,gtcr,main
Careers at Kokua,greenhouse,careersatkokua,main
Careers at Libra Group,greenhouse,thelibragroup,main
Careers at Lineate,greenhouse,lineate,main
CAREERS AT NLC,greenhouse,nlcventures,main
Careers at Tide,greenhouse,tide,main
CareerVillage.org,greenhouse,careervillage,main
Carefeed,greenhouse,carefeed,main
Cargomatic,greenhouse,cargomatic,main
Cargoo,greenhouse,cargoo,main
CarGurus,greenhouse,cargurus,main
"Caribou Biosciences, Inc.",greenhouse,cariboubiosciencesinc,main
Caribou Financial,greenhouse,caribou,main
Caring Hands Animal Hospital - Alexandria,greenhouse,chalexandria,main
Caring Hands Animal Hospital - Arlington,greenhouse,charlington,main
Caring Hands Animal Hospital - Ashburn,greenhouse,chashburn,main
Caring Hands Animal Hospital - Rockville,greenhouse,chrockville,main
"Carolina Title Loans, Inc",greenhouse,carolinatitleloansinc,main
CarOnSale,greenhouse,caronsale,main
Carr Allison,greenhouse,carrallison,main
Carrot,greenhouse,carrotfertility,main
Carta,greenhouse,carta,main
Carta Healthcare,greenhouse,cartahealthcare,main
Cartesian Systems,greenhouse,cartesiansystems,main
Carvana,greenhouse,carvana,main
Casa,greenhouse,casa,main
Casago,greenhouse,casago,main
Cascade Financial Services,greenhouse,cascadeloans,main
CASE Agency,greenhouse,caseagency,main
"CASE Management Consulting, LLC",greenhouse,casemanagementconsulting,main
Case Status,greenhouse,casestatus,main
Casechek,greenhouse,casechek,main
CaseGuard,greenhouse,caseguard,main
CASETiFY,greenhouse,casetify,main
Cash Cow - Louisiana,greenhouse,cashcowlouisiana,main
Cast AI,greenhouse,castaigroupinc,main
Castle Brook Academy,greenhouse,castlebrook,main
Castle Hill Academy,greenhouse,castlehill,main
Castlery,greenhouse,castlery,main
Cat Daddy,greenhouse,catdaddy,main
Catamount Constructors,greenhouse,catamountconstructors,main
Catapult Sports,greenhouse,catapultsports,main
Cataract Institute of Oklahoma,greenhouse,cio,main
"Catch Creation, LLC",greenhouse,catchcreationllc,main
Catena Clearing,greenhouse,catenaclearing,main
Cato Networks,greenhouse,catonetworks,main
Cattaneo Zanetto Pomposo Co.,greenhouse,cattaneozanetto,main
Caylent,greenhouse,caylent,main
Cayuse,greenhouse,cayuse,main
CB Insights,greenhouse,cbinsights,main
CB4,greenhouse,cb4,main
CBCS,greenhouse,cbcs,main
CBEM LLC,greenhouse,cbemllc,main
cBEYONData + SMX,greenhouse,ess,main
CCOF,greenhouse,ccof,main
"CCS, Corporate",greenhouse,ccscorpcareers,main
Cedar,greenhouse,careportalinc,main
Cedar Rapids Prep,greenhouse,cedarrapidsprep,main
Celigo,greenhouse,celigo,main
Cell Signaling Technology,greenhouse,cellsignalingtechnology79,main
Cellanome,greenhouse,cellanome,main
Celonis,greenhouse,celonis,main
Censys,greenhouse,censys,main
Centennial Real Estate Company LLC,greenhouse,centennial,main
Center for Audit Quality,greenhouse,centerforauditquality,main
Center for Employment Opportunities,greenhouse,centerforemploymentopportunities,main
Center for Physical Therapy and Exercise (CPTE),greenhouse,centerforphysicaltherapyandexercise,main
"Centessa Pharmaceuticals, LLC",greenhouse,centessapharmaceuticalsinc,main
Central California Alliance for Health,greenhouse,ccah,main
Central California Alliance for Health (Remote),greenhouse,ccahremote,main
CentralReach,greenhouse,centralreach,main
Centri Business Consulting,greenhouse,centribusinessconsulting,main
Centria Autism,greenhouse,centriaautism,main
Centria Healthcare,greenhouse,centriahealthcare,main
Centrum Health,greenhouse,centrumhealth,main
Cerebral,greenhouse,cerebral,main
"Ceribell, Inc",greenhouse,ceribell,main
Ceros,greenhouse,ceros,main
Cerula Care,greenhouse,cerulacare,main
CFM,greenhouse,cfm,main
CGC,greenhouse,cgc,main
CGS (Computer Generated Solutions Inc.),greenhouse,computergeneratedsolutions,main
Chainguard,greenhouse,chainguard,main
ChalkBooks,greenhouse,applytochalkbooks,main
Challenge Manufacturing,greenhouse,challengemfgcompany,main
Champion & Nash HVAC,greenhouse,championnashhvac,main
Chan Zuckerberg Initiative,greenhouse,chanzuckerberginitiative,main
CHAOS Industries,greenhouse,chaosindustries,main
Chaparral Medical Group,greenhouse,chaparralmedicalgroup,main
Char Network,greenhouse,charnetwork,main
ChargePoint,greenhouse,chargepoint,main
Chariot Energy,greenhouse,chariotenergy,main
charles,greenhouse,charles,main
Charles River Analytics,greenhouse,charlesriveranalytics90,main
Charles River Associates,greenhouse,charlesriverassociates,main
Charles River Associates - Private,greenhouse,mbarecruitingcra,main
Charleys,greenhouse,charleys,main
Charlie Health,greenhouse,charliehealth,main
Charlie Health Behavioral Health Operations,greenhouse,charliehealthbehavioralhealthoperations,main
"Charlie Health Engineering, Product & Design",greenhouse,charliehealthepd,main
Charlie Health Internal Candidates,greenhouse,charliehealthinternalcandidates,main
"Chartbeat, Inc.",greenhouse,chartbeatinc,main
Chartboost,greenhouse,chartboost,main
CharterUP,greenhouse,charterup,main
Chase Center,greenhouse,chasecenter,main
Checkbook,greenhouse,checkbook,main
Checkr,greenhouse,checkr,main
Cheddar,greenhouse,cheddar,main
Chefman,greenhouse,chefman,main
Cherry,greenhouse,cherry,main
Chessie Lane Animal Hospital,greenhouse,chessielanevet,main
Chester Community Charter School,greenhouse,chestercommunitycharterschool,main
Chicago Public Media,greenhouse,cpm,main
Children's World,greenhouse,childrensworld,main
"Chime Financial, Inc",greenhouse,chime,main
Chomps,greenhouse,chompscareers,main
Choreo,greenhouse,choreo,main
Chorus Innovations,greenhouse,chorusinnovations,main
Chowbus,greenhouse,chowbus,main
Christ Fellowship,greenhouse,christfellowship,main
Christian Care Ministry,greenhouse,christiancareministry,main
Chrome Industries,greenhouse,chromeindustries,main
Chronograph,greenhouse,chronograph,main
CI Azumano,greenhouse,ciazumano,main
Cialfo,greenhouse,cialfo,main
Cie,greenhouse,cie,main
Cincinnati Eye Institute,greenhouse,cei,main
CipherHealth,greenhouse,cipherhealth,main
CIQ,greenhouse,ciq,main
Circ,greenhouse,circ,main
Circa - IPG DXTRA,greenhouse,dxacirca,main
Circle.so,greenhouse,circleso,main
CircleCI,greenhouse,circleci,main
"Cirkul, Inc",greenhouse,cirkul,main
Cision,greenhouse,cision,main
Citian,greenhouse,citian,main
"Citrus Health Group, Inc",greenhouse,citrushealthgroup,main
City Beauty,greenhouse,citybeauty,main
CIV,greenhouse,civ,main
Civil Science,greenhouse,civilscience,main
Civis Analytics,greenhouse,civisanalytics,main
Civitas Learning,greenhouse,civitaslearning,main
Clariness,greenhouse,clariness,main
Claritas Rx,greenhouse,claritasrx,main
Clarity AI,greenhouse,clarityai,main
Clarity Innovations,greenhouse,clarityinnovates,main
Clarkson Eyecare,greenhouse,clarksoneyecare,main
Clarkson Eyecare Georgia,greenhouse,eyeelements,main
Claros,greenhouse,claros,main
ClassApp,greenhouse,classapp,main
ClassPass,greenhouse,classpass,main
Claude Corps,greenhouse,claudecorps,main
Clean Laundry,greenhouse,cleanlaundry,main
Clean Simple Eats,greenhouse,cleansimpleeats,main
CLEAR - Corporate,greenhouse,clear,main
CLEAR - Field,greenhouse,clearfield,main
Clear Path For Veterans,greenhouse,clearpathforveterans,main
Clear Street,greenhouse,clearstreet,main
Clear Tech,greenhouse,cleartech,main
"Clearlink Technologies, LLC",greenhouse,clearlinktechnologiesllc,main
ClearView Healthcare Partners,greenhouse,clearviewhealthcarepartners,main
Clearway Energy,greenhouse,clearwayjobs,main
Clearway Group,greenhouse,clearway,main
Cleerly,greenhouse,cleerlyhealth,main
Cleo (India),greenhouse,cleoindia,main
Cleo (US),greenhouse,cleo,main
Clerkie,greenhouse,clerkie,main
Cleveland Guardians - Baseball Operations,greenhouse,clevelandguardiansbops,main
Clever,greenhouse,clever,main
Click Therapeutics,greenhouse,clicktherapeutics,main
ClickHouse,greenhouse,clickhouse,main
Clickstop,greenhouse,clickstop,main
Climate Cabinet,greenhouse,climatecabinet,main
Climate Corps,greenhouse,cc,main
Climate First Bank,greenhouse,climatefirstbank,main
ClimateAi,greenhouse,climateai,main
ClimateBase,greenhouse,climatebase,main
ClinChoice,greenhouse,clinchoice,main
Cline,greenhouse,cline,main
Clinical Architecture,greenhouse,clinicalarchitecture,main
Clinical Careers Page,greenhouse,cerebralgoogle,main
Clinton Foundation,greenhouse,clintonfoundation,main
Clockwork.io,greenhouse,clockworksystems,main
Closure Technologies,greenhouse,closure-tech,main
Cloud Chamber,greenhouse,cloudchamberen,main
Cloud Chamber Montreal,greenhouse,cloudchamberfr,main
Cloudbeds,greenhouse,cloudbeds,main
Cloudflare,greenhouse,cloudflare,main
Cloudflare Events,greenhouse,careersday,main
CloudKitchens,greenhouse,css,main
CloudSEK,greenhouse,cloudsek,main
Clover Health,greenhouse,cloverhealth,main
Cloverly,greenhouse,cloverly,main
Club Monaco,greenhouse,clubmonaco,main
Clutch Technologies Inc.,greenhouse,clutch,main
CLV,greenhouse,clv,main
"Clēnera, LLC",greenhouse,clenera,main
cm4all,greenhouse,cm4all,main
CMF by Nothing,greenhouse,cmf,main
CMTelematics,greenhouse,cmt,main
Co-Active Training Institute,greenhouse,coactive,main
Co-Ops at New York ISO,greenhouse,nyisocoops,main
"Coalition, Inc.",greenhouse,coalition,main
Coast,greenhouse,coast,main
Coast Energy,greenhouse,coastenergy,main
Cobalt,greenhouse,cobaltio,main
Cobalt Service Partners,greenhouse,cobaltservicepartners,main
"Cobblestone Energy -  Dubai, UAE.",greenhouse,cobblestoneenergy4,main
"Cobblestone Energy,  Dubai - UAE.",greenhouse,cobblestoneenergy1,main
Cobre,greenhouse,cobre,main
Cochran,greenhouse,cochranengineering,main
Cockroach Labs,greenhouse,cockroachlabs,main
Cocoon,greenhouse,cocoon,main
Codal,greenhouse,codalinc,main
Code and Theory,greenhouse,codeandtheory,main
Code for America,greenhouse,codeforamerica,main
Code.org,greenhouse,codeorg,main
Code3,greenhouse,code3,main
CodeBlack,greenhouse,codeblack,main
CodePath,greenhouse,codepath,main
Coefficient,greenhouse,coefficient,main
Cofertility,greenhouse,cofertility,main
Cogent Biosciences,greenhouse,cogentbiosciences,main
Cognism,greenhouse,cognism,main
Cognite - AI for Industry,greenhouse,cognite,main
Cognitiv,greenhouse,cognitiv,main
Cognito Therapeutics,greenhouse,cognitotherapeutics,main
Cogstate,greenhouse,cogstateinc,main
Cohere Health,greenhouse,coherehealth,main
Coherent Solutions,greenhouse,coherentsolutions,main
Coherus Oncology,greenhouse,coherusbiosciences,main
Coinbase,greenhouse,coinbase,main
Coinme,greenhouse,coinme,main
CoLab Software,greenhouse,colabsoftware,main
Coldwater Veterinary Hospital,greenhouse,coldwater,main
Colla Health,greenhouse,collahealth,main
Collective Health,greenhouse,collectivehealth,main
Collectively,greenhouse,collectively,main
College Recruitment,greenhouse,hogwarts,main
College Track,greenhouse,collegetrack,main
Collegium Pharmaceutical,greenhouse,collegiumpharma,main
Collibra,greenhouse,collibra,main
Colombia,greenhouse,colombia,main
Colonial Gateway Veterinary Center,greenhouse,colonialgatewayveterinarycenter,main
Colorado,greenhouse,colorado,main
Colossal Biosciences,greenhouse,colossalbiosciences,main
Columbus Arts and Technology Academy,greenhouse,cata,main
Columbus Bilingual Academy North,greenhouse,columbusbilingualacademynorth,main
Columbus Bilingual West,greenhouse,columbusbilingualwest,main
"Columbus Humanities, Arts, and Technology Academy",greenhouse,chata,main
Columbus Ophthalmology Associates,greenhouse,coa,main
Comet,greenhouse,comet,main
CommerceIQ,greenhouse,commerceiq,main
commercetools,greenhouse,commercetools,main
Commercial Real Estate Company,greenhouse,commercialrealestatecompany,main
Common Thread Collective,greenhouse,commonthreadcollective,main
Communities United for Police Reform,greenhouse,changethenypd,main
Community Food Funders,greenhouse,cff,main
Commvault,greenhouse,commvault,main
Company,greenhouse,company,main
CompanyCam,greenhouse,companycam,main
Compass Health Center,greenhouse,compasshealthcenter,main
Compass Pathways,greenhouse,compasspathways,main
Compeer Financial,greenhouse,compeerfinancial,main
Compliancy Group LLC.,greenhouse,compliancygroupllc,main
ComplyAdvantage,greenhouse,complyadvantage,main
CompTech Computer Technologies,greenhouse,comptechcomputertechnologies,main
"CompuNet, Inc.",greenhouse,compunetinc,main
Comstock,greenhouse,comstock,main
Concentric,greenhouse,concentric,main
Concentric Advisors,greenhouse,concentricadvisors,main
Concert Health,greenhouse,concerthealth,main
Coney Island Prep,greenhouse,coneyislandprep,main
Conga,greenhouse,conga,main
Connecteam,greenhouse,connecteam,main
Connected Careers Page,greenhouse,connectedcannabis,main
Connected Internal Job Board,greenhouse,connectedcannabisco,main
Connections Health Solutions,greenhouse,connectionshealthsolutions,main
Conner Strong & Buckelew,greenhouse,connerstrongbuckelew,main
"Connor, Clark & Lunn Funds Inc.",greenhouse,funds,main
Conquer,greenhouse,conquer,main
Consensys,greenhouse,consensys,main
Constant Contact,greenhouse,constantcontact,main
Constellation Schools,greenhouse,constellationschools,main
"Constellation Software, Inc.",greenhouse,constellationsoftwareinc,main
Constrafor,greenhouse,constrafor,main
Construction Resources,greenhouse,constructionresources,main
Consumer Edge,greenhouse,consumeredge,main
Consumer Reports,greenhouse,consumerreports,main
ContactMonkey,greenhouse,contactmonkey,main
Contentful,greenhouse,contentful,main
Contentstack,greenhouse,contentstack,main
Contractor Jobs at Airbnb,greenhouse,contractorjobs,main
Convelo Insurance Group,greenhouse,convelocareers,main
Convene,greenhouse,convene,main
ConvenientMD,greenhouse,convenientmd,main
Convera,greenhouse,convera,main
Converted Board Dana,greenhouse,converted,main
Conviva,greenhouse,conviva,main
Convoso,greenhouse,convoso,main
Cook Systems,greenhouse,cooksys,main
CookUnity,greenhouse,cookunity,main
Cool Willy's,greenhouse,coolwillys,main
Copia Power,greenhouse,copiapower,main
Copper,greenhouse,copperhome,main
Copperstate Farms,greenhouse,copperstatefarms,main
Coras,greenhouse,corasps,main
Corcept Therapeutics,greenhouse,corcepttherapeutics,main
Cordance,greenhouse,cordance,main
Cordell & Cordell,greenhouse,cordellcordell,main
Cordial Experience Inc.,greenhouse,cordial81,main
Core One,greenhouse,coreone,main
CorePilot,greenhouse,corepilot,main
CoreStory,greenhouse,corestory,main
Coretelligent,greenhouse,coretelligent,main
CoreTrust Purchasing Group,greenhouse,coretrustpurchasinggroupllc,main
CoreWeave,greenhouse,coreweave,main
CoreWeave Europe,greenhouse,coreweaveu,main
"Cornerstone Wireless, LLC.",greenhouse,csw,main
Corporate Synergies,greenhouse,corpsyn,main
Correlation One,greenhouse,correlationone,main
Correlation One Expert Network,greenhouse,expertnetwork,main
Cortex,greenhouse,cortex,main
Cortica,greenhouse,cortica,main
Cortica - Neurodevelopmental,greenhouse,allcareers,main
Cortland,greenhouse,cortland,main
Corvee,greenhouse,corvee,main
"Corvias Corporate Services, LLC",greenhouse,corviascorporateservicesllc,main
Cosmos Labs,greenhouse,cosmoslabs,main
Cosse & Silmon Orthodontics,greenhouse,cosseandsilmonorthodontics,main
COTE Miami,greenhouse,cotemiami,main
COTE NYC,greenhouse,cotenyc,main
COTE Vegas,greenhouse,cotevegas,main
Coterie Insurance,greenhouse,coterieinsurance,main
Cottingham & Butler,greenhouse,cottinghambutlerinsuranceservicesinc,main
Cottonwood Residential,greenhouse,cottonwoodresidential,main
Cotulla Education,greenhouse,cotullaeducation,main
"Couchbase, Inc.",greenhouse,couchbaseinc,main
Counterpart,greenhouse,counterpart,main
Counterpart Health,greenhouse,counterparthealth,main
Countryside Veterinary Hospital,greenhouse,countryside,main
Coupang,greenhouse,coupang,main
Coupang Internal,greenhouse,coupanginternal,main
Courier Health,greenhouse,courierhealth,main
Course Hero,greenhouse,coursehero,main
Coursemojo,greenhouse,coursemojo,main
Coursera,greenhouse,coursera,main
Coursera Sourcing,greenhouse,sourcingcour,main
CoVar,greenhouse,covar,main
Covariance.ai,greenhouse,covariance,main
Coveo,greenhouse,coveoen,main
Covera Health,greenhouse,coverahealth,main
Cowbell Cyber Inc.,greenhouse,cowbellcyber,main
Co–Star,greenhouse,costar,main
CP Group,greenhouse,cpgroup,main
CPI Security,greenhouse,cpisecurity,main
Craftsman+,greenhouse,craftsman,main
Cranial Technologies,greenhouse,cranialtechnologies,main
Crayon,greenhouse,crayon,main
Creating Behavioral + Educational Momentum,greenhouse,cbem,main
Creation Kingdom,greenhouse,creationkingdom,main
Creative Fabrica,greenhouse,creativefabrica,main
CreativeX,greenhouse,creativex,main
Credible,greenhouse,credible,main
Credit Union of Colorado,greenhouse,creditunionofcolorado,main
Crescendo Health,greenhouse,crescendohealth,main
Crescent,greenhouse,crescent,main
Cresco Labs,greenhouse,crescolabs,main
Cresta,greenhouse,cresta,main
Crestwood Behavioral Health,greenhouse,crestwoodcareers,main
Crexi,greenhouse,crexi,main
Cribl,greenhouse,cribl,main
Crisp,greenhouse,crisp,main
Crisp Recruit,greenhouse,crisprecruit,main
Critical Innovations,greenhouse,criticalinnovations,main
Critical Mass,greenhouse,criticalmass,main
Crooked Media,greenhouse,crookedmedia,main
Cross River,greenhouse,crossriverbank,main
Crossbeam,greenhouse,crossbeam,main
Crossmedia Inc,greenhouse,crossmediainc,main
Crossroads Health,greenhouse,crossroadshealth,main
Crowd Street,greenhouse,crowdstreet,main
Crowell & Moring,greenhouse,crowellmoring,main
Crunchtime,greenhouse,zenput,main
"Crunchyroll, LLC",greenhouse,crunchyroll,main
CSCI Consulting,greenhouse,csciconsulting,main
"CTC Campus - External, Not Advertised",greenhouse,ctccampusboard,main
CTC Campus - Website,greenhouse,chicagotradingcampus,main
"CTC Lateral - External, Not Advertised",greenhouse,chicagotradingreferral,main
CTC Lateral - Website & LinkedIn,greenhouse,chicagotrading,main
CTI,greenhouse,cti,main
CTS,greenhouse,charterts,main
Cubic Motion,greenhouse,cubicmotion,main
CueBox,greenhouse,applytocuebox,main
Culture Amp,greenhouse,cultureamp,main
Culture Biosciences,greenhouse,culturebiosciences,main
Curaleaf,greenhouse,curaleaf,main
Curative,greenhouse,curative,main
Curi Capital,greenhouse,curicapital,main
Current,greenhouse,current81,main
Current,greenhouse,current,main
Current Global,greenhouse,currentglobal,main
Current Media Group,greenhouse,currentcatalog,main
Custom Computer Specialists,greenhouse,customcomputerspecialists,main
Customer.io,greenhouse,customerio,main
Cutover,greenhouse,cutover,main
Cuyana,greenhouse,cuyana,main
CVOnline,greenhouse,cvonline,main
CWE,greenhouse,cwe,main
CyberMedia Technologies,greenhouse,cybermediatechnologies,main
CyberSheath,greenhouse,cybersheath,main
Cycles,greenhouse,cycles,main
Cyclic Materials Inc.,greenhouse,cyclicmaterialsinc,main
CycloKinetics (CleanJoule),greenhouse,cyclokinetics,main
Cylus Cybersecurity,greenhouse,cyluscybersecurity,main
Cymulate,greenhouse,cymulate,main
Cypress.io,greenhouse,cypressio,main
Cyware,greenhouse,cyware,main
D2 Technical Services,greenhouse,d2consulting,main
D2L,greenhouse,d2l,main
D3,greenhouse,d3,main
Da Vinci,greenhouse,davinciderivatives,main
Dagger,greenhouse,dagger,main
Daggerwing Group,greenhouse,daggerwinggroup,main
Dagster Labs,greenhouse,dagsterlabs,main
Dalio Family Office,greenhouse,marinomanagementllc,main
Dante,greenhouse,dante,main
Dark Wolf Solutions,greenhouse,darkwolfsolutions,main
DAS42,greenhouse,das42,main
Dashlane,greenhouse,dashlane,main
DAT,greenhouse,datsolutions,main
Data & Society Research Institute,greenhouse,datasocietyresearchinstitute,main
"Data Systems Analysts, Inc.",greenhouse,datasystemsanalystsinc,main
Databento,greenhouse,databento,main
Databricks,greenhouse,databricks,main
DataCamp,greenhouse,datacamp,main
Datacor,greenhouse,datacor,main
Datadog,greenhouse,datadog,main
DataDome,greenhouse,ddome,main
DataGrail,greenhouse,datagrail,main
DataHub,greenhouse,acryldata,main
Dataiku,greenhouse,dataiku,main
Dataiku Misc Postings,greenhouse,dataikujobs,main
DataKind,greenhouse,datakindinc,main
Datarails,greenhouse,datarails,main
Datavant,greenhouse,datavant2,main
David Zwirner,greenhouse,davidzwirnergallery,main
Davis Development,greenhouse,davisdevelopment,main
Daybreak Health,greenhouse,daybreakhealth,main
Daylight,greenhouse,daylight,main
Daymark Health,greenhouse,daymarkhealth,main
DB E.C.O. North America,greenhouse,dbeconorthamerica,main
DBeaver,greenhouse,dbeaver,main
dbt Labs,greenhouse,dbtlabsinc,main
Dcard,greenhouse,dcard,main
DDB Chicago,greenhouse,ddbchicago,main
Dealpath,greenhouse,dealpath,main
Debt Relief Advocates,greenhouse,dra,main
DebtBook,greenhouse,debtbook,main
Debut Biotech,greenhouse,debutbiotech25,main
DeciBio Consulting,greenhouse,decibio,main
Decima International,greenhouse,decimainternational,main
Decisions,greenhouse,decisions,main
Dedicated IT,greenhouse,dedicatedit,main
DeepIntent,greenhouse,deepintent,main
Deeplocal,greenhouse,deeplocal,main
DeepMind,greenhouse,deepmind,main
Deepwatch,greenhouse,deepwatchinc,main
DEFCON AI,greenhouse,defcon,main
Defense News,greenhouse,defensenewscareers,main
Defense Unicorns,greenhouse,defenseunicorns,main
"Definitive Healthcare, US",greenhouse,definitivehc,main
Degreed,greenhouse,degreed,main
Delart,greenhouse,delartech,main
"Delaware Title Loans, Inc",greenhouse,delawaretitleloansinc,main
DelCor Technology Solutions,greenhouse,delcortechnologysolutions,main
Delfina,greenhouse,delfina,main
Delivery Associates,greenhouse,deliveryassociates,main
Delterra.org,greenhouse,delterra,main
Democorp,greenhouse,example,main
Democracy Forward,greenhouse,democracyforward,main
Democracy Prep Public Schools,greenhouse,democracypreppublicschools,main
DensityAI,greenhouse,densityai,main
Dental365,greenhouse,dental365,main
Denver Broncos and Stadium Management Company,greenhouse,denverbroncosteamllc,main
Deporvillage,greenhouse,deporvillage,main
DEPT®,greenhouse,dept,main
Des Moines Prep,greenhouse,desmoinesprep,main
Descope,greenhouse,descope,main
Descript,greenhouse,descript,main
"Desert Vista Eye Specialist, PC",greenhouse,desertvista,main
Design Pickle,greenhouse,designpickle,main
Designed Conveyor Systems,greenhouse,designedconveyorsystems,main
Destination Canada,greenhouse,destinationcanada,main
Destination Canada (français),greenhouse,destinationcanadafr,main
Detroit Lions,greenhouse,detroitlions,main
Dev Talent Network,greenhouse,devfuturetalent,main
Dev Technology,greenhouse,devtechnology,main
Dev Technology External Referrals,greenhouse,devreferrals,main
Development Seed,greenhouse,developmentseed,main
DevRev,greenhouse,devrev,main
DeVries,greenhouse,devries,main
Dexis,greenhouse,dexisconsultinggroup,main
Dexory,greenhouse,dexory,main
DFINITY,greenhouse,dfinity,main
DFM Development Services LLC,greenhouse,dfmdevelopmentservices,main
DFO Referrals,greenhouse,dforeferrals,main
DH Pace,greenhouse,dhpace,main
"DHI Group, Inc.",greenhouse,dhigroupinc,main
Di Rezze Family Office,greenhouse,dfo,main
Dialectic,greenhouse,dialecticch,main
Dialpad,greenhouse,dialpad,main
Diamondback Plumbing & Cooling,greenhouse,dpc,main
Diana Health,greenhouse,dianahealth94,main
Dianthus Therapeutics,greenhouse,dianthustherapeutics,main
DICE,greenhouse,dicefm-careers,main
DiDi Labs,greenhouse,didi,main
DIG INN Chefs-In-Training,greenhouse,diginnother,main
DIG INN Restaurant Teams,greenhouse,digrestaurants,main
DIG INN Support,greenhouse,diginn,main
Digi Security Systems,greenhouse,digisecuritysystems,main
Digible,greenhouse,digible,main
DigiCert,greenhouse,digicert,main
Digimarc,greenhouse,digimarc,main
Digit,greenhouse,digit,main
Digital Eclipse Entertainment Partners,greenhouse,digitaleclipse,main
Digital Extremes,greenhouse,digitalextremes,main
Digital Hands,greenhouse,digitalhands,main
DigitalBridge,greenhouse,digitalbridge,main
DigitalOcean,greenhouse,digitalocean98,main
Digs,greenhouse,digs,main
Diligent Corporation,greenhouse,diligentcorporation,main
Diligent Robotics,greenhouse,diligentrobotics,main
Diligent Services,greenhouse,diligent,main
DIM,greenhouse,dim,main
Dimagi,greenhouse,dimagi,main
Dinosaur Car Wash,greenhouse,dino,main
"Dirac, Inc.",greenhouse,diracinc,main
DISCO,greenhouse,disco,main
Discord,greenhouse,discord,main
"Dispatch Technologies, Inc",greenhouse,dispatch,main
DistantJob,greenhouse,distantjob,main
DistroKid,greenhouse,distrokid,main
DivcoWest,greenhouse,divcowest,main
Diverge Health,greenhouse,divergehealth,main
Divergent,greenhouse,divergent,main
Divergent (Confidential),greenhouse,dti,main
DiversityJobs,greenhouse,diversityjobs,main
DKatalis,greenhouse,dkatalislabs,main
DKatalis Singapore,greenhouse,dkatalissingapore,main
DLH,greenhouse,dlhcorporation,main
DLH - STRATEGIC OPENINGS,greenhouse,tacnet,main
DLP Bank,greenhouse,dlpbank,main
DLR Group,greenhouse,dlrgroup,main
DMC Engineering - Campus Recruiting,greenhouse,dmcengineering2024,main
dmg events,greenhouse,dmgevents,main
dmg::media,greenhouse,dmgmedia,main
DMSI,greenhouse,dmsi,main
DNSFilter,greenhouse,dnsfilter,main
DOC,greenhouse,danieloconnellssons,main
DocNetwork,greenhouse,docnetwork,main
Doctolib,greenhouse,doctolib,main
Docugami,greenhouse,docugami,main
Documo,greenhouse,documocareers,main
Dodgshun Medlin,greenhouse,dodgshunmedlin,main
DoiT,greenhouse,doitintl,main
Dollar Shave Club,greenhouse,dollarshaveclub,main
Doma Technology LLC,greenhouse,doma,main
Dome Construction Corporation,greenhouse,domeconstruction,main
Domino Data Lab,greenhouse,dominodatalab,main
DonorsChoose,greenhouse,donorschoose,main
DoorDash Australia,greenhouse,doordashaustralia,main
DoorDash Canada,greenhouse,doordashcanada,main
DoorDash High Volume,greenhouse,high-volume,main
DoorDash India,greenhouse,doordashindia,main
DoorDash Mexico,greenhouse,doordashmexico,main
DoorDash Quebec,greenhouse,doordashquebec,main
DoorDash USA,greenhouse,doordashusa,main
Doppel,greenhouse,doppel,main
Dorset Street Animal Hospital,greenhouse,dorset,main
Dorsia,greenhouse,dorsia,main
Dotmatics,greenhouse,dotmatics,main
Dots,greenhouse,dots,main
Double Good,greenhouse,doublegood,main
DoubleVerify,greenhouse,doubleverify,main
Downing Capital Group,greenhouse,downingcapitalgroup,main
Downtown Music,greenhouse,downtownmusic,main
Doxim,greenhouse,doxim,main
Doximity,greenhouse,doximity,main
DQ Technologies,greenhouse,dqt,main
Dr. Richard Izquierdo Health & Science Charter School,greenhouse,drizquierdocharterschools,main
Dr. Squatch,greenhouse,drsquatch,main
Dragos,greenhouse,dragos,main
DRC,greenhouse,drc,main
Dream Games,greenhouse,dreamgames,main
DreaMotion,greenhouse,dreamotion,main
Dreem Health,greenhouse,dreemhealth,main
Dremio,greenhouse,dremio,main
DriveWealth,greenhouse,drivewealth,main
Dropbox,greenhouse,dropbox,main
Droplet,greenhouse,droplet,main
Dropps,greenhouse,dropps,main
Druva,greenhouse,druva,main
DRW,greenhouse,drweng,main
DRW Montreal,greenhouse,drwfr,main
Drybar,greenhouse,drybar,main
Dscout,greenhouse,dscout,main
Dubber,greenhouse,dubber,main
Dublin Veterinary Hospital,greenhouse,dublin,main
Ducera Partners - Experienced Hires,greenhouse,ducerapartners,main
DuckWorks Millwork Solutions,greenhouse,duckworksmillworksolutions,main
Duda,greenhouse,duda,main
Dude Perfect,greenhouse,dudeperfect,main
Duetto Research,greenhouse,duettoresearch,main
Dunn Orthodontics,greenhouse,dunnorthodontics,main
dunnhumby,greenhouse,dunnhumby,main
Duolingo,greenhouse,duolingo,main
Duplicati Inc.,greenhouse,duplicati,main
Durable,greenhouse,durable,main
Dutchie,greenhouse,thedutchie,main
DV Trading,greenhouse,dvtrading,main
dv01,greenhouse,dv01,main
Dwelly,greenhouse,dwelly,main
Dynamic Air Solutions,greenhouse,dynamic-air-solutions,main
"Dynamis, Inc.",greenhouse,dynamisinc,main
Dyne Therapeutics,greenhouse,dynetherapeutics,main
Dyno Therapeutics,greenhouse,dynotherapeutics,main
DYOPATH,greenhouse,dyopath,main
E Tech Group,greenhouse,etechgroup,main
"E-gineering, Inc.",greenhouse,egineering,main
Eames Institute,greenhouse,eamesinstitute,main
"Earli, Inc.",greenhouse,earli,main
Early Learning Academies,greenhouse,ela,main
Early Talent Job Board - Penn Interactive,greenhouse,coop,main
Earnest,greenhouse,earnest,main
EarnIn,greenhouse,earnin,main
East Hampton Veterinary Group,greenhouse,easthampton,main
East Harlem Tutorial Program,greenhouse,eastharlemtutorialprogram,main
Eastern Pennsylvania Veterinary Medical Center,greenhouse,eastern-pennsylvania-veterinary-medical-center,main
Eastland Preparatory Academy,greenhouse,eastlandpreparatoryacademy,main
Easygo,greenhouse,easygo,main
Easyship,greenhouse,easyship,main
EBANX,greenhouse,ebanx,main
ECC,greenhouse,eccintegrator,main
Echodyne Corp,greenhouse,echodynecorp,main
eClinical Solutions,greenhouse,eclinicalsolutions,main
Eclipse,greenhouse,eclipse,main
Eclipse Trading,greenhouse,eclipsetrading,main
ecoATM | Gazelle,greenhouse,ecoatmgazelle,main
ecoworks,greenhouse,ecoworks,main
EDB,greenhouse,edb,main
EdgeConneX,greenhouse,edgeconnex,main
Edged Infrastructure,greenhouse,edged_infrastructure,main
Edgestream,greenhouse,edgestream,main
Edinburgh Animal Hospital,greenhouse,edinburgh,main
Edison,greenhouse,edison,main
Edmentum,greenhouse,edmentum,main
EDO,greenhouse,edo,main
EdReports,greenhouse,edreports,main
Educate!,greenhouse,educate,main
eduMe,greenhouse,edume,main
edX Bootcamps Instructional Engagement (Internal posts ONLY),greenhouse,bootcampinstructionalengagement,main
EEI,greenhouse,eei,main
Effective School Solutions,greenhouse,effectiveschoolsolutions,main
Effectual,greenhouse,effectual,main
Efficient Computer,greenhouse,efficientcomputer,main
Egress,greenhouse,egress,main
Eikon Therapeutics,greenhouse,eikontherapeutics,main
eko,greenhouse,eko,main
Elastic,greenhouse,elastic,main
Elation Health,greenhouse,elationhealth,main
Eldersburg Veterinary Hospital,greenhouse,eldersburgveterinaryhospital,main
Electra,greenhouse,electrasteel,main
Electreon,greenhouse,electreon,main
Electric Hydrogen,greenhouse,eh2,main
Electric Kiwi,greenhouse,electrickiwi,main
Electrosoft,greenhouse,electrosoft,main
Element Biosciences,greenhouse,elementbiosciences,main
Element Critical,greenhouse,elementcritical,main
Element451,greenhouse,element451jobs,main
eLEND,greenhouse,elend,main
Eleos Health,greenhouse,eleoshealth,main
ElevateBio,greenhouse,elevatebio,main
Elevations Credit Union,greenhouse,elevationscreditunion,main
ELEVI Associates,greenhouse,eleviassociates,main
Eliot Community Human Services,greenhouse,eliotcommunityhumanservices,main
Elite Dental Partners,greenhouse,elitedentalpartnersllc,main
"Elite Physical Therapy, Inc.",greenhouse,elite,main
Elite Technology,greenhouse,elitetechnology,main
Ellea Nursing,greenhouse,elleanursing,main
EllieMD,greenhouse,elliemd,main
Elligint Health,greenhouse,elliginthealth,main
elly,greenhouse,elly,main
Elo,greenhouse,elo,main
Elsevier,greenhouse,elsevier,main
Elwood Technologies,greenhouse,elwoodtechnologies,main
eMAG,greenhouse,emag,main
EMARKETER,greenhouse,emarketer,main
Embrace,greenhouse,embrace,main
Embrace our World Orthodontics,greenhouse,embraceourworldortho,main
Emendata,greenhouse,emendata,main
Emergency Veterinary Care Center,greenhouse,evcc,main
Emergent Labs,greenhouse,emergentlabsinc,main
EMI,greenhouse,emi,main
Emigrant Bank,greenhouse,emigrantbank,main
Emigrant Partners,greenhouse,emigrantpartners,main
Emily's Entourage,greenhouse,ee,main
"EMIT Technologies, Inc.",greenhouse,emittechnologiesinc,main
emnify,greenhouse,emnify,main
eMoney Advisor,greenhouse,emoneyadvisor,main
Emplifi,greenhouse,emplifi,main
"Employment Opportunities at BuzzFeed, Inc.",greenhouse,buzzfeed,main
Empower Brands,greenhouse,empowerbrands,main
Empower Pharmacy,greenhouse,empowerpharmacy,main
Emtrain,greenhouse,emtrain,main
Enavate,greenhouse,enavatecareers,main
Enboarder,greenhouse,enboarder,main
Enchanted Forest Academy,greenhouse,enchantedforest,main
EnCharge AI,greenhouse,enchargeai36,main
Encompass Technologies,greenhouse,encompasstechnologiesllp,main
Encora,greenhouse,encora10,main
Encore,greenhouse,encore,main
Encoura,greenhouse,encoura,main
Endeavour. Inspired Infrastructure.,greenhouse,endeavourinspiredinfrastructure,main
"Endgame Systems, LLC",greenhouse,endgamesystemsllc,main
Endor Labs,greenhouse,endorlabs,main
Endorsed,greenhouse,endorsed,main
Energage,greenhouse,energage,main
Energize Colleges,greenhouse,enco,main
Energy Exemplar,greenhouse,energyexemplarllc,main
Energy Innovation,greenhouse,energyinnovation,main
Energy Solutions - USA,greenhouse,energysolutions,main
EnergyHub,greenhouse,energyhub,main
energytec.ai,greenhouse,etec,main
Enforce,greenhouse,enforce,main
Enformion,greenhouse,enformion,main
ENGAGE Australia,greenhouse,engage,main
Engage Senior Therapy,greenhouse,engageseniortherapy,main
EngagedMD,greenhouse,engagedmd,main
Engelhart,greenhouse,engelhart,main
Engine,greenhouse,engine,main
Engineering Excellence,greenhouse,engineeringexcellence,main
Engineers Gate,greenhouse,engineersgate,main
Enhesa,greenhouse,enhesa,main
Enigma,greenhouse,enigmaio,main
Enlace Health,greenhouse,enlacehealth,main
enmacc,greenhouse,enmacc,main
Ennoble Care,greenhouse,ennoblecare,main
Enova International,greenhouse,enova,main
ENSCO - Internships,greenhouse,enscointernships,main
ENSCO - Transportation Technology Center (TTC),greenhouse,enscottc,main
"ENSCO, Inc.",greenhouse,ensco,main
Ensemble,greenhouse,ensemble,main
Ensono,greenhouse,ensono,main
Entera,greenhouse,entera,main
Enterpret,greenhouse,enterpret,main
Enterra Solutions,greenhouse,enterrasolutions,main
Enthought,greenhouse,enthought,main
Entrada Therapeutics,greenhouse,entradatherapeutics,main
Entree Health,greenhouse,entreehealth,main
Entrega,greenhouse,entrega,main
Entrupy,greenhouse,entrupy,main
Enumerate,greenhouse,enumerate,main
Enveritas,greenhouse,enveritas,main
Environmental Science Associates,greenhouse,environmentalscienceassociates,main
Envision Consulting,greenhouse,envisionconsulting,main
Enviva,greenhouse,enviva,main
"Envoy Global, Inc.",greenhouse,envoyglobalinc,main
Enya Labs,greenhouse,enyalabs,main
Enzene INC,greenhouse,enzeneinc,main
EOLA Power,greenhouse,eolapower,main
Eon,greenhouse,eonio,main
EOS https://app2.greenhouse.io/job_boards/4008206002/settings,greenhouse,eositsolutions,main
EPIC Brokers,greenhouse,edgewoodpartnersinsurancecenter,main
Epic Games,greenhouse,epicgames,main
Epic Games (French),greenhouse,epicgamesfrench,main
Epic Games (Portuguese),greenhouse,epicgamesportuguese,main
Epic Kids Inc.,greenhouse,epickids,main
Epicrispr Biotechnologies,greenhouse,epicbio,main
Epirus,greenhouse,epirus,main
Episode Six,greenhouse,episodesix,main
Episode Six US,greenhouse,episodesixlinkedin,main
"ePlus Technology, inc.",greenhouse,eplusinc,main
EQT Corporation,greenhouse,eqtcorporation,main
EQT Group,greenhouse,eqtpartners,main
Equal Experts,greenhouse,equalexperts,main
Equatic,greenhouse,equatic,main
Equilibrium Energy,greenhouse,equilibriumenergy,main
Equipment Finance Services,greenhouse,efs,main
EquipmentShare,greenhouse,equipmentsharecom,main
Equitable Facilities Fund (EFF),greenhouse,eqfund,main
EquityZen,greenhouse,equityzen,main
Eqvilent,greenhouse,eqvilentjobs,main
Erasca,greenhouse,erasca,main
ERC Pathlight,greenhouse,erc8585757pathlight53t353,main
eRezLife,greenhouse,erezlife,main
Ergeon,greenhouse,ergeon,main
Eridan,greenhouse,eridan,main
Ernest,greenhouse,ernestpackagingsolutions,main
Ernesta,greenhouse,ernesta,main
Escada,greenhouse,escada,main
Escala Partners,greenhouse,escala,main
eSCRIBE,greenhouse,escribe,main
eScribers,greenhouse,escribers,main
ESO,greenhouse,eso,main
Espirita,greenhouse,espirita,main
Espresa,greenhouse,espresa,main
Esri,greenhouse,esri,main
Essential Anesthesia Management,greenhouse,essential,main
Esusu,greenhouse,esusu,main
"ETCH, Inc",greenhouse,etchinc,main
Etched,greenhouse,etchedai,main
eTelligent Group LLC,greenhouse,etelligentgroup,main
Ethernovia,greenhouse,2bc11c2c7us,main
"Ethernovia, Inc.",greenhouse,ethernovia,main
Ethic,greenhouse,ethicinvesting,main
Ethos,greenhouse,ethos,main
Ethos Life,greenhouse,ethoslife,main
Eudia,greenhouse,eudia,main
Eulerity,greenhouse,eulerity,main
Eve,greenhouse,eve,main
"Eventbrite, Inc.",greenhouse,eventbriteinc,main
Events,greenhouse,events,main
Events,greenhouse,mwamevents,main
Events/University Recruiting,greenhouse,eventsandinterns,main
Ever,greenhouse,ever,main
Ever.Ag,greenhouse,everagtester,main
Ever.green,greenhouse,evergreen,main
Everchron,greenhouse,everchron,main
EverDriven,greenhouse,everdriven,main
Evergreen Action,greenhouse,evergreenaction,main
Evergreen Nephrology,greenhouse,evergreennephrology,main
"Evergreen Residential Holdings, LLC",greenhouse,evergreenresidentialemployeeservicescorp,main
Evergreen Services Group,greenhouse,evergreenservicesgroup,main
Evergreen Statistical Trading,greenhouse,evergreenstatisticaltrading,main
Everlane,greenhouse,everlane,main
Everlaw,greenhouse,everlaw,main
Evernest,greenhouse,evernest,main
EverPass Media,greenhouse,everpass,main
Everpure,greenhouse,purestorage,main
Everstream Analytics,greenhouse,everstreamanalytics,main
Everway,greenhouse,everway,main
Every Cure,greenhouse,everycure,main
EVERY™,greenhouse,theeverycompany,main
EVG Specialty Network,greenhouse,evgspecialtynetwork,main
Evio,greenhouse,evio,main
Evismart,greenhouse,evismart,main
Evolution Cloud Services (EVOCS),greenhouse,evolutioncloudservicesevocs,main
Evolutionary Scale,greenhouse,evolutionaryscale,main
EvolutionIQ,greenhouse,evolutioniq,main
Evolve,greenhouse,evolvevacationrental,main
evolvedMD,greenhouse,evolvedmd,main
Evolver,greenhouse,evolver,main
EVPassport,greenhouse,evpassport,main
Exabeam,greenhouse,exabeam,main
Exact Sales,greenhouse,exactsales,main
Exactera,greenhouse,exactera,main
Exadel,greenhouse,externaljobboards,main
Exadel Inc (Website),greenhouse,exadelinc,main
Exame | Saint Paul,greenhouse,exame,main
Example Corp,greenhouse,examplecorpsandbox,main
Excel Learning Center,greenhouse,excel,main
Excel Sports Management,greenhouse,excelsportsmanagement,main
Excella,greenhouse,excella,main
Exiger,greenhouse,exiger,main
Exness Internship,greenhouse,exnessinternship,main
Exodus Movement Inc.,greenhouse,exodus54,main
ExodusPoint,greenhouse,exoduspoint,main
ExodusPoint Campus,greenhouse,xpcampus,main
Expel,greenhouse,expel,main
ExperiGreen,greenhouse,experigreen,main
Extend,greenhouse,extend,main
Extenteam Careers,greenhouse,extenteamcareers,main
Extenteam Client Roles,greenhouse,extenteam,main
ExtraHop,greenhouse,extrahopnetworks,main
EyeCare Associates,greenhouse,eyecareassociates,main
eyecarecenter,greenhouse,eyecarecenter,main
eyeo,greenhouse,eyeo,main
"ezCater, Inc",greenhouse,ezcaterinc,main
Ezra,greenhouse,ezra,main
F. Schumacher & Co.,greenhouse,fschumacherco,main
Fabric,greenhouse,fabric83,main
Facile,greenhouse,facile,main
Facility Door Solutions,greenhouse,fds,main
Factored,greenhouse,factored,main
Factorial Energy,greenhouse,factorialenergy,main
Faherty Brand,greenhouse,fahertybrand,main
Faircom New York,greenhouse,faircomny,main
Faire,greenhouse,faire,main
fairlife,greenhouse,fairlife,main
Fairmarkit,greenhouse,fairmarkit,main
Fairstead ESC LLC,greenhouse,fairsteadescllc,main
Fairway Jockey,greenhouse,fairwayjockey,main
FalconX,greenhouse,falconx,main
FAM Brands,greenhouse,fambrands,main
Family of Kidz,greenhouse,familyofkidz,main
Family Office,greenhouse,fo,main
Family Pet Health Center,greenhouse,familypethealthctr,main
FamilyWell,greenhouse,familywell,main
Fanatics Betting & Gaming,greenhouse,fanaticsfbg,main
Fanatics Collectibles,greenhouse,fanaticscollectibles,main
Fanatics Commerce,greenhouse,fanaticscommerce,main
Fanatics Inc.,greenhouse,fanaticsinc,main
Fandom,greenhouse,fandom,main
FanDuel,greenhouse,fanduel,main
Faraday Future,greenhouse,faradayfuture,main
"Farallon Capital Management, L.L.C.",greenhouse,faralloncapitalmanagementllc,main
FareHarbor,greenhouse,fareharbor,main
Farm Sanctuary,greenhouse,farmsanctuary,main
Faropoint,greenhouse,faropoint,main
Farther,greenhouse,fartherfinance,main
Fashion Nova,greenhouse,fashionnova,main
Fashion Nova Logistics,greenhouse,fnlogistics,main
"Fast Auto Loans, Inc - Arizona",greenhouse,fastautoloansinc,main
Fast Forward,greenhouse,fastforward,main
Fast Payday Loans - Florida,greenhouse,fastpaydayloansfloridainc,main
fasthosts,greenhouse,fasthosts,main
Fastly,greenhouse,fastly,main
FastSpring,greenhouse,fastspring,main
Fay,greenhouse,fay,main
FCB,greenhouse,fcbworldwide,main
FCB New York,greenhouse,fcbnewyork,main
FE International,greenhouse,feinternational,main
Feastables,greenhouse,feastables,main
Federato,greenhouse,federato,main
Feedzai,greenhouse,feedzai,main
Fellow,greenhouse,fellow,main
Fender,greenhouse,fender,main
FERMÀT,greenhouse,fermat,main
Festival Veterinary Clinic,greenhouse,festival,main
Fetch,greenhouse,fetch,main
FeverUp,greenhouse,feverup,main
FFG FINANZCHECK Finanzportale GmbH,greenhouse,finanzcheck,main
FGS Global,greenhouse,fgsglobal,main
Fictiv,greenhouse,fictiv,main
Fidelity & Guaranty Life Insurance Company,greenhouse,fidelityguarantylife,main
Fideres,greenhouse,fideres,main
Fields Mechanical Systems,greenhouse,fms,main
Fieldstone Bio,greenhouse,fieldstonebio,main
Fieldwire,greenhouse,fieldwire,main
Figma,greenhouse,figma,main
FIGS,greenhouse,figs15,main
Figure,greenhouse,figureai,main
Figure Lending,greenhouse,figure,main
Filecoin Foundation,greenhouse,filecoinfoundation,main
Files.com,greenhouse,filescom,main
Filson,greenhouse,filson,main
Fin,greenhouse,intercom,main
Financial Technology Partners,greenhouse,financialtechnologypartners,main
Financial Times,greenhouse,financialtimes33,main
FIND Healthcareers,greenhouse,find,main
Finfare Financial,greenhouse,finfare-financial,main
Fingerprint,greenhouse,fingerprint,main
FINISH,greenhouse,finish,main
Finite State,greenhouse,finitestate,main
Finster AI,greenhouse,finsterai,main
Firaxis,greenhouse,firaxis,main
Fireblocks,greenhouse,fireblocks,main
Fireworks AI,greenhouse,fireworksai,main
Firmus Technologies,greenhouse,firmus,main
First Connect Insurance,greenhouse,firstconnectinsurance,main
"First Global Management Services, Inc.",greenhouse,firstglobalmanagementservicesinc,main
First Information Technology Services,greenhouse,fits,main
First San Francisco Partners,greenhouse,firstsanfranciscopartners,main
First We Feast,greenhouse,firstwefeast,main
firsthand Health,greenhouse,firsthand,main
FirstPrinciples,greenhouse,firstprinciples,main
"FirstSteps for Kids, Inc.",greenhouse,firststepsforkids,main
Fischer Homes,greenhouse,f1sch3rh0m3s,main
FISCHER HOMES,greenhouse,fischerhomes,main
FIS® Amount™,greenhouse,amount,main
Five & Done,greenhouse,fivedone,main
Five Rings LLC - Careers,greenhouse,fiveringsllc,main
Five Rings LLC - Events,greenhouse,fiveringsevents,main
Five9,greenhouse,five9,main
Fivesky,greenhouse,fivesky,main
Fivetran,greenhouse,fivetran,main
Fixify,greenhouse,fixify,main
"Flagship Pioneering, Inc.",greenhouse,flagshippioneeringinc,main
Flamingo,greenhouse,flamingo,main
Flash,greenhouse,flash,main
Flashfood,greenhouse,flashfood,main
Flatiron Health,greenhouse,flatironhealth,main
Flaunt,greenhouse,flaunt,main
Fleetio,greenhouse,fleetio,main
Fleetworthy,greenhouse,bestpass,main
Fletcher Jones Automotive Group,greenhouse,fletcherjonesautomotivegroup,main
Fletcher Jones Automotive Group - Technicians,greenhouse,fletcherjonesishiringmechanicsandtechnicians,main
Fletcher Jones Imports,greenhouse,fletcherjonesimports,main
Fletcher Jones Motorcars,greenhouse,fletcherjonesmotorcars,main
Flex,greenhouse,flex,main
Flexe,greenhouse,flexe,main
Flexport,greenhouse,flexport,main
Flickr,greenhouse,flickr,main
Flip,greenhouse,flip,main
Flipside,greenhouse,flipside,main
Flix,greenhouse,flix,main
Flo Health,greenhouse,flohealth,main
Flock Homes,greenhouse,flockhomes,main
Flodesk,greenhouse,flodesk,main
Flora Food Group,greenhouse,florafoodgroup,main
Florence Healthcare - US,greenhouse,florencehealthcare,main
Flores Technical Services,greenhouse,fts,main
Florida Medical Clinic,greenhouse,floridamedicalclinic,main
Flourish,greenhouse,flourish,main
FloVision Solutions,greenhouse,flovisionsolutions,main
Flow Traders,greenhouse,flowtraders,main
Flow Traders Campus Partner,greenhouse,flowtradersuspartners,main
Flowcode,greenhouse,flowcode,main
FlowFuse,greenhouse,flowfuse,main
Fluency,greenhouse,fluency,main
Flume Health,greenhouse,flumehealth,main
Fluxon,greenhouse,fluxon,main
Fluxx,greenhouse,fluxx,main
FlyFlat,greenhouse,flyflat,main
Flygreen,greenhouse,flygreen,main
FLYR,greenhouse,flyr,main
Flywheel Digital,greenhouse,flywheeldigital,main
"FNS, Inc. Affiliates",greenhouse,fns,main
Focal Systems,greenhouse,focalsystems,main
Focus Financial Partners,greenhouse,focusfinancialpartners,main
Focus Partners Australia & Escala Partners,greenhouse,focuspartnersaustralia,main
Focus Partners Wealth,greenhouse,focuspartnerswealth,main
Focused,greenhouse,focused,main
Foley Hoag LLP,greenhouse,foleyhoag,main
Folia Health,greenhouse,foliahealth,main
"Follett Software, LLC",greenhouse,follettsoftware,main
Foothold Technology,greenhouse,footholdtechnology,main
Fora,greenhouse,foratravel,main
Fora Financial,greenhouse,forafinancial,main
Forage,greenhouse,joinforage,main
Forbes,greenhouse,forbes,main
Force Factor,greenhouse,forcefactor,main
Force Therapeutics,greenhouse,forcetherapeutics,main
Foresight Mental Health,greenhouse,foresightmentalhealth,main
Foresite Labs,greenhouse,foresitelabs,main
Forge Biologics,greenhouse,forgebiologics,main
Forge Global,greenhouse,forgeglobal,main
Forge Health,greenhouse,forgehealth,main
Forgen,greenhouse,forgen,main
Form Bio,greenhouse,formbio,main
Form Health,greenhouse,formhealth,main
Form3 - External,greenhouse,form3,main
Forma.ai,greenhouse,formaaiinc,main
Forma.ai - India Campus,greenhouse,formaaiinc3,main
Forman Family Office,greenhouse,ffo,main
Formation Bio,greenhouse,formationbio,main
FormativGroup,greenhouse,formativgroup,main
Formerra,greenhouse,formerra,main
Formic,greenhouse,formic,main
Formlabs,greenhouse,formlabs,main
Forsgren Associates,greenhouse,forsgrenassociates,main
FORT Robotics,greenhouse,fortrobotics,main
Forta Job Board,greenhouse,forta,main
Fortastra Corporation,greenhouse,fortastracorporation,main
Forter,greenhouse,forter,main
Fortera Corporation,greenhouse,forteracorporation,main
Forthea,greenhouse,forthea,main
FortifyIQ,greenhouse,fortifyiq,main
"Fortitude Mining, LLC",greenhouse,fortitudeminingllc,main
Fortitude Re,greenhouse,fortitudegroupholdingsllc,main
Fortra,greenhouse,fortra,main
Forward,greenhouse,forward,main
Forward Networks,greenhouse,forwardnetworks,main
Fospha,greenhouse,fosphamarketing,main
FOSSA,greenhouse,fossainc,main
Found,greenhouse,found,main
Found Industries,greenhouse,foundenergy,main
Foundation Academies,greenhouse,foundationacademies,main
Foundation Risk Partners,greenhouse,foundationriskpartners,main
Founders Green Animal Hospital,greenhouse,founders,main
Foundit (Monster),greenhouse,foundit,main
Foundry,greenhouse,foundry,main
Foundry,greenhouse,foundrydigital,main
Four Corners Aviation,greenhouse,fourcornersaviation,main
Four Hands,greenhouse,fourhands,main
Four Seasons Garage Doors,greenhouse,fourseasons,main
FourKites,greenhouse,fourkites,main
Fourmile Veterinary Clinic,greenhouse,fourmile,main
Fox Creek - Kirkwood,greenhouse,fckirkwood,main
Fox Creek Veterinary Hospital - Wildwood,greenhouse,fox,main
Foxen,greenhouse,foxen,main
Fractal Portfolio,greenhouse,fractalportfolio,main
Fractal Software,greenhouse,fractalsoftware,main
"Fractyl Health, Inc",greenhouse,fractylhealthinc,main
Free Association Live,greenhouse,freeassociationlive,main
Free DEI Programs at Mosaic Group,greenhouse,mosaicdei,main
Freedom Technology Solutions Group,greenhouse,freedomconsulting,main
FreedomCare,greenhouse,freedomcare,main
Freeform,greenhouse,freeformfuturecorp,main
Freenome,greenhouse,freenome,main
Freestar,greenhouse,freestar,main
French Canadian Bauer Hockey/ Cascade Maverik Lacrosse,greenhouse,bauerhockeycascademaveriklacrossefc,main
Fresh Air Fund,greenhouse,faf,main
Fresh Prints,greenhouse,freshprints,main
Fried Frank Attorney Opportunities,greenhouse,attorneysfriedfrankharrisshriverjacobsonllp,main
Fried Frank Business Services Opportunities,greenhouse,friedfrankharrisshriverjacobsonllp,main
Friends Early Learning Center,greenhouse,friendselc,main
Friendship Hospital for Animals,greenhouse,fha,main
Frisco Eye Associates,greenhouse,frisco,main
Frontera,greenhouse,fronterahealth,main
FronteraCare,greenhouse,fronteracare,main
Frontier Dermatology Provider Careers,greenhouse,frontierdermatologyprovidercareers,main
Frost Orthodontics,greenhouse,frostorthodontics,main
Fruitful,greenhouse,fruitful,main
FSAStore.com,greenhouse,fsastorecom,main
FSG,greenhouse,fsg,main
Fubo,greenhouse,fubotv,main
Fueled,greenhouse,fueledcareers,main
FUGA,greenhouse,fuga,main
Fulcrum GT—Startup Lab [2026],greenhouse,fulcrumgt,main
Fulfil Solutions,greenhouse,fulfil,main
Full Throttle,greenhouse,fullthrottle,main
Funded.club,greenhouse,fundedclub,main
Fundraise Up,greenhouse,fundraiseup,main
Further,greenhouse,further,main
Further Early Career Opportunities,greenhouse,furtherearlycareer,main
FuseGlobal,greenhouse,fuseglobalpartners,main
Fusion Worldwide,greenhouse,fusionworldwide,main
Fussball Club Cincinnati LLC (“FC Cincinnati”),greenhouse,fccincinnati,main
Future,greenhouse,future,main
Future Secure AI,greenhouse,futuresecureai,main
Future Standard,greenhouse,futurestandard,main
Futurhealth,greenhouse,futurhealth,main
Fuze Health,greenhouse,fuzehealth,main
FWD.us,greenhouse,fwdus,main
G-P,greenhouse,globalizationpartners,main
G2IT,greenhouse,g2it,main
Galactic Resource Advancement Mechanism Technologies Corporation,greenhouse,gram,main
Galaxia Technologies Inc.,greenhouse,galaxiatech,main
Galaxy,greenhouse,galaxydigitalservices,main
Galaxy Integrated Technologies,greenhouse,galaxy,main
Galileo,greenhouse,galileo,main
Gallagher LLP,greenhouse,gallaghereveliusjonesllp,main
Gallery Media Group,greenhouse,gallerymediagroup,main
Gallup,greenhouse,gallup,main
Galvanize,greenhouse,galvanizeclimatesolutions,main
Gambling.com Group,greenhouse,corporatecareers,main
Game Plan Tech,greenhouse,gameplantech,main
Game Seven,greenhouse,gameseven,main
Gametime United,greenhouse,gametimeunited,main
Gap International,greenhouse,gapinternational,main
Garage Door Doctor,greenhouse,garagedoordoctor,main
Garage Pros,greenhouse,garagepros,main
Garda Capital Partners,greenhouse,gardacp,main
Garner Health,greenhouse,garnerhealth,main
Garners Ferry Animal Hospital,greenhouse,garners,main
Garonit Pharmaceutical,greenhouse,garonitpharmaceutical,main
Gas South,greenhouse,gassouth,main
Gates Ventures,greenhouse,gatesventures,main
Gateway Aesthetic Institute & Laser Center,greenhouse,gateway,main
Gather,greenhouse,gather,main
Gather AI,greenhouse,gatherai,main
GatherUp,greenhouse,gatherup,main
Gatik AI,greenhouse,gatikaiinc,main
Gator Garage Doors,greenhouse,gator,main
Gavin de Becker & Associates,greenhouse,gavindebeckerassociates,main
Gavin de Becker & Associates (Website),greenhouse,gavindebeckerassociatesindeed,main
GBD Talent,greenhouse,gbd,main
GCM Grosvenor,greenhouse,gcmgrosvenor,main
GDPR test,greenhouse,gdpr,main
GE Mechanical,greenhouse,gemechanicalasp,main
Gelber Group,greenhouse,gelbergroup,main
Gelber Group Handshake,greenhouse,gelberhandshake,main
"Gelfand, Rennert & Feldman, Focus Partners Business Management",greenhouse,gelfandrennertfeldman,main
Gemini,greenhouse,gemini,main
Genea,greenhouse,genea,main
GeneDx,greenhouse,genedx,main
Genelco,greenhouse,genelco,main
gener8tor,greenhouse,gener8tor,main
General Assembly,greenhouse,generalassembly,main
General Atlantic,greenhouse,generalatlantic,main
General Atlantic - Campus,greenhouse,gacampus,main
General Catalyst,greenhouse,generalcatalyst,main
General Interest,greenhouse,general,main
General Legal,greenhouse,generallegalllp,main
General Matter,greenhouse,generalmatter,main
General Proximity,greenhouse,generalproximity,main
Genetix Biotherapeutics,greenhouse,genetixbiotherapeutics,main
Geneva Trading,greenhouse,genevatrading,main
Genezen,greenhouse,genezenlabs,main
"Geniezip USA, LLC.",greenhouse,geniezipusa,main
Genius Sports,greenhouse,geniussports,main
Genius Sports Statistician Network,greenhouse,geniussportssn,main
Genomenon,greenhouse,genomenoninc,main
GenScript/ProBio,greenhouse,genscript,main
Gensyn,greenhouse,gensyn,main
Genuine,greenhouse,genuine,main
Geometrics Engineering,greenhouse,geometrics,main
George Masion University,greenhouse,gmu,main
George P. Johnson Experience Marketing,greenhouse,georgepjohnsonexperiencemarketing,main
"Georgia Auto Pawn, Inc",greenhouse,georgiaautopawninc,main
Georgia Dermatology Partners,greenhouse,georgiadermatology,main
Georgia Kids Academy,greenhouse,georgiakidsacademy,main
Geotab,greenhouse,geotab,main
GeoTek Operations Limited,greenhouse,geotekoperationslimited,main
Get It Straight Orthodontics,greenhouse,getitstraightorthodontics,main
Get Well Network,greenhouse,getwellnetwork,main
GetScale,greenhouse,getscale,main
GetYourGuide,greenhouse,getyourguide,main
GFiber,greenhouse,googlefiber,main
GG Advisors,greenhouse,ggadvisorskc,main
GH,greenhouse,abcd,main
Ghost,greenhouse,ghost,main
GHX,greenhouse,globalhealthcareexchangeinc,main
Gibson Dunn,greenhouse,gibsondunn,main
Giga Energy,greenhouse,gigaenergy,main
GigFinesse,greenhouse,gigfinesse,main
Gigs,greenhouse,gigs,main
GILLIG,greenhouse,gillig,main
Ginkgo Bioworks Inc.,greenhouse,ginkgobioworks,main
GITAI,greenhouse,gitai,main
GitLab,greenhouse,gitlab,main
GiveCampus,greenhouse,givecampus,main
Givecloud,greenhouse,givecloud,main
GiveDirectly,greenhouse,givedirectly,main
GiveDirectly [Private],greenhouse,privategdcareers,main
Givelify,greenhouse,givelify,main
GiveWell,greenhouse,givewell,main
Gladly,greenhouse,sagansystems,main
Glance,greenhouse,glance,main
Glazier,greenhouse,applytoglazier,main
"GLC Advisors & Co., LLC",greenhouse,glcadvisors,main
Glean,greenhouse,gleanwork,main
Glen Echo Group,greenhouse,glenechogroup,main
GLG,greenhouse,gersonlehrmangroup,main
Glide,greenhouse,glide,main
GLMX,greenhouse,glmx,main
Global Energy Alliance for People and Planet (Global Energy Alliance) LLC,greenhouse,globalenergyallianceforpeopleandplanetgeappllc,main
Global Fishing Watch,greenhouse,globalfishingwatch,main
Global Relay,greenhouse,globalrelay,main
"Globality, Inc.",greenhouse,globalityinc,main
Globalli,greenhouse,globalli,main
GlossGenius,greenhouse,glossgenius,main
Glossier,greenhouse,glossier,main
Glow,greenhouse,glow,main
Glydways,greenhouse,glydways,main
Glyphic Biotechnologies,greenhouse,glyphicbiotechnologies,main
GMMB,greenhouse,gmmb,main
GMP,greenhouse,gmp,main
GMR Marketing,greenhouse,gmrmarketing,main
GO Tutor Corps Internal,greenhouse,gofellowsinternal,main
GOAL,greenhouse,goal,main
GOAL Jordan,greenhouse,goaljordan,main
Goalcast,greenhouse,goalcast,main
GOAT Group,greenhouse,goatgroup,main
GoDaddy,greenhouse,godaddy,main
Godfrey Dadich Partners,greenhouse,godfreydadichpartners,main
GoFasti,greenhouse,gofasti,main
GoFibre,greenhouse,gofibre,main
GoFundMe,greenhouse,gofundme,main
GoGuardian,greenhouse,goguardian,main
Gojo,greenhouse,gojo,main
Goken,greenhouse,gokenamericallc,main
Golden Apple Foundation Careers,greenhouse,goldenapplefoundationcareers,main
Golden Customer Care,greenhouse,goldencustomercare,main
Golden Hippo,greenhouse,goldenhippo,main
Golden Pet Brands,greenhouse,goldenpetbrands,main
Golden Pet Manufacturing,greenhouse,goldenpetmanufacturing,main
Golden State,greenhouse,goldenstate,main
GOLF.com/GOLF Magazine,greenhouse,golf,main
Golin,greenhouse,golin,main
Gong.io,greenhouse,gongio,main
Good Inside,greenhouse,goodinside,main
Good Job Games,greenhouse,goodjobgames,main
Good Pill,greenhouse,goodpill,main
Goodby Silverstein & Partners,greenhouse,goodbysilversteinpartners,main
Goodfire,greenhouse,goodfire,main
Goodhouse,greenhouse,goodhouse,main
Goodman,greenhouse,goodman,main
Goodnotes,greenhouse,goodnotes,main
Goodnotes Internships and Contracts,greenhouse,gntemp,main
goodr,greenhouse,goodr,main
Goodshuffle Pro,greenhouse,goodshufflepro,main
GoodUnited,greenhouse,goodunited,main
GoodVets,greenhouse,goodvets,main
Goodway Group,greenhouse,goodwaygroup,main
Goodwin,greenhouse,goodwin,main
Goody Garage Doors,greenhouse,goody,main
goop,greenhouse,goop,main
gorjana,greenhouse,gorjana,main
Gorman & Bunch Orthodontics,greenhouse,gormanbunch,main
Gossamer Bio,greenhouse,gossamerbio,main
"Gotion, Inc.",greenhouse,gotion,main
GovTech Barbados,greenhouse,govtechbarbados,main
GR8_TECH,greenhouse,gr8tech,main
Gracent,greenhouse,gracent,main
Gracious Hospitality Management,greenhouse,gracioushospitality,main
Gradial,greenhouse,gradial,main
Gradient AI,greenhouse,gradientai,main
Gradle Technologies,greenhouse,gradle,main
Grafana Labs,greenhouse,grafanalabs,main
"Graham Capital Management, L.P.",greenhouse,grahamcapitalmanagement,main
Grailed,greenhouse,grailed,main
Grandview Animal Hospital,greenhouse,grandviewvet,main
Grantbook,greenhouse,grantbook,main
Granum,greenhouse,granum,main
Graphcore,greenhouse,graphcore,main
Grassi,greenhouse,grassi,main
Grassroots Analytics,greenhouse,grassrootsanalytics,main
Gravitate,greenhouse,gravitate,main
Gravity Payments,greenhouse,gravitypayments17,main
Gravwell,greenhouse,gravwell,main
Grayscale (Sandbox),greenhouse,grayscale,main
Grayscale Investments,greenhouse,grayscaleinvestments,main
"Great Oaks Charter School, NYC",greenhouse,gonyc,main
Great Windows Services,greenhouse,greatwindowsservices,main
Green Irony,greenhouse,greenirony,main
Green Room Communications,greenhouse,greenroomcommunications,main
Green Thumb,greenhouse,greenthumbindustries,main
Greenbrook Medical,greenhouse,greenbrookmedical,main
Greencube Corp,greenhouse,greencubesandbox,main
Greenhouse,greenhouse,greenhouse,main
Greenlight Guru,greenhouse,greenlightguru,main
Greenline Logistics,greenhouse,greenline,main
Greenpeace USA,greenhouse,greenpeace,main
Greenplaces,greenhouse,greenplaces,main
Greenpoint Technologies,greenhouse,greenpointtechnologies,main
GreenSpark,greenhouse,applytogreenspark,main
Greenworks,greenhouse,greenworkssunriseglobalmarketing,main
Gremlin,greenhouse,gremlin,main
Grey US,greenhouse,greyus,main
GreyNoise Intelligence,greenhouse,greynoiseintelligence,main
Griffis Residential,greenhouse,griffisresidential,main
GRIN,greenhouse,grin,main
Grist,greenhouse,grist,main
Grocery TV,greenhouse,gtv,main
Groma,greenhouse,groma,main
Groome Industrial Service Group,greenhouse,groomecareers,main
GROPYUS,greenhouse,gropyus,main
Ground Logistics,greenhouse,groundlogistics,main
Group PMX,greenhouse,grouppmx,main
Group-IB,greenhouse,groupib,main
Group14 Technologies,greenhouse,group14,main
Groupon,greenhouse,groupon,main
Grove Collaborative,greenhouse,grovecollaborative,main
Grover,greenhouse,grover,main
GROWE,greenhouse,growe,main
Gruve,greenhouse,gruve,main
GRVTY,greenhouse,grvty,main
Grön Confections,greenhouse,eatgron,main
Grüns,greenhouse,gruns,main
GSA,greenhouse,gsacapital,main
GSR,greenhouse,gsrmarkets,main
GT'S Living Foods,greenhouse,gtslivingfoods,main
GTB,greenhouse,gtb,main
Guardian Restoration,greenhouse,guardianrestoration,main
Guardsquare,greenhouse,guardsquare,main
Guardz,greenhouse,guardz,main
Guerrilla Games,greenhouse,guerrilla-games,main
Guidelight Health,greenhouse,guidelighthealth,main
Guidepoint,greenhouse,guidepoint,main
GuidePoint Security,greenhouse,guidepointsecurity,main
Guidepost Global Education Asia,greenhouse,gge-asia,main
Guidepost Montessori,greenhouse,guidepostmontessori,main
Guidewheel,greenhouse,guidewheel,main
Guild,greenhouse,guild,main
Guild Garage Group,greenhouse,guildgaragegroup,main
GumGum,greenhouse,gumgum,main
GURUS Solutions,greenhouse,gurussolutions,main
"Gusto, Inc.",greenhouse,gusto,main
GWI,greenhouse,globalwebindex,main
Gyde,greenhouse,gyde,main
Gymshark,greenhouse,gymshark,main
Habitat for Humanity Greater San Francisco,greenhouse,habitatforhumanitygreatersanfranciscoinc,main
Habitat Health,greenhouse,habitathealth,main
HackerRank Careers,greenhouse,hackerrank,main
Haize Labs,greenhouse,haizelabs,main
Halcyon,greenhouse,halcyon,main
Hankook Tire America Corp.,greenhouse,hankooktireamericacorp,main
Hanwha Energy USA,greenhouse,hanwhaenergyusa,main
Hanwha Renewables,greenhouse,hanwharenewables,main
Happy Money,greenhouse,happymoney,main
Harbinger Motors Inc.,greenhouse,harbingermotors,main
Harbor,greenhouse,harborglobal,main
Harbor Animal Hospital,greenhouse,harbor,main
Hark,greenhouse,hark,main
Harlem Grown,greenhouse,harlemgrown,main
Harmonic,greenhouse,harmonic,main
Harness,greenhouse,harnessinc,main
Harper Group,greenhouse,harpergroup,main
Harrington Orthodontics,greenhouse,harringtonorthodontics,main
Harris Associates,greenhouse,harrisassociates,main
Harris Energy Solutions,greenhouse,harrisenergysolutions,main
"Harrow, Inc.",greenhouse,harrowhealth,main
Harry's,greenhouse,harrys,main
Harvester Veterinary Hospital of Burr Ridge,greenhouse,burr,main
Hasbro,greenhouse,hasbro,main
Hatch,greenhouse,hatchcareers,main
Hatch Contracts,greenhouse,hatchhirescontractors,main
Hawthorne Residential Partners,greenhouse,hrpliving,main
Hazel Health,greenhouse,hazel,main
HBK Capital Management,greenhouse,hbkcapitalmanagement,main
HBS,greenhouse,hbs,main
HCEsquared,greenhouse,hcesquared,main
HCG,greenhouse,hcg,main
HDM Capital LLC,greenhouse,hdmcapitalllc,main
HDS,greenhouse,hds,main
Headout,greenhouse,headoutcareers,main
Headout LI,greenhouse,headoutlinkedin,main
Headspace,greenhouse,hs,main
Headspace Providers,greenhouse,headspaceproviders,main
Headspace Sourcing,greenhouse,headspacesourcing,main
Health & Wellbeing Collective,greenhouse,hwc,main
Health Link,greenhouse,healthlink,main
HealthCheck360,greenhouse,hc360,main
HealtheConnections,greenhouse,healtheconnections,main
Healthesystems,greenhouse,healthesystems,main
HealthJoy,greenhouse,healthjoy,main
HealthVerity,greenhouse,healthverity,main
Hear.com US,greenhouse,hearcom,main
Heart + Paw,greenhouse,heartpaw,main
Heart Aerospace,greenhouse,heartaerospace,main
Heartflow,greenhouse,heartflowinc,main
Hebrew Public,greenhouse,hebrewpublic,main
Helium,greenhouse,helium,main
Helium 10,greenhouse,helium10,main
HELLBENDER Inc.,greenhouse,hellbenderinc,main
Hello Alice,greenhouse,helloalice,main
Hello Heart,greenhouse,helloheart,main
HelloFresh,greenhouse,hellofresh,main
HELLOMONDAY/DEPT®,greenhouse,hellomonday,main
HELP,greenhouse,help,main
Helsing,greenhouse,helsing,main
Henry Meds,greenhouse,henrymeds,main
Herald,greenhouse,heraldapi,main
HERE,greenhouse,hereio,main
Herewith Caregivers,greenhouse,herewithgmbh,main
Herewith Inc.,greenhouse,herewithinc,main
Herself Health,greenhouse,herselfhealth,main
Heven AeroTech,greenhouse,hevenaerotech,main
Hex Technologies,greenhouse,hextechnologies,main
HexArmor,greenhouse,hexarmor,main
heycar,greenhouse,heycar,main
HeyGen,greenhouse,heygen,main
HG Insights,greenhouse,hginsights,main
Hi Marley,greenhouse,himarley,main
Hibu,greenhouse,hibu,main
Hidden Events,greenhouse,jshiddenevents,main
HiddenLayer,greenhouse,hiddenlayer,main
Highdive,greenhouse,highdive,main
Higher Logic,greenhouse,higherlogic,main
Highland Animal Hospital,greenhouse,highland,main
Highnote,greenhouse,highnote,main
Hightouch,greenhouse,hightouch,main
Highwire,greenhouse,highwire,main
Hill House Home,greenhouse,hillhousehome,main
Hillel International,greenhouse,hillel,main
Hippo Insurance,greenhouse,hippo70,main
Hiram Animal Hospital,greenhouse,hiram,main
hireEZ-CN,greenhouse,hireez,main
Hirist,greenhouse,hirist,main
Hiro Systems PBC,greenhouse,hiro,main
Hive,greenhouse,hive,main
Hive Learning,greenhouse,hivelearning,main
Hivestack,greenhouse,hivestack,main
HiveWatch,greenhouse,hivewatch,main
Holcomb Laser Center,greenhouse,holcomb,main
Holder,greenhouse,holder,main
Holder Construction,greenhouse,holderconstruction,main
Holistic Industries,greenhouse,holisticindustries,main
Hologram,greenhouse,hologram,main
Holwell Shuster & Goldberg LLP,greenhouse,hsgllp,main
Home Chef,greenhouse,homechef,main
Home Instead,greenhouse,homeinstead,main
Home Market Foods,greenhouse,homemarketfoods,main
Home Solutions,greenhouse,homesolutions,main
Homeland Safety Systems,greenhouse,homeland,main
HomeLight,greenhouse,homelight,main
Homes Alive Pets,greenhouse,homesalive,main
Hometap,greenhouse,hometap,main
Hometap Jobs,greenhouse,hometapjobs,main
Homeward,greenhouse,homeward,main
Hone Health,greenhouse,honehealth,main
Honest Networks,greenhouse,honestnetworks,main
Honeycomb Insurance,greenhouse,honeycombinsurance,main
Honeycomb.io,greenhouse,honeycomb,main
Honor,greenhouse,honor,main
Honor Foods,greenhouse,honorfoods,main
Hook,greenhouse,hook,main
Hoonigan,greenhouse,hoonigan,main
Hootsuite,greenhouse,hootsuite,main
Hope and Healing Clinic,greenhouse,hopeandhealingcliniccareers,main
Hopscotch Primary Care,greenhouse,hopscotchprimarycare,main
HopSkipDrive,greenhouse,hopskipdrive,main
Horace Mann,greenhouse,horacemannservicecorporation,main
Horace Mann - Agent Opportunities,greenhouse,horacemannagents,main
Horace Mann agencies for sale across the country.,greenhouse,agenciesforsale,main
Horizen,greenhouse,horizen,main
Horizon Industries,greenhouse,horizonindustrieslimited,main
"Horizon Surgical Systems, Inc.",greenhouse,horizonsurgicalsystems,main
Horsepower Automotive Group,greenhouse,hpag,main
Hourglass Cosmetics,greenhouse,hourglasscosmetics,main
House Buyers of America,greenhouse,housebuyersofamerica,main
House Rx,greenhouse,houserx,main
Housecall Pro,greenhouse,housecall,main
Hover,greenhouse,hover,main
Hovercraft,greenhouse,hovercraft,main
HoYoverse,greenhouse,hoyoverse,main
HP Hood,greenhouse,hoodhp,main
HP IQ,greenhouse,hpiq,main
HPR,greenhouse,hyannisportresearch,main
HPS Investment Partners,greenhouse,hpsinvestmentpartners,main
HRT Talent Community,greenhouse,hrttalentcommunity,main
HSP Group,greenhouse,hspgroup,main
Hubble Network,greenhouse,hubblenetwork,main
HubSpot,greenhouse,hubspotjobs,main
HubSpot Product,greenhouse,hubspot,main
Huddle Up,greenhouse,huddleup,main
Hudl,greenhouse,hudl,main
Hudl India,greenhouse,hudlindia,main
Hudson Global Scholars,greenhouse,hudsonglobalscholars,main
Hudson River Trading,greenhouse,wehrtyou,main
Hudson Rouge,greenhouse,hudsonrouge,main
HugeInc,greenhouse,hugeinc,main
Hughes Hubbard & Reed LLP,greenhouse,hugheshubbardreedllp,main
Human Agency,greenhouse,humanagency,main
Human Interest,greenhouse,humaninterest,main
Human Rights Watch,greenhouse,humanrightswatch,main
HumanSignal,greenhouse,humansignal,main
Hume,greenhouse,hume,main
Hume AI,greenhouse,humeai,main
Hummingbird,greenhouse,hummingbirdregtech,main
Hungryroot,greenhouse,hungryroot,main
Hunley,greenhouse,thehunleygroup,main
Hunted Labs,greenhouse,huntedlabs,main
Hunter Door,greenhouse,hunterdoor,main
Hunter Douglas,greenhouse,hunterdouglas,main
Huntress,greenhouse,huntress,main
Hurley Engineering,greenhouse,hrl,main
Hut 8,greenhouse,hut8,main
Hutta & Price Orthodontics,greenhouse,huttaandpriceorthodontics,main
Hydrite,greenhouse,hydritechemicalco,main
Hyliion,greenhouse,hyliion,main
Hyperfine,greenhouse,hyperfine53,main
Hyperproof,greenhouse,hyperproof,main
Hyphen Connect Limited,greenhouse,hyphenconnect,main
Hypori,greenhouse,hypori,main
HYPR,greenhouse,hypr,main
i.AI,greenhouse,iai,main
"i360technologies, Inc.",greenhouse,i360technologiesinc,main
IANS,greenhouse,ians,main
iBanFirst,greenhouse,ibanfirst,main
iCapital,greenhouse,icapitalnetwork,main
Icarus,greenhouse,icarus,main
Ice Miller,greenhouse,icemiller,main
ICON,greenhouse,iconcareers,main
ICON Talent Community,greenhouse,icon,main
ICONIQ,greenhouse,iconiq,main
ID.me,greenhouse,idme,main
ID5,greenhouse,id5,main
"Idaho Title Loans, Inc",greenhouse,idahotitleloansinc,main
IDEO,greenhouse,ideo,main
IE,greenhouse,ie,main
IEQ Capital,greenhouse,ieqcapital,main
IEX Group,greenhouse,iex,main
iFIT,greenhouse,ifit,main
iFood,greenhouse,ifoodcarreiras,main
iFood Indicações,greenhouse,indicacoesifoodinterno,main
IFT,greenhouse,iftother,main
iHerb,greenhouse,iherb,main
IMA Financial Group,greenhouse,imafinancialgroup,main
Imagine Pediatrics,greenhouse,imaginepediatrics,main
Imagine Worldwide,greenhouse,imagineworldwide,main
Imbibe,greenhouse,imbibeinc,main
Imbue,greenhouse,imbue,main
IMC,greenhouse,imc,main
IMC Sandbox,greenhouse,imcsandbox33,main
Imgur,greenhouse,imgur,main
IMI,greenhouse,imi,main
immoverkauf24,greenhouse,immoverkauf24,main
Immunefi,greenhouse,immunefi,main
"Immunome, Inc.",greenhouse,immunomeinc,main
Impact - Cape Town,greenhouse,capetown,main
Impact.com,greenhouse,impact,main
Impinj,greenhouse,impinjexternal,main
Impinj - DEV,greenhouse,impinj,main
Impiricus,greenhouse,impiricus,main
Implicit,greenhouse,implicit,main
Imply,greenhouse,imply,main
imre,greenhouse,imre,main
Imubit,greenhouse,imubit,main
IMVT Corporation,greenhouse,imvtcorporation,main
Inbound Application Test,greenhouse,inbound,main
Inceptive,greenhouse,inceptive,main
InCharge Energy,greenhouse,inchargeenergy,main
Incident IQ,greenhouse,incidentiq,main
Incode Technologies,greenhouse,incode,main
Incognia,greenhouse,incognia,main
Indagare,greenhouse,indagare,main
Indeed,greenhouse,indeed,main
Indian Tree Animal Hospital,greenhouse,indiantree,main
Indie Campers,greenhouse,indiecampers,main
Indie Campers | LinkedIn,greenhouse,indiecampers-linkedin,main
"Indigenous Pact PBC, Inc.",greenhouse,indigenouspactpbcinc,main
Indigo,greenhouse,indigo,main
Industrial Door Company,greenhouse,industrial,main
Industrial Electric Manufacturing,greenhouse,industrialelectricmanufacturing,main
Industrious Labs,greenhouse,industriouslabs,main
Infillion,greenhouse,gimbal34,main
Infinitum,greenhouse,infinitumelectric,main
Inflect,greenhouse,inflect,main
Inflection AI,greenhouse,inflectionai,main
Infomedia,greenhouse,infomedia,main
Informal Systems,greenhouse,informal,main
InfoTrust,greenhouse,infotrust,main
Infront,greenhouse,infront,main
INFUSE,greenhouse,infuse,main
"Ingenio, LLC",greenhouse,ingenio,main
INGENIOUS.BUILD,greenhouse,ingenious,main
Ingenuity Prep,greenhouse,ingenuityprep,main
Inizio,greenhouse,inizio,main
Inizio Engage XD,greenhouse,xdinizioengage,main
Inizio Evoke,greenhouse,inizioevoke,main
Inizio Ignite,greenhouse,ashfieldadvisory,main
Inizio Ignite | Putnam,greenhouse,putnamassociatesllc,main
Inizio Ignite | Research Partnership,greenhouse,researchpartnership,main
Inizio Ignite | STEM,greenhouse,stemhealthcare,main
Inizio Medical,greenhouse,iniziomedical,main
Inkhouse,greenhouse,inkhousehq,main
inKind,greenhouse,inkind,main
INLAN,greenhouse,inlan,main
InMarket,greenhouse,inmarket,main
InMobi,greenhouse,inmobi,main
Innodata Inc.,greenhouse,innodatainc,main
Innovative Air,greenhouse,ino,main
Innovative Signal Analysis,greenhouse,isa,main
Innovecs,greenhouse,innovecs,main
Innovid,greenhouse,innovid,main
inovalon,greenhouse,inovalon,main
InsightRX,greenhouse,insightrx,main
Insomniac Games,greenhouse,insomniac,main
Inspira Education,greenhouse,inspiraeducation,main
Inspire Medical Systems Inc.,greenhouse,inspiremedicalsystemsinc,main
inspire11,greenhouse,inspire11,main
Inspiren,greenhouse,inspiren,main
Instabase,greenhouse,instabase,main
instacart,greenhouse,instacart,main
INSTALILY.AI,greenhouse,instalilyai,main
Instawork,greenhouse,instawork,main
Instead,greenhouse,instead,main
instiglioconsultantroster,greenhouse,instiglioconsultantroster,main
InStride,greenhouse,instride,main
InStride Health,greenhouse,instridehealth,main
Insurify,greenhouse,insurify,main
intake,greenhouse,intake,main
Intecrowd,greenhouse,intecrowd,main
IntegraFEC,greenhouse,integra,main
integralmolecular,greenhouse,integralmolecular,main
"Integrated Specialty Coverages, LLC",greenhouse,isccareers,main
integratedbiosciencesinc,greenhouse,integratedbiosciencesinc,main
integrity,greenhouse,integrity,main
Integrity Home Care & Hospice,greenhouse,ihc,main
integrityrehabgroup,greenhouse,integrityrehabgroup,main
IntelliDyne Jobs for Veterans,greenhouse,veterans,main
intellishoredk,greenhouse,intellishoredk,main
"Intellum, Inc.",greenhouse,intelluminc,main
inter,greenhouse,inter,main
Interbrand,greenhouse,interbrand,main
Interdependence,greenhouse,interdependence,main
Interfold,greenhouse,applytointerfold,main
Intermex Wire Transfer,greenhouse,intermexwiretransfer,main
Internal External,greenhouse,contract,main
Internal Job Board,greenhouse,internaljobsatlush,main
International House at UC Berkeley,greenhouse,internationalhouseberkeley,main
internationalbusinessuniversity,greenhouse,internationalbusinessuniversity,main
internetx,greenhouse,internetx,main
interns,greenhouse,interns,main
Internship Opportunities,greenhouse,liscinternships,main
Internship Program at Reproductive Freedom for All,greenhouse,reprofreedomforallinternships,main
interpath,greenhouse,interpath,main
InterPayments,greenhouse,interpayments,main
Interpublic Group,greenhouse,app4,main
interseller,greenhouse,interseller,main
Interstates,greenhouse,interstates,main
Interstellar Lab,greenhouse,interstellarlab,main
intersystems,greenhouse,intersystems,main
Interview Engineering,greenhouse,interviewengineering,main
Interwell Health,greenhouse,interwellhealth,main
InterWorks,greenhouse,interworks,main
intowngolfclub,greenhouse,intowngolfclub,main
Intradiem,greenhouse,intradiem,main
Intrinsic LLC,greenhouse,intrinsicfirm,main
intrinsicdevelopment,greenhouse,intrinsicdevelopment,main
intrinsicrobotics,greenhouse,intrinsicrobotics,main
Inversion,greenhouse,inversionspace,main
invgate,greenhouse,invgate,main
invisible,greenhouse,invisible,main
Invisible Agency,greenhouse,agency,main
Invisible Technologies,greenhouse,invisibletech,main
Invite-Only Job Board,greenhouse,genius,main
Invivyd,greenhouse,invivyd,main
invoca,greenhouse,invoca,main
invoicecloud,greenhouse,invoicecloud,main
ionos,greenhouse,ionos,main
IONOS EN,greenhouse,ionos2,main
IonQ,greenhouse,ionq,main
Iovance Biotherapeutics,greenhouse,iovancebiotherapeutics,main
Iovino Enterprises,greenhouse,iovino,main
iowacannabiscompany,greenhouse,iowacannabiscompany,main
IP Fabric,greenhouse,ipfabric,main
IPSY,greenhouse,personalizedbeautydiscoveryincdbaipsy,main
iris,greenhouse,iris,main
IronMountain Solutions,greenhouse,ironmountainsolutions,main
Ironwood Pharmaceuticals,greenhouse,ironwoodpharmaceuticals,main
Irradiant Technologies Inc.,greenhouse,irradianttechnologies,main
isaac,greenhouse,isaac,main
isidor,greenhouse,isidor,main
ism,greenhouse,ism,main
ISN Software Corporation,greenhouse,isn,main
Isomorphic Labs,greenhouse,isomorphiclabs,main
iSpot,greenhouse,ispottv,main
israel,greenhouse,israel,main
itb,greenhouse,itb,main
itcss,greenhouse,itcss,main
itd,greenhouse,itd,main
Iterable,greenhouse,iterable,main
Iterative Health,greenhouse,iterativehealth,main
Itero Group,greenhouse,itero-group,main
ITF Therapeutics,greenhouse,itftherapeutics,main
its,greenhouse,its,main
"ITS Logistics, LLC",greenhouse,itslogisticsllc,main
ivalua,greenhouse,ivalua,main
Ivanti,greenhouse,a3c41b8b71eff8c4,main
ivxhealth,greenhouse,ivxhealth,main
iwf,greenhouse,iwf,main
iwjv,greenhouse,iwjv,main
IXL Learning,greenhouse,ixllearning,main
J2 Health,greenhouse,j2health,main
jackmorton,greenhouse,jackmorton,main
jackmortonworldwide,greenhouse,jackmortonworldwide,main
jackpot,greenhouse,jackpot,main
Jade Biosciences,greenhouse,jadebiosciences,main
jaguar,greenhouse,jaguar,main
Jahnel Group,greenhouse,jahnelgroup,main
jamasoftware,greenhouse,jamasoftware,main
jamf,greenhouse,jamf,main
jampp,greenhouse,jampp,main
Jamyr Video Greenhouse Integration,greenhouse,jamyrintegrationsandbox,main
Jane Street,greenhouse,janestreet,main
Jane Street Events,greenhouse,janestreetevents,main
Janea Systems,greenhouse,janeasystems,main
Janes,greenhouse,janes,main
Jaris,greenhouse,jaris,main
JazzX AI,greenhouse,jazzx-ai,main
jcdecaux,greenhouse,jcdecaux,main
JD Sports,greenhouse,jdsports,main
jdm,greenhouse,jdm,main
jdpower,greenhouse,jdpower,main
jdsportsfr,greenhouse,jdsportsfr,main
Jencap,greenhouse,jencapinc,main
jennikayne,greenhouse,jennikayne,main
Jensen Hughes,greenhouse,jensenhughes,main
JetBrains,greenhouse,jetbrains,main
jetinsight,greenhouse,jetinsight,main
JetZero,greenhouse,jetzero,main
JFF,greenhouse,jobsforthefuture,main
jfrog,greenhouse,jfrog,main
JigawaUNITE,greenhouse,jigawauniteandbox,main
jjfr,greenhouse,jjfr,main
jjnl,greenhouse,jjnl,main
jjus,greenhouse,jjus,main
jmg,greenhouse,jmg,main
Job Board,greenhouse,corelight,main
Job Board API,greenhouse,embedded,main
johnmcorcorancompany,greenhouse,johnmcorcorancompany,main
Join Our Talent Community,greenhouse,berkadiatalentpool,main
Join Our Talent Community,greenhouse,axontalentcommunity,main
Join our Talent Community!,greenhouse,ezcatertalentcommunity,main
Join the FOLX Team!,greenhouse,folxhealth,main
Jomboy Media,greenhouse,jomboymedia,main
jonssonworkwear,greenhouse,jonssonworkwear,main
Jordan Park Group,greenhouse,jordanparkgroup,main
Journey,greenhouse,journey,main
jrc,greenhouse,jrc,main
jrmconstructionmanagementllc,greenhouse,jrmconstructionmanagementllc,main
jrtc,greenhouse,jrtc,main
jugabet,greenhouse,jugabet,main
Jukebox Health,greenhouse,jukeboxhealth,main
Jumio,greenhouse,jumio,main
jumo,greenhouse,jumo,main
jumpcrypto,greenhouse,jumpcrypto,main
jumptrading,greenhouse,jumptrading,main
Jungheinrich UK,greenhouse,jungheinrich,main
Jungle Scout,greenhouse,junglescout,main
juniorachievementlocal,greenhouse,juniorachievementlocal,main
Juno,greenhouse,juno,main
Juno Veterinary,greenhouse,junoveterinary,main
jusbrasil,greenhouse,jusbrasil,main
just-global,greenhouse,just-global,main
justjoin,greenhouse,justjoin,main
Justworks,greenhouse,justworks,main
Juul Labs,greenhouse,juullabs,main
Juvare,greenhouse,juvare,main
jwhr,greenhouse,jwhr,main
JWX,greenhouse,jwp,main
K Health,greenhouse,khealthcareers,main
k18inc,greenhouse,k18inc,main
K2 Space,greenhouse,k2spacecorporation,main
kaggle,greenhouse,kaggle,main
kailera,greenhouse,kailera,main
Kairos Power,greenhouse,kairospower,main
kaizengaming,greenhouse,kaizengaming,main
kaleo,greenhouse,kaleo,main
Kalepa,greenhouse,kalepa,main
Kalles Group,greenhouse,kallesgroup,main
Kalshi,greenhouse,kalshi,main
kalvistapharmaceuticals,greenhouse,kalvistapharmaceuticals,main
kambi,greenhouse,kambi,main
kano,greenhouse,kano,main
Kao Corporation,greenhouse,kao,main
Kapitus,greenhouse,kapitus,main
Karat,greenhouse,karat,main
Karbon,greenhouse,karbon,main
kardfinancialinc,greenhouse,kardfinancialinc,main
kardigan,greenhouse,kardigan,main
Kargo,greenhouse,kargo,main
Kargo,greenhouse,kargo22,main
Karya,greenhouse,karya,main
kasa,greenhouse,kasa,main
kaseya,greenhouse,kaseya,main
Kasisto,greenhouse,kasisto,main
katalyst,greenhouse,katalyst,main
Kate McLeod,greenhouse,katemcleod,main
kayzen,greenhouse,kayzen,main
KBRA,greenhouse,krollbondratingagency,main
kbs,greenhouse,kbs,main
kc3,greenhouse,kc3,main
kca,greenhouse,kca,main
KCare,greenhouse,kcare,main
Keebo,greenhouse,keebo,main
Keeley Construction - Aplicación en Español,greenhouse,keeleyconstructionspanish,main
Keeley Properties,greenhouse,keeleyproperties,main
Keeley Restoration Services,greenhouse,keeleyrestorationservices,main
keeleyconstruction,greenhouse,keeleyconstruction,main
keen,greenhouse,keen,main
keenfootwear,greenhouse,keenfootwear,main
Keeper Security,greenhouse,keepersecurity,main
keepitsafe,greenhouse,keepitsafe,main
Keller Postman,greenhouse,kellerpostman,main
Kensington,greenhouse,kensingtontours,main
Kentik,greenhouse,kentik,main
Kepler Group,greenhouse,keplergroup,main
"Kernal Biologics, Inc.",greenhouse,kernalbio,main
KERV,greenhouse,kervinteractive,main
Kestra Medical Technologies Inc.,greenhouse,kestramedicaltechnologiesinc,main
Ketryx,greenhouse,ketryx,main
Kettle,greenhouse,kettle,main
keychain,greenhouse,keychain,main
"Keyfactor, Inc.",greenhouse,keyfactorinc,main
Keystone - Referrals,greenhouse,keystonestrategy,main
KH Aerospace,greenhouse,khaerospace,main
khaite,greenhouse,khaite,main
Khan Academy,greenhouse,khanacademy,main
Kiavi,greenhouse,kiavi,main
Kickstarter PBC,greenhouse,kickstarter,main
Kidango,greenhouse,kidango,main
Kidsnet,greenhouse,kidsnet,main
kikoff,greenhouse,kikoff,main
"Kincell Bio, LLC",greenhouse,kincellbio,main
KIND Snacks,greenhouse,kindsnacks,main
kindbridgecorporation,greenhouse,kindbridgecorporation,main
kindbridgeresearchinstitute,greenhouse,kindbridgeresearchinstitute,main
Kinder's,greenhouse,kinders,main
Kinelo,greenhouse,kinelo,main
Kinetic,greenhouse,kinetic-xyz,main
kinetik,greenhouse,kinetik,main
kinexon,greenhouse,kinexon,main
Kinexus Group,greenhouse,kinexus,main
King Quality Roofing,greenhouse,kingquality,main
kingston,greenhouse,kingston,main
Kiniksa Pharmaceuticals,greenhouse,kiniksapharmaceuticals,main
kirbynagelhoutcareers,greenhouse,kirbynagelhoutcareers,main
Kit,greenhouse,kit,main
KitchenPark,greenhouse,kitchenpark,main
kitsap,greenhouse,kitsap,main
kivaorg,greenhouse,kivaorg,main
KiwiCo Inc.,greenhouse,kiwicoinc,main
Kizen,greenhouse,kizen,main
KLARSTEIN,greenhouse,berlinbrands,main
klaviyo,greenhouse,klaviyo,main
Klaviyo,greenhouse,klaviyojobs,main
Klaviyo Campus,greenhouse,klaviyocampus,main
klaxoon,greenhouse,klaxoon,main
knack,greenhouse,knack,main
knak,greenhouse,knak,main
Knight Division Tactical,greenhouse,knightdivisiontactical,main
knightedgaming,greenhouse,knightedgaming,main
knightedventures,greenhouse,knightedventures,main
knit,greenhouse,knit,main
Knock,greenhouse,knock,main
KnowBe4,greenhouse,knowbe4,main
Knowde,greenhouse,knowde,main
Known,greenhouse,known,main
knr,greenhouse,knr,main
Koalafi,greenhouse,koalafi,main
KoBold Metals,greenhouse,koboldmetals,main
KoBold Metals DRC,greenhouse,koboldmetalsdrc,main
KoBold Metals Zambia,greenhouse,zambold,main
koch,greenhouse,koch,main
Koddi,greenhouse,koddi,main
Kodiak,greenhouse,kodiak,main
Kodiak Solutions,greenhouse,kodiaksolutions,main
Koko,greenhouse,koko,main
Kokua Education - IDEA Public Schools,greenhouse,kokuaeducationpartnerreferrals,main
"Koley Jessen P.C., L.L.O",greenhouse,koleyjessen,main
kolmacintegratedbehavioralhealth,greenhouse,kolmacintegratedbehavioralhealth,main
Komodo Health,greenhouse,komodohealth,main
kona,greenhouse,kona,main
Konovo,greenhouse,konovo,main
konradgroup,greenhouse,konradgroup,main
KONUX,greenhouse,konux,main
korea,greenhouse,korea,main
Kozlowski DePascale Orthodontics,greenhouse,kozlowskiorthodontics,main
KRAFTON,greenhouse,krafton,main
KRAFTON Americas,greenhouse,kraftonamericas,main
KRAFTON Montréal Studio,greenhouse,studiokraftonboard,main
Kreative Kids Childcare Center,greenhouse,kreativekids,main
Kulfi Collective,greenhouse,kulficollective,main
Kunai,greenhouse,kunai,main
kuraoncology,greenhouse,kuraoncology,main
"Kuros Biosciences, Inc.",greenhouse,kurosbiosciencesinc,main
kymberconsultinggroup,greenhouse,kymberconsultinggroup,main
Kymera Therapeutics,greenhouse,kymeratherapeutics,main
Kyo,greenhouse,kyocare,main
Kyowa Kirin North America,greenhouse,kyowakirinusa90,main
L.A. Hydro-Jet & Rooter Service,greenhouse,lahydrojet25,main
LA Clippers,greenhouse,laclippers,main
La Senza,greenhouse,lasenza,main
LA28 (Web),greenhouse,la28careers,main
lab37,greenhouse,lab37,main
Labelbox,greenhouse,labelbox,main
labstats,greenhouse,labstats,main
Labviva,greenhouse,labviva,main
Ladder,greenhouse,ladder33,main
Lafayette Square,greenhouse,lafayettesquare,main
LAIKA,greenhouse,laika,main
Lake Asbury Learning Center,greenhouse,lakeasbury,main
Lake Forest Animal Hospital,greenhouse,lakeforestanimalhospital,main
lakefieldveterinarygroup,greenhouse,lakefieldveterinarygroup,main
"Lakefront Biotherapeutics, Inc.",greenhouse,lakefrontbiotherapeuticsinc,main
lakeland,greenhouse,lakeland,main
lakewood,greenhouse,lakewood,main
Lancaster Veterinary Specialties,greenhouse,lancasterveterinaryspecialties,main
LANDBAY,greenhouse,landbay,main
landdesign,greenhouse,landdesign,main
Landor,greenhouse,landor,main
Landscape Forms,greenhouse,landscapeforms,main
Lansing Animal Hospital,greenhouse,lansingpetvet,main
Lantern,greenhouse,employerdirecthealthcare,main
Lantern,greenhouse,lanternstudiosinc,main
LAPORTE L.E.C.,greenhouse,laportefr,main
laporteusa,greenhouse,laporteusa,main
Larkin Street Youth Services,greenhouse,larkinstreetyouthservices,main
Lasko Products,greenhouse,laskoproducts,main
LastPass,greenhouse,lastpass,main
Later,greenhouse,later,main
Latitude AI,greenhouse,latitude,main
lattice,greenhouse,lattice,main
Laude Research Institute PBC,greenhouse,lauderesearchinstitute,main
Launch Potato,greenhouse,launch2,main
LaunchDarkly,greenhouse,launchdarkly,main
lawmatics,greenhouse,lawmatics,main
LawZero,greenhouse,lawzero,main
Layer Health,greenhouse,layerhealth,main
LayerZero Labs,greenhouse,layerzerolabs,main
Lazarus,greenhouse,lazarusenterprises,main
lead,greenhouse,lead,main
Leading Edge Specialized Dentistry,greenhouse,leadingedgespecializeddentistry,main
Leading Educators Careers,greenhouse,leadingeducators,main
leaflink,greenhouse,leaflink,main
League Inc.,greenhouse,leagueinc,main
leagueapps,greenhouse,leagueapps,main
Leapwork,greenhouse,leapwork,main
Learning Commons,greenhouse,education,main
Learning Safari,greenhouse,learningsafari,main
learningnetwork,greenhouse,learningnetwork,main
LearnLux,greenhouse,learnlux,main
LearnUpon,greenhouse,learnupon,main
legalist,greenhouse,legalist,main
legalservicesnyc,greenhouse,legalservicesnyc,main
Legend Biotech EU,greenhouse,legendcareerseu,main
Legend Biotech US,greenhouse,legendcareers,main
legendyounggraduateeu,greenhouse,legendyounggraduateeu,main
Legion,greenhouse,legion,main
Legion Intelligence,greenhouse,yurtsai,main
lektechnologygroup,greenhouse,lektechnologygroup,main
Leland Saylor Associates,greenhouse,lelandsaylorassociates,main
LendingTree,greenhouse,lendingtree,main
Lenus,greenhouse,lenusehealth,main
"LeoLabs, Inc.",greenhouse,leolabsinc,main
letsgetchecked,greenhouse,letsgetchecked,main
Levanta,greenhouse,levanta,main
Level Access,greenhouse,levelaccess,main
LevelTen Energy,greenhouse,leveltenenergy,main
Levio,greenhouse,levio,main
Levitate,greenhouse,levitate,main
Levittown Animal Hospital,greenhouse,levittown,main
"Lexington Medical, Inc.",greenhouse,lexingtonmedical,main
lextech,greenhouse,lextech,main
LG Electronics,greenhouse,lgelectronics,main
LG Energy Solution Arizona,greenhouse,lgenergyaz,main
lhvuk,greenhouse,lhvuk,main
li-thermal-works,greenhouse,li-thermal-works,main
liaisoninternational,greenhouse,liaisoninternational,main
Liberate,greenhouse,liberate,main
Liberis,greenhouse,liberis,main
Libertas Funding,greenhouse,libertasfunding,main
libertysoftware,greenhouse,libertysoftware,main
licor,greenhouse,licor,main
Life Link III,greenhouse,lifelinkiii,main
Life Skills Autism Academy,greenhouse,lifeskillsautismacademy,main
Life360,greenhouse,life360,main
LifeMine,greenhouse,lifeminetx,main
Lifespan Montessori,greenhouse,lifespanmontessori,main
lift,greenhouse,lift,main
Lifted,greenhouse,lifted,main
liftoff,greenhouse,liftoff,main
lig,greenhouse,lig,main
LIGHTFEATHER IO LLC,greenhouse,lightfeatheriollc,main
LightForce Orthodontics,greenhouse,lightforceorthodontics,main
Lightfully Behavioral Health,greenhouse,merakimanagement,main
Lighthouse,greenhouse,lighthouse,main
Lighthouse Behavioral Health Solutions,greenhouse,lighthousebehavioralhealthsolutions,main
Lightmatter,greenhouse,lightmatter,main
Lightning AI,greenhouse,lightningai,main
lightricks,greenhouse,lightricks,main
Lightspeed DMS,greenhouse,lightspeeddms,main
Lightspeed Systems,greenhouse,lightspeedsystems,main
liginternal,greenhouse,liginternal,main
Lila Sciences,greenhouse,lilasciences,main
Liminal,greenhouse,liminalai,main
Linda Werner & Associates,greenhouse,lindawernerassociates,main
Lingo Construction,greenhouse,lingoconstruction,main
LINK,greenhouse,link,main
link2feed,greenhouse,link2feed,main
linkedin,greenhouse,linkedin,main
LinkedIn Job Wrapping,greenhouse,artefactlinkedin,main
LinkedIn Limited Listing,greenhouse,astound,main
linkhealth,greenhouse,linkhealth,main
linksquaresinc,greenhouse,linksquaresinc,main
LINQ,greenhouse,emslinqinc,main
linqia,greenhouse,linqia,main
LionTree,greenhouse,liontree,main
liquibase,greenhouse,liquibase,main
Liquid Death,greenhouse,liquiddeath,main
Liquid I.V.,greenhouse,liquidiv,main
liquidpersonnel,greenhouse,liquidpersonnel,main
Lirio,greenhouse,lirio,main
Lithic,greenhouse,lithic,main
Litify,greenhouse,litify,main
litmos,greenhouse,litmos,main
littlewordsproject,greenhouse,littlewordsproject,main
Live Parallel,greenhouse,liveparalleljobs,main
livecareer,greenhouse,livecareer,main
livefront,greenhouse,livefront,main
Lively,greenhouse,lively43,main
LivePerson,greenhouse,liveperson,main
LLR Partners,greenhouse,llrpartnersjobs,main
lmn,greenhouse,lmn,main
loancore,greenhouse,loancore,main
lob,greenhouse,lob,main
lobergconstruction,greenhouse,lobergconstruction,main
Local Initiatives Support Corporation,greenhouse,lisc,main
localcoin,greenhouse,localcoin,main
localjobs,greenhouse,localjobs,main
locals,greenhouse,locals,main
location,greenhouse,location,main
locusrobotics,greenhouse,locusrobotics,main
Lodestar,greenhouse,lodestarspace,main
loenbro,greenhouse,loenbro,main
Loft Federal,greenhouse,loftfederal,main
LogicGate,greenhouse,logicgate,main
logicmonitor,greenhouse,logicmonitor,main
Logos,greenhouse,logos,main
Logos Storage,greenhouse,codex,main
"Loka, Inc",greenhouse,lokainc,main
lokalise,greenhouse,lokalise,main
Loka® Inc,greenhouse,lokajobs,main
lolablankets,greenhouse,lolablankets,main
Long Ridge Equity Partners,greenhouse,longridge,main
longmark,greenhouse,longmark,main
lookout,greenhouse,lookout,main
looneyrickskiss,greenhouse,looneyrickskiss,main
loopycases,greenhouse,loopycases,main
lotlinx,greenhouse,lotlinx,main
"LOTTE BIOLOGICS USA, LLC",greenhouse,lottebiologicsusallc,main
lotusworks,greenhouse,lotusworks,main
louisianadermatology,greenhouse,louisianadermatology,main
Lovable,greenhouse,lovable,main
Loyal,greenhouse,loyal36,main
loyal,greenhouse,loyal,main
LP Careers Page,greenhouse,launchpotato,main
lpc,greenhouse,lpc,main
lpl,greenhouse,lpl,main
LS3P,greenhouse,ls3p,main
LTK Dallas,greenhouse,dallas,main
LTK UK,greenhouse,ltkuk,main
LTK USA,greenhouse,shopltk,main
lts,greenhouse,lts,main
ltse,greenhouse,ltse,main
Lucid Bots,greenhouse,lucidbots,main
Lucid Motors,greenhouse,lucidmotors,main
Lucid Software,greenhouse,lucidsoftware,main
Ludia Consulting,greenhouse,ludiaconsulting,main
Lugano - Future Interest Candidate,greenhouse,carveyourownpath,main
Luma Health,greenhouse,lumahealth,main
Lumbermen's,greenhouse,lumbermens,main
Lume Deodorant,greenhouse,103644278,main
Lumen Bioscience,greenhouse,lumenbioscience,main
Lumimeds,greenhouse,lumimeds,main
luminaryhospice,greenhouse,luminaryhospice,main
luminate,greenhouse,luminate,main
luminishealth,greenhouse,luminishealth,main
Lumos,greenhouse,lumosfiber,main
lumosassociates,greenhouse,lumosassociates,main
Lunar Energy,greenhouse,lunarenergy,main
Luno,greenhouse,luno,main
Lush Handmade Cosmetics,greenhouse,lush,main
Luster,greenhouse,luster,main
Luster National,greenhouse,lusternational,main
luxinfusion,greenhouse,luxinfusion,main
lv,greenhouse,lv,main
lviv,greenhouse,lviv,main
LVT,greenhouse,liveviewtechnologiesinc,main
Lydech Thermal Acoustic Solutions (TAS),greenhouse,lydech,main
Lyell Immunopharma,greenhouse,lyellimmunopharma,main
lyft,greenhouse,lyft,main
Lynx Analytics,greenhouse,lynxanalytics,main
Lyra Technology Group,greenhouse,lyratechgroup,main
M Booth,greenhouse,mbooth,main
M Booth Health,greenhouse,mboothhealth,main
M0,greenhouse,m0dbathenextthingltd,main
M1 Technology,greenhouse,m1technology,main
M2X Energy Inc,greenhouse,m2xenergyinc,main
M3,greenhouse,m3,main
M9 Solutions,greenhouse,m9solutions,main
mabl,greenhouse,mabl,main
mackaysposito,greenhouse,mackaysposito,main
Madano,greenhouse,madano,main
maddoxindustrialtransformer,greenhouse,maddoxindustrialtransformer,main
Madison Logic,greenhouse,madisonlogicinc,main
Madison Reed,greenhouse,madisonreedcolorbar,main
madisonenergyinfrastructure,greenhouse,madisonenergyinfrastructure,main
Maesa,greenhouse,maesa,main
maestro,greenhouse,maestro,main
Maestro for Private Equity,greenhouse,gomaestro,main
maev,greenhouse,maev,main
Magic,greenhouse,magic,main
Magic Hat Consulting,greenhouse,magichatconsulting,main
Magic Leap,greenhouse,magicleap,main
Magic Leap - Multiple Locations,greenhouse,mlmultiplecareerlocations,main
magnetmediafilms,greenhouse,magnetmediafilms,main
Magnolia,greenhouse,magnolia,main
magrathea,greenhouse,magrathea,main
Main Street Health,greenhouse,mainstreethealth,main
Major League Baseball,greenhouse,majorleaguebaseball,main
make,greenhouse,make,main
Make-A-Wish America,greenhouse,makeawishamerica,main
Mako,greenhouse,mako,main
malbon,greenhouse,malbon,main
Mammoth Brands,greenhouse,mammothbrands,main
Man Group,greenhouse,mangroup,main
manatee,greenhouse,manatee,main
manchesterveterinaryservices,greenhouse,manchesterveterinaryservices,main
manhattaninstituteforpolicyresearchinc,greenhouse,manhattaninstituteforpolicyresearchinc,main
Manifest,greenhouse,manifest,main
Manifold AI,greenhouse,manifoldai,main
Manifold Bio,greenhouse,manifoldbio,main
MANSCAPED,greenhouse,manscaped,main
mantis,greenhouse,mantis,main
mantl,greenhouse,mantl,main
Mantra Health,greenhouse,mantrahealth,main
Manychat,greenhouse,manychat,main
Maplewood Veterinary Center,greenhouse,maplewoodvc,main
MapLight Therapeutics,greenhouse,maplighttherapeutics,main
maravailifesciences,greenhouse,maravailifesciences,main
Margaux,greenhouse,margaux,main
MariaDB plc,greenhouse,mariadbplc,main
Mark Morris Dance Group,greenhouse,markmorrisdancegroup,main
mark43,greenhouse,mark43,main
MarketAxess,greenhouse,marketaxesscorporation,main
markets,greenhouse,markets,main
markforged,greenhouse,markforged,main
marksman,greenhouse,marksman,main
Marqeta,greenhouse,marqeta,main
marqueeig1,greenhouse,marqueeig1,main
MarqVision,greenhouse,marqvision,main
Mars & Co - New York City Area,greenhouse,marscousg,main
Marshall Wace - DOC Job Board,greenhouse,doc,main
Marshall Wace - Graduate & Associate roles,greenhouse,mw-tech-grad,main
Marshall Wace Internship Programmes,greenhouse,mwinternshipprogram,main
Marshall Wace North America L.P.,greenhouse,mwnaintern,main
Martell Ventures,greenhouse,martellgrowthsolutions,main
Marvel Fusion,greenhouse,marvelfusion,main
maryland,greenhouse,maryland,main
mas,greenhouse,mas,main
MasterClass,greenhouse,masterclass,main
MasterControl,greenhouse,mastercontrol,main
materialbank,greenhouse,materialbank,main
Mather Headquarters,greenhouse,matherheadquarters,main
Mather Place,greenhouse,matherplace,main
mathersplendido,greenhouse,mathersplendido,main
matic,greenhouse,matic,main
Matik,greenhouse,matik,main
matooma,greenhouse,matooma,main
MATTE PROJECTS,greenhouse,matteprojects,main
mattermost,greenhouse,mattermost,main
matx,greenhouse,matx,main
Maven,greenhouse,mavensecuritiesholdingltd,main
Maven - Emerging Talent,greenhouse,emergingtalent,main
Maven Clinic,greenhouse,mavenclinic,main
Maven Robotics,greenhouse,mavenrobotics,main
Maverick Derivatives,greenhouse,maverickderivatives,main
Max Manufacturing,greenhouse,maxmanufacturingcareers,main
maxwell,greenhouse,maxwell,main
May Mobility,greenhouse,maymobility,main
Maybell Quantum Industries,greenhouse,maybellquantum,main
maymobilityjobs,greenhouse,maymobilityjobs,main
Maze Therapeutics,greenhouse,mazetherapeutics,main
McAdams,greenhouse,mcadams,main
mcafee,greenhouse,mcafee,main
mcclureoilcorporation,greenhouse,mcclureoilcorporation,main
mce,greenhouse,mce,main
mcft,greenhouse,mcft,main
MCG Health,greenhouse,mcghealth,main
mcgill,greenhouse,mcgill,main
McKinney,greenhouse,jobsmckinneycom,main
McMaster-Carr,greenhouse,mcmastercarr,main
mcneeswallacenurickllc,greenhouse,mcneeswallacenurickllc,main
MCO,greenhouse,mco,main
mcs,greenhouse,mcs,main
MDB General Referrals,greenhouse,mdbgeneralreferrals,main
Meade,greenhouse,meadeengineeringinc,main
mechanicallicensingcollective,greenhouse,mechanicallicensingcollective,main
medallionakafirstlayerai,greenhouse,medallionakafirstlayerai,main
MedeAnalytics,greenhouse,medeanalytics,main
Medecins Sans Frontieres (Doctors Without Borders) - Field,greenhouse,workoverseas,main
Medecins Sans Frontieres (Doctors Without Borders) - United States,greenhouse,msfcareers,main
medelitellc,greenhouse,medelitellc,main
Medeloop,greenhouse,medeloop,main
MediaAlpha,greenhouse,mediaalpha,main
mediahubldn,greenhouse,mediahubldn,main
medialabaiinc,greenhouse,medialabaiinc,main
mediatonic,greenhouse,mediatonic,main
Medical Informatics Engineering/Enterprise Health,greenhouse,medicalinformaticsengineering,main
Medium,greenhouse,medium,main
medrio,greenhouse,medrio,main
Medsien,greenhouse,medsien,main
MedTrace,greenhouse,medtrace,main
MegaCorp Logistics,greenhouse,megacorplogistics,main
meitu,greenhouse,meitu,main
Mejuri,greenhouse,mejuri,main
Melio,greenhouse,melio,main
memglobal,greenhouse,memglobal,main
MEMIC,greenhouse,memic,main
memoryBlue,greenhouse,memoryblue,main
MEMX,greenhouse,memx,main
MENA Consultant,greenhouse,menaconsultant,main
"Mendaera, Inc.",greenhouse,mendaerainc,main
mentimeter,greenhouse,mentimeter,main
meradiacanada,greenhouse,meradiacanada,main
Mercari,greenhouse,mercari,main
Mercer Advisors,greenhouse,merceradvisors,main
merchantsfleetmanagement,greenhouse,merchantsfleetmanagement,main
Mercury,greenhouse,mercury,main
mercyforanimals,greenhouse,mercyforanimals,main
Merge API,greenhouse,merge,main
mergeapiintegrationsandbox,greenhouse,mergeapiintegrationsandbox,main
mergeworld,greenhouse,mergeworld,main
Meridian Partners,greenhouse,meridianpartners,main
Merit America,greenhouse,meritamerica,main
Meriton,greenhouse,meriton,main
mermaidchart,greenhouse,mermaidchart,main
MerQube Inc,greenhouse,merqube,main
Meru Health,greenhouse,meruhealth,main
Mesh,greenhouse,mesh,main
meshopticaltechnologies,greenhouse,meshopticaltechnologies,main
Metabit Technology LLC,greenhouse,metabittechnologyllc,main
Metacore,greenhouse,metacore,main
Metalab,greenhouse,metalab,main
Metapack Careers,greenhouse,metapack,main
"Method, a GlobalLogic company",greenhouse,method,main
methodco,greenhouse,methodco,main
"MetOx International, Inc.",greenhouse,metoxinternationalinc,main
metro,greenhouse,metro,main
metron,greenhouse,metron,main
Metronome,greenhouse,metronome,main
Metropolis,greenhouse,metropolis,main
Metropolitan Commercial Bank,greenhouse,metropolitancommercialbank,main
MetroStar,greenhouse,metrostarsystems,main
metroveincenters,greenhouse,metroveincenters,main
MetTel,greenhouse,mettel,main
mewssystems,greenhouse,mewssystems,main
Mezzetta,greenhouse,mezzettacareers,main
mgproperties,greenhouse,mgproperties,main
mhp,greenhouse,mhp,main
michelscorporation,greenhouse,michelscorporation,main
Michigan Online School,greenhouse,mos,main
Mico,greenhouse,micoworks,main
Microblink,greenhouse,microblink,main
Midi Health,greenhouse,midihealth,main
mighty,greenhouse,mighty,main
mikebloomberg2020,greenhouse,mikebloomberg2020,main
Mill,greenhouse,mill,main
Mill Creek Academy,greenhouse,millcreekacademy,main
Miller Orthodontics,greenhouse,millerorthodontics,main
Miller Vein,greenhouse,millervein,main
Million Dollar Baby Co.,greenhouse,milliondollarbabyco,main
milton,greenhouse,milton,main
MIND 24-7,greenhouse,mind247,main
Mind the Product,greenhouse,mindtheproduct,main
Mindbody,greenhouse,mindbody,main
Mindgrub,greenhouse,mindgrub,main
MindsDB,greenhouse,mindsdb,main
Mineralys Therapeutics,greenhouse,mineralystherapeutics,main
minimal,greenhouse,minimal,main
MinIO,greenhouse,minio,main
Minitab,greenhouse,minitab,main
Minno,greenhouse,minno,main
mintel,greenhouse,mintel,main
minty,greenhouse,minty,main
MIO Partners,greenhouse,miopartners,main
MiQ Digital,greenhouse,miqdigital,main
miraibio,greenhouse,miraibio,main
Mirakl,greenhouse,mirakl,main
Mirakl - Labs,greenhouse,mirakllabs,main
miris,greenhouse,miris,main
mirumpharmaceuticals,greenhouse,mirumpharmaceuticals,main
Misfits Market,greenhouse,misfitsmarket,main
mishimoto,greenhouse,mishimoto,main
Mission Lane,greenhouse,missionlane,main
Mission Lane LLC,greenhouse,missionlanellc,main
missionhealthcare,greenhouse,missionhealthcare,main
mississippititleloansinc,greenhouse,mississippititleloansinc,main
missourititleloansinc,greenhouse,missourititleloansinc,main
mit,greenhouse,mit,main
Mithril,greenhouse,mithril,main
Mitratech,greenhouse,mitratech,main
Mitsogo Inc,greenhouse,mitsogoinc,main
"Mitsubishi Motors North America, Inc.",greenhouse,mitsubishimotorsna,main
MixMode,greenhouse,mixmode,main
Mixpanel,greenhouse,mixpanel,main
Mixtiles,greenhouse,mixtiles,main
mizzenandmain,greenhouse,mizzenandmain,main
mks2technologies,greenhouse,mks2technologies,main
MLB (Job Board Only),greenhouse,mlbevents,main
MLB FFP,greenhouse,mlbfellowship,main
MLB on Deck Sales Program,greenhouse,mlbondeck,main
MLK Charter School Of Excellence,greenhouse,mlkcharterschoolofexcellence,main
mmhmm,greenhouse,mmhmm,main
MNTN,greenhouse,mntn,main
Mob Entertainment,greenhouse,mobentertainment,main
Mobi.AI,greenhouse,mobi,main
mobiauto,greenhouse,mobiauto,main
mobility,greenhouse,mobility,main
MobilityWare,greenhouse,mobilityware,main
mobius,greenhouse,mobius,main
Mobot,greenhouse,teammobot,main
Mochi Health,greenhouse,mochihealth,main
Mode Mobile,greenhouse,modemobile,main
Modern Animal,greenhouse,modernanimal,main
Modern Health,greenhouse,modernhealth,main
Modo Energy,greenhouse,modoenergy,main
Modulr,greenhouse,modulrfinance,main
Mojang Studios,greenhouse,mojangab,main
Mojio,greenhouse,mojio,main
Moloco,greenhouse,moloco,main
moltonbrown,greenhouse,moltonbrown,main
Mom's Meals,greenhouse,momsmeals,main
momentenergy,greenhouse,momentenergy,main
Momentic Studios,greenhouse,momentic,main
momentous,greenhouse,momentous,main
Momentum,greenhouse,momentumcompany3,main
Momentum Financial Services Group,greenhouse,momentumfinancialservicesgroup,main
Momentus Space LLC,greenhouse,momentus,main
moneymart,greenhouse,moneymart,main
mongodb,greenhouse,mongodb,main
Moniepoint,greenhouse,moniepoint,main
monks,greenhouse,monks,main
Monmouth Retina Consultants,greenhouse,monmouthretina,main
monograph,greenhouse,monograph,main
Monroe Tractor,greenhouse,monroetractor,main
monsterenergy,greenhouse,monsterenergy,main
monstro,greenhouse,monstro,main
Montai Therapeutics,greenhouse,montaihealth,main
Montessori Peaks Academy,greenhouse,mpeaks,main
"Monument Software, Inc.",greenhouse,monumentsoftwareinc,main
Monumental Sports & Entertainment,greenhouse,monumentalsports,main
Monzo,greenhouse,monzo,main
Moon Creative Lab,greenhouse,moon,main
Moonlite,greenhouse,moonlite,main
Moonshot,greenhouse,moonshot,main
"Morgan & Morgan, P.A.",greenhouse,morganmorganjobsapplynow,main
"Morgan & Morgan, P.A. Students",greenhouse,morganmorganstudents,main
"Morgan & Morgan, P.A. Summer Associates",greenhouse,morganmorgansummer,main
morganfranklinconsultingllc,greenhouse,morganfranklinconsultingllc,main
morgans,greenhouse,morgans,main
morgansideveterinaryclinic,greenhouse,morgansideveterinaryclinic,main
morrisonmaierle,greenhouse,morrisonmaierle,main
MORSE Corp,greenhouse,morsecorp,main
morty,greenhouse,morty,main
Mosaic Group,greenhouse,mosaicgroup,main
Moshiri Orthodontics,greenhouse,moshiriorthodontics,main
Moss New York LLC,greenhouse,mossnewyorkllc,main
Motional,greenhouse,motional,main
Motive,greenhouse,gomotive,main
motive,greenhouse,motive,main
motivity,greenhouse,motivity,main
Motley Fool Ventures,greenhouse,mfventures,main
Mount Airy Veterinary Associates,greenhouse,mountairyveterinaryassociates,main
Movable Ink,greenhouse,movableink,main
Movement Strategy,greenhouse,movementstrategy,main
moveonorg,greenhouse,moveonorg,main
Movers+Shakers,greenhouse,moversshakers,main
Moxe,greenhouse,moxehealth,main
moxxidigital,greenhouse,moxxidigital,main
Mozilla,greenhouse,mozilla,main
mpn,greenhouse,mpn,main
mpowerfinancing,greenhouse,mpowerfinancing,main
mpsw,greenhouse,mpsw,main
MQ Referrals Only,greenhouse,mqreferrals,main
Mr Apple,greenhouse,mrapple,main
Mr Apple (Internal Jobs),greenhouse,mrappleinternalonly,main
Mr Apple Careers site,greenhouse,mrapplecareers,main
MrBeast,greenhouse,mrbeastyoutube,main
MrBeast Contract Jobs,greenhouse,aplayers,main
mrwlawns,greenhouse,mrwlawns,main
msautomotive,greenhouse,msautomotive,main
mse,greenhouse,mse,main
msgentertainmentholdingsllc,greenhouse,msgentertainmentholdingsllc,main
MTC Care,greenhouse,meditelecare,main
mthree Recruiting Portal,greenhouse,mthreerecruitingportal,main
Muck Rack,greenhouse,muckrack,main
"Muller, Inc.",greenhouse,mullerinc,main
Muon Space,greenhouse,muonspace,main
murad,greenhouse,murad,main
Murj,greenhouse,murj,main
Museum of Science,greenhouse,themuseumofscience,main
mwam,greenhouse,mwam,main
mxd,greenhouse,mxd,main
mxtechnologiesinc,greenhouse,mxtechnologiesinc,main
mycodemedia,greenhouse,mycodemedia,main
Myers-Holum,greenhouse,mhi,main
myfavoritetherapists,greenhouse,myfavoritetherapists,main
MyFitnessPal,greenhouse,myfitnesspal,main
myheritage,greenhouse,myheritage,main
Myriad360,greenhouse,myriad360,main
Mythical Games,greenhouse,mythicalgames,main
N2 Co / Franchise External,greenhouse,franchise,main
n26,greenhouse,n26,main
n2alljobs,greenhouse,n2alljobs,main
n2publishingglassdoor,greenhouse,n2publishingglassdoor,main
NABIS,greenhouse,nabis,main
NAC International Inc.,greenhouse,nacinternational,main
name,greenhouse,name,main
Nametag,greenhouse,nametag,main
nanit,greenhouse,nanit,main
Nano Energies Holding a.s.,greenhouse,des,main
Nanonets,greenhouse,nanonets,main
Nanopath,greenhouse,nanopathinc,main
Narvar,greenhouse,narvar,main
Nas Company,greenhouse,nascompany,main
nashvilledoorcloser,greenhouse,nashvilledoorcloser,main
nashvillezoo,greenhouse,nashvillezoo,main
Nasium Training,greenhouse,nasiumtraining,main
Natera,greenhouse,natera,main
National Design Build Services,greenhouse,nationaldbs1,main
National Life Insurance Company,greenhouse,nationallifeinsurancecompany,main
nationallutheraninc,greenhouse,nationallutheraninc,main
nationwidevision,greenhouse,nationwidevision,main
nativeinstruments,greenhouse,nativeinstruments,main
Nature's Bakery,greenhouse,naturesbakery,main
Naughty Dog,greenhouse,naughtydog,main
Nauto,greenhouse,nauto,main
Nav,greenhouse,navtechnologies,main
navapbc,greenhouse,navapbc,main
Navier AI,greenhouse,navierai,main
NavVis,greenhouse,navvis,main
Nayya,greenhouse,nayya,main
NC America,greenhouse,ncamerica,main
nds,greenhouse,nds,main
Near Space Labs,greenhouse,nearspacelabs,main
Nearform,greenhouse,nearform,main
Nebius,greenhouse,nebius,main
nectar,greenhouse,nectar,main
nederland,greenhouse,nederland,main
Neighborhoods.com,greenhouse,neighborhoodscom,main
Neighbors Bank,greenhouse,neighborsbank,main
Neo Cybernetica,greenhouse,neocybernetica,main
Neo4j,greenhouse,neo4j,main
Neocol,greenhouse,neocol,main
neonaerospace,greenhouse,neonaerospace,main
Neptune Bio,greenhouse,neptunebio,main
Neptune Medical,greenhouse,neptunemedical,main
Nerdy,greenhouse,nerdy,main
Neros Technologies,greenhouse,nerostechnologies,main
netbrain,greenhouse,netbrain,main
Netcracker,greenhouse,netcracker,main
netcraft,greenhouse,netcraft,main
NetDocuments,greenhouse,netdocuments,main
NetEase Games,greenhouse,neteasegames,main
Netlify,greenhouse,netlify,main
Netradyne,greenhouse,netradyne,main
netsage,greenhouse,netsage,main
netskope,greenhouse,netskope,main
network,greenhouse,network,main
Network Optix,greenhouse,networkoptix,main
neu,greenhouse,neu,main
NeueHealth,greenhouse,neuehealth,main
neumora,greenhouse,neumora,main
Neura Health,greenhouse,neurahealth,main
"NeuraFlash, Part of Accenture",greenhouse,neuraflash,main
Neuralink,greenhouse,neuralink,main
neuropace,greenhouse,neuropace,main
nevadatitleandpaydayloansinc,greenhouse,nevadatitleandpaydayloansinc,main
new,greenhouse,new,main
New Era Technology,greenhouse,neweratech,main
New Mountain Capital -  Administrative,greenhouse,external,main
New Mountain Capital Opportunities,greenhouse,opportunities,main
New Openings,greenhouse,currentopenings,main
New Relic,greenhouse,newrelic,main
New York City Economic Development Corporation,greenhouse,nycedc,main
New York ISO,greenhouse,nyiso,main
neweratechau,greenhouse,neweratechau,main
newhonorsociety,greenhouse,newhonorsociety,main
Newlab Careers,greenhouse,newlabcareers,main
newleafenergy,greenhouse,newleafenergy,main
NewLimit,greenhouse,newlimit,main
NewRocket,greenhouse,highmetric,main
NewsBreak,greenhouse,newsbreak,main
newscientist,greenhouse,newscientist,main
Newsela,greenhouse,newsela,main
newsrevenuehub,greenhouse,newsrevenuehub,main
newsweaver,greenhouse,newsweaver,main
Newsweek,greenhouse,newsweek,main
Newton Research,greenhouse,newtonresearch,main
Nex,greenhouse,nex,main
Nexamp,greenhouse,nexamp,main
NexGen Cloud,greenhouse,nexgencloud,main
nexhealth,greenhouse,nexhealth,main
Nexla,greenhouse,nexla,main
Next Insurance,greenhouse,nextinsurance66,main
Next Street,greenhouse,nextstreet,main
nextdoor,greenhouse,nextdoor,main
"Nextdoor, Inc.",greenhouse,job-openings,main
nextiva,greenhouse,nextiva,main
NextRoll,greenhouse,nextroll,main
NextRoll Inc.,greenhouse,nextrollinc,main
NextRoll Sales,greenhouse,nextrollsales,main
nexus,greenhouse,nexus,main
ngrok Inc.,greenhouse,ngrokinc,main
NICE,greenhouse,nice,main
Nift,greenhouse,nift,main
"Nightdive Studios, Inc.",greenhouse,nightdivestudios,main
nightingale-college,greenhouse,nightingalecollege,main
Nimble Gravity,greenhouse,nimblegravity,main
Nimble Robotics,greenhouse,nimblerobotics,main
NineDot Energy,greenhouse,ninedotholdingsinc,main
NinjaTrader,greenhouse,ninjatrader,main
Nintendo,greenhouse,nintendo,main
nintex,greenhouse,nintex,main
Nira Energy,greenhouse,niraenergy,main
Nirmata,greenhouse,nirmata,main
nisc,greenhouse,nisc,main
NISC,greenhouse,testnisc,main
Nitricity,greenhouse,nitricity,main
nivagenpharmaceuticals,greenhouse,nivagenpharmaceuticals,main
"Nkarta, Inc.",greenhouse,nkartatherapeutics,main
NMI,greenhouse,nmi,main
noah,greenhouse,noah,main
noahmedical,greenhouse,noahmedical,main
noble,greenhouse,noble,main
nobleanesthesiapartners,greenhouse,nobleanesthesiapartners,main
Nobu Hotel Toronto,greenhouse,nobuhoteltoronto,main
noctrixhealth,greenhouse,noctrixhealth,main
Nomad Health,greenhouse,nomadhealth,main
nomnom,greenhouse,nomnom,main
nomos,greenhouse,nomos,main
Nonantum Veterinary Clinic,greenhouse,nonantumveterinaryclinic,main
none,greenhouse,none,main
none098908,greenhouse,none098908,main
Nooks,greenhouse,nooks,main
Noom US,greenhouse,noomgrowth,main
noonlight,greenhouse,noonlight,main
nordeus,greenhouse,nordeus,main
noredink,greenhouse,noredink,main
North America,greenhouse,xebiausa,main
North Pacific Dermatology,greenhouse,northpacificdermatology,main
North Point Technology,greenhouse,northpointtechnology,main
North Shore Pediatric Therapy,greenhouse,nspt,main
Northbeam,greenhouse,northbeam,main
northbridgecre,greenhouse,northbridgecre,main
northcharleston,greenhouse,northcharleston,main
NorthCoast Asset Management,greenhouse,nc,main
Northeast Dermatology Associates,greenhouse,neda,main
northmarq,greenhouse,northmarq,main
northpointrecoveryholdingsllc,greenhouse,northpointrecoveryholdingsllc,main
northside,greenhouse,northside,main
northsidepreparatoryacademy,greenhouse,northsidepreparatoryacademy,main
northspyre,greenhouse,northspyre,main
"Northwest Administrators, Inc.",greenhouse,northwestadministratorsinc,main
Northwest Pipe Fittings,greenhouse,northwestpipefittings,main
Notability,greenhouse,gingerlabsinc,main
nothing,greenhouse,nothing,main
Nourish,greenhouse,usenourish,main
Nova 401(k) Associates,greenhouse,nova401,main
Nova Credit,greenhouse,novacredit,main
NovaGen Research Fund,greenhouse,novagen,main
Novatize,greenhouse,novatize,main
novoed,greenhouse,novoed,main
noxgroup,greenhouse,noxgroup,main
Noyo,greenhouse,noyocareers,main
Nozomi Networks,greenhouse,nozominetworks,main
NPR,greenhouse,nationalpublicradioinc,main
nscaleoperationsukltd,greenhouse,nscaleoperationsukltd,main
nsrg,greenhouse,nsrg,main
nsvh,greenhouse,nsvh,main
NT Concepts,greenhouse,ntconcepts,main
ntd,greenhouse,ntd,main
"NTT DATA, Europe & LATAM, Branch in USA, Inc.",greenhouse,nttdatausa,main
Nubank,greenhouse,nubank,main
Nucleus Global,greenhouse,nucleus,main
nuHarbor,greenhouse,nuharborsecurity,main
Nuitée,greenhouse,nuitee,main
numa,greenhouse,numa,main
Numat,greenhouse,numattechnologies,main
number26,greenhouse,number26,main
Numeral,greenhouse,applytonumeral,main
Numerix,greenhouse,numerix,main
Numeus,greenhouse,numus,main
nurix,greenhouse,nurix,main
nuro,greenhouse,nuro,main
nursing,greenhouse,nursing,main
Nursing School,greenhouse,asdf,main
Nutrabolt,greenhouse,nutrabolt,main
Nutrafol,greenhouse,nutrafol,main
Nuts.com,greenhouse,nutscom,main
nuvalent,greenhouse,nuvalent,main
Nuvera,greenhouse,nuveracg,main
NVE Experience Agency,greenhouse,nve,main
NYC Criminal Justice Agency,greenhouse,criminaljusticeagency,main
"Nymbus, Inc.",greenhouse,nymbusinc,main
"O2EPCM, Inc. dba O2 Engineering, Projects & Construction Management",greenhouse,o2epcminc,main
oakhilladvisors,greenhouse,oakhilladvisors,main
Oakline Properties,greenhouse,oaklineproperties,main
oasis,greenhouse,oasis,main
Oasis Health Partners,greenhouse,oasishealthpartners,main
oasissecurity,greenhouse,oasissecurity,main
oath,greenhouse,oath,main
objectfirsts,greenhouse,objectfirsts,main
obligo,greenhouse,obligo,main
obrien,greenhouse,obrien,main
obrienveterinarygroup,greenhouse,obrienveterinarygroup,main
observeai,greenhouse,observeai,main
Obsidian Security,greenhouse,obsidiansecurity,main
Obsidian Therapeutics,greenhouse,obsidiantherapeutics,main
obsidiansecuritycareers,greenhouse,obsidiansecuritycareers,main
ocadogroup,greenhouse,ocadogroup,main
oceania,greenhouse,oceania,main
OceanX,greenhouse,oceanx,main
Ocrolus Inc.,greenhouse,ocrolusinc,main
ocs,greenhouse,ocs,main
Octane,greenhouse,octanelending,main
Octant Bio,greenhouse,octantbio,main
octaura,greenhouse,octaura,main
Octave,greenhouse,octave,main
Octus,greenhouse,octus,main
Oddball,greenhouse,oddball,main
Odeko,greenhouse,odeko,main
Odle Sales,greenhouse,odlesalescareers,main
OfferUp,greenhouse,offerup,main
Office Hours,greenhouse,officehours,main
officeally,greenhouse,officeally,main
OfficeSpace Software,greenhouse,officespacesoftware,main
Offshore Launch,greenhouse,offshorelaunch,main
Ogilvy,greenhouse,ogilvy,main
Ogilvy Health US,greenhouse,ogilvyhealthusa,main
OGT,greenhouse,ogt,main
Ohalo,greenhouse,ohalogenetics,main
OHDELA,greenhouse,ohdela,main
ohio,greenhouse,ohio,main
oikotie,greenhouse,oikotie,main
Oklo,greenhouse,oklo,main
okta,greenhouse,okta,main
OKX,greenhouse,okx,main
olaplexcareers,greenhouse,olaplexcareers,main
Old Mission,greenhouse,oldmissioncapital,main
oldcastlebuildingenvelope,greenhouse,oldcastlebuildingenvelope,main
oldcity,greenhouse,oldcity,main
Olema Oncology,greenhouse,olema,main
OLIPOP,greenhouse,olipop,main
OLIVER Agency - North America,greenhouse,oliverusa,main
OLLY,greenhouse,olly,main
olsson,greenhouse,olsson,main
Olympus Property,greenhouse,olympusproperty,main
Omada Health,greenhouse,omadahealth,main
Ombud,greenhouse,ombud,main
Omen AI,greenhouse,omenai,main
omicron,greenhouse,omicron,main
Omidyar Network,greenhouse,omidyarnetwork,main
Omnicom Media,greenhouse,mediabrands,main
Omnicom Media Group Netherlands - OMG,greenhouse,omgnetherlands,main
Omnicom Production Japan K.K,greenhouse,opj,main
omnicomhealth,greenhouse,omnicomhealth,main
OMP Careers,greenhouse,efihr,main
ompexternaljobboards,greenhouse,ompexternaljobboards,main
On,greenhouse,onrunning,main
On Board Experiential,greenhouse,obexp,main
ON.energy,greenhouse,onenergy,main
onapsis,greenhouse,onapsis,main
Onbe,greenhouse,onbe,main
OnBoard,greenhouse,onboardmeetings,main
One Acre Fund - Burundi,greenhouse,oneacrefundburundi,main
One Acre Fund - Ethiopia,greenhouse,oneacrefundethiopia,main
One Acre Fund - Kenya,greenhouse,oafkenya,main
One Acre Fund - Malawi,greenhouse,oneacrefundmalawi,main
One Acre Fund - Nigeria,greenhouse,oneacrefundnigeria,main
One Acre Fund - Rwanda,greenhouse,oneacrefundrwanda,main
One Acre Fund - Tanzania,greenhouse,oneacrefundtanzania,main
One Acre Fund - Zambia,greenhouse,oneacrefundzambia,main
ONE Campaign,greenhouse,onecampaign,main
One Clear Choice,greenhouse,oneclearchoice,main
One Medical,greenhouse,onemedical,main
One World Coders,greenhouse,owc,main
oneacrefund,greenhouse,oneacrefund,main
oneacrefundglobal,greenhouse,oneacrefundglobal,main
oneazcreditunion,greenhouse,oneazcreditunion,main
OneCrew,greenhouse,applytoonecrew,main
OneEnergy Renewables,greenhouse,oneenergyrenewables,main
OneImaging,greenhouse,oneimaging,main
onemodel,greenhouse,onemodel,main
oneoncology,greenhouse,oneoncology,main
OneSix - External,greenhouse,onesixsolutions27,main
oneskin,greenhouse,oneskin,main
OneStudyTeam,greenhouse,onestudyteam,main
onetrust,greenhouse,onetrust,main
OneVest,greenhouse,onevest,main
Only External Postings,greenhouse,notexternal,main
"Onnit Labs, Inc.",greenhouse,onnitlabs,main
onX,greenhouse,onxmaps,main
onyx,greenhouse,onyx,main
oodlefinance,greenhouse,oodlefinance,main
ooma,greenhouse,ooma,main
oosmanagementcorp,greenhouse,oosmanagementcorp,main
Open Core Ventures,greenhouse,opencoreventures,main
Open Farm,greenhouse,openfarminc,main
OpenAP LLC,greenhouse,openap,main
OpenEye,greenhouse,openeye,main
OpenFX,greenhouse,openfx,main
Openly,greenhouse,openly,main
OpenSesame,greenhouse,opensesame,main
openspace,greenhouse,openspace,main
OpenTable,greenhouse,opentable,main
OpenTeams,greenhouse,openteams,main
openweb,greenhouse,openweb,main
openwork,greenhouse,openwork,main
openzeppelin,greenhouse,openzeppelin,main
Operant AI,greenhouse,operantai,main
Ophelia,greenhouse,ophelia,main
Ophelos,greenhouse,ophelos,main
opm,greenhouse,opm,main
opmg,greenhouse,opmg,main
Oportun,greenhouse,oportun,main
opositiv,greenhouse,opositiv,main
OppFi,greenhouse,opploans,main
OPSWAT,greenhouse,opswat,main
Optima Dermatology - Physician and Provider Openings,greenhouse,physiciansandproviders,main
optimadermatologycareers,greenhouse,optimadermatologycareers,main
Optimal Dynamics,greenhouse,optimaldynamics,main
"Optimal Market Technologies, LLC",greenhouse,optimal,main
optimalcare-evergreen,greenhouse,optimalcare-evergreen,main
optimamedical,greenhouse,optimamedical,main
optimove,greenhouse,optimove,main
Optiver,greenhouse,optiverus,main
Optiver,greenhouse,optiver,main
Optiver - Trading Academy,greenhouse,tradingacademy2025,main
Optiver Private Jobs,greenhouse,optiverprivate,main
Opto Investments,greenhouse,optoinvest,main
ora,greenhouse,ora,main
oralsurgerypartners,greenhouse,oralsurgerypartners,main
orangetwist,greenhouse,orangetwist,main
ORCA Service Technologies,greenhouse,orca,main
orcasecurity,greenhouse,orcasecurity,main
Orchard,greenhouse,orchard,main
orchestra,greenhouse,orchestra,main
orcristtechnologies,greenhouse,orcristtechnologies,main
Ordergroove,greenhouse,ordergroove,main
Orderly,greenhouse,orderly,main
Oregon Health & Science University Foundation,greenhouse,ohsufoundation,main
orennia,greenhouse,orennia,main
Oribe Hair Care,greenhouse,oribe,main
Original Triad Door Co.,greenhouse,originaltriad,main
origisenergy,greenhouse,origisenergy,main
Orion Group,greenhouse,oriongroup,main
Orion Innovation Naukri,greenhouse,orioninnovationnaukri,main
orioninnovation,greenhouse,orioninnovation,main
Orkes,greenhouse,orkes,main
Orr Group,greenhouse,orrgroup,main
Orthodontic Partners,greenhouse,orthodonticpartners,main
oruka,greenhouse,oruka,main
Osano,greenhouse,osano,main
oscar,greenhouse,oscar,main
Oshi Health,greenhouse,oshihealth,main
ospn,greenhouse,ospn,main
Ossium Health,greenhouse,ossiumhealth,main
OTR Solutions,greenhouse,otrcapital1,main
Otter,greenhouse,otter,main
otterai,greenhouse,otterai,main
otterbein,greenhouse,otterbein,main
Otto Aerospace,greenhouse,ottoaviation,main
Ouihelp,greenhouse,ouihelp,main
oulahealth,greenhouse,oulahealth,main
ounceofcare,greenhouse,ounceofcare,main
outerspace,greenhouse,outerspace,main
Outfit7,greenhouse,outfit7,main
Outpost,greenhouse,outpostspace,main
outrider,greenhouse,outrider,main
Outschool,greenhouse,outschool,main
Outset Medical,greenhouse,outsetmedical,main
outside,greenhouse,outside,main
Outside GC,greenhouse,briefly,main
outsiders,greenhouse,outsiders,main
Overhead Door Solutions,greenhouse,gspoverheaddoorsolutions,main
Overstory,greenhouse,overstory,main
ovoenergy,greenhouse,ovoenergy,main
Ownershift,greenhouse,ownershift,main
Ownwell,greenhouse,ownwell,main
oxam,greenhouse,oxam,main
OXOS Medical,greenhouse,oxosmedical,main
PAC NYC,greenhouse,pacnyc,main
pacaso,greenhouse,pacaso,main
pacificcycle,greenhouse,pacificcycle,main
pacificfusion,greenhouse,pacificfusion,main
pacificlegalfoundation,greenhouse,pacificlegalfoundation,main
Paciorek Orthodontics,greenhouse,paciorek,main
Packard Culligan Water,greenhouse,packardculliganwater,main
pact,greenhouse,pact,main
Pacvue,greenhouse,pacvue,main
Padilla,greenhouse,padilla,main
pado,greenhouse,pado,main
Pagaya,greenhouse,pagaya,main
Pager Health,greenhouse,pagerhealth,main
PagerDuty,greenhouse,pagerduty,main
pah,greenhouse,pah,main
Pair Team,greenhouse,pairteam,main
Pallet,greenhouse,pallet,main
palmetto,greenhouse,palmetto,main
Palmetto Clean Technology,greenhouse,palmettocleantech,main
Paloma Partners Management Company,greenhouse,palomapartners,main
PandaDoc,greenhouse,pandadoc,main
pangaea,greenhouse,pangaea,main
Pangea Money Transfer,greenhouse,pangeamoneytransfer,main
Pansophic Learning,greenhouse,pansophiclearning,main
Pantera Capital Management LP,greenhouse,panteracapitalcareers,main
Panthalassa,greenhouse,panthalassa,main
pantheon,greenhouse,pantheon,main
Pantheon Ventures Careers,greenhouse,pantheonpublic,main
Panther,greenhouse,pantherlabs,main
Papa,greenhouse,papa,main
papaya,greenhouse,papaya,main
Paperless Parts,greenhouse,paperlessparts,main
Paperless Post,greenhouse,paperlesspost,main
Parabilis Medicines,greenhouse,parabilismed,main
Parachute Health,greenhouse,parachutehealth,main
Parachute Home,greenhouse,parachutehome,main
Paradigm,greenhouse,joinparadigm,main
Paradigm,greenhouse,paradigm,main
paradigmtreatmentcenters,greenhouse,paradigmtreatmentcenters,main
Paragon Insurance Holdings,greenhouse,paragoncareers,main
Parallel,greenhouse,parallellearning,main
Parallel Systems,greenhouse,parallel,main
Paratek Pharmaceuticals,greenhouse,paratekpharmaceuticals,main
parenthetic,greenhouse,parenthetic,main
paretocaptiveservicesllc,greenhouse,paretocaptiveservicesllc,main
Park Restaurant and Bar,greenhouse,parkcareers,main
parkland,greenhouse,parkland,main
Parloa,greenhouse,parloa,main
Parse Biosciences,greenhouse,parsebiosciences,main
parsecautomationcorp,greenhouse,parsecautomationcorp,main
Parsley Health,greenhouse,parsleyhealth,main
Particle41,greenhouse,particle41llc,main
Partnerize,greenhouse,partnerize,main
Partum Health,greenhouse,partumhealth,main
patch,greenhouse,patch,main
PATH (People Assisting the Homeless),greenhouse,epath,main
pathai,greenhouse,pathai,main
pathrobotics,greenhouse,pathrobotics,main
Pathstream,greenhouse,pathstream,main
"Pathward, Career Fairs",greenhouse,pathwardcareerfair,main
"Pathward, N.A.",greenhouse,pathward,main
pathwaysforlife,greenhouse,pathwaysforlife,main
PatientPoint,greenhouse,patientpoint,main
Pattern Data,greenhouse,patterndata,main
Paula's Choice Skincare,greenhouse,paulaschoiceskincare,main
Pave,greenhouse,paveakatroveinformationtechnologies,main
PAX Labs,greenhouse,paxlabs,main
Payhawk,greenhouse,payhawkio,main
PayHawk,greenhouse,payhawk1,main
PayIt,greenhouse,payit,main
payoneer,greenhouse,payoneer,main
PayPay,greenhouse,paypay,main
PayPay Card,greenhouse,paypaycard,main
paystand,greenhouse,paystand,main
Paytient,greenhouse,paytient,main
"PBI-Gordon Companies, Inc.",greenhouse,pbigordoncompaniesinc,main
PBI-Gordon Corporation,greenhouse,pbigordoncorporation,main
pcdm,greenhouse,pcdm,main
PDM Group,greenhouse,pdmgroupasp,main
PDQ Doors,greenhouse,pdq,main
PDT Partners,greenhouse,pdtpartners,main
peachy,greenhouse,peachy,main
peakenergy,greenhouse,peakenergy,main
pearceservices,greenhouse,pearceservices,main
Pearl,greenhouse,justanswer,main
Pediatrics Plus,greenhouse,indeedbtrbt,main
Pediatrics Plus Job Board,greenhouse,pedsplustemplate,main
pediatricsplus,greenhouse,pediatricsplus,main
"Pegasus Laboratories, Inc.",greenhouse,pegasuslaboratoriesinc,main
pelacase,greenhouse,pelacase,main
Pelago,greenhouse,pelago,main
peloton,greenhouse,peloton,main
Pendar Technologies,greenhouse,pendartechnologies,main
Pendo,greenhouse,pendo,main
Penland School of Craft,greenhouse,penlandschoolofcraft,main
Penn Interactive,greenhouse,penninteractive,main
pennylinn,greenhouse,pennylinn,main
Penske Media Corp.,greenhouse,pmc,main
peopletech,greenhouse,peopletech,main
pep,greenhouse,pep,main
Per Scholas,greenhouse,perscholashires,main
Peregrine Health,greenhouse,peregrinehealth,main
Peregrine Technologies,greenhouse,peregrinetechnologies,main
PerfectServe,greenhouse,perfectserve,main
PerformLine,greenhouse,performline,main
Perion Network Ltd,greenhouse,perionnetworkltd,main
perm,greenhouse,perm,main
permira,greenhouse,permira,main
perpay,greenhouse,perpay,main
Perry Ellis International,greenhouse,perryellisinternational,main
"Persefoni AI, Inc.",greenhouse,persefoniaiinc,main
"Personalis, Inc",greenhouse,personalisinc,main
Pet Vet Family Pet Care Center,greenhouse,petvetkalamazoo,main
"PetAg, Inc.",greenhouse,petag,main
Petersen Pet Hospital,greenhouse,petersonpetclinic,main
pfm,greenhouse,pfm,main
Phaidra,greenhouse,phaidra,main
Phamily,greenhouse,jobsatphamily,main
Phamily Staffing - External Care Manager Roles,greenhouse,phamily,main
Phantom AI,greenhouse,phantomai,main
PharmaCann,greenhouse,pharmacann,main
Pharmaceutical Strategies Group LLC,greenhouse,psgconsults,main
pharmacy,greenhouse,pharmacy,main
Pharo Management,greenhouse,pharomanagement,main
phaser,greenhouse,phaser,main
PhaseV,greenhouse,phasev,main
Philadelphia Eagles,greenhouse,philadelphiaeagles,main
Philadelphia Phillies - Baseball Operations,greenhouse,philliesbaseballoperations,main
philadelphiaanimalhospital,greenhouse,philadelphiaanimalhospital,main
philadelphiaeaglesgameday,greenhouse,philadelphiaeaglesgameday,main
philippines,greenhouse,philippines,main
philliesbusinessops,greenhouse,philliesbusinessops,main
philliesgameday,greenhouse,philliesgameday,main
Philo,greenhouse,philo,main
Philz Coffee,greenhouse,philzcoffeecareers,main
Phiture GmbH,greenhouse,phiture2,main
Phizenix,greenhouse,phizenix,main
phmg,greenhouse,phmg,main
Phoenix Contact,greenhouse,phoenixcontact,main
Phoenix Road Animal Hospital,greenhouse,phoenixroadvet,main
phoenixmed,greenhouse,phoenixmed,main
PhonePe,greenhouse,phonepe,main
PhyNet Dermatology LLC (External),greenhouse,phynetdermatology,main
PhysicsX,greenhouse,physicsx,main
pia,greenhouse,pia,main
Piaggio Fast Forward,greenhouse,piaggiofastforward,main
"Picarro, Inc",greenhouse,picarroinc,main
Picnic Delivery,greenhouse,try-picnic,main
Pico,greenhouse,picoquantitativetrading,main
Picsart Academy,greenhouse,academy,main
Pie Insurance,greenhouse,pieinsurance,main
Piermont Bank,greenhouse,piermontbank,main
Pilot.com,greenhouse,pilothq,main
pindropsecurity,greenhouse,pindropsecurity,main
PINE Advisor Solutions,greenhouse,pineadvisorsolutions,main
Pine Bluff Animal Hospital,greenhouse,pinebluff,main
Ping Identity,greenhouse,pingidentity,main
pingcap,greenhouse,pingcap,main
Pinnacol Assurance,greenhouse,pinnacolassurance,main
pinterest,greenhouse,pinterest,main
Pinwheel,greenhouse,pinwheelapi,main
Pioneer Square Labs,greenhouse,pioneersquarelabs,main
Pipe Technologies,greenhouse,pipetechnologies,main
pipe17,greenhouse,pipe17,main
"Piramidal, Inc.",greenhouse,piramidalinc,main
pirateship,greenhouse,pirateship,main
PitchBook Data,greenhouse,pitchbookdata,main
pivotbio,greenhouse,pivotbio,main
Pixability,greenhouse,pixability,main
place,greenhouse,place,main
Placements.io,greenhouse,placementsio,main
Placer.ai,greenhouse,placerlabs,main
placerealestate,greenhouse,placerealestate,main
Planet,greenhouse,planetlabs,main
PlanetScale,greenhouse,planetscale,main
Planful,greenhouse,hostanalytics,main
planomatic,greenhouse,planomatic,main
planradar,greenhouse,planradar,main
Plata Card,greenhouse,platacard,main
Platform Science,greenhouse,platformscience,main
platformsh,greenhouse,platformsh,main
PlayQ,greenhouse,playq,main
PlayStation Global,greenhouse,sonyinteractiveentertainmentglobal,main
playworks96,greenhouse,playworks96,main
pleo,greenhouse,pleo,main
Plexium Careers,greenhouse,plexium,main
Plexus Worldwide,greenhouse,plexusworldwidellc,main
pliancy,greenhouse,pliancy,main
"Pliant Therapeutics, Inc.",greenhouse,plianttherapeuticsinc,main
Plooto,greenhouse,plootocareers,main
plos,greenhouse,plos,main
PLS,greenhouse,plscareers,main
Pluckers Wing Bar - Corporate,greenhouse,pluckershomeoffice,main
Plumbing Systems Inc (PSI),greenhouse,psivail,main
Plume,greenhouse,plume,main
pm,greenhouse,pm,main
PM Studios,greenhouse,pmstudios,main
PMG,greenhouse,pmg,main
pocketco,greenhouse,pocketco,main
Podium,greenhouse,podium81,main
Point C,greenhouse,pointc,main
"Point Digital Finance, Inc.",greenhouse,pointdigitalfinance,main
Point Wild,greenhouse,pointwild,main
Point72,greenhouse,point72,main
Point72 Private Investments,greenhouse,p72pi,main
Poka EN,greenhouse,poka,main
polaris,greenhouse,polaris,main
policyexpert,greenhouse,policyexpert,main
PolyAI,greenhouse,polyai,main
Polycam Inc.,greenhouse,polycamcareers,main
Polychain Genesis,greenhouse,genesis,main
polychaincapital,greenhouse,polychaincapital,main
polygonus,greenhouse,polygonus,main
Pomelo Care,greenhouse,pomelocare,main
ponbikeoperations,greenhouse,ponbikeoperations,main
Ponderosa Garage Doors,greenhouse,ponderosa,main
Pontera,greenhouse,pontera,main
Poppulo,greenhouse,poppulo,main
Populate,greenhouse,applytopopulate,main
Porsche Walnut Creek,greenhouse,porschewalnutcreek,main
Porter Novelli,greenhouse,porternovelli,main
portwest,greenhouse,portwest,main
poshmark,greenhouse,poshmark,main
Postman,greenhouse,postman,main
postpartumsupportinternational,greenhouse,postpartumsupportinternational,main
Postscript,greenhouse,postscript,main
potato,greenhouse,potato,main
Power Digital,greenhouse,powerdigitalmarketing,main
Powerhouse Arts,greenhouse,powerhousearts,main
powertodecide,greenhouse,powertodecide,main
powerx,greenhouse,powerx,main
ppco,greenhouse,ppco,main
pps,greenhouse,pps,main
pqshield,greenhouse,pqshield,main
Practising Law Institute,greenhouse,practisinglawinstitute,main
pracuj,greenhouse,pracuj,main
praetorian,greenhouse,praetorian,main
Praxent,greenhouse,praxent,main
Praxis,greenhouse,praxis,main
"Praxis Precision Medicines, Inc.",greenhouse,praxisprecisionmedicines,main
preacher,greenhouse,preacher,main
Precedent,greenhouse,applytoprecedent,main
Precisely International Jobs,greenhouse,preciselyinternationaljobs,main
Precisely US Jobs,greenhouse,preciselyusjobs,main
Precision AQ,greenhouse,precisionaq,main
Precision Medicine Group,greenhouse,precisionmedicinegroup,main
Precision Vehicle Holdings,greenhouse,precisionvehicleholdings,main
Premier Automation LLC,greenhouse,premierautomation,main
Premier Dermatology Partners,greenhouse,premierdermatology,main
Premier Truck Rental,greenhouse,premiertruckrental,main
prenuvo,greenhouse,prenuvo,main
PrescriberPoint,greenhouse,prescriberpoint,main
Presence,greenhouse,presencelearning,main
Pretium,greenhouse,pretiumpartnersllc,main
pretiuminternships2026,greenhouse,pretiuminternships2026,main
Prevail,greenhouse,prevail,main
Prezzee,greenhouse,prezzee,main
Prime Medicine,greenhouse,primemedicine,main
primer.ai,greenhouse,primerai,main
primexbt,greenhouse,primexbt,main
Prisma,greenhouse,prisma,main
prismatic,greenhouse,prismatic,main
privacy,greenhouse,privacy,main
Private - Golden State Warriors,greenhouse,privategsw,main
Private Board,greenhouse,ascend,main
Private Job Board,greenhouse,hellofreshprivate,main
privateer,greenhouse,privateer,main
PrizePicks,greenhouse,prizepicks,main
Procare Solutions,greenhouse,procaresolutions,main
Process Street,greenhouse,processstreet,main
ProCogia,greenhouse,procogia,main
Proconex,greenhouse,proconex,main
Prodigal,greenhouse,prodigal,main
Profluent,greenhouse,profluent,main
ProFound,greenhouse,profound,main
Project Management Advisors,greenhouse,pma,main
project44,greenhouse,project44,main
project44 Careers,greenhouse,project44opportunities,main
ProKidney,greenhouse,prokidney,main
Prolaio,greenhouse,prolaio,main
Prolific,greenhouse,prolific,main
Prometheus Real Estate Group,greenhouse,prometheusrealestategroup,main
Pronto,greenhouse,pronto,main
Proof,greenhouse,proof,main
Prophecy,greenhouse,prophecysimpledatalabs,main
prophero,greenhouse,prophero,main
prophet,greenhouse,prophet,main
Prophet Application,greenhouse,directapplication,main
Prophia,greenhouse,prophia,main
proponents,greenhouse,proponents,main
propstack,greenhouse,propstack,main
ProPublica,greenhouse,propublica,main
ProPublica Opportunities,greenhouse,propublica02,main
Prosek Partners,greenhouse,prosek,main
ProShares,greenhouse,proshares,main
prospa,greenhouse,prospa,main
prospectus,greenhouse,prospectus,main
Prosper Health,greenhouse,prosperhealth,main
protagonist,greenhouse,protagonist,main
Protillion Biosciences,greenhouse,protillionbiosciences,main
proto,greenhouse,proto,main
Proton,greenhouse,proton,main
Proton.ai,greenhouse,protonai,main
Prove,greenhouse,prove,main
Providence Digital Innovation Group,greenhouse,providencedig,main
psg,greenhouse,psg,main
psi-engineering,greenhouse,psi-engineering,main
PsiBufet,greenhouse,psibufet,main
PsiQuantum,greenhouse,psiquantum,main
psl,greenhouse,psl,main
pt,greenhouse,pt,main
pti,greenhouse,pti,main
PUBG EMEA,greenhouse,pubgemea,main
PUBG Madglory,greenhouse,pubgmadison,main
PUBG Seattle,greenhouse,pubgseattle,main
Public,greenhouse,public,main
PubMatic,greenhouse,pubmatic,main
pubnub,greenhouse,pubnub,main
Puffco,greenhouse,puffco,main
Puget Sound Veterinary Specialty & Emergency,greenhouse,pugetsoundvetspecialists,main
Pulley,greenhouse,pulley,main
pulmovant,greenhouse,pulmovant,main
pulse,greenhouse,pulse,main
pulsebiosciences,greenhouse,pulsebiosciences,main
Pulumi,greenhouse,pulumicorporation,main
Pump.co,greenhouse,pumpcareers,main
purewow,greenhouse,purewow,main
purple,greenhouse,purple,main
Purple Strategies,greenhouse,purplestrategies,main
purposemed,greenhouse,purposemed,main
PursueCare,greenhouse,pursuecare,main
Pursuit,greenhouse,pursuit,main
pushpay,greenhouse,pushpay,main
"PVM, Inc.",greenhouse,pvminc,main
Q-Centrix,greenhouse,qcentrix,main
qdssjobsohio,greenhouse,qdssjobsohio,main
QE Job Board,greenhouse,quinnevansapplications,main
qfhsomaha,greenhouse,qfhsomaha,main
qgenda,greenhouse,qgenda,main
qgiv,greenhouse,qgiv,main
qr,greenhouse,qr,main
qt,greenhouse,qt,main
Quadrature Capital,greenhouse,quadraturecapital,main
quaise,greenhouse,quaise,main
Qualia,greenhouse,qualia,main
Qualified Digital,greenhouse,qualifieddigital,main
Qualio,greenhouse,qualio,main
qualtrics,greenhouse,qualtrics,main
Quanata,greenhouse,quanata,main
QuantHealth,greenhouse,quanthealth,main
Quantifind,greenhouse,quantifind,main
Quantiq,greenhouse,quantiq,main
Quantitative Marketing,greenhouse,qmleads,main
Quantum Coffee,greenhouse,quantumcoffee,main
Qube Research & Technologies,greenhouse,quberesearchandtechnologies,main
"QuEra Computing, Inc.",greenhouse,queracomputinginc,main
questbridge,greenhouse,questbridge,main
questdefensesystemssolutionsinc,greenhouse,questdefensesystemssolutionsinc,main
quetzal,greenhouse,quetzal,main
quilt,greenhouse,quilt,main
Quince,greenhouse,quince,main
quinnevansarchitects,greenhouse,quinnevansarchitects,main
quinstreet,greenhouse,quinstreet,main
quip,greenhouse,quip,main
Quisitive,greenhouse,quisitivejobs,main
qventus,greenhouse,qventus,main
R&CPMK,greenhouse,rcpmk,main
R.W. Zant,greenhouse,rwzant,main
"RA Capital Management, LLC",greenhouse,racapitalmanagementllc,main
RAB Lighting,greenhouse,rab,main
Rabin Martin,greenhouse,rabinmartin,main
rabota,greenhouse,rabota,main
Rackner,greenhouse,rackner,main
racm,greenhouse,racm,main
RADAR,greenhouse,radar,main
radaranalytics,greenhouse,radaranalytics,main
RadiantSecurity,greenhouse,radiantsecurity,main
Radicle Health,greenhouse,radiclehealth,main
Radix Trading Experienced Job Board,greenhouse,radixexperienced,main
Radix Trading University Job Board,greenhouse,radixuniversity,main
Raft Company Website,greenhouse,raft,main
RAIC Labs,greenhouse,synthetaic,main
raisin,greenhouse,raisin,main
rajasthanroyals,greenhouse,rajasthanroyals,main
rak,greenhouse,rak,main
Rakuten Medical Inc. - US,greenhouse,rakutenmedical18,main
Rampant Technologies,greenhouse,rampanttechnologies,main
Range,greenhouse,range,main
Rangeview Inc.,greenhouse,rangeviewinc,main
"RapidFort, Inc.",greenhouse,rapidfortinc,main
RapidSOS,greenhouse,rapidsos,main
RAPP ELP,greenhouse,elp,main
Rapport Therapeutics,greenhouse,rapporttherapeutics,main
Raptor Technologies,greenhouse,raptortechnologies,main
rater8,greenhouse,rater8,main
raven,greenhouse,raven,main
Rawls Animal Hospital,greenhouse,rawls,main
Raye IT Consulting,greenhouse,rayeitconsulting,main
Razorpay Software Private Limited,greenhouse,razorpaysoftwareprivatelimited,main
rcc,greenhouse,rcc,main
RCLCO,greenhouse,rclco,main
RCX Sports,greenhouse,rcxsports,main
rdccareers,greenhouse,rdccareers,main
Re-Bath,greenhouse,rebathcorporate,main
Re:Build Manufacturing,greenhouse,rebuildmanufacturing,main
Reach Financial,greenhouse,reach,main
reach3insights,greenhouse,reach3insights,main
reachdesk,greenhouse,reachdesk,main
Reactivate,greenhouse,reactivate,main
Ready,greenhouse,ready,main
readysettechnologyinc,greenhouse,readysettechnologyinc,main
Readystate Asset Management,greenhouse,readystate,main
Real Chemistry,greenhouse,realchemistry,main
Real-Time Innovations,greenhouse,rti,main
Realm,greenhouse,realm,main
realpha,greenhouse,realpha,main
realtimeboardglobal,greenhouse,realtimeboardglobal,main
realtymogul,greenhouse,realtymogul,main
Rebag,greenhouse,rebag,main
rebet,greenhouse,rebet,main
rebtel,greenhouse,rebtel,main
rebuilt,greenhouse,rebuilt,main
recall,greenhouse,recall,main
Recast,greenhouse,recast,main
Recidiviz,greenhouse,recidiviz,main
recode,greenhouse,recode,main
ReCode Therapeutics,greenhouse,recodetherapeutics,main
Recorded Future,greenhouse,recordedfuture,main
Recruitis,greenhouse,recruitis,main
Rectangle Health,greenhouse,rectanglehealth,main
recurrent,greenhouse,recurrent,main
Recursion,greenhouse,recursionpharmaceuticals,main
Red Cell Partners,greenhouse,redcellpartners,main
Redding Ridge Asset Management,greenhouse,reddingridge,main
Reddit,greenhouse,reddit,main
RedHelm,greenhouse,onepath,main
RedPeak,greenhouse,redpeak,main
Redpin,greenhouse,currenciesdirect,main
redstoneresidential,greenhouse,redstoneresidential,main
redventures,greenhouse,redventures,main
Redwood Materials,greenhouse,redwoodmaterials,main
Redwood Software,greenhouse,redwoodsoftware,main
ref,greenhouse,ref,main
Referral Board,greenhouse,referralsuseonly,main
Referrals Only,greenhouse,thoughtworksreferral,main
Referrals Only,greenhouse,monzoreferrals,main
referralsonly,greenhouse,referralsonly,main
Reflective,greenhouse,reflective,main
reflex,greenhouse,reflex,main
Reflexivity,greenhouse,toggleai,main
Reformation,greenhouse,reformation,main
Regent,greenhouse,regent,main
regie,greenhouse,regie,main
Regional Center of the East Bay,greenhouse,regionalcenteroftheeastbay,main
RegScale,greenhouse,regscale,main
Relai,greenhouse,technology,main
RelationalAI,greenhouse,relationalai,main
Relativity Space,greenhouse,relativity,main
Relay,greenhouse,relaypro,main
Relay Graduate School of Education,greenhouse,relaygraduateschoolofeducation,main
Relay Network,greenhouse,relaynetwork,main
Relay Payments,greenhouse,relaypayments,main
Relay Therapeutics,greenhouse,relaytherapeutics,main
released,greenhouse,released,main
relex,greenhouse,relex,main
Reliant,greenhouse,reliant,main
Relocity,greenhouse,relocity,main
Reltio,greenhouse,reltio,main
remedyedgelondon,greenhouse,remedyedgelondon,main
remedyedgespain,greenhouse,remedyedgespain,main
remedyhomehealthcare,greenhouse,remedyhomehealthcare,main
Remesh,greenhouse,remesh,main
Remix Therapeutics,greenhouse,remixtherapeutics,main
remm,greenhouse,remm,main
remodelhealth,greenhouse,remodelhealth,main
Remora,greenhouse,remoracarbon,main
Remotasks,greenhouse,remotasks,main
Remote,greenhouse,remotecom,main
remote,greenhouse,remote,main
Remote - Referral Board,greenhouse,remotereferralboardinternaluseonly,main
Remote Jobs At Sandstone Care,greenhouse,sandstoneremote,main
Remote Positions,greenhouse,opremote,main
Remote Woman,greenhouse,remotewoman,main
remotepeople,greenhouse,remotepeople,main
remotetcx,greenhouse,remotetcx,main
Ren,greenhouse,renpsg,main
Renaissance Learning EMEA APAC,greenhouse,renaissancelearning-emea,main
Renaissance Learning North America,greenhouse,renaissancelearning-nam,main
Renewed Vision,greenhouse,renewedvision,main
Rent the Runway,greenhouse,renttherunway,main
reolink,greenhouse,reolink,main
RepeatMD,greenhouse,repeatmd,main
reproductivefreedomforall,greenhouse,reproductivefreedomforall,main
Resident,greenhouse,residenthome,main
residential,greenhouse,residential,main
resilience,greenhouse,resilience,main
Resolve To Save Lives,greenhouse,resolvetosavelives,main
Resonate,greenhouse,resonate,main
ResortPass,greenhouse,resortpass,main
Resource Environmental Solutions LLC,greenhouse,res,main
restart,greenhouse,restart,main
Results For America,greenhouse,resultsforamerica,main
retail,greenhouse,retail,main
RetailNext,greenhouse,retailnext,main
retraced,greenhouse,retraced,main
Returners Job Board,greenhouse,chicago,main
Reunion Marketing,greenhouse,reunionmarketing,main
Revance,greenhouse,revance,main
revel,greenhouse,revel,main
Revero,greenhouse,revero,main
RevGen Partners,greenhouse,revgenpartners,main
Revivn,greenhouse,revivn,main
Revlon Corporate,greenhouse,revloncorporate,main
Revolution Medicines,greenhouse,revolutionmedicines,main
Rewards Network,greenhouse,rewardsnetwork,main
rexfordindustrial,greenhouse,rexfordindustrial,main
Reynolds Orthodontics,greenhouse,reynoldsorthodontics,main
RF-SMART,greenhouse,rfsmart,main
rfa,greenhouse,rfa,main
rga,greenhouse,rga,main
rgd,greenhouse,rgd,main
"Rhombus Power, Inc.",greenhouse,rhombuspower,main
"Rhythm Software, Inc.",greenhouse,rhythmsoftwareinc,main
rialtic,greenhouse,rialtic,main
Riboli Family Wines,greenhouse,ribolifamilywines,main
Rice Creek Animal Hospital,greenhouse,ricecreek,main
ridgeline,greenhouse,ridgeline,main
Right Way Garage Doors,greenhouse,rightway,main
rightship,greenhouse,rightship,main
rightwayhealthcare,greenhouse,rightwayhealthcare,main
RigUp,greenhouse,rigup,main
Rimes Technologies,greenhouse,rimestechnologies,main
ringconcierge,greenhouse,ringconcierge,main
ringdna,greenhouse,ringdna,main
riotgames,greenhouse,riotgames,main
ripple,greenhouse,ripple,main
ripplematch,greenhouse,ripplematch,main
Rise8,greenhouse,rise8,main
riseamg,greenhouse,riseamg,main
riseforfamilies,greenhouse,riseforfamilies,main
risingwings,greenhouse,risingwings,main
Risk Ledger,greenhouse,riskledger,main
riskified,greenhouse,riskified,main
Rithum,greenhouse,rithum,main
Rithum LinkedIn Board,greenhouse,rithumliboard,main
Ritter & Brogden Orthodontics,greenhouse,ritterandbrogdenorthodontics,main
Ritual,greenhouse,ritual,main
riv,greenhouse,riv,main
rivaltechnologies,greenhouse,rivaltechnologies,main
Riverlane,greenhouse,riverlane,main
riversidenaturalfoodsltd,greenhouse,riversidenaturalfoodsltd,main
Rivia Mind,greenhouse,riviamind,main
riviamind1,greenhouse,riviamind1,main
rjm,greenhouse,rjm,main
rmci,greenhouse,rmci,main
Road to Hire,greenhouse,roadtohire,main
Roadie,greenhouse,roadie,main
RoadRunner Recycling Inc.,greenhouse,roadrunner,main
Roark Capital,greenhouse,roarkcapitalgroup,main
Robinhood,greenhouse,robinhood,main
Robinson Animal Hospital,greenhouse,robinsonhospitalforanimals,main
roblox,greenhouse,roblox,main
RoboForce,greenhouse,roboforce,main
robotsandpencils,greenhouse,robotsandpencils,main
Roboyo,greenhouse,roboyo,main
Rockbot,greenhouse,rockbot,main
Rocket EMS,greenhouse,rocketems,main
Rocket Lab Corporation,greenhouse,rocketlab,main
Rocket Lawyer,greenhouse,rocketlawyer,main
Rocket Money,greenhouse,truebill,main
"Rocket Travel, Inc.",greenhouse,rocketmiles,main
Rocket.Chat,greenhouse,rocketchat,main
rocketreach,greenhouse,rocketreach,main
Rockstar Games,greenhouse,rockstargames,main
roivantsciences,greenhouse,roivantsciences,main
roka,greenhouse,roka,main
roku,greenhouse,roku,main
"Roland Foods, LLC",greenhouse,rolandfoodsllc,main
ROLLER,greenhouse,roller,main
Rome Community Partners,greenhouse,community,main
Rondo Energy,greenhouse,rondoenergy,main
Roo,greenhouse,roo,main
roofstock,greenhouse,roofstock,main
root,greenhouse,root,main
rooted,greenhouse,rooted,main
rootstocklabsltd,greenhouse,rootstocklabsltd,main
rosebud,greenhouse,rosebud,main
route,greenhouse,route,main
Royal Vet,greenhouse,royalvet,main
rpa,greenhouse,rpa,main
rps,greenhouse,rps,main
rqdclearingllc,greenhouse,rqdclearingllc,main
rstudio,greenhouse,rstudio,main
rtbhouse,greenhouse,rtbhouse,main
RTINGS.com,greenhouse,rtingscom,main
rtp,greenhouse,rtp,main
RTW Investments,greenhouse,rtwinvestments,main
Rubicon Carbon,greenhouse,rubiconcarbon,main
Rubrik Job Board,greenhouse,rubrik,main
rubyhotels,greenhouse,rubyhotels,main
RUE GILT GROUPE,greenhouse,ruelala,main
Ruggable,greenhouse,ruggable,main
Rugged Robotics,greenhouse,ruggedrobotics,main
Rumble - Career Page,greenhouse,rumble,main
Runwise,greenhouse,runwise,main
runzero,greenhouse,runzero,main
Rush Street Interactive,greenhouse,rushstreetinteractive,main
Russett Southwest,greenhouse,russett,main
rva,greenhouse,rva,main
RVi Planning + Landscape Architecture,greenhouse,rvi,main
RVO Health,greenhouse,rvohealth,main
RXR,greenhouse,rxr,main
rxrprivate,greenhouse,rxrprivate,main
RxSense,greenhouse,rxsense,main
Ryan Stuart Development,greenhouse,ryanstuartdev,main
Rye Harrison Veterinary Hospital,greenhouse,ryeharrison,main
rzr,greenhouse,rzr,main
sa,greenhouse,sa,main
saas.group,greenhouse,saasgroup,main
saatva,greenhouse,saatva,main
SADA India,greenhouse,sadaindia,main
Safari AI,greenhouse,safariai,main
safebreach,greenhouse,safebreach,main
Safety Worxs,greenhouse,safetyworxs,main
sage,greenhouse,sage,main
Sage Corps Program Applications,greenhouse,sagecorps,main
Sage Home Loans Corporation,greenhouse,sagehomeloanscorporation,main
sage49,greenhouse,sage49,main
Sagent,greenhouse,sagent,main
sagesure,greenhouse,sagesure,main
Sail Biomedicines,greenhouse,sendabiosciences,main
salesloft,greenhouse,salesloft,main
salientmotion,greenhouse,salientmotion,main
Salsify,greenhouse,salsify,main
SALT XC,greenhouse,saltxc,main
Saltbox,greenhouse,saltbox,main
saltsecurity,greenhouse,saltsecurity,main
Sama,greenhouse,samainc,main
samaraaerospace,greenhouse,samaraaerospace,main
Samaya AI,greenhouse,samayaai,main
SambaNova Systems,greenhouse,sambanovasystems,main
samsara,greenhouse,samsara,main
Samsara Talent Attraction Opportunities,greenhouse,recruitingprograms,main
Samsung Next,greenhouse,samsungnext,main
Samsung Research America Internship,greenhouse,samsungresearchamericainternship,main
Samsung Semiconductor,greenhouse,samsungsemiconductor,main
samsungresearchamerica,greenhouse,samsungresearchamerica,main
San Francisco AIDS Foundation,greenhouse,sfaf,main
San Francisco Campus for Jewish Living,greenhouse,sanfranciscocampusforjewishliving,main
Sana Biotechnology,greenhouse,sanabiotech,main
Sand Tech Holdings Limited,greenhouse,sandtechholdingslimited,main
Sandboxx,greenhouse,sandboxx,main
sandiegocommunitypower,greenhouse,sandiegocommunitypower,main
sandler,greenhouse,sandler,main
Sands Capital,greenhouse,sandscapitalmanagementllc,main
sandsinvestmentgroup,greenhouse,sandsinvestmentgroup,main
Sandstone Care,greenhouse,sandstonecare,main
"Sandstone Care - Alexandria, Virginia",greenhouse,sandstonecarealexandria,main
"Sandstone Care - Cascade, Colorado",greenhouse,sandstonecascade,main
"Sandstone Care - Castle Rock, Colorado",greenhouse,sandstonecarecastlerock,main
"Sandstone Care - Colorado Springs, Colorado (Outpatient)",greenhouse,sandstonecoloradospringsoutpatient,main
"Sandstone Care - North Bethesda, Maryland",greenhouse,sandstonenorthbethesda,main
sandstonebaltimore,greenhouse,sandstonebaltimore,main
sandstonecareboulder,greenhouse,sandstonecareboulder,main
sandstonecarebroomfield,greenhouse,sandstonecarebroomfield,main
sandstonecarerichmond,greenhouse,sandstonecarerichmond,main
sandstonecarevirginiabeach,greenhouse,sandstonecarevirginiabeach,main
sandstonechantilly,greenhouse,sandstonechantilly,main
sandstonecoloradomedicaldetox,greenhouse,sandstonecoloradomedicaldetox,main
sandstonemaryland,greenhouse,sandstonemaryland,main
sandstonevirginia,greenhouse,sandstonevirginia,main
Sangaree Animal Hospital,greenhouse,sangareevet,main
sanmar,greenhouse,sanmar,main
Santex,greenhouse,santex,main
sao,greenhouse,sao,main
Sarver Streeter Orthodontics,greenhouse,sarverorthodontics,main
sas,greenhouse,sas,main
sassoon,greenhouse,sassoon,main
Sauce Labs Inc.,greenhouse,saucelabs,main
savoylife,greenhouse,savoylife,main
saxbys,greenhouse,saxbys,main
Sayari,greenhouse,sayari,main
sbenergy,greenhouse,sbenergy,main
sbusa,greenhouse,sbusa,main
sc,greenhouse,sc,main
Scale AI,greenhouse,scaleai,main
scalellp,greenhouse,scalellp,main
scalemonk,greenhouse,scalemonk,main
Scandit,greenhouse,scandit,main
Scangroup,greenhouse,scangroup,main
scanner,greenhouse,scanner,main
Schimenti Construction Company,greenhouse,schimenticonstructioncompany,main
Schonfeld,greenhouse,schonfeld,main
School in the Square,greenhouse,schoolinthesquare,main
schooljobs,greenhouse,schooljobs,main
SchoolMint,greenhouse,schoolmint,main
schoolstatus,greenhouse,schoolstatus,main
Schrödinger,greenhouse,schrdinger,main
schubergphilis,greenhouse,schubergphilis,main
Schwarzman Animal Medical Center,greenhouse,animalmedicalcenter,main
science37,greenhouse,science37,main
scm,greenhouse,scm,main
SCM,greenhouse,scmaea,main
Scopely,greenhouse,scopely,main
"Scorpion Enterprises, LLC",greenhouse,scorpionenterprisesllc,main
Scotch,greenhouse,scotch,main
Scout AI,greenhouse,scoutai,main
Scout Motors,greenhouse,scoutmotors,main
Scout Space,greenhouse,scoutspace,main
Scout Veterinary Urgent Care,greenhouse,scoutveterinarycare,main
scout24,greenhouse,scout24,main
Scowtt Inc,greenhouse,scowtt,main
scribbr,greenhouse,scribbr,main
scsfinancial,greenhouse,scsfinancial,main
sct,greenhouse,sct,main
seafireresortltd,greenhouse,seafireresortltd,main
Seaport Therapeutics,greenhouse,seaporttherapeutics,main
seatgeek,greenhouse,seatgeek,main
Seattle Sounders FC & Seattle Reign FC,greenhouse,seattlesoundersfc,main
Second Order Effects,greenhouse,soeffects,main
secondarysocials,greenhouse,secondarysocials,main
secret123,greenhouse,secret123,main
Secretariat,greenhouse,secretariatadvisorsllc,main
secure,greenhouse,secure,main
Securitize,greenhouse,securitize,main
securityscorecard,greenhouse,securityscorecard,main
Securly,greenhouse,securly13,main
sedna,greenhouse,sedna,main
sedo,greenhouse,sedo,main
Seed,greenhouse,seed,main
SeekOut,greenhouse,seekout,main
Seekr,greenhouse,seekr,main
Seen Health,greenhouse,seenhealth,main
seer,greenhouse,seer,main
Seesaw,greenhouse,seesaw,main
SEI,greenhouse,sei,main
seisandbox,greenhouse,seisandbox,main
Select Management Group,greenhouse,selectmanagementgroup,main
Self Financial,greenhouse,selffinancial,main
Selini Capital,greenhouse,selinicapital,main
Semafor,greenhouse,semafor,main
sendbird,greenhouse,sendbird,main
sendle,greenhouse,sendle,main
Seneca Holdings,greenhouse,shinvestmentsllc,main
Senra Systems,greenhouse,senrasystems,main
sensei,greenhouse,sensei,main
senseiag,greenhouse,senseiag,main
Sensible Care,greenhouse,sensiblecare,main
sentinellabs,greenhouse,sentinellabs,main
SEO (Sponsors for Educational Opportunity),greenhouse,sponsorsforeducationalopportunity,main
Seoul Robotics,greenhouse,seoulrobotics,main
Septerna,greenhouse,septerna,main
seres,greenhouse,seres,main
serhant,greenhouse,serhant,main
"Serif Biomedicines, Inc.",greenhouse,serif,main
Serino Coyne,greenhouse,serinocoyne,main
Sertrading,greenhouse,sertradingsa,main
servicechampions,greenhouse,servicechampions,main
serviceexpress,greenhouse,serviceexpress,main
ses,greenhouse,ses,main
sesai,greenhouse,sesai,main
SESAMm,greenhouse,sesamm,main
"Seso Inc.,",greenhouse,sesolabor,main
Setpoint,greenhouse,setpoint,main
Seurat Technologies,greenhouse,seurat,main
Seven Research,greenhouse,sevenresearch,main
"SevenRooms, a DoorDash company - United Arab Emirates",greenhouse,sevenroomsuae,main
Seymour Veterinary Clinic,greenhouse,seymourveterinaryclinic,main
Seyond,greenhouse,seyond,main
Sezzle,greenhouse,sezzle,main
SFOX,greenhouse,sfox,main
sgfieldinternal,greenhouse,sgfieldinternal,main
Sgt. Pepper's Lonely Hearts Club Band,greenhouse,disney,main
shadow,greenhouse,shadow,main
shaker,greenhouse,shaker,main
Shaper Capital,greenhouse,shapercapital,main
Sharebite,greenhouse,sharebite,main
SharkNinja,greenhouse,sharkninjaoperatingllc,main
Sharp Electronics,greenhouse,sharpelectronics,main
shawnee,greenhouse,shawnee,main
shednycinc,greenhouse,shednycinc,main
SHEIN,greenhouse,shein,main
shelf,greenhouse,shelf,main
Shennon Biotechnologies,greenhouse,shennonbiotechnologies,main
Shields Health Solutions,greenhouse,shieldshealthsolutions,main
Shift Technology,greenhouse,shifttechnology,main
Shift5,greenhouse,shift5,main
Shimizu North America,greenhouse,shimizunorthamerica,main
Shinola,greenhouse,shinola,main
Shinola- Retail,greenhouse,shinolaretail,main
"ShipBob, Inc.",greenhouse,shipbobinc,main
shipfusion,greenhouse,shipfusion,main
shiphawk,greenhouse,shiphawk,main
shipmonk,greenhouse,shipmonk,main
shipwell,greenhouse,shipwell,main
Shopmonkey,greenhouse,shopmonkey,main
ShopMy,greenhouse,shopmy,main
"Shorelight, LLC",greenhouse,shorelightllc,main
Short Term Rotation,greenhouse,str,main
showpad,greenhouse,showpad,main
siboneinc,greenhouse,siboneinc,main
Sidecar Health,greenhouse,sidecarhealth,main
Siegel Family Endowment,greenhouse,siegelfamilyendowment,main
Sift Healthcare,greenhouse,sifthealthcare,main
Sightline Media Group,greenhouse,sightlinemediagroup,main
Sigma Computing,greenhouse,sigmacomputing,main
Sigmoid,greenhouse,sigmoid,main
signalandstrand,greenhouse,signalandstrand,main
Signers National,greenhouse,signerscareers,main
Signifyd,greenhouse,signifyd95,main
signpost,greenhouse,signpost,main
Sila,greenhouse,silananotechnologies,main
silicon,greenhouse,silicon,main
Silicon Ranch Corporation,greenhouse,siliconranch,main
Silverado,greenhouse,silverado,main
silverrail,greenhouse,silverrail,main
silversky,greenhouse,silversky,main
silvr,greenhouse,silvr,main
Silvus Technologies,greenhouse,silvus,main
Similarweb,greenhouse,similarweb,main
Simple Technology Solutions,greenhouse,simpletechnologysolutions,main
simplepractice55,greenhouse,simplepractice55,main
Simplesense,greenhouse,simplesense,main
Simplex Trading,greenhouse,simplextrading,main
simplifed,greenhouse,simplifed,main
simplifyjobsintegrationsandbox,greenhouse,simplifyjobsintegrationsandbox,main
simplisafe,greenhouse,simplisafe,main
"Simplistic, LLC",greenhouse,simplisticllc,main
Simpluris,greenhouse,simpluris,main
SimplyInsured,greenhouse,si,main
SimplyTold,greenhouse,simplytold,main
Simpplr,greenhouse,simpplr,main
simpsongumpertzheger,greenhouse,simpsongumpertzheger,main
Simtra BioPharma Solutions,greenhouse,simtrabps,main
Simula Research Laboratory,greenhouse,simula,main
SimulaMet,greenhouse,simulamet,main
singlefile,greenhouse,singlefile,main
SingleStore,greenhouse,singlestore,main
singularity6,greenhouse,singularity6,main
SirenOpt,greenhouse,sirenopt,main
Sirona Medical,greenhouse,sironamedical,main
sirum,greenhouse,sirum,main
sisco,greenhouse,sisco,main
Sisense,greenhouse,sisense,main
Siteline,greenhouse,siteline,main
sitrepsllc,greenhouse,sitrepsllc,main
Sixfold,greenhouse,sixfold,main
"SixGen, Inc.",greenhouse,sixgeninc,main
Sixth Street,greenhouse,sixthstreet,main
SK hynix America,greenhouse,skhynixamerica,main
Skedda,greenhouse,skedda,main
skellig,greenhouse,skellig,main
Skild AI,greenhouse,skildai-careers,main
Skilled Physicians Group,greenhouse,skilledphysiciansgroup,main
skilledwoundcare,greenhouse,skilledwoundcare,main
skillsoft,greenhouse,skillsoft,main
skillzinc,greenhouse,skillzinc,main
Skin Clique,greenhouse,skinclique,main
Skin Laundry,greenhouse,skinlaundry,main
skyepointdecisionsinc,greenhouse,skyepointdecisionsinc,main
Skylight,greenhouse,skylighthq,main
Skyryse,greenhouse,skyryse,main
skyscanner,greenhouse,skyscanner,main
Sleep Doctor,greenhouse,sleepdoctor,main
slice,greenhouse,slice,main
slickdeals,greenhouse,slickdeals,main
slideinsurance,greenhouse,slideinsurance,main
Slingshot Biosciences,greenhouse,slingshotbiosciences,main
slingshotaerospace,greenhouse,slingshotaerospace,main
SmartAsset,greenhouse,smartasset,main
SmartBear,greenhouse,smartbear,main
Smartcat,greenhouse,smartcatplatforminc,main
SmarterDx,greenhouse,smarterdx,main
SmarterDx (Private),greenhouse,smarterdxprivate,main
smartertechnologies,greenhouse,smartertechnologies,main
Smartling,greenhouse,smartling,main
Smartly,greenhouse,smartlyio,main
SmartRent,greenhouse,smartrent,main
Smartsheet,greenhouse,smartsheet,main
SmartyPants Vitamins,greenhouse,smartypantsvitamins,main
smava GmbH,greenhouse,smavagmbh,main
SMCP NORTH AMERICA,greenhouse,smcpnorthamerica44hq,main
"SMCP NORTH AMERICA (US, CANADA)",greenhouse,smcp,main
smemaryland,greenhouse,smemaryland,main
smepennsylvania,greenhouse,smepennsylvania,main
SmithRx,greenhouse,smithrx,main
smugmug,greenhouse,smugmug,main
smxtech,greenhouse,smxtech,main
"Snap! Mobile, Inc.",greenhouse,snapmobileinc,main
Snorkel AI,greenhouse,snorkelai,main
Snow Companies,greenhouse,snowcompanies,main
"SNS One, Inc.",greenhouse,snsone,main
SOCi,greenhouse,soci,main
Social Finance,greenhouse,socialfinance,main
Social Science Research Council,greenhouse,socialscienceresearchcouncil,main
Socket,greenhouse,socket,main
sofi,greenhouse,sofi,main
soft2bet,greenhouse,soft2bet,main
Soho House & Co.,greenhouse,sohohouseco,main
Soho House via Hosco,greenhouse,hosco,main
sohohousecaterer,greenhouse,sohohousecaterer,main
Sol de Janeiro,greenhouse,soldejaneiro,main
SOL Mental Health,greenhouse,solmentalhealth,main
solarengine,greenhouse,solarengine,main
solari,greenhouse,solari,main
Solaris,greenhouse,solarisbank,main
solarwinds,greenhouse,solarwinds,main
Solera Health,greenhouse,solera,main
Solid Power,greenhouse,solidpower,main
soligent,greenhouse,soligent,main
Sollis Health,greenhouse,sollishealth,main
"Solo.io, Inc.",greenhouse,soloioinc,main
solomonpartnersprofessionals,greenhouse,solomonpartnersprofessionals,main
solomonpartnersstudentsgraduates,greenhouse,solomonpartnersstudentsgraduates,main
solutions,greenhouse,solutions,main
solutionsbytext,greenhouse,solutionsbytext,main
somethingspecialstudios,greenhouse,somethingspecialstudios,main
Sonatus,greenhouse,sonatus,main
Sonder.io,greenhouse,sonderaustralia,main
songtrust,greenhouse,songtrust,main
sonic,greenhouse,sonic,main
SonicWall,greenhouse,sonicwall,main
Sono Bello,greenhouse,sonobello,main
SonoThera,greenhouse,sonothera,main
Sony Honda Mobility of America,greenhouse,sonyhondamobilityofamerica,main
Sony Music Careers - Asia & Middle East,greenhouse,sonymusicasiacareers,main
Sony Music Entertainment Germany,greenhouse,sonymusicde,main
Sony Music Entertainment Internship Program (US),greenhouse,sonymusicinternshipsus,main
Sony Music Entertainment Netherlands,greenhouse,sonymusiccareersnetherlands,main
Sony Music Entertainment Norway,greenhouse,sonymusiccareersnorway,main
Sony Music Global Job Board,greenhouse,sonymusicentertainment,main
Sony Pictures Animation,greenhouse,sonypicturesanimation,main
Sony Pictures Imageworks,greenhouse,sonypicturesimageworks,main
sonymusiccareersaustralia,greenhouse,sonymusiccareersaustralia,main
sonymusiccareersitaly,greenhouse,sonymusiccareersitaly,main
sorcero,greenhouse,sorcero,main
Sorella Labs Inc.,greenhouse,sorellalabs,main
Soros Fund Management,greenhouse,familyoffice,main
Sotheby's,greenhouse,sothebys,main
soundagriculture,greenhouse,soundagriculture,main
SoundCloud,greenhouse,soundcloud71,main
Sourcegraph,greenhouse,sourcegraph91,main
sourcengine,greenhouse,sourcengine,main
sourcescrub,greenhouse,sourcescrub,main
South Columbus Preparatory Academy - German Village,greenhouse,southcolumbuspreparatoryacademygermanvillage,main
South Shore Skin Center,greenhouse,southshoreskin,main
South Star Software Private Limited,greenhouse,southstarcareers,main
southernpovertylawcenter,greenhouse,southernpovertylawcenter,main
Southgate Surgery Center,greenhouse,cscmi,main
"Southwest Title Loans, Inc",greenhouse,southwesttitleloans,main
Sovrn,greenhouse,sovrn,main
space,greenhouse,space,main
Space Kinetic,greenhouse,spacekinetic,main
spaceship,greenhouse,spaceship,main
SpaceX,greenhouse,spacex,main
Spade,greenhouse,spade,main
SPARETECH,greenhouse,sparetech,main
Spark Advisors,greenhouse,sparkadvisors,main
Sparkfund,greenhouse,sparkfund,main
Sparkland,greenhouse,sparkland,main
Sparksoft Corporation,greenhouse,sparksoftcorporation,main
Spaulding Ridge,greenhouse,spauldingridge,main
spauldingridgejobs,greenhouse,spauldingridgejobs,main
specialty1,greenhouse,specialty1,main
SpecterOps,greenhouse,specterops,main
Speechify,greenhouse,speechify,main
Speechmatics,greenhouse,speechmatics,main
Speed Bay Warehouse Solutions,greenhouse,speedbaywarehousesolutions,main
spektr,greenhouse,spektr,main
Spektrum,greenhouse,spektrum,main
spf,greenhouse,spf,main
sphereentertainment,greenhouse,sphereentertainment,main
sphinxdefense,greenhouse,sphinxdefense,main
Spin Careers,greenhouse,spin,main
Spinnaker Support,greenhouse,spinnakersupport,main
spins,greenhouse,spins,main
spire,greenhouse,spire,main
spiro,greenhouse,spiro,main
Splash Financial,greenhouse,splashfinancial,main
splice,greenhouse,splice,main
splitero,greenhouse,splitero,main
spotandtango,greenhouse,spotandtango,main
SpotHero,greenhouse,spothero,main
SpotHopper,greenhouse,spothopper,main
spotinc,greenhouse,spotinc,main
SpotMe,greenhouse,spotme,main
Spotsylvania Animal Hospital,greenhouse,spotsylvaniaanimalhospital,main
Spotter,greenhouse,spotter,main
sprchrgr,greenhouse,sprchrgr,main
Sprengnetter GmbH,greenhouse,sprengnetter,main
Spring Fertility,greenhouse,springfertility,main
Spring Health,greenhouse,springhealth66,main
Springboard,greenhouse,springboardmentors,main
Springboard Roles,greenhouse,springboard,main
Springfield Prep Charter School,greenhouse,springfieldprep,main
SpringWorks Therapeutics,greenhouse,springsworkstherapeutics,main
sprocketsecurity,greenhouse,sprocketsecurity,main
Sprout General Referrals,greenhouse,ssreferrals,main
sproutsocial,greenhouse,sproutsocial,main
spryker,greenhouse,spryker,main
SPS-North America,greenhouse,spsnorthamerica,main
SPS-North America Opportunities - Not Externally Posted Board,greenhouse,spsnorthamericaselected,main
sptc,greenhouse,sptc,main
SpyCloud,greenhouse,spycloud,main
spyretherapeutics,greenhouse,spyretherapeutics,main
squad,greenhouse,squad,main
Squarepoint Capital,greenhouse,squarepointcapital,main
squarespace,greenhouse,squarespace,main
Squint Opera,greenhouse,squintopera,main
squishable,greenhouse,squishable,main
SRS Acquiom,greenhouse,srsacquiom,main
st,greenhouse,st,main
Stability AI,greenhouse,stabilityai,main
Stable Kernel,greenhouse,stablekernel,main
Stack AV,greenhouse,stackav,main
StackAdapt,greenhouse,stackadapt,main
stackadapt-confidential,greenhouse,stackadapt-confidential,main
stackexchange,greenhouse,stackexchange,main
Stackline,greenhouse,stackline,main
Stacklok,greenhouse,stacklok,main
staffbase,greenhouse,staffbase,main
stage,greenhouse,stage,main
staged,greenhouse,staged,main
stahls,greenhouse,stahls,main
"Standard Nuclear, Inc.",greenhouse,standardnuclearinc,main
standardiron,greenhouse,standardiron,main
standardmetrics,greenhouse,standardmetrics,main
Stanley 1913,greenhouse,stanley1913-us,main
Starburst,greenhouse,starburst,main
Starcloud,greenhouse,starcloud,main
starfaceworld,greenhouse,starfaceworld,main
Starfish Neuroscience,greenhouse,starfishneuroscience,main
starlabs,greenhouse,starlabs,main
starmind,greenhouse,starmind,main
StarRez,greenhouse,starrez,main
StarTree,greenhouse,startree,main
starwars,greenhouse,starwars,main
stashinvest,greenhouse,stashinvest,main
stateaffairs,greenhouse,stateaffairs,main
status72,greenhouse,status72,main
steadfasthealth,greenhouse,steadfasthealth,main
Stealth Co,greenhouse,stealthco,main
Steer,greenhouse,steercrm,main
stellarcore,greenhouse,stellarcore,main
stelo,greenhouse,stelo,main
stepmobile,greenhouse,stepmobile,main
stepstone,greenhouse,stepstone,main
sterling,greenhouse,sterling,main
"Sterlington, PLLC",greenhouse,sterlingtonpllc,main
Stevens Capital Management LP - Full Time and Internships,greenhouse,ftandinternships,main
Stevenson Village Veterinary Hospital,greenhouse,stevensonvillagejobs,main
sti,greenhouse,sti,main
stirlingpdf,greenhouse,stirlingpdf,main
stitch,greenhouse,stitch,main
Stitch Fix Annex,greenhouse,204951305985924,main
stitchfix,greenhouse,stitchfix,main
StockX,greenhouse,stockx,main
Stoke Space,greenhouse,stokespacetechnologies,main
stone,greenhouse,stone,main
Stone Barns Center,greenhouse,stonebarnscenter,main
Stone Kite,greenhouse,stonekite,main
storable,greenhouse,storable,main
Story Cannabis,greenhouse,storycannabis,main
Storyblocks,greenhouse,storyblocks,main
storyblok,greenhouse,storyblok,main
STR,greenhouse,systemstechnologyresearch,main
Straight Arrow,greenhouse,straightarrownews,main
strandtherapeutics,greenhouse,strandtherapeutics,main
Strata Decision Technology,greenhouse,stratacareers,main
Strata Information Group,greenhouse,stratainformationgroup,main
Strategic HR Client Job Openings,greenhouse,strategichr,main
strategicmissioncritical,greenhouse,strategicmissioncritical,main
strategicprojectpartners,greenhouse,strategicprojectpartners,main
strato,greenhouse,strato,main
stratolaunch,greenhouse,stratolaunch,main
Stress Free Auto Care,greenhouse,stressfree,main
"Striim, Inc.",greenhouse,striiminc,main
strike,greenhouse,strike,main
Striking Distance Studios,greenhouse,pubgsanramon,main
Stripe,greenhouse,stripe,main
Strive Health,greenhouse,strivehealth,main
strivepharmacy,greenhouse,strivepharmacy,main
Striveworks,greenhouse,striveworks,main
stronghouse,greenhouse,stronghouse,main
strongpointpartners,greenhouse,strongpointpartners,main
struck,greenhouse,struck,main
sts,greenhouse,sts,main
StubHub,greenhouse,stubhubinc,main
Studio Designer,greenhouse,studiodesigner,main
STUDS,greenhouse,studsinc,main
Study.com,greenhouse,studycareers,main
Study.com C,greenhouse,studycontractors,main
studygroup,greenhouse,studygroup,main
submittable,greenhouse,submittable,main
Subsplash,greenhouse,subsplash,main
Success Academy Charter Schools,greenhouse,successacademycharterschool,main
sudstop,greenhouse,sudstop,main
suitsupply,greenhouse,suitsupply,main
Suki,greenhouse,suki,main
Summer,greenhouse,summer,main
Summit Partners,greenhouse,summitpartnerslp,main
Summit Therapeutics,greenhouse,summittherapeutics,main
Sumo Logic,greenhouse,sumologic,main
sumofus,greenhouse,sumofus,main
sumup,greenhouse,sumup,main
Sunnova Energy Corporation,greenhouse,sunnova,main
sunnymorningfoods,greenhouse,sunnymorningfoods,main
Sunnyside*,greenhouse,sunnyside,main
Sunrise Management,greenhouse,sunrise,main
sunrise-landscape,greenhouse,sunriselandscape,main
sunriseaba,greenhouse,sunriseaba,main
sunriseunitedstatesinc,greenhouse,sunriseunitedstatesinc,main
Sunset Magazine,greenhouse,sunset,main
suntimes,greenhouse,suntimes,main
Super-Sod,greenhouse,supersod,main
supergoop,greenhouse,supergoop,main
superior,greenhouse,superior,main
SuperJoy,greenhouse,superjoy,main
"Superluminal Medicines, Inc.",greenhouse,superluminalrx,main
Supermetrics,greenhouse,supermetricsoy,main
Supernal,greenhouse,supernal,main
superpayments,greenhouse,superpayments,main
superset,greenhouse,superset,main
SupplyHouse.com,greenhouse,supplyhouse,main
support,greenhouse,support,main
Supporting Strategies,greenhouse,supportingstrategies,main
Supporting Strategies Careers,greenhouse,supportingstrategies1,main
supreme,greenhouse,supreme,main
Surefire Cyber,greenhouse,surefirecyber,main
Sureify,greenhouse,sureify,main
Surmodics,greenhouse,surmodics,main
SurveyMonkey,greenhouse,surveymonkey,main
sus,greenhouse,sus,main
Sustainable Talent,greenhouse,sustainabletalent,main
Sustainable Westchester,greenhouse,sustainablewestchester,main
Sustainment,greenhouse,sustainment,main
suvoda,greenhouse,suvoda,main
Svetness Personal Training,greenhouse,svetness,main
Swayable,greenhouse,swayable,main
sweetgreen,greenhouse,sweetgreen,main
swellmedia,greenhouse,swellmedia,main
Swift Solar,greenhouse,swiftsolar,main
swimtopia,greenhouse,swimtopia,main
switzerland,greenhouse,switzerland,main
swoogo,greenhouse,swoogo,main
sxseenterprisesllc,greenhouse,sxseenterprisesllc,main
sylogist,greenhouse,sylogist,main
SYLVAIN,greenhouse,sylvain,main
symmetry,greenhouse,symmetry,main
symphony,greenhouse,symphony,main
Synack,greenhouse,synack,main
Synack SRT,greenhouse,synacksrt,main
synaptic,greenhouse,synaptic,main
"SYNCO Properties, Inc.",greenhouse,syncopropertiesinc,main
syncro,greenhouse,syncro,main
syndaxpharmaceuticals,greenhouse,syndaxpharmaceuticals,main
Syndigo,greenhouse,syndigo,main
syndio,greenhouse,syndio,main
Syner-G,greenhouse,synerg,main
Synthesis Health,greenhouse,synthesishealth,main
syp,greenhouse,syp,main
Syska Hennessy Group,greenhouse,syskahennessy,main
System,greenhouse,system,main
systemintegration,greenhouse,systemintegration,main
systems,greenhouse,systems,main
T-Rex Solutions,greenhouse,trexsolutions,main
taboola,greenhouse,taboola,main
tactacam,greenhouse,tactacam,main
tactilemedical,greenhouse,tactilemedical,main
TailorCare,greenhouse,tailorcare2023,main
Tailscale,greenhouse,tailscale,main
taiwan,greenhouse,taiwan,main
Take Command Health,greenhouse,takecommandhealth,main
"Take-Two Interactive Software, Inc.",greenhouse,taketwo,main
takealot.com,greenhouse,takealotcom,main
talent,greenhouse,talent,main
Talkdesk,greenhouse,talkdesk2,main
Talkspace Corporate,greenhouse,talkspace,main
Talkspace Remote Psychiatric Nurse Practitioner Roles,greenhouse,talkspacepsychiatry,main
Talkspace Remote Therapist Roles,greenhouse,talkspacetherapist,main
Talon.One,greenhouse,talonone,main
talroo,greenhouse,talroo,main
tamara,greenhouse,tamara,main
TandemLaunch,greenhouse,tandemlaunch,main
Tango Therapeutics,greenhouse,tangotherapeutics,main
tanium,greenhouse,tanium,main
Tanius Technology,greenhouse,tanius,main
tarsusrx,greenhouse,tarsusrx,main
Taskrabbit,greenhouse,taskrabbit,main
tastylive,greenhouse,tastylive,main
tastytrade,greenhouse,tastytrade,main
Tatari,greenhouse,tatari,main
tau,greenhouse,tau,main
Tax Relief Advocates,greenhouse,taxreliefadvocates,main
Taxbit,greenhouse,taxbit,main
TaxValet,greenhouse,taxvalet,main
TBHC Delivers,greenhouse,tbhcdelivers,main
TBWA\Chiat\Day,greenhouse,tbwachiatday,main
tcs,greenhouse,tcs,main
TD International,greenhouse,tdinternational,main
TD Thornton,greenhouse,tdthornton,main
tdg,greenhouse,tdg,main
tds,greenhouse,tds,main
teach,greenhouse,teach,main
Teach For All,greenhouse,teachforall,main
Teaching Lab,greenhouse,teachinglab,main
teachstone,greenhouse,teachstone,main
teads1,greenhouse,teads1,main
Teague,greenhouse,teague,main
Teal Media,greenhouse,tealmedia,main
Team Rubicon,greenhouse,teamrubicon,main
teamlfg,greenhouse,teamlfg,main
Tebra,greenhouse,tebra,main
tec,greenhouse,tec,main
Teccweb Solutions,greenhouse,teccweb,main
Tech Holding,greenhouse,techholding,main
TechCrunch,greenhouse,techcrunch,main
Technergetics,greenhouse,technergetics,main
techno,greenhouse,techno,main
TechnologyAdvice,greenhouse,technologyadvice,main
Techstars,greenhouse,techstars57,main
techteam,greenhouse,techteam,main
Tecovas,greenhouse,tecovas,main
tefron,greenhouse,tefron,main
TEGNA Inc.,greenhouse,tegnainc,main
Tekion,greenhouse,tekion,main
Tekmetric,greenhouse,tekmetric,main
TeleMed2U,greenhouse,telemed2u,main
teletrackingtechnologiesinc,greenhouse,teletrackingtechnologiesinc,main
telixus,greenhouse,telixus,main
Teller Park Veterinary Clinic,greenhouse,tellerparkvet,main
Tellius,greenhouse,tellius,main
Telnyx,greenhouse,telnyx54,main
Tempo,greenhouse,tempo,main
Temporal Technologies,greenhouse,temporaltechnologies,main
"Tenable, Inc.",greenhouse,tenableinc,main
TenBerke,greenhouse,tenberke,main
Tend,greenhouse,hellotend,main
teneo,greenhouse,teneo,main
Teneo external feed for LinkedIn,greenhouse,teneolinkedin,main
Tenet3,greenhouse,tenet3,main
tennesseetitleloansinc,greenhouse,tennesseetitleloansinc,main
tenon,greenhouse,tenon,main
TensorOps,greenhouse,tensorops,main
Tenstorrent,greenhouse,tenstorrent,main
Tenstorrent University Jobs,greenhouse,tenstorrentuniversity,main
Tenstreet,greenhouse,tenstreet,main
Teracore,greenhouse,teracore,main
terakeet,greenhouse,terakeet,main
Teravision Technologies,greenhouse,teravision,main
Terial,greenhouse,applytoterial,main
terniumrevenuecyclemanagement,greenhouse,terniumrevenuecyclemanagement,main
Terrabis,greenhouse,terrabis,main
terraclear,greenhouse,terraclear,main
Terran Orbital Corporation,greenhouse,terranorbitalcorporation,main
"Terremoto Biosciences, Inc",greenhouse,terremotobiosciencesinc,main
Terrestar Solutions,greenhouse,terrestarsolutionsinc,main
Terzo,greenhouse,terzo,main
tes,greenhouse,tes,main
tessco,greenhouse,tessco,main
Tessera Therapeutics,greenhouse,tesseratherapeutics,main
test1,greenhouse,test1,main
testboard,greenhouse,testboard,main
tester,greenhouse,tester,main
testing,greenhouse,testing,main
testlio,greenhouse,testlio,main
tetra,greenhouse,tetra,main
texascartitleandpaydayloanservicesinc,greenhouse,texascartitleandpaydayloanservicesinc,main
Textio,greenhouse,textio,main
textnowinc,greenhouse,textnowinc,main
textus,greenhouse,textus,main
tfis,greenhouse,tfis,main
tghseniorcenter,greenhouse,tghseniorcenter,main
Thanx,greenhouse,thanx,main
That Lot,greenhouse,thatlot,main
That's No Moon Entertainment,greenhouse,thatsnomoonentertainment,main
Thatch,greenhouse,thatch,main
the Ad Council,greenhouse,adcouncil,main
The AI Education Project,greenhouse,aiedu,main
The Allen Institute for Artificial Intelligence,greenhouse,thealleninstitute,main
The American Equity Underwriters,greenhouse,aeu,main
The ANA Educational Foundation,greenhouse,aef,main
The Brattle Group,greenhouse,thebrattlegroup,main
The Business of Fashion,greenhouse,businessoffashion,main
The Calyx Institute,greenhouse,calyxinstitute,main
The Children's Corner Learning Center,greenhouse,childrenscorner,main
The City of Fort Worth,greenhouse,cityoffortworth,main
The Copper River Family of Companies,greenhouse,crfamilyofcompanies,main
The Dermatology Center of Indiana,greenhouse,dermindy,main
The Durst Organization,greenhouse,thedurstorganization,main
The Emily Program,greenhouse,the858emily123program,main
The Farmer's Dog,greenhouse,thefarmersdog,main
The Florida Panthers,greenhouse,thefloridapanthers,main
The Fork,greenhouse,thefork,main
The Gersh Agency,greenhouse,thegershagency,main
The Golden Apple Foundation,greenhouse,thegoldenapplefoundation,main
The Gunter Group,greenhouse,guntergroup,main
The Health Management Academy,greenhouse,thehealthmanagementacademy,main
The Honest Company,greenhouse,phxproduction,main
The Humane League,greenhouse,thltestcareers,main
THE ICONIC,greenhouse,theiconic,main
The Jaydor Company,greenhouse,jaydor,main
The Jewish Federations of North America,greenhouse,thejewishfederationsofnorthamerica,main
The Knot Worldwide,greenhouse,theknotworldwide,main
The Last Mile,greenhouse,thelastmile,main
The Learning Vine,greenhouse,thelearningvine,main
"The Lockwood Group, LLC",greenhouse,lockwood,main
The Martin Agency,greenhouse,themartinagency,main
The Mather in Evanston,greenhouse,thematherevanston,main
The Mather in Tysons,greenhouse,matherintysons,main
The Michael J. Fox Foundation for Parkinson's Research,greenhouse,themichaeljfoxfoundation,main
The MJ Companies,greenhouse,themjcos,main
The Motley Fool,greenhouse,themotleyfool,main
The N2 Company,greenhouse,n2co,main
The National Alliance for Public Charter Schools,greenhouse,nationalallianceforpubliccharterschools,main
The National Football League,greenhouse,nflcareers,main
The New York Times,greenhouse,thenewyorktimes,main
The Nuclear Company,greenhouse,thenuclearcompany,main
The PAC Group,greenhouse,thepacgroup,main
The Parker Skin & Aesthetic Clinic,greenhouse,parkerskin,main
The Perfect Workout,greenhouse,theperfectworkout,main
The Pet Doctor- O'Fallon,greenhouse,petdoctor,main
The Pharmacy Hub,greenhouse,thepharmacyhub,main
The Place for Children with Autism,greenhouse,theplaceforchildrenwithautism,main
The Pokémon Company International,greenhouse,pokemoncareers,main
The Quality Group,greenhouse,thequalitygroupgmbh2,main
The Quality Group GmbH,greenhouse,thequalitygroupgmbh1,main
The Riverside Company,greenhouse,theriversidecompany,main
The Social Hub,greenhouse,thesocialhub,main
"The Status Network (TEST, DO NOT REMOVE)",greenhouse,thestatusnetwork,main
The Trade Desk,greenhouse,thetradedesk,main
The Weather Company,greenhouse,theweathercompany,main
The Whole Group,greenhouse,thewholegroup,main
The Wilshire Group,greenhouse,thewilshiregroup,main
theadvocates,greenhouse,theadvocates,main
thebaltimorebanner,greenhouse,thebaltimorebanner,main
thebehaviorexchange,greenhouse,thebehaviorexchange,main
thechempetitivegroupllc,greenhouse,thechempetitivegroupllc,main
thedoulanetwork,greenhouse,thedoulanetwork,main
theeconomistgroup,greenhouse,theeconomistgroup,main
theenergycollective,greenhouse,theenergycollective,main
thegialliancemanagementllccompany,greenhouse,thegialliancemanagementllccompany,main
thegoodfoodinstitute80,greenhouse,thegoodfoodinstitute80,main
thehutgroup,greenhouse,thehutgroup,main
thejanepauleycommunityhealthcenterinc,greenhouse,thejanepauleycommunityhealthcenterinc,main
themaritimeaquarium,greenhouse,themaritimeaquarium,main
theoncologyinstitute,greenhouse,theoncologyinstitute,main
theorchard,greenhouse,theorchard,main
theoriamedical,greenhouse,theoriamedical,main
theperiscopegroup,greenhouse,theperiscopegroup,main
thephoenix,greenhouse,thephoenix,main
theprincetonreview,greenhouse,theprincetonreview,main
thesciongroupllc,greenhouse,thesciongroupllc,main
Thesis,greenhouse,thesiscareers,main
Thesis,greenhouse,trovohealth,main
thevascularcaregroup,greenhouse,thevascularcaregroup,main
Thiess,greenhouse,thiess,main
Think Academy SG,greenhouse,thinkacademysg,main
Think Academy US,greenhouse,thinkacademyus,main
Think of Us,greenhouse,thinkofus,main
Think Onward,greenhouse,thinkonward,main
think-cell,greenhouse,think-cell,main
thinkacademymy,greenhouse,thinkacademymy,main
thinkific,greenhouse,thinkific,main
Thinking Machines Lab,greenhouse,thinkingmachines,main
ThinkMarkets,greenhouse,thinkmarkets,main
thinkzone,greenhouse,thinkzone,main
Third Bridge,greenhouse,thirdbridge,main
"Third Pole, Inc.",greenhouse,thirdpoleinc,main
Third-Party Job Posts,greenhouse,cloudbedsthirdpartyboard,main
ThirdLove,greenhouse,thirdlove,main
thorn,greenhouse,thorn,main
Thoropass,greenhouse,thoropass,main
thoughtworks,greenhouse,thoughtworks,main
ThoughtWorks_new,greenhouse,abc,main
ThreatLocker,greenhouse,threatlocker,main
threecolts,greenhouse,threecolts,main
thrivemarket,greenhouse,thrivemarket,main
ths,greenhouse,ths,main
thunes,greenhouse,thunes,main
Tia,greenhouse,tia,main
TIFIN,greenhouse,tifin,main
tigera,greenhouse,tigera,main
TigerGraph,greenhouse,tigergraph,main
tightly,greenhouse,tightly,main
Tilting Futures,greenhouse,tiltingfuturescareers,main
timeleft,greenhouse,timeleft,main
timeproofusa,greenhouse,timeproofusa,main
Tines,greenhouse,tines,main
Tint,greenhouse,tintai,main
Tipalti,greenhouse,tipaltisolutions,main
tiptop,greenhouse,tiptop,main
Tiree,greenhouse,tiree,main
tires-easy.com,greenhouse,tireseasycom,main
tjtinterns,greenhouse,tjtinterns,main
tlatechinc,greenhouse,tlatechinc,main
tlgg,greenhouse,tlgg,main
tmc,greenhouse,tmc,main
toast,greenhouse,toast,main
Toastmasters International,greenhouse,toastmastersinternational,main
Together AI,greenhouse,togetherai,main
togetherwork,greenhouse,togetherwork,main
Token Security,greenhouse,tokensecurity,main
tollbit,greenhouse,tollbit,main
Tomofun | Furbo Pet Camera,greenhouse,tomofunfurbo,main
Tomorrow Health,greenhouse,tomorrowhealth,main
Tomorrow.io,greenhouse,tomorrow,main
Tonix Pharmaceuticals,greenhouse,tonixpharmaceuticals,main
Too Good To Go,greenhouse,toogoodtogo,main
TooJay’s Deli • Bakery • Restaurant,greenhouse,toojaysdeli,main
Top Kids Academy,greenhouse,topkidsacademy,main
Topel Forman,greenhouse,topelforman,main
Topsort,greenhouse,topsort,main
Topstep,greenhouse,topsteptrader,main
Toradex,greenhouse,toradex,main
Torc Robotics,greenhouse,torcrobotics,main
Torii,greenhouse,toriihq,main
Toro Park Animal Hospital,greenhouse,toropark,main
Toro TMS,greenhouse,torotms,main
Torq,greenhouse,torq,main
Toshiba Global Commerce Solutions - External,greenhouse,toshibaglobalcommercesolutions,main
Toss,greenhouse,tosscareers,main
Tower Research Capital,greenhouse,towerresearchcapital,main
Town & Country Animal Hospital,greenhouse,townncountryvet,main
Town Square Academy,greenhouse,townsquareacademy,main
townofsnowmassvillagecolorado,greenhouse,townofsnowmassvillagecolorado,main
Townsquare Ignite,greenhouse,townsquareignite,main
townsquareinteractive,greenhouse,townsquareinteractive,main
townsquaremedia,greenhouse,townsquaremedia,main
toyotaconnected,greenhouse,toyotaconnected,main
tpreducationllc,greenhouse,tpreducationllc,main
Trace3,greenhouse,trace3,main
"TraceLink, Inc",greenhouse,tracelinkinc,main
Track OMC,greenhouse,trackomc,main
trackonomysystems,greenhouse,trackonomysystems,main
traderepublic,greenhouse,traderepublic,main
traderepublicbank,greenhouse,traderepublicbank,main
Traeger Grills,greenhouse,traegergrills,main
trailheadvirtualacademy,greenhouse,trailheadvirtualacademy,main
Training The Street,greenhouse,trainingthestreet,main
tranquility,greenhouse,tranquility,main
Transactly Connect,greenhouse,transactlyconnect,main
Transcend Inc.,greenhouse,transcendinc,main
Transcend Therapeutics,greenhouse,transcendtherapeutics,main
transform,greenhouse,transform,main
Translucent,greenhouse,translucent,main
TransMarket Group,greenhouse,transmarketgroup,main
transmitsecurity,greenhouse,transmitsecurity,main
Trase Systems,greenhouse,trase,main
Travel Edge,greenhouse,traveledgenetwork,main
travix,greenhouse,travix,main
Treasury Prime,greenhouse,treasuryprime,main
Treehouse Fabrication & Scenic,greenhouse,treehousefab,main
Treeline Biosciences,greenhouse,treelinebiosciences,main
Trella Health,greenhouse,trellahealth,main
trepp,greenhouse,trepp,main
Trexon,greenhouse,tpcengineeringholdingsllc,main
TRG Screen,greenhouse,trgscreen,main
Tria Federal (BOSC),greenhouse,bosc,main
tribalscale,greenhouse,tribalscale,main
trident,greenhouse,trident,main
trilinkbiotechnologies,greenhouse,trilinkbiotechnologies,main
Trinity Air Medical,greenhouse,trinityairmedical,main
trinitylogistics,greenhouse,trinitylogistics,main
trinityparktalent,greenhouse,trinityparktalent,main
tripactions,greenhouse,tripactions,main
Tripadvisor,greenhouse,tripadvisor,main
TripArc,greenhouse,triparc,main
Triple Whale,greenhouse,triplewhale,main
Tripledot Studios,greenhouse,tripledotstudios,main
TripleLift,greenhouse,triplelift,main
tripwireinteractive,greenhouse,tripwireinteractive,main
Triumvirate Environmental,greenhouse,triumvirateenvironmental,main
trivago,greenhouse,trivago,main
trolley,greenhouse,trolley,main
trove,greenhouse,trove,main
trovebrands,greenhouse,trovebrands,main
truckstop,greenhouse,truckstop,main
True Anomaly,greenhouse,trueanomalyinc,main
TrueBuilt,greenhouse,applytotruebuilt,main
Truecaller,greenhouse,truecaller,main
trueclassicteesllc,greenhouse,trueclassicteesllc,main
truehold,greenhouse,truehold,main
truemedia,greenhouse,truemedia,main
Truepill,greenhouse,truepill,main
Truesdell Animal Care Hospital and Clinic,greenhouse,truesdell,main
trufflesecurity,greenhouse,trufflesecurity,main
truloveorthodontics,greenhouse,truloveorthodontics,main
trumid,greenhouse,trumid,main
Trust & Will,greenhouse,trustwill,main
Trust Automation,greenhouse,trustautomation,main
trustedhealth,greenhouse,trustedhealth,main
trustpilot,greenhouse,trustpilot,main
Truveta,greenhouse,truveta,main
trü frü,greenhouse,trufru,main
tsg,greenhouse,tsg,main
tss,greenhouse,tss,main
ttcglobal,greenhouse,ttcglobal,main
TubeScience,greenhouse,tubescience52,main
Tubi,greenhouse,tubitv,main
tucows,greenhouse,tucows,main
Tudor Investment Corporation,greenhouse,tudorgroup,main
tuesdayhealth,greenhouse,tuesdayhealth,main
TULA Skincare,greenhouse,tula,main
tulip,greenhouse,tulip,main
Tunnell Government Services,greenhouse,tunnellgov,main
TurbineOne,greenhouse,turbineone,main
turbotenant,greenhouse,turbotenant,main
Turf Masters Brands,greenhouse,turfmasters,main
Turing,greenhouse,turing,main
Turtle Rock Studios,greenhouse,turtlerockstudios,main
tuscaloosaophthalmology,greenhouse,tuscaloosaophthalmology,main
tutorme,greenhouse,tutorme,main
Twilio,greenhouse,twilio,main
Twin Health,greenhouse,twinhealth,main
twindo,greenhouse,twindo,main
Twist Bioscience,greenhouse,twistbioscience,main
Twitch,greenhouse,twitch,main
Two Six Technologies,greenhouse,twosixtechnologies,main
twochairs,greenhouse,twochairs,main
tworoadsconsulting,greenhouse,tworoadsconsulting,main
Typeface,greenhouse,typeface,main
Typeform,greenhouse,typeform,main
tyreeanddangelo,greenhouse,tyreeanddangelo,main
tysonmendesllp,greenhouse,tysonmendesllp,main
Uare.ai,greenhouse,uareai,main
uasi,greenhouse,uasi,main
uberfreight,greenhouse,uberfreight,main
ubiquiti,greenhouse,ubiquiti,main
Ubiquity,greenhouse,ubiquitygp,main
UChicago Energy & Environment Lab,greenhouse,energyandenvironmentlab,main
Udacity,greenhouse,udacity,main
udemy,greenhouse,udemy,main
udig,greenhouse,udig,main
Udio,greenhouse,udio,main
ujet,greenhouse,ujet,main
Ultima Genomics,greenhouse,ultimagenomics,main
"Ultimate Heating & Air, Inc",greenhouse,ultimate,main
ultragenyxpharmaceutical,greenhouse,ultragenyxpharmaceutical,main
UMA Education,greenhouse,umaeducationinc,main
Umoja Biopharma,greenhouse,umojabiopharma,main
umt,greenhouse,umt,main
unanet,greenhouse,unanet,main
unbounce,greenhouse,unbounce,main
Unchained Labs,greenhouse,unchainedlabs,main
Undead Labs,greenhouse,undeadlabsllc,main
Underdog,greenhouse,underdogfantasy,main
Underscore Marketing,greenhouse,underscoremarketing,main
understood,greenhouse,understood,main
Understood Care,greenhouse,understoodcare,main
undertone,greenhouse,undertone,main
Unframe,greenhouse,unframe,main
unidosus,greenhouse,unidosus,main
unilever,greenhouse,unilever,main
unisonhomeownershipinvestors,greenhouse,unisonhomeownershipinvestors,main
Unispace,greenhouse,unispace,main
Unite Us,greenhouse,uniteus,main
uniteddomains,greenhouse,uniteddomains,main
unitedfirm,greenhouse,unitedfirm,main
UnitedMasters | Translation,greenhouse,unitedmasterstranslation,main
Universal Audio,greenhouse,universalaudio,main
Universal DX,greenhouse,universaldx,main
universityofchicagoeconomics,greenhouse,universityofchicagoeconomics,main
universityofclevelandpreparatoryschool,greenhouse,universityofclevelandpreparatoryschool,main
unlimitedtechnology,greenhouse,unlimitedtechnology,main
unlisted,greenhouse,unlisted,main
Unlock Health,greenhouse,unlockhealth,main
"Unlock Technologies, Inc.",greenhouse,unlock,main
unqork,greenhouse,unqork,main
Unreal Snacks,greenhouse,unrealsnacks,main
unybrands,greenhouse,unybrands,main
up,greenhouse,up,main
Upbound,greenhouse,upbound,main
upboundext,greenhouse,upboundext,main
Updater,greenhouse,updater,main
Upgrade,greenhouse,upgrade,main
UpKeep,greenhouse,upkeep,main
uplift,greenhouse,uplift,main
uprightlabs,greenhouse,uprightlabs,main
upriteconstruction,greenhouse,upriteconstruction,main
Upshop,greenhouse,upshop,main
UPSTACK,greenhouse,upstack,main
upstart,greenhouse,upstart,main
upstatement,greenhouse,upstatement,main
Upstream Rehabilitation,greenhouse,urpt,main
Upstream USA,greenhouse,upstreamusa,main
Uptown Animal Hospital & Urgent Care,greenhouse,uptownvet,main
Upward Health,greenhouse,upwardhealth,main
Upwave,greenhouse,survata,main
Upwork,greenhouse,upwork,main
Urban Sports Club,greenhouse,urbansportsclub,main
urbancompass,greenhouse,urbancompass,main
urbangolfperformance,greenhouse,urbangolfperformance,main
Urby,greenhouse,urby,main
Urgent Care for Children,greenhouse,urgentcareforchildren,main
ursamajor,greenhouse,ursamajor,main
"Urschel Laboratories, Inc.",greenhouse,urschellaboratoriesinc,main
us,greenhouse,us,main
"US Conec, Ltd.",greenhouse,usconec,main
US Summer Internships,greenhouse,ussummerinternships,main
USA for UNHCR,greenhouse,usaforunhcr,main
USAFacts,greenhouse,usafacts,main
usamechasp,greenhouse,usamechasp,main
utahtitleloansinc,greenhouse,utahtitleloansinc,main
uug,greenhouse,uug,main
uvimco,greenhouse,uvimco,main
Vacasa,greenhouse,vacasa,main
vacationinc,greenhouse,vacationinc,main
Vaco LLC,greenhouse,vaco,main
Vagas Internas,greenhouse,vagasinternas,main
Vail Health Hospital,greenhouse,vailclinicincdbavailhealthhospital,main
valaratomics,greenhouse,valaratomics,main
Valera Health,greenhouse,valerahealth,main
validationcloud,greenhouse,validationcloud,main
valleyhealth,greenhouse,valleyhealth,main
Valo Health,greenhouse,valohealth,main
Valor Equity Partners,greenhouse,valorequitypartners,main
valspec,greenhouse,valspec,main
Valtech,greenhouse,valtech,main
Van Metre Companies,greenhouse,vanmetre,main
Vanguard Dermatology,greenhouse,vanguarddermatology,main
vanleeuwenicecream,greenhouse,vanleeuwenicecream,main
Vannevar,greenhouse,vannevarlabs,main
vantagescore,greenhouse,vantagescore,main
Varda Space Industries,greenhouse,vardaspace,main
Variant Bio,greenhouse,variantbio,main
Varicent,greenhouse,varicent,main
vascularcarect,greenhouse,vascularcarect,main
Vast,greenhouse,vast,main
Vatic Labs,greenhouse,vaticlabs,main
Vaxcyte,greenhouse,vaxcyte,main
vay,greenhouse,vay,main
vaya,greenhouse,vaya,main
VaynerMedia LLC,greenhouse,vaynermedia,main
vcsg,greenhouse,vcsg,main
vcu,greenhouse,vcu,main
vdc,greenhouse,vdc,main
vecma,greenhouse,vecma,main
Vectara,greenhouse,vectara,main
Vector,greenhouse,govector,main
Vector North,greenhouse,vectornorth,main
vectranetworks,greenhouse,vectranetworks,main
Vedanta Biosciences,greenhouse,vedantabiosciences,main
Veeam Software,greenhouse,veeamsoftware,main
vegaamericas,greenhouse,vegaamericas,main
vegaamericasinternalapplications,greenhouse,vegaamericasinternalapplications,main
vei,greenhouse,vei,main
VEIR,greenhouse,veir,main
Velir,greenhouse,velir,main
Velocity Electronics,greenhouse,velocityelectronics,main
Velora,greenhouse,velora,main
Venn,greenhouse,venncity,main
venturatravel,greenhouse,venturatravel,main
Venture Global LNG,greenhouse,ventureglobal,main
Veo - Corporate Careers,greenhouse,veocorporatecareers,main
Veo - Operations Careers,greenhouse,operationscareers,main
Vera Institute of Justice,greenhouse,verainstituteofjustice,main
"Vera Therapeutics, Inc.",greenhouse,veratherapeuticsinc,main
Veracode,greenhouse,veracode,main
veracyte,greenhouse,veracyte,main
veradata,greenhouse,veradata,main
veramed,greenhouse,veramed,main
Verana Health,greenhouse,veranahealth,main
Verantos,greenhouse,verantos,main
Vercel,greenhouse,vercel,main
veriff,greenhouse,veriff,main
verifone,greenhouse,verifone,main
veriheal,greenhouse,veriheal,main
Verisign,greenhouse,verisign,main
"Verista, Inc.",greenhouse,veristainc,main
Veritas Veterinary Partners,greenhouse,veritasvetpartners,main
Verkada,greenhouse,verkada,main
Vermont Information Processing,greenhouse,vipvermontinformationprocessing2,main
Verra Mobility,greenhouse,verramobility,main
Versaterm,greenhouse,versaterm,main
Verse,greenhouse,verse,main
VerSprite - LinkedIn,greenhouse,versprite,main
Verstela,greenhouse,verstela,main
Verusen,greenhouse,verusen,main
Verve,greenhouse,verve,main
Very Good Ventures,greenhouse,verygoodventures,main
vesalius,greenhouse,vesalius,main
Vestmark Internship Program,greenhouse,internrecruiting,main
"Vestmark, Inc.",greenhouse,vestmark,main
Vestwell,greenhouse,vestwell,main
Veterinarian Partners,greenhouse,veterinarianpartners,main
Veterinary Emergency Services,greenhouse,veterinaryemergencyservices,main
veterinaryemergencygroupst,greenhouse,veterinaryemergencygroupst,main
veterinarypracticepartners,greenhouse,veterinarypracticepartners,main
vetevolve,greenhouse,vetevolve,main
vetto,greenhouse,vetto,main
VGW,greenhouse,vgw,main
vgw-australia,greenhouse,vgw-australia,main
Via,greenhouse,via,main
Viaduct,greenhouse,viaduct,main
vialogic,greenhouse,vialogic,main
Viam,greenhouse,viamrobotics,main
Vibes,greenhouse,vibesllc,main
victory,greenhouse,victory,main
vidazoo,greenhouse,vidazoo,main
videoamp,greenhouse,videoamp,main
Viking Global Investors,greenhouse,vikingglobalinvestors,main
village,greenhouse,village,main
Vilya,greenhouse,vilya,main
vim,greenhouse,vim,main
Vir Biotechnology,greenhouse,virbiotechnologyinc,main
Viral Nation Inc.,greenhouse,viralnation,main
virginia,greenhouse,virginia,main
Virtru,greenhouse,virtru,main
Virtu,greenhouse,virturecruitinghidden,main
Virtu Financial,greenhouse,virtu,main
Virtual Preparatory Academy of Florida,greenhouse,vpaofflorida,main
Virtual Preparatory Academy of Georgia,greenhouse,vpageorgia,main
Virtual Preparatory Academy of Indiana @ Madison-Grant,greenhouse,vpaindianamg,main
Virtual Preparatory Academy of Washington,greenhouse,vpawashington,main
Virtual Preparatory Academy of West Virginia,greenhouse,vpawv,main
visasq,greenhouse,visasq,main
VISASQ/COLEMAN,greenhouse,colemanresearch,main
Vise,greenhouse,viseai,main
visia,greenhouse,visia,main
Visier Solutions Inc,greenhouse,visiersolutionsinc,main
visitingmedia,greenhouse,visitingmedia,main
Visual Concepts,greenhouse,visualconcepts,main
Vital Farms - Current Crew Members,greenhouse,vitalfarmsinternalcrew,main
Vital Voices Global Partnership,greenhouse,vitalvoicesglobalpartnership,main
vitalcaringgroup,greenhouse,vitalcaringgroup,main
vitalfarms,greenhouse,vitalfarms,main
Vitreous Retina Macula Specialists of New Jersey,greenhouse,vrmnjretina,main
Vivid Seats,greenhouse,vividseatsllc,main
Vivodyne,greenhouse,vivodyne,main
vivvi,greenhouse,vivvi,main
vixxo,greenhouse,vixxo,main
vmax,greenhouse,vmax,main
vmi,greenhouse,vmi,main
VML,greenhouse,wundermanthompson,main
VML Enterprise Solutions,greenhouse,vmlenterprisesolutions,main
VML MAP,greenhouse,map,main
VOGLIO Digital Marketing,greenhouse,vogliodigitalmarketing,main
Volastra Therapeutics,greenhouse,volastratherapeutics,main
Voloridge Investment Management,greenhouse,voloridgeinvestmentmanagement,main
Voltera Power,greenhouse,volterapower,main
Vonage,greenhouse,vonage,main
Vor Bio,greenhouse,vorbiopharma,main
VOX Global,greenhouse,voxglobal,main
"Vox Media, LLC",greenhouse,voxmedia,main
Voxie Inc,greenhouse,voxieinc,main
"Voyager Technologies, Inc.",greenhouse,voyagertechnologiesinc,main
vpaarizona,greenhouse,vpaarizona,main
vpamo,greenhouse,vpamo,main
vpaohio,greenhouse,vpaohio,main
vpp,greenhouse,vpp,main
VSA Partners,greenhouse,vsapartners,main
vscfiresecurityinc,greenhouse,vscfiresecurityinc,main
VSCO,greenhouse,vsco39,main
VTEX,greenhouse,vtex,main
VTS,greenhouse,vts,main
Vulcan Elements,greenhouse,vulcanelements,main
vulncheck,greenhouse,vulncheck,main
Vumedi Inc.,greenhouse,vumedi,main
vynamic,greenhouse,vynamic,main
VYNYL,greenhouse,vynyl,main
waldensecurity,greenhouse,waldensecurity,main
Walker-Miller Energy,greenhouse,walkermillerenergy,main
walkersands,greenhouse,walkersands,main
Wall Street Prep,greenhouse,wallstreetprep,main
wallapop,greenhouse,wallapop,main
Walleye Capital Full Time,greenhouse,walleyecapital-external-fulltime,main
Walleye Capital Internships,greenhouse,walleyecapital-external-students,main
Waltz Health,greenhouse,waltzhealth,main
Warburg Pincus LLC,greenhouse,warburgpincusllc,main
Wargaming,greenhouse,wargamingen,main
Warner Bros. Pictures Animation,greenhouse,wbpa,main
Warp,greenhouse,warp,main
warsaw,greenhouse,warsaw,main
Warwick Animal Hospital,greenhouse,warwick,main
Wasabi Technologies,greenhouse,wasabi,main
Washington Penn,greenhouse,washingtonpenn,main
Watchmaker Genomics,greenhouse,watchmakergenomics,main
Waterfront International Ltd - Administrator,greenhouse,administrator,main
waterloocoop,greenhouse,waterloocoop,main
Watershed Informatics,greenhouse,watershed,main
watersystemsconsulting,greenhouse,watersystemsconsulting,main
Watson's Friends Animal Hospital,greenhouse,watsonsfriendsah,main
Wave,greenhouse,wavemm1,main
Waymark,greenhouse,waymark,main
waymo,greenhouse,waymo,main
Wayve,greenhouse,wayve,main
Wayvia,greenhouse,wayvia,main
We. Communications,greenhouse,wecommunications,main
Weave,greenhouse,weave,main
WebChart,greenhouse,webchartnow,main
Webflow,greenhouse,webflow,main
webstacks,greenhouse,webstacks,main
wecaredailyclinicscareers,greenhouse,wecaredailyclinicscareers,main
wedgewoodpharmacy,greenhouse,wedgewoodpharmacy,main
Weedmaps,greenhouse,weedmaps77,main
Weee! Inc,greenhouse,weee,main
Weight Watchers,greenhouse,ww,main
Weinstein Properties,greenhouse,weinsteinproperties,main
Weiss Asset Management,greenhouse,weissassetmanagement,main
wekatest,greenhouse,wekatest,main
WelbeHealth,greenhouse,welbehealth,main
Welbehealth Non Sponsored Board,greenhouse,jobboard,main
Welcome to the Jungle,greenhouse,artefactjobs,main
welcomelend,greenhouse,welcomelend,main
Weleda - North America,greenhouse,weleda,main
Wellhub,greenhouse,gympass,main
wellist,greenhouse,wellist,main
WellPower - Administrative,greenhouse,administrative,main
WellPower - Adult Services,greenhouse,adultservices,main
WellPower - All Jobs,greenhouse,mentalhealthcenterofdenver,main
WellPower - Nursing Services,greenhouse,nursingservices,main
WellPower - Psychiatric Medical Providers,greenhouse,psychiatricproviders,main
WellPower - Student Placements,greenhouse,studentplacements,main
WellPower - Vocational Trainee Work Experience,greenhouse,vocationaltraineeworkexperience,main
WellSaid,greenhouse,wellsaidlabs,main
wellthy,greenhouse,wellthy,main
wellthy-care-network,greenhouse,wellthy-care-network,main
Weploy,greenhouse,weploy,main
WePractice (Head Quarter),greenhouse,headquarter,main
West Cancer Center,greenhouse,westcancercenter,main
westcoast,greenhouse,westcoast,main
westernpartitionsinc,greenhouse,westernpartitionsinc,main
westmonroe4,greenhouse,westmonroe4,main
Wettermark Keith,greenhouse,wettermarkkeith,main
weuk,greenhouse,weuk,main
Whalar Group,greenhouse,whalarinc,main
wheatlanddentalcentre,greenhouse,wheatlanddentalcentre,main
Wheelhouse,greenhouse,wheelhouse,main
wheelhousedmg,greenhouse,wheelhousedmg,main
wheelpros,greenhouse,wheelpros,main
wheely,greenhouse,wheely,main
Whisper Aero,greenhouse,whisperaero,main
Whiteboard Federal,greenhouse,whiteboardfederal,main
WhiteWater Midstream,greenhouse,whitewatermidstream,main
Who Gives A Crap,greenhouse,whogivesacrap,main
Wholesail,greenhouse,wholesail,main
whop,greenhouse,whop,main
wiehlermechanical,greenhouse,wiehlermechanical,main
Wight & Company,greenhouse,wight,main
wikifarmer,greenhouse,wikifarmer,main
Wikimedia Foundation,greenhouse,wikimedia,main
Wild Alaskan Company,greenhouse,wildalaskancompany,main
Wild Card Creative Group,greenhouse,wildcardcreativegroup,main
wildlifestudios,greenhouse,wildlifestudios,main
Willamette Dental,greenhouse,willamettedentalgroup,main
williamblair,greenhouse,williamblair,main
Willmeng Construction,greenhouse,willmengconstruction,main
Willow Innovations,greenhouse,willowinnovations,main
wilsonelser,greenhouse,wilsonelser,main
wilsonelserattorneys,greenhouse,wilsonelserattorneys,main
WIN Home Inspection,greenhouse,winhomeinspection,main
wing,greenhouse,wing,main
Wingspan,greenhouse,wingspan,main
winrock,greenhouse,winrock,main
wisconsinautotitleloansinc,greenhouse,wisconsinautotitleloansinc,main
Wisetack,greenhouse,wisetack,main
WithCoverage,greenhouse,withcoverage,main
WITHIN,greenhouse,agencywithin,main
"WithMe, Inc.",greenhouse,withmeinc,main
Wizard,greenhouse,wizardcommerce,main
WIZELINE,greenhouse,wizeline,main
wizinc,greenhouse,wizinc,main
wizixtechnologygroupinc,greenhouse,wizixtechnologygroupinc,main
wk,greenhouse,wk,main
wms,greenhouse,wms,main
"Wolcott, Wood and Taylor Inc.",greenhouse,wolcottwoodandtaylor,main
Wonderlic,greenhouse,wonderlicjobs,main
Wonderschool,greenhouse,wonderschool,main
wongdoody,greenhouse,wongdoody,main
WOO X,greenhouse,woo,main
woodsideai,greenhouse,woodsideai,main
WOOFi,greenhouse,woofi,main
Wooga,greenhouse,wooga,main
Woolpert,greenhouse,woolpert,main
Workato,greenhouse,workato,main
WorkBoard,greenhouse,workboard,main
Workera AI,greenhouse,workera,main
Workhelix,greenhouse,workhelix,main
workithealth,greenhouse,workithealth,main
workshop,greenhouse,workshop,main
worksite,greenhouse,worksite,main
Workstream,greenhouse,workstream,main
Workwize,greenhouse,workwize,main
World Labs,greenhouse,worldlabs,main
World Surf League,greenhouse,worldsurfleague,main
world4you,greenhouse,world4you,main
WorldQuant,greenhouse,worldquant,main
WorldStrides,greenhouse,world4822stri986des,main
Woven Care,greenhouse,wovencare,main
wowhead,greenhouse,wowhead,main
WPP,greenhouse,wpp,main
wri,greenhouse,wri,main
Wrike,greenhouse,wrike,main
Wunder,greenhouse,wundercapital,main
wunderkind,greenhouse,wunderkind,main
Wurl,greenhouse,wurljobs,main
xAI,greenhouse,xai,main
Xaira Therapeutics,greenhouse,xairatherapeutics,main
Xantium,greenhouse,xantium,main
Xapo Bank,greenhouse,xapo61,main
xdesign,greenhouse,xdesign,main
Xealth,greenhouse,xealth,main
xebiacee,greenhouse,xebiacee,main
xem,greenhouse,xem,main
XION,greenhouse,burnt,main
XLA,greenhouse,xla,main
XO Health Inc.,greenhouse,xohealthinc,main
Xometry,greenhouse,xometry,main
Xometry Europe,greenhouse,xometryeurope,main
"Xos, Inc.",greenhouse,xosinc,main
XP Health,greenhouse,xphealth,main
XP Inc.,greenhouse,xpinc,main
XPENG,greenhouse,xpengmotors,main
XTX Markets,greenhouse,xtxmarketstechnologies,main
xund,greenhouse,xund,main
xurrent,greenhouse,xurrent,main
yaleinvestmentsoffice,greenhouse,yaleinvestmentsoffice,main
Yarrow Biotechnology,greenhouse,yarrowbiotechnology,main
yep,greenhouse,yep,main
yerbamadre,greenhouse,yerbamadre,main
yes,greenhouse,yes,main
Yes Energy,greenhouse,yesenergy,main
Yext,greenhouse,yext,main
yieldmo,greenhouse,yieldmo,main
YipitData,greenhouse,yipitdata,main
YipitData (Alternative),greenhouse,yipitdatajobs,main
Ylopo,greenhouse,ylopo,main
Yondr Group,greenhouse,yondrgroup,main
Yoodli AI Roleplays,greenhouse,yoodliinc,main
yotpo,greenhouse,yotpo,main
You.com,greenhouse,youcom,main
Young Minds Development Center,greenhouse,youngmindsdc,main
Yousician,greenhouse,yousician,main
yqn,greenhouse,yqn,main
Yubico Inc.,greenhouse,yubico,main
YugabyteDB,greenhouse,yugabyte,main
yuma,greenhouse,yuma,main
Yuvo Health,greenhouse,yuvohealthllc,main
Z - PVCC Internal Job Board (Corp Use Only),greenhouse,corp,main
zam,greenhouse,zam,main
Zaviant,greenhouse,zaviant,main
zDO NOT POST - ARCHIVED - BAYADA Home Health Care at Bayhealth,greenhouse,bayhealth,main
Zeffy,greenhouse,zeffy,main
Zenas BioPharma,greenhouse,zenasbio,main
ZenBusiness Inc.,greenhouse,zenbusiness,main
Zencoder,greenhouse,zencoder,main
ZenGRC,greenhouse,zengrc,main
Zenni Optical,greenhouse,zennioptical,main
zennify,greenhouse,zennify,main
Zenoti,greenhouse,zenoti,main
Zero,greenhouse,zero,main
Zero Studios,greenhouse,zerostudios,main
ZERO TO THREE,greenhouse,zerotothree,main
zerocater,greenhouse,zerocater,main
Zeta Charter Schools,greenhouse,zetacharterschools,main
ZetaChain,greenhouse,zetachain,main
zetaglobal,greenhouse,zetaglobal,main
zetasummerinternship,greenhouse,zetasummerinternship,main
Zinnia,greenhouse,zinnia,main
Zinnia - Employee Referral,greenhouse,zind-erprogram,main
Zip Co Limited,greenhouse,zipcolimited,main
Zipline,greenhouse,flyzipline,main
ZipRecruiter,greenhouse,ziprecruiter,main
zocalohealth,greenhouse,zocalohealth,main
Zocdoc,greenhouse,zocdoc,main
zola,greenhouse,zola,main
Zone & Co,greenhouse,zonecompanysoftwareconsultingllc,main
Zone 5 Technologies,greenhouse,zone5technologies,main
zoo,greenhouse,zoo,main
zoomget,greenhouse,zoomget,main
zoominfo,greenhouse,zoominfo,main
Zora,greenhouse,zora,main
zoro,greenhouse,zoro,main
Zscaler,greenhouse,zscaler,main
Zulily,greenhouse,zulilycareers,main
Zuora,greenhouse,zuora,main
zuub,greenhouse,zuub,main
zwift,greenhouse,zwift,main
zylo,greenhouse,zylo,main
Zynga,greenhouse,zyngacareers,main
Zynga Early Careers,greenhouse,zyngaearlycareers,main
ília,greenhouse,ilia,main
Ōura,greenhouse,oura,main
‎ConnectWise,greenhouse,connectwise,main
#paid,lever,hashtagpaid,main
100MS,lever,100ms,main
15Five,lever,15five,main
21st Century Home Health Services Inc.,lever,21hhs,main
2brains,lever,2brains,main
2nd Order Solutions,lever,2os,main
32Co,lever,32Co,main
360Learning,lever,360learning,main
3E,lever,3eco,main
3Pillar,lever,3pillarglobal,main
4Front Ventures,lever,4front,main
5,lever,energy-by-5,main
5AM Ventures,lever,5amventures,main
90 Seconds,lever,90seconds,main
@hotel,lever,tripscout,main
[solidcore],lever,solidcore,main
a.k.a. Brands,lever,akabrands,main
"Aaron Riechert Carpol & Riffle, APC",lever,arcr,main
ABM Industries,lever,ableserve,main
Above and Beyond Therapy,lever,abtaba,main
Above Lending,lever,abovelending,main
Academy,lever,Academy,main
Acceldata,lever,acceldata,main
"Accenture Infrastructure and Capital Projects, LLC",lever,InfrastructureandCapitalProjects,main
Access Softek,lever,accesssoftek,main
Accompany Health,lever,AccompanyHealth,main
Accurate Background,lever,accurate,main
Achievers,lever,achievers,main
Acme,lever,sigma-squared,main
ACORD Corporation,lever,acord,main
Actian Corporation,lever,actian,main
Action Property Management,lever,actionlife,main
Active Theory,lever,activetheory,main
ActiveCampaign,lever,activecampaign,main
Ad Hoc Labs,lever,adhoclabs,main
Addition,lever,additionwealth,main
Adi Development Group,lever,adidevelopments,main
Adjarabet.com,lever,adjarabet,main
Adlook,lever,adlook,main
Adora Technologies Inc,lever,adora,main
Advanced Agrilytics,lever,advancedagrilytics,main
Adventus,lever,adventus,main
"Adverum Biotechnologies, Inc.",lever,adverum,main
Advocate,lever,advocate,main
Aera Technology,lever,aeratechnology,main
Aeris Partners,lever,aerispartners.com,main
Aero,lever,aero,main
Aerostrat,lever,aerostrat,main
Aethos,lever,aethoshotels,main
"Aeva, Inc.",lever,aeva,main
Afero,lever,afero,main
Agate Software,lever,agatesoftware,main
Age of Learning,lever,aofl,main
Agicap,lever,agicap,main
Agile Defense,lever,agile-defense,main
Agiloft,lever,agiloft,main
Agtonomy,lever,agtonomy,main
AHEAD,lever,thinkahead,main
Aicrete,lever,aicrete,main
AiFi,lever,aifi,main
AIFund,lever,AIFund,main
Aigen,lever,aigen,main
AIP Connect,lever,aipconnect,main
Air-tek,lever,air-tek,main
Airalo,lever,airalo,main
Aircall,lever,aircall,main
AirDNA,lever,airdna,main
airSlate,lever,airslate,main
Airtasker,lever,airtasker,main
Aisles & Abroad,lever,aisle_and_abroad,main
Aiwyn,lever,aiwyn,main
Ajax Systems,lever,ajax,main
"Akicita Federal, LLC",lever,akicita-cyber,main
Aldar Properties PJSC,lever,aldar,main
Alector,lever,alector,main
Aledade,lever,aledade,main
Alertus Technologies,lever,alertus,main
Alice & Bob,lever,alice-bob,main
Alif Semiconductor,lever,alifsemi,main
Alignerr,lever,labelbox,main
Alimentiv,lever,alimentiv-2,main
All Ears Veterinary,lever,allears-vet,main
all.health,lever,all.health,main
Allata,lever,Allata,main
Allegiant,lever,allegiantair,main
Alliance,lever,alliance,main
Allied,lever,alliedreit,main
Allied Beverage Group,lever,alliedbeverage,main
Alloy.ai,lever,alloy,main
"Allstar Home Services, LLC",lever,allstarservicesnow,main
AllTrails,lever,alltrails,main
Alluxio,lever,alluxio,main
ALOM Technologies,lever,alom,main
Alpinestars,lever,alpinestars,main
AltaML,lever,altaml,main
Altarum,lever,altarum,main
Alveo Technologies,lever,alveotechnologies,main
Amar Bank,lever,amarbank,main
Amazon RIVR,lever,rivr,main
Amber Electric,lever,amberelectric,main
Ambi Robotics,lever,ambirobotics,main
America At Work,lever,americaatwork,main
American Ballet Theatre,lever,abt,main
American Tall,lever,americantall,main
AMIRI,lever,AMIRI,main
Amity Foundation,lever,amityfdn,main
Ammobia,lever,ammobia,main
Ampd Energy,lever,ampd-energy,main
Ampeco Ltd,lever,ampeco-global,main
AmSty,lever,amsty,main
AMT Engineering,lever,amtengineering,main
ANA,lever,ana-corp,main
Anagram,lever,anagramsecurity,main
Analytic Partners,lever,analyticpartners,main
AnaVation,lever,anavationllc,main
Anchorage Digital,lever,anchorage,main
Anders Group,lever,andersgroup,main
Andersen Corporation/Renewal by Andersen,lever,andersencorp,main
AngelList,lever,angellist,main
Anlatan,lever,Anlatan,main
Anomali,lever,anomali,main
Anomaly,lever,anomaly,main
another,lever,anotherco,main
Anovium,lever,Anovium,main
ANS,lever,ans,main
Ansatz Capital,lever,ansatzcapital,main
Ansira,lever,ansira,main
ANYbotics,lever,anybotics,main
AnyRoad,lever,anyroad,main
Anyscale,lever,anyscale,main
AO Garcia Agency,lever,aogarciaagency,main
Apax Partners,lever,apax,main
APCO Holdings,lever,apcoholdings,main
Apex ABA Therapy,lever,apexaba,main
APEX Investigation,lever,apexpi,main
Apex.AI,lever,apex-ai,main
Apollo Agriculture,lever,apolloagriculture,main
Apollo Research,lever,apolloresearch,main
Appcues,lever,appcues-2,main
Appen,lever,appen-2,main
Appfigures,lever,appfigures,main
Apple Tree Dental,lever,appletreedental,main
Applied Underwriters,lever,auw,main
applike group,lever,applike,main
APPLY,lever,applydigital,main
AppNation,lever,appnation,main
Appointy,lever,appointy,main
Apprenticely,lever,acds,main
AppSamurai,lever,appsamurai,main
"AppZen, Inc.",lever,appzen,main
Aprio,lever,Aprio,main
Apryse,lever,apryse,main
Aqemia,lever,aqemia.com,main
Aquabyte,lever,aquabyte,main
Aquarium,lever,aquarium,main
Arable,lever,arable,main
Arbital Health,lever,arbitalhealth,main
Arbitrum Foundation,lever,arbitrumfoundation,main
Arbitrum OpCo,lever,arbitrum-opco,main
Arbol,lever,Arbol,main
ARC'TERYX,lever,arcteryx.com,main
Arcadia,lever,arcadia,main
Arcadia Science,lever,arcadiascience,main
"Argonaut, Inc.",lever,argonaut,main
Arootah,lever,arootah,main
Array Labs,lever,arraylabs.io,main
Arrive Logistics,lever,arrivelogistics,main
Arsenal Biosciences,lever,arsenalbio,main
ARSIEM,lever,arsiem,main
ARTBIO,lever,artbio,main
Artera,lever,artera,main
Artera,lever,artera-2,main
Articulate,lever,articulate,main
"Arvor Insurance, Inc",lever,arvor-insurance,main
ASAPP,lever,asapp-2,main
Asendia Inc,lever,asendia,main
Ashoka,lever,ashoka,main
Asian Health Services,lever,ahschc,main
Assurance Careers,lever,assurance,main
Ataccama,lever,ataccama,main
Atavistik Bio,lever,atavistik-bio,main
Athena,lever,athenapsych,main
Athennian,lever,athennian,main
Athlete to Athlete,lever,athletetoathlete,main
ATI Business Group,lever,atibusinessgroup,main
Atmosera,lever,atmosera,main
Atom Computing,lever,atomcomputing,main
Attabotics,lever,attabotics,main
Attovia Therapeutics,lever,attovia-therapeutics,main
Audinate,lever,audinate,main
August Bioservices,lever,AugustBioservices,main
Australian Ethical,lever,australianethical,main
Authentic8,lever,authentic8,main
AutoFi,lever,autofi,main
Automatiq,lever,automatiq,main
Autonomous,lever,autonomous,main
Autoroboto,lever,autoroboto,main
Avalanche Studios Group,lever,avalanchestudios,main
Avalere Health,lever,avalerehealth,main
Avante,lever,avante,main
Avenues Recovery,lever,avenuesrecovery,main
Avero,lever,avero,main
Avertium,lever,avertium,main
AVIA,lever,aviahealth,main
AVIO Consulting,lever,avioconsulting,main
Avive,lever,AviveSolutions,main
Aviya Aerospace Systems,lever,aviyatech,main
Avtex,lever,avtex,main
Avua UK Limited,lever,avua,main
axl,lever,axl,main
Azul,lever,azul,main
B.F. Saul Company,lever,bfsaul,main
B.F. Saul Company Hospitality Group,lever,bfsaulhotels,main
BackerKit,lever,backerkit,main
Backstory,lever,people-ai,main
Badge,lever,badge-group,main
Badger Maps,lever,badgermapping,main
Balbix,lever,balbix,main
BAMKO,lever,bamko,main
Banana Jobs,lever,bananajobs,main
Banco BV,lever,bv,main
Banner Bank,lever,bannerbank,main
"BAO, Inc",lever,baoinc,main
Baselane,lever,baselane,main
Basis,lever,basis,main
Bazaarvoice,lever,bazaarvoice,main
BDG,lever,BDG,main
Beam Benefits,lever,beam,main
Beamy,lever,Beamy,main
Beauty Barrage,lever,beautybarrage,main
Beaver Process Equipment,lever,beaverprocess,main
Beckley Clinical,lever,beckley-clinical,main
Bedrock Energy,lever,bedrockenergy,main
"Bee Green Recycling & Supply, LLC",lever,beegreen,main
Bee Talents,lever,bee-talents,main
Beedie,lever,beedie,main
Beghou Consulting,lever,beghouconsulting,main
BehaviorCare Therapy,lever,behaviorcaretherapy,main
Behaviour Interactive,lever,bhvr,main
Bellese,lever,bellese,main
Bellota Labs,lever,bellotalabs,main
Bellwether,lever,bellwetheram-2,main
Belvedere Trading,lever,belvederetrading,main
BenchSci,lever,benchsci,main
Bento Box Entertainment,lever,bentoboxent,main
Berkshire Hathaway Homestate Companies,lever,bhhc,main
Bernstein Litowitz Berger & Grossmann LLP,lever,blbglaw,main
Bespoke Post,lever,bespokepost,main
Best Egg,lever,BestEgg,main
BETA Technologies,lever,beta,main
Betr,lever,betr,main
Betstamp,lever,Betstamp,main
Better,lever,better,main
Better Life Partners,lever,betterlifepartners,main
Beyond Cloud Consulting Inc.,lever,beyondcloudconsulting,main
Beyond Menu,lever,beyondmenu,main
BHG Financial,lever,bhg-inc,main
Big Health,lever,bighealth,main
Bigblue,lever,bigblue,main
Biggie Group,lever,biggie,main
Binance,lever,binance,main
BioAgilytix,lever,bioagilytix,main
BioCatch,lever,biocatch,main
Biointellisense,lever,biointellisense,main
BIS Safety Software,lever,bis,main
Bisnow,lever,bisnow,main
BizAway Trial,lever,bizaway,main
BizLibrary,lever,bizlibrary,main
Black & White Zebra,lever,Black-White-Zebra,main
BlackCloak,lever,BlackCloak,main
BLEN,lever,blencorp,main
Blink UX,lever,blinkux,main
Blinq,lever,blinq,main
Blood,lever,pslove-pte,main
Bloom,lever,bloom,main
Bloom & Wild Group,lever,bloomon,main
Bloomwell Autism Therapy,lever,bloomwellcare,main
Blue Bottle Coffee,lever,bluebottlecoffee,main
Blue Coding,lever,bluecoding,main
Blue Engine,lever,blueengine,main
Blue Origin,lever,blueorigin,main
BlueCat,lever,bluecatnetworks,main
"BlueCloud Services, Inc.",lever,blue,main
Blueland,lever,blueland,main
Bluelight Consulting,lever,bluelightconsulting,main
BlueRock Therapeutics,lever,bluerocktx,main
Bluesight,lever,bluesight,main
Bogaard Group International,lever,bogaardgroup,main
"Bold Orange Company, LLC",lever,bold-orange,main
Bolster Inc.,lever,bolster,main
Bone Dry Roofing,lever,bonedry,main
Boson AI,lever,bosonai,main
Bosta,lever,Bosta,main
Boston Imaging,lever,bostonimaging,main
Boston Materials,lever,boston-materials,main
Boston Red Sox,lever,redsox,main
Bounteous,lever,bounteous,main
Boxbot,lever,boxbot,main
BoxLunch & Hot Topic,lever,boxlunch,main
BPM LLP,lever,bpmcpa,main
Brafton,lever,brafton,main
BrainChild Bio,lever,brainchildbio,main
"BrainStorm, Inc.",lever,brainstorminc,main
Brand Knew,lever,brand-knew,main
Braviant Holdings,lever,braviantholdings,main
BreezeBio,lever,BreezeBio,main
Brevo,lever,brevo,main
BRICK Networks,lever,bricknetworks,main
Bright Machines,lever,brightmachines,main
Brighte,lever,brighte,main
BrightEdge,lever,brightedge,main
BrightHire,lever,brighthire,main
Brighton Jones,lever,brightonjones,main
brightwheel,lever,brightwheel,main
Brilliant,lever,brilliant,main
Brillio,lever,brillio-2,main
Brindley Engineering,lever,brindleyengineering,main
BriteCore,lever,britecore,main
Brookings,lever,brookings,main
Brooklyn Investment Group,lever,bkln,main
Brooks Running,lever,brooksrunning,main
Brotherhood Crusade,lever,brotherhoodcrusade,main
BTSE,lever,BTSE,main
Buck Mason,lever,buckmason,main
"Buckeye Corrugated, Inc.",lever,bcipkg,main
BuildingConnected,lever,buildingconnected,main
Bumble Inc.,lever,bumbleinc,main
BURGA,lever,burga,main
Busara Center for Behavioral Economics,lever,BusaraCenter,main
Business Wire,lever,businesswire,main
ButcherBox,lever,butcherbox,main
Buy Box Experts,lever,buyboxexperts,main
C and L Inspection,lever,candlinspection,main
C12 Quantum Electronics,lever,c12qe,main
Cabo Norte Professionals,lever,cabonorte,main
CAI,lever,cagents,main
Callan,lever,callan,main
CALSTART,lever,calstart,main
Cambium Networks,lever,cambiumnetworks,main
"CampusWorks, Inc.",lever,campusworksinc,main
Canary Technologies Corp,lever,canarytechnologies,main
candidate.fyi,lever,candidate,main
Canvas Forum,lever,canvasforum,main
Canvas Medical,lever,canvasmedical,main
Canvas Worldwide,lever,canvasww,main
Capital Markets Gateway,lever,cmgx,main
Capital Solutions Group,lever,capitalsolutionsgroup,main
capital.com,lever,capital,main
Capricor Therapeutics,lever,capricor,main
CaptivateIQ,lever,captivateiq,main
Carbon Health,lever,carbonhealth,main
Cardiosense,lever,cardiosense,main
Careers In Travel | Destination Planners,lever,destinationknot,main
Carelinks ABA,lever,carelinks-aba,main
CareMessage,lever,caremessage,main
Carewest Innovative Healthcare,lever,carewest,main
cargo-partner,lever,cargo-partner,main
Carly Rian Group,lever,carlyriangroup,main
CarTrawler,lever,cartrawler,main
Cascade Climate,lever,cascade-climate,main
Caseware,lever,caseware,main
Catalant,lever,gocatalant,main
Catalist,lever,catalist,main
Catalyze,lever,catalyze,main
Catbird,lever,Catbird,main
CBT Nuggets,lever,cbtnuggets,main
CDC Foundation,lever,cdcfoundation,main
Celara,lever,celaralabs,main
Celerion,lever,celerion,main
Celestia Labs,lever,celestia,main
Cellares,lever,cellares,main
Center for AI Safety,lever,aisafety,main
Center For Humane Technology,lever,humanetech,main
Centrifuge,lever,centrifuge,main
Cents,lever,cents,main
Centuria,lever,centuria,main
CertifID,lever,certifid,main
Certify,lever,certifyos,main
CertiK,lever,certik,main
CesiumAstro,lever,CesiumAstro,main
"CESO, Inc.",lever,ceso,main
CFGI,lever,cfgi,main
Challenge Preparatory Charter School,lever,challengecharterschools,main
Channel Corp.,lever,zoyi,main
ChannelApe,lever,channelape,main
Charcuterie Artisans,lever,charcuterie,main
charity: water,lever,charitywater,main
Charm Industrial,lever,charmindustrial,main
Charter Impact,lever,charter-impact,main
Chef Robotics,lever,ChefRobotics,main
Cherre,lever,cherre,main
Chestnut Carbon,lever,chestnutcarbon,main
Chinese American Service League,lever,caslservice,main
Chooose,lever,chooose,main
Chopra,lever,chopra,main
ChowNow,lever,chownow,main
Church at the Park,lever,churchatthepark,main
CI&T,lever,ciandt,main
CIC,lever,cic,main
"CIM Group, LP",lever,cimgroup,main
Cin7,lever,cin7,main
Circadia Health,lever,circadiahealth,main
Circle Care Services,lever,circlecareservices,main
Circle Pharma,lever,circlepharma,main
Circuit,lever,getcircuit,main
Cirque du Soleil Entertainment Group,lever,cirquedusoleil,main
CITCON USA LLC,lever,citcon,main
City IT,lever,cef,main
Civitech,lever,civitech,main
Clari,lever,clari,main
Clarify Health,lever,clarifyhealth,main
CleanSpark,lever,cleanspark,main
Clear Capital | CubiCasa,lever,clearcapital,main
ClearEdge,lever,clearedge,main
Clerky,lever,clerky,main
Click Here to be Redirected to Planned Parenthood of Southwestern Oregon's New Career Center,lever,ppsworegon,main
ClickTime,lever,clicktime,main
Clinical Health Network For Transformation,lever,ClinicalHealthNetworkForTransformation,main
CLO Virtual Fashion,lever,clovirtualfashion,main
Cloaked,lever,cloaked-app,main
Cloudforce,lever,go-cloudforce,main
Cloudinary,lever,cloudinary,main
CloudWalk,lever,cloudwalk,main
co:collective,lever,cocollective,main
Coalfire,lever,coalfire,main
Coates Group,lever,coatesgroup,main
Cobaltrobotics,lever,cobaltrobotics,main
Coderio,lever,coderio,main
CoderPad,lever,coderpad,main
Cofactr,lever,Cofactr,main
Cogent Talent Solutions,lever,cogentanalytics,main
Coin Market Cap Ltd,lever,coinmarketcap,main
CoinGecko,lever,coingecko,main
Coins.ph,lever,coins,main
Colibri Group,lever,colibrigroup,main
Collabora,lever,collabora,main
Collaborative Strategies,lever,getcollaborative,main
Collate,lever,collate,main
Cologix,lever,cologix,main
Colorado Coalition for the Homeless,lever,coloradocoalition,main
Commerce Architects,lever,commercearchitects,main
Commerce Undergraduate Society,lever,commerce-undergraduate,main
Common Cause,lever,commoncause,main
Common Future,lever,commonfuture,main
CommonLit,lever,commonlit,main
Commonwealth Fusion Systems,lever,cfsenergy,main
Community Action House,lever,communityactionhouse,main
Companial,lever,companial,main
Compass Lexecon,lever,compasslexecon,main
CompassX Group,lever,compassx,main
Complex,lever,Complex,main
Comply,lever,comply,main
Component Repair Technologies,lever,componentrepairtechnologies,main
CompStak,lever,compstak,main
Computer World Services,lever,cwsc,main
ComputerCare,lever,computercare,main
Concurrency,lever,concurrency,main
Conduit,lever,conduit,main
confluera,lever,confluera,main
Constantinople,lever,cxnpl,main
Constellation Institute,lever,constellation,main
"Constellation Technologies, Inc",lever,cti-md,main
"Contact Government Services, LLC",lever,cgsfederal,main
Contentsquare,lever,contentsquare,main
ControlUp,lever,controlup,main
Convelio,lever,convelio,main
Convergent Research,lever,convergentresearch,main
ConverseNow.ai,lever,ConverseNow,main
Conversica,lever,conversica,main
Coolbet,lever,coolbet,main
Cooper for NC,lever,roy-cooper,main
Copia Automation,lever,copia,main
Copia Power,lever,copiapower,main
"CopilotKit, Inc.",lever,copilotkit,main
Corbalt,lever,corbalt,main
Cority,lever,cority,main
"Coupa Software, Inc.",lever,coupa,main
CourtAvenue,lever,court-avenue,main
Cprime,lever,cprime,main
CPS,lever,cps,main
Craftwater,lever,craftwater,main
Creator Deck,lever,creatordeck,main
CRED,lever,cred,main
Crescent Biopharma,lever,crescent-biopharma,main
Crest Industries,lever,crestoperations,main
CrossCountry Consulting,lever,crosscountry-consulting,main
"CrossFit, LLC",lever,crossfit,main
Crossing Minds Recruiting,lever,crossing-minds,main
Crosslake Technologies LLC,lever,crosslaketech,main
CrowdGen by Appen,lever,appen,main
CrowdRiff,lever,crowdriff,main
Crumbl,lever,crumbl,main
Cryptic Studios,lever,crypticstudios,main
Crypto.com,lever,crypto,main
Crytek,lever,crytek,main
CSC Generation,lever,cscgeneration-2,main
Culdesac,lever,culdesac,main
Culligan Quench,lever,quenchwater,main
Cullinan Therapeutics,lever,cullinanoncology,main
Culture Kings,lever,culturekings,main
Cuningham,lever,cuningham,main
Cura,lever,cura,main
Curai,lever,curai,main
Curri,lever,curri,main
"CVRx, Inc.",lever,CVRx,main
CX2,lever,cx2,main
CXT Software,lever,cxtsoftware,main
Cyara,lever,cyara,main
CyberOne Security,lever,cyberonesecurity,main
Cyderes,lever,cyderes,main
Cye,lever,CYE,main
Cygnal,lever,cygn,main
Cyngn,lever,cyngn,main
D&M Auto Leasing,lever,dmautoleasing,main
D-Fend Solutions,lever,d-fendsolutions,main
D.A. Davidson,lever,dadavidson,main
"DABS, Inc.",lever,dabsinc,main
Daily Wire,lever,dailywire,main
Daniels Health,lever,daniels-sharpsmart,main
Daos hub,lever,daos-hub,main
Datalab USA,lever,datalabusa,main
Dataroid,lever,dataroid,main
David&Goliath,lever,dng,main
DearDoc,lever,getdeardoc,main
Decile Group,lever,decilegroup,main
Deep Genomics,lever,deepgenomics,main
Deep Sky,lever,deepsky,main
DeleteMe,lever,deleteme,main
"DELFI Diagnostics, Inc.",lever,delfidiagnostics,main
Deliverect,lever,deliverect,main
Delta Airport Consultants,lever,deltaairportconsultants,main
Delta Dental of Kansas,lever,delta-dental-of-kansas,main
Delta Solutions & Strategies,lever,deltasands,main
Demiurge Studios,lever,demiurgestudios,main
Democratic Governors Association,lever,dga,main
Dempsey Uniform & Linen Supply,lever,dempseyuniform-2,main
Deputy,lever,deputy,main
dermalogica,lever,dermalogica,main
Desafío Latam,lever,desafiolatam,main
Design Solutions & Integration,lever,dsi,main
Designetics,lever,designetics,main
Despegar,lever,despegar,main
DEUNA,lever,deuna,main
DevCycle,lever,devcycle,main
Developers,lever,developers,main
DexCare,lever,dexcarehealth,main
Dexterity,lever,dexterity,main
DIALOG,lever,dialogdesign,main
Diamond Foundry,lever,diamondfoundry,main
Didomi,lever,didomi,main
Digital Matter,lever,digital-matter,main
Digital Media Management,lever,digitalmediamanagement,main
"DigitalFish, Inc",lever,digitalfish,main
Dijital Team,lever,dijital-team-pty-ltd,main
DiliTrust,lever,dilitrust,main
Dimension,lever,getdimension,main
DISHER,lever,disher,main
Disney+ Hotstar,lever,hotstar,main
DISQO,lever,disqo,main
Distro,lever,distro,main
Distru,lever,distru,main
Diversified Automation,lever,diversified-automation,main
Diversified Radiology,lever,DiversifiedRadiology,main
dLocal,lever,dlocal,main
DN LLC,lever,dnllc,main
DNAM Brands,lever,silhouette,main
Docebo,lever,docebo,main
Docsumo,lever,docsumo,main
Doctrine,lever,doctrine,main
Dolls Kill,lever,dollskill,main
Donor Network West,lever,dnwest,main
doola,lever,doola,main
Doonails,lever,doonails,main
Doran Jones Inc.,lever,doranjones,main
DoubleDown Interactive,lever,doubledown,main
Doxel,lever,doxel,main
Dozee,lever,dozee,main
Draslovka,lever,draslovka,main
DREAM,lever,wearedream,main
Dream Games,lever,dreamgames,main
Dreamgolf,lever,dreamgolf,main
Drivemode,lever,drivemode,main
Drivetrain,lever,drivetrain,main
DroneDeploy,lever,dronedeploy,main
Duetti,lever,duetti,main
Duffel,lever,duffel,main
Dulcedo Management,lever,dulcedo,main
Dun & Bradstreet,lever,dnb,main
Duranta,lever,getduranta,main
Durin,lever,durin,main
Dutch,lever,dutch,main
Dwolla,lever,dwolla,main
Dynamic Catholic,lever,dynamiccatholic,main
Dzen,lever,dzen,main
E-Space,lever,espace,main
e.l.f. Beauty,lever,elfbeauty,main
Earth Species Project,lever,earthspecies,main
Eastern Communications,lever,eastern-communications,main
Easy Agile,lever,easyagile,main
Easy Street Capital,lever,easystreetcap,main
Easybrain,lever,easybrain,main
EasyPost,lever,easypost-2,main
ECL,lever,ecldc,main
econstruct,lever,econstruct,main
Ecosystem,lever,ecosystem,main
Edera,lever,edera,main
Edge OFS,lever,edgeofs,main
Editorialist,lever,editorialist,main
Edpuzzle,lever,edpuzzle,main
EDR,lever,edr,main
Education Services LLC,lever,education-services,main
Educative Inc,lever,educative,main
EFY,lever,efinti,main
Egen,lever,egen,main
eGenesis,lever,egenesisbio,main
Ekimetrics,lever,ekimetrics,main
Eko,lever,ekohealth,main
Electric Mind,lever,electricmind,main
Eleks,lever,eleks,main
Element Solutions,lever,elementsolutions,main
Eleos Technologies,lever,eleostech,main
Eliyan,lever,eliyan,main
Elk Valley Resources,lever,evr,main
Ellevation,lever,ellevationeducation,main
Elroy Air,lever,elroyair,main
Elty,lever,elty,main
Emburse,lever,emburse,main
Emerson Collective,lever,emersoncollective,main
Emerson Human Capital Consulting,lever,emersonhc,main
Emesent,lever,Emesent,main
Emi Labs,lever,emilabs,main
EMILYs List,lever,emilyslist,main
Emma – The Sleep Company,lever,emma-sleep,main
Empassion,lever,empassion.com,main
Empire State Realty Trust,lever,esrtreit,main
Empirico,lever,empiricotx,main
Employ,lever,employ,main
Empowerly,lever,empowerly,main
Enable,lever,enable,main
EnableComp,lever,enablecomp,main
Enara Health,lever,EnaraHealth,main
Encord,lever,CordTechnologies,main
Encore Renewable Energy,lever,encore-renewable-energy,main
Endpoint Clinical,lever,endpointclinical,main
ENDVR,lever,companyon,main
Energetic,lever,energeticcapital,main
Energy and Environmental Economics,lever,ethree,main
Energy Recovery,lever,energyrecovery,main
Energy Vault,lever,EnergyVault,main
Enforce Consulting,lever,enforceconsulting,main
EnGen,lever,voxy-engen,main
Engine Ventures,lever,engine-ventures,main
Enhanced Games,lever,enhanced-us,main
Enigma Aerospace,lever,crgo,main
Entefy,lever,entefy,main
Enter,lever,enter-rcm-llc,main
Entrata,lever,entrata,main
Enveda,lever,enveda,main
envelio,lever,envelio,main
Epifi Technologies,lever,epifi,main
Epoch AI,lever,epoch-ai,main
Epsilon3,lever,epsilon3,main
EQ Bank | Equitable Bank,lever,eqbank,main
Equativ,lever,equativ,main
Equitas Academy Charter Schools,lever,equitasacademy,main
Equity Prime Mortgage,lever,epm,main
Er-Meds,lever,er-meds,main
ERG,lever,erg,main
Esalen Institute,lever,esalen,main
Esper,lever,esper,main
Estenda Solutions,lever,estenda,main
Ethena,lever,ethena,main
Ethena Labs,lever,ethenalabs,main
EV Realty,lever,evrealty-us,main
Eve,lever,Eve,main
Everbridge,lever,everbridge,main
Evergreen Strategy Group,lever,evergreenstrategygroup,main
Everlywell,lever,everlywell,main
Evident ID,lever,evidentid,main
Exowatt,lever,exowatt,main
EXPANSIA,lever,talentwerx.io,main
Exploding Kittens,lever,explodingkittens,main
Exponent,lever,killbusyseason,main
Extreme Networks,lever,extremenetworks,main
Eyeline,lever,Eyeline,main
ezCater,lever,ezcater,main
Factor,lever,factor,main
Fair Trade Real Estate,lever,FairTradeRealEstate,main
Falcon.io,lever,falcon,main
Fam,lever,fampay,main
Fanatee,lever,fanatee,main
Fantasy,lever,fantasy,main
Farfetch,lever,farfetch,main
"Fate Therapeutics, Inc.",lever,fatetherapeutics,main
Favor,lever,askfavor,main
Fehr & Peers,lever,fehrandpeers,main
Feld Entertainment,lever,feldinc,main
Felix Construction,lever,felix-construction,main
Female Founders Fund,lever,femalefounders-fund,main
Fenway Sports Management,lever,fenwaysports,main
Fetch,lever,fetchpackage,main
FEVO,lever,fevo,main
Fi,lever,fi,main
Field Fastener,lever,fieldfastener,main
Field Nation,lever,fieldnation,main
FieldAI,lever,field-ai,main
Fig,lever,figfinancial,main
Filevine,lever,filevine,main
Finch,lever,finch,main
Find,lever,find,main
Findem,lever,findem,main
"Findhelp, A Public Benefit Corporation",lever,findhelp,main
Findigs,lever,findigs,main
Finix,lever,finix,main
FINN,lever,finn,main
FinQuery,lever,finquery,main
Fintual,lever,fintual,main
Firefly,lever,fireflyon,main
FireMon,lever,firemon,main
Firework,lever,fireworkhq,main
First American,lever,firstam,main
First Entertainment Credit Union,lever,firstent,main
Firstup,lever,firstup,main
FiscalNote,lever,fiscalnote,main
Fitbod,lever,fitbod,main
Fitify,lever,FitifyWorkouts,main
FitzMark,lever,fitzmark,main
Five Star Solutions,lever,getfivestar,main
Fix Group Management,lever,FixGroup,main
Fixins Soul Kitchen,lever,fixinssoulkitchen,main
Flare,lever,flare,main
Flash,lever,flashapp,main
Flex,lever,Flex,main
FloQast,lever,floqast,main
Florence Health,lever,florence,main
Florida Democratic Party,lever,floridadems,main
Flow,lever,flowlife,main
Fluxergy,lever,fluxergy-2,main
Flynn Group of Companies,lever,flynncompanies,main
Fond,lever,fond,main
Foodsmart,lever,foodsmart,main
Foodstuffs North Island,lever,foodstuffs,main
For Our Future Action Fund,lever,forourfuturefund,main
Forbright Bank,lever,forbrightbank,main
FORM,lever,form,main
Formal,lever,joinformal,main
Forterra,lever,forterra,main
Fortress Financial Technologies,lever,fortress,main
Forvis Mazars,lever,mazars,main
Foth,lever,foth,main
Foundation EGI,lever,foundation-llm-technologies,main
FoundersCard,lever,founderscard,main
Foxen Administration,lever,foxen,main
Foxit,lever,foxitsoftware,main
FreeBalance,lever,freebalance.com,main
Freedom Power,lever,freedomsolarpower,main
Freedom Preparatory Academy Charter Schools,lever,freedomprep,main
FreedomPay,lever,freedompay,main
Freeosk,lever,thefreeosk,main
Fresha,lever,fresha,main
Freshworks,lever,freshworks,main
Frontify,lever,frontify,main
FRONTSTEPS,lever,frontsteps,main
Fulcrum,lever,fulcrumpro,main
Full Spectrum,lever,fullspectrumsoftware,main
Fullscript,lever,fullscript,main
fun.xyz,lever,funxyz,main
Fundrise,lever,fundrise,main
Future Motion,lever,rideonewheel,main
Future Now,lever,futurenow,main
Future of Life Organizations,lever,futureof-life,main
"FWG Solutions, Inc.",lever,fwgsolutions,main
Galatea Associates,lever,galatea-associates,main
"Galatea Bio, Inc.",lever,galatea,main
GALE,lever,galepartners,main
Galvanick,lever,galvanick,main
Gamma,lever,gamma,main
Gate,lever,gate,main
Gator Bio,lever,gatorbio,main
Gauntlet,lever,gauntlet,main
Gauss Labs,lever,gausslabs,main
Gearset,lever,gearset,main
GenBio AI,lever,genbio,main
GeneFab,lever,genefab,main
Genesis AI,lever,genesis-ai,main
Genesis Global,lever,genesis,main
GeoComply,lever,geocomply-2,main
Getlabs,lever,getlabs,main
Getty Images,lever,gettyimages,main
Ghirardelli,lever,nxtthingrpo,main
GHJ,lever,ghj,main
ghSMART,lever,ghsmartjobs,main
GiddyUp,lever,giddyup,main
Girls Who Code,lever,girlswhocode,main
GiveWell,lever,givewell,main
Giving Home Health Care,lever,givinghhc,main
Glacier Fish,lever,glacierfish,main
Glass Health Inc.,lever,glass-health-inc,main
GLIDE,lever,glide,main
Global Commissioning,lever,global-cxm,main
Global Elite Empire Consultants,lever,globalelitecareers,main
Global Health Corps,lever,ghcorps,main
Global Lending Services,lever,glsllc,main
Global Strategy Group,lever,globalstrategygroup,main
Glow,lever,glow.co,main
Glue,lever,gluegroups,main
GMO,lever,gmo,main
Go RH,lever,gorh,main
Goalbook,lever,goalbookapp-2,main
goFluent,lever,gofluent,main
Gogolook,lever,Gogolook,main
Gojob,lever,gojob,main
GOLF+,lever,golfscopeinc,main
GoMaterials,lever,gomaterials,main
GoNetspeed,lever,gonetspeed,main
Good American,lever,goodamerican,main
Good Eggs,lever,goodeggs,main
GoodLeap,lever,goodleap,main
Gopuff,lever,gopuff,main
Gordian Biotechnology,lever,gordian-bio,main
GoTo Group,lever,GoToGroup,main
GPDQ,lever,gpdq,main
GR0,lever,gr0,main
GRADION,lever,gradion,main
GRAIL,lever,grailbio,main
Grand Games,lever,grand,main
Grant Street Group,lever,grantstreet,main
Gravie,lever,gravie,main
Gravis Robotics,lever,gravisrobotics,main
"Graylog, Inc",lever,graylog,main
Grayscale,lever,grayscale,main
Great Gray,lever,great-gray-group,main
Greenlight Financial Technology,lever,greenlight,main
Grid,lever,Grid,main
Gridline,lever,gridline,main
Gridmatic,lever,gridmatic,main
Gridware,lever,gridware,main
Grizzly,lever,grizzly.co,main
Guardsquare,lever,guardsquare,main
GuideStar Eldercare,lever,guidestareldercare,main
Gursey,lever,gursey,main
Gushwork,lever,gushwork,main
Gynger,lever,gynger,main
H1,lever,h1,main
H2 Event Group,lever,h2eventgroup,main
Handoff,lever,handoff,main
Hanna Andersson,lever,hannaandersson,main
HAP Capital,lever,hap-capital,main
Happy Health,lever,happy-sleep,main
HappyCo,lever,happyco,main
Harlem Childrens Zone,lever,harlem-childrens-zone,main
Harmonic Design,lever,harmonicdesign,main
Harmony,lever,harmony,main
Harrison Street,lever,harrisonst,main
"Hartizen Homes, LLC",lever,hartizenhomes,main
HASI,lever,hasi,main
Hatch IT,lever,hatchit,main
Havenpark Communities,lever,havenparkcommunities,main
HavenPoint Health,lever,havenpoint-health,main
Hawaiian Host Group,lever,hawaiianhost,main
Hawthorne Health,lever,hawthorne-health,main
Hayes Locums,lever,hayeslocums,main
HCVT,lever,hcvt,main
Head-Royce School,lever,headroyce,main
Headlight,lever,headlight.health,main
"Health Services Advisory Group, Inc.",lever,hsag,main
HealthCare,lever,healthcare,main
Healthmark Group Trial,lever,healthmark-group,main
Healx,lever,healx,main
Heard,lever,heard,main
Heartbeat Health,lever,heartbeathealth,main
Heartworks Early Education,lever,heartworksvt,main
Heetch,lever,heetch,main
Hello Nanny!®,lever,hellonanny,main
Hellotickets,lever,hellotickets,main
Hermeus,lever,hermeus,main
Hero Cosmetics,lever,herocosmetics,main
HEVO,lever,hevo,main
Hevo Data,lever,hevodata,main
Hexa,lever,hexa,main
Hexagon US Federal,lever,hexagonusfederal,main
Hey Jane,lever,heyjane,main
Hgen,lever,hgen,main
HHAeXchange,lever,hhaexchange,main
High Tech High,lever,hightechhigh,main
Highbar Physical Therapy,lever,highbarhealth,main
Highland Electric Fleets,lever,highlandfleets-2,main
HighLevel,lever,gohighlevel,main
Highspot,lever,highspot,main
Highstreet,lever,highstreetit,main
HiHello,lever,hihello,main
"Hiller Plumbing, Heating, Cooling & Electrical",lever,happyhiller,main
Hint Health,lever,hint,main
Hiring Our Heroes,lever,hiringourheroes,main
Hive,lever,hive,main
Hivemapper,lever,Hivemapper,main
Hivemind Capital Partners,lever,hivemind-capital,main
HMBL,lever,hmbl-tech,main
Holloway,lever,holloway,main
HONK,lever,honkforhelp,main
Hop,lever,hophr,main
Hope Services,lever,hopeservices,main
Hopelab,lever,hopelab,main
Horizon Blue ABA,lever,horizon-blue-aba,main
Horizon Industries Ltd.,lever,hil,main
Horizon Robotics,lever,horizon,main
Hosco,lever,hosco,main
Hot Topic & BoxLunch,lever,hottopic,main
House Majority PAC,lever,thehousemajoritypac,main
Houzz,lever,houzz,main
HRL Laboratories,lever,dodmg,main
HSO,lever,hso,main
Huckleberry Labs,lever,Huckleberrylabs,main
Humaans,lever,humaans,main
Humble Robotics,lever,humble-robotics,main
Hunger Free America,lever,hungerfreeamerica,main
HUSH,lever,hush,main
Hypebeast,lever,hypebeast,main
Hypersonica,lever,hypersonica-prod,main
Ibility,lever,ibility,main
Idealist Consulting,lever,idealistconsulting,main
Ideas United,lever,ideasunited,main
IDMWORKS,lever,idmworks,main
IDT,lever,idt,main
ifeel,lever,ifeel,main
Illumination,lever,illumination,main
Imbue,lever,imbue,main
iMentor,lever,imentor,main
Immiland Canada Inc.,lever,immiland-canada-inc,main
Immuta,lever,immuta,main
Immutable,lever,immutable,main
IMO Health,lever,imo-online,main
Impossible Cloud,lever,impossiblecloud,main
Improbable LLC,lever,improbable-2,main
In Compass Health,lever,incompasshealth,main
Included Health,lever,includedhealth,main
Incorta,lever,incorta,main
Index Ventures,lever,indexventures,main
Inductive Automation,lever,inductiveautomation,main
InductiveHealth,lever,inductivehealth,main
INFINIT,lever,infinit,main
Infinite pl,lever,infinitepl,main
INflow Federal,lever,inflowfed,main
Influ2,lever,influ2,main
Influur,lever,influur,main
Infobase,lever,infobase,main
InfraServices,lever,infraservices,main
InfStones,lever,infstones,main
Inkitt,lever,inkitt,main
Innodata,lever,innodata,main
Innophos,lever,innophos,main
Innovative Solutions,lever,innovativesol-2,main
Inpay,lever,inpay-2,main
Insider One,lever,insiderone,main
Insify,lever,insify,main
Insightm,lever,InsightM,main
Insomnia Cookies,lever,insomniacookies,main
Insomniac Design,lever,insomniacdesign,main
Institute of Foundation Models,lever,ifm-us,main
Instrument,lever,instrument,main
Instrumentl,lever,Instrumentl,main
Integra Beauty,lever,integrabeauty,main
Integrate,lever,integrate,main
intenseye,lever,intenseye,main
Intersect,lever,intersect,main
IntraFi,lever,intrafi,main
Intrepid College Prep Schools,lever,intrepidcollegeprep,main
InvestorFlow,lever,investorflow,main
Invinity Energy Systems,lever,invinity,main
Invo Healthcare - Family of Companies,lever,invohealthcare,main
ION Group,lever,ion,main
Ippon Technologies,lever,ippon,main
Irca Group,lever,ircagroup,main
Ironflow AI,lever,ironflow,main
Iru,lever,iru,main
ISEE,lever,isee,main
"ispace, inc.",lever,ispace-inc,main
Issuu,lever,issuu,main
Ivo,lever,ivo,main
iyzico,lever,iyzico,main
Jagex,lever,jagex,main
Jam City,lever,jamcity,main
JamLoop,lever,jam-loop,main
Jane Technologies,lever,iheartjane,main
January,lever,januaryinc,main
Janux Therapeutics,lever,januxrx,main
Jaumo,lever,jaumo,main
Jeeves,lever,tryjeeves,main
"Jet Support Services, Inc.",lever,jetsupport,main
Jetbrains,lever,jetbrains,main
JetBridge,lever,JetBridge,main
JETSET Pilates,lever,jetsetpilates,main
JioStar,lever,jiostar,main
Jito Foundation,lever,jito,main
Jito Labs,lever,jito.wtf,main
Jitx Inc.,lever,jitxinc,main
JMA Wireless,lever,jmawireless,main
JMI Equity,lever,jmi,main
Job&Talent,lever,jobandtalent,main
Jobgether,lever,jobgether,main
Jobin,lever,jobin,main
Jobs have moved to our Accenture Job Site,lever,pip,main
Jobscan,lever,jobscan-2,main
Joele Frank,lever,joelefrank,main
Johnson Hana,lever,johnson-hana,main
JOLT,lever,joltcharge,main
Josh's Toys & Games,lever,joshstoysandgames,main
Journey Clinical,lever,JourneyClinical,main
Joyride Autos,lever,joyrideautos,main
JumpCloud,lever,jumpcloud,main
JuneShine Brands,lever,juneshine,main
Jupe,lever,jupe,main
"Jupiter Intelligence, Inc.",lever,jupiterintel,main
Jushi,lever,jushico,main
JustWatch,lever,justwatch,main
JVS Boston,lever,jvs-boston,main
K Group Companies,lever,kgroupcompanies,main
K4,lever,k4-trading,main
Kabam,lever,kabam,main
Kapta Space,lever,kapta-space,main
Kapwing,lever,kapwing,main
Karius,lever,kariusdx,main
KarmaCheck,lever,karmacheck,main
Kasada,lever,kasada,main
Katten Muchin Rosenman LLP,lever,katten,main
Kavak,lever,kavak,main
KCAS Bio,lever,kcasbio,main
Keboola,lever,keboola,main
Keepsafe,lever,keepsafe,main
Kelonia Therapeutics,lever,KeloniaTX,main
Kenko AI,lever,kenko,main
Kepler Communications,lever,kepler,main
Kestrel Intelligence,lever,kestrel-intelligence,main
Keyloop,lever,keyloop,main
Kickmaker,lever,kickmaker,main
Kiddom,lever,kiddom,main
Kids on the Move,lever,kotm,main
KIND,lever,supportkind,main
Kind Behavioral Health,lever,carolinacenterforaba,main
Kinsta,lever,kinsta,main
KIPP SoCal Public Schools,lever,kippsocal,main
Kitware,lever,kitware,main
Kiva Confections,lever,kivaconfections,main
Kixie,lever,kixie,main
KlearNow.ai,lever,klearnow,main
Klivvr,lever,klivvr,main
Knix,lever,knix,main
knownwell,lever,knownwell,main
Koala Health,lever,koalahealth,main
Kobie Marketing,lever,kobie,main
Kochava,lever,kochava,main
Kogan.com,lever,kogan,main
Kogniz,lever,kogniz,main
Kontakt.io,lever,kontakt,main
Korro Bio,lever,korrobio,main
Kouper Health,lever,kouperhealth,main
KPA,lever,kpaonline,main
Kpler,lever,kpler,main
KPMG LLP,lever,kpmg,main
KPMG New Zealand,lever,kpmgnz,main
Kraken,lever,kraken123,main
Kraken Digital Asset Exchange,lever,kraken,main
Kruze Consulting,lever,kruzeconsulting,main
KUBRA,lever,kubra,main
Kyivstar,lever,kyivstar,main
Kyverna Therapeutics,lever,Kyverna,main
La Senza,lever,lasenza,main
Lacuna Technologies,lever,lacunatechnologies,main
Ladders,lever,ladders,main
Lalamove,lever,lalamove,main
Laminar Projects,lever,laminarprojects,main
Lamudi,lever,lamudi,main
Landmark Bio,lever,landmarkbio,main
"Language Services Associates, Inc.",lever,lsaweb,main
Lansing School District,lever,lansingschools,main
Larian Studios,lever,larian,main
Last Energy,lever,last-energy,main
LatchBio,lever,latch,main
Latin Top Jobs Group,lever,ltjgroup,main
Latitude Inc,lever,latitudeinc,main
Launch Housing,lever,launchhousing,main
LaunchSquad,lever,launchsquad,main
Layup Parts,lever,layup,main
LB Capital,lever,lb-capital,main
LCBC Church,lever,lcbcchurch,main
Leadership Connect,lever,leadershipconnect,main
Leadspace,lever,leadspace,main
LeanTaaS,lever,leantaas,main
Legacy Restoration,lever,legacyrestorationllc,main
Legend,lever,Legend,main
Lendbuzz,lever,lendbuzz,main
Lessen,lever,lessen,main
Level AI,lever,levelai,main
Level99 Entertainment,lever,level99,main
LevelUp,lever,levelup,main
Lever,lever,lever,main
Lever Demo 2,lever,leverdemo,main
Lever Education,lever,leverdemo50000,main
Lever Education,lever,leverdemo193,main
Lever Implementation Training Environment,lever,leverdemo-8,main
Lexeo Therapeutics,lever,lexeotx,main
Liatrio,lever,liatrio,main
Life.Church,lever,life,main
Lifeforce,lever,lifeforce,main
Lifen,lever,lifen,main
LifeStance Health,lever,lifestance,main
Lightcast,lever,economicmodeling,main
Lightedge,lever,lightedge,main
Lightship,lever,lightship,main
Limit Break,lever,limitbreak,main
Lincoln Institute of Land Policy,lever,lincolninst,main
Lindblad Expeditions,lever,lindblad-expeditions,main
Lingaro,lever,lingarogroup,main
Link,lever,linkllc,main
Link Rehab and Wellness,lever,linkrehabwellness,main
LinkedIn Partner Sandbox - RSC testing,lever,linkedin,main
LinkedIn Test - Senthil,lever,jobvite,main
Lionheart Children’s Academy,lever,lionheartkid,main
Lirvana Labs,lever,lirvanalabs,main
"Little Sprouts, LLC",lever,littlesprouts,main
LiveOak Fiber,lever,liveoakfiber,main
Living Carbon,lever,livingcarbon,main
Loadsmart,lever,loadsmart,main
Lochmueller Group,lever,lochgroup,main
Lodgify,lever,lodgify,main
Loft Orbital Solutions,lever,loftorbital,main
Logan Property Management,lever,loganpm,main
LogRocket,lever,logrocket,main
Logz.io,lever,logz,main
Lone Wolf Technologies,lever,lwolf,main
Long View Systems,lever,lvs1,main
Long Wall,lever,longwall,main
Loop,lever,loopreturns,main
Low Battery,lever,raptv,main
Loyal,lever,loyalhealth,main
LRDG Language Research Development Group,lever,lrdgonline,main
LTA Research,lever,ltaresearch,main
Lucas Museum of Narrative Art,lever,lucasmuseum,main
Lucidworks,lever,lucidworks,main
lululemon Studio,lever,mirror,main
Lumafield,lever,lumafield,main
Lumin Digital,lever,LuminDigital,main
Luminary Labs,lever,luminary-labs,main
Lumivero,lever,lumivero,main
Lumotive,lever,lumotive,main
Luna Physical Therapy,lever,lunaphysicaltherapy,main
LUUM,lever,luumlash,main
Luxury Presence,lever,luxurypresence,main
Lycia Therapeutics,lever,LyciaTherapeutics,main
Lyra Health,lever,lyrahealth,main
Lyrebird Health,lever,lyrebirdhealth,main
Lyrebird Studio,lever,lyrebirdstudio,main
Lyterian,lever,lyterian,main
M+R,lever,mrss,main
Mable,lever,mable,main
Machina Labs,lever,MachinaLabs,main
Macquarie Technology Group,lever,macquarietechnologygroup,main
Mactores,lever,mactores,main
Madhappy,lever,madhappy,main
Magical Beginnings,lever,magicalbeginningslc,main
Magna Legal Services,lever,magnals,main
Magnet Forensics,lever,magnetforensics,main
Magnopus,lever,magnopus,main
Mahmee,lever,mahmee,main
Mainspring Energy,lever,mainspringenergy,main
Makpar,lever,makpar,main
Malaria No More Fund,lever,malarianomore,main
Malbon,lever,malbongolf,main
Malt,lever,malt,main
Mama Money,lever,mamamoney,main
Mammoth Biosciences,lever,mammothbiosci,main
Management Leadership For Tomorrow,lever,ml4t,main
Manay CPA,lever,manaycpa.com,main
Mango Languages,lever,mangolanguage,main
Manifest,lever,manifest,main
Mantis Innovation,lever,mantisinnovation,main
Maple,lever,getmaple,main
Marco Polo,lever,marcopolo,main
Marcus & Millichap,lever,marcusmillichap,main
Marcus Graham Project + Locomotus,lever,marcusgrahamproject,main
MARGO,lever,margo-group,main
Marguerite Casey Foundation,lever,margueritecaseyfoundation,main
Marigold Health,lever,marigoldhealth,main
Marketcircle,lever,marketcircle,main
MarketerHire,lever,marketer-hire,main
Markham LLC,lever,markham,main
Marquette Associates,lever,marquetteassociates,main
MarqVision,lever,marqvision,main
Marshall Reddick Real Estate,lever,marshallreddick,main
Mashgin,lever,mashgin,main
Massachusetts Institute of Technology,lever,mit,main
Massachusetts School Building Authority,lever,massschoolbuildings,main
Mastery Charter Schools,lever,masterycharter,main
Match Group,lever,matchgroup,main
Matillion,lever,matillion,main
Matrix Partners,lever,matrixpartners,main
Maureen Joy Charter School,lever,joycharter,main
MaverickX,lever,maverickx,main
Max Retail,lever,max-retail,main
MAX Surgical Specialty Management,lever,max-ssm,main
MaxMind,lever,maxmind,main
MayaHTT,lever,maya,main
Mayer LLP,lever,mayer-llp,main
MCA Connect,lever,mcaconnect,main
McChrystal Group,lever,mcchrystalgroup,main
Mechanical Orchard,lever,mechanicalorchard,main
MedCare Pediatric,lever,medcarepediatric,main
Mediafly,lever,Mediafly,main
Mediagenix,lever,mediagenix,main
Mediatech,lever,adtech,main
Medical Home Network,lever,mhnchicago,main
Medical Outsourcing Solutions,lever,medical-outsourcing-solutions,main
Medici,lever,medi.ci,main
Mednow,lever,mednow,main
MedRhythms,lever,medrhythms,main
Meds,lever,meds,main
Meesho,lever,meesho,main
Meeting Tomorrow,lever,meetingtomorrow,main
"Mega HR, Inc.",lever,mega,main
Megaport,lever,megaport,main
Meilisearch,lever,meili,main
"Meirowitz & Wasserberg, LLP",lever,Meirowitz-Wasserberg,main
Mendix,lever,mendix,main
Menlo Ventures,lever,menlovc,main
Mercedes-Benz R&D North America,lever,MBRDNA,main
Merkle Science,lever,merklescience,main
Merlin Labs,lever,merlinlabs,main
MERU,lever,wearemeru,main
Metabase,lever,metabase,main
Metaprise,lever,metaprise.ai,main
Metasite Business Solutions,lever,metasite,main
Metaview,lever,metaview,main
METECS,lever,metecs,main
Metergy Solutions,lever,metergysolutions,main
METR,lever,metr,main
MicroVentures,lever,microventures,main
MicroVision,lever,microvision,main
"Milhouse Engineering and Construction, Inc.",lever,milhouseinc,main
Milltown Partners,lever,milltownpartners,main
Milo,lever,milocredit,main
Minders,lever,minders,main
Mindful,lever,mindful,main
Mindtickle,lever,mindtickle,main
MineSense,lever,minesense,main
Minted,lever,minted,main
Mirastar FCU,lever,mirastarfcu,main
Mission Capital Advisors,lever,missioncap,main
Mission Graduates,lever,missiongraduates,main
MissionWired,lever,MissionWired,main
Mistplay,lever,mistplay,main
Mistral AI,lever,mistral,main
Mitek Systems,lever,miteksystems-2,main
Mitratech Partner Sandbox,lever,mitratech,main
Mixlab,lever,mixlab,main
Model N,lever,modeln,main
Modern Life,lever,modernlife,main
Modulate,lever,modulate,main
Molten Industries,lever,moltenindustries,main
Mom's Meals,lever,momsmeals,main
"Momenti, Inc.",lever,momenti-inc,main
Moments Hospice,lever,momentshospice-2,main
Moneybox,lever,moneyboxapp,main
Mongoose,lever,hellomongoose,main
Monster Tree Service,lever,whymonster,main
Monterey Technologies Inc,lever,mti-inc,main
MOO,lever,moo,main
MoonPay,lever,moonpay,main
Moonpig,lever,moonpig,main
Moonsong Labs,lever,moonsong-labs,main
Morning Brew Inc.,lever,morningbrew,main
Morning Consult,lever,morningconsult,main
Mothership,lever,mothership,main
Motif,lever,motifsystems,main
"ms consultants, inc.",lever,msconsultants,main
"MTS Health Partners, L.P.",lever,mtspartners,main
Mulberry,lever,mulberry,main
Mulligan Funding,lever,mulliganfunding,main
Multiply Labs,lever,multiplylabs,main
Murgado Automotive Group,lever,murgadoautomotive,main
Musixmatch S.p.a,lever,musixmatch,main
Muttdata,lever,muttdata,main
myLaurel,lever,mylaurelhealth,main
Myo,lever,myodetox,main
MyPass Global,lever,mypassglobal,main
Mythic,lever,mythic-ai.com,main
Mytos,lever,mytos,main
MyVest,lever,myvest,main
N-Power Medicine,lever,npowermedicine,main
N1 Health,lever,algorex,main
nahc.io,lever,nahc,main
NAI Northern California,lever,nainnorcal,main
Nango,lever,nango,main
Narmi,lever,narmi,main
NASA Federal Credit Union,lever,nasafcu,main
National Journal,lever,nationaljournal,main
Nava,lever,nava,main
NAVISITE - Part of Accenture,lever,navisite,main
Neighbor,lever,neighbor,main
Nelnet Community Engagement,lever,nce,main
Neon Pagamentos,lever,neon,main
Neowiz,lever,neowiz,main
Nestig,lever,Nestig,main
Netflix,lever,netflix,main
Netlight,lever,netlight,main
Netomi,lever,netomi,main
Netvirta,lever,netvirta,main
Neuron 7,lever,neuron7,main
Nevada State High School,lever,NSHS,main
Nevados,lever,nevados,main
New Jersey Innovation Authority,lever,NJStateOfficeofInnovation,main
New Western,lever,newwestern,main
New Western Corporate,lever,newwesterncorporate,main
New Zealand Trade and Enterprise,lever,newzealandtradeandenterprise,main
Newton,lever,newton,main
Next Health,lever,next-health,main
NextDecade,lever,next-decade,main
Nextech,lever,nextech,main
NextGen Federal Systems,lever,nextgenfed,main
Nexus Engineering Group,lever,nexuse-group,main
nEye.ai,lever,neye-systems-inc.,main
NFQ,lever,nfq,main
NFX,lever,nfx,main
Niagen Bioscience,lever,niagenbioscience,main
Nibiru,lever,nibiru,main
Nielsen,lever,nielsen,main
Nimble Talent,lever,nimbletalent,main
NimbleRx,lever,nimblerx,main
Nimbus,lever,nimbus,main
Ninja Van,lever,ninjavan,main
nitra,lever,nitra,main
Nium,lever,nium,main
NobleReach Foundation,lever,noblereach,main
NOBODY,lever,nobody,main
NOBULL,lever,nobullproject,main
NodeReal,lever,nodereal,main
NOLA Public Schools,lever,nolapublicschools,main
Nomad Marketing,lever,nomadmktg,main
Nomi Health,lever,nomihealth,main
Nominal,lever,nominal,main
Noodle,lever,noodle,main
Nord Security,lever,nordsec,main
North America Construction (1993) Ltd. - NAC Constructors Ltd.,lever,nacsworld,main
Novara,lever,novara,main
Novaspace,lever,novaspace,main
Novir,lever,novir,main
NOVOS FiBER,lever,novosfiber,main
NPHub,lever,nphub,main
NRI North America,lever,corebts,main
Numeris,lever,numeris,main
nuuds,lever,nuuds,main
NuvoAir,lever,NuvoAir,main
NuWaves RF Solutions,lever,nuwaves,main
O'Donnell/Snider Construction,lever,odonnellsnider,main
OakNorth,lever,oaknorth.ai,main
"Object Computing, Inc.",lever,oci,main
Objective Corporation,lever,objective,main
Observable,lever,observablehq,main
Octane,lever,octaneai,main
Octopus Energy Group,lever,octoenergy,main
Odaseva,lever,odaseva,main
Oddin,lever,oddin,main
Offchain,lever,offchainlabs,main
Ogury,lever,ogury,main
Oktopost,lever,oktopost,main
Oleria Security,lever,oleria-security,main
Oliver Wyman Labs,lever,oliverwyman,main
Ollie,lever,myollie,main
Olo,lever,olo,main
Omni Design Technologies,lever,omnidesigntech,main
Omnidian,lever,omnidian,main
Omnisend,lever,omnisend,main
Once Upon a Farm,lever,onceuponafarm,main
One Impression,lever,oneimpression,main
"Onit, Inc.",lever,onit,main
Oomnitza,lever,oomnitza,main
Open Inc.,lever,o-p-e-n,main
OpenX,lever,openx,main
Optimus SBR,lever,optimussbr,main
OptionMetrics,lever,optionmetrics,main
OPYS,lever,opys,main
OraSure Technologies Inc.,lever,dnagenotek,main
Orb Aerospace,lever,orbaerospace,main
Orca Bio,lever,orcabiosystems,main
Ordr,lever,ordr,main
"Orijin, a public benefit corporation",lever,orijin,main
Orum,lever,orum,main
OSARO,lever,osaro,main
OSEDEA,lever,osedea,main
Osmind,lever,Osmind,main
OU Education Services,lever,ou-education-services,main
Our Place,lever,our-place,main
OutcomesAI,lever,outcomesai,main
Outlast,lever,outlast,main
Outpace Bio,lever,outpacebio,main
Outreach,lever,outreach,main
Outsight,lever,outsight,main
Outsourced Staff,lever,outsourcedstaff,main
Overcast,lever,overcast,main
Owlet,lever,owletcare,main
Oxylabs,lever,oxylabs,main
Pacific Quest,lever,pacificquest,main
Pacifico Energy,lever,pacificoenergy,main
PackageX,lever,packagex,main
Packmatic GmbH,lever,Packmatic,main
PadSplit,lever,padsplit,main
Palantir Technologies,lever,palantir,main
Panopto,lever,panopto,main
Paradigm Health,lever,paradigm-health,main
Parallel Domain,lever,paralleldomain,main
Parallel Wireless,lever,parallelwireless,main
Paramedic Services of Illinois,lever,paramedicservices,main
Parnall Law,lever,parnalllaw,main
Patch My PC,lever,patchmypc,main
Pathpoint,lever,pathpoint,main
Patrick J McGovern Foundation,lever,mcgovern,main
Patsnap,lever,patsnap,main
Pattern,lever,pattern,main
Pavement Coffeehouse,lever,pavementcoffee,main
Payactiv,lever,payactiv,main
PayJoy,lever,payjoy,main
Paytm,lever,paytm,main
Paytm Payments Services,lever,paytmpayments,main
PDI Technologies,lever,pditechnologies,main
Peak,lever,peakgames,main
Pearpop,lever,pearpop,main
Peerspace,lever,peerspace,main
Pelmorex,lever,pelmorex,main
Pendulum™,lever,pendulum,main
Penrod,lever,penrodsoftware,main
Penta Group,lever,pentagrp,main
Penumbra,lever,penumbrainc,main
PeopleGrove,lever,peoplegrove,main
Perennial,lever,perennial,main
Perforce,lever,perforce,main
Performance Systems Integration,lever,psintegrated,main
Perr&Knight,lever,perrknight,main
PetDesk,lever,petvisor,main
PEXA Group,lever,pexa,main
Phoenix Tailings,lever,PhoenixTailings,main
PicCollage,lever,piccollage,main
Pickle Robot Company,lever,picklerobot,main
PickTrace,lever,picktrace,main
Picus,lever,picus,main
Pigment,lever,pigment,main
Pillar,lever,pillar,main
Pillar Technology,lever,pillartechnology,main
Pine Services Group,lever,pine-services,main
PingWind,lever,pingwind,main
Pinkoi,lever,pinkoi,main
PIP Labs,lever,piplabs,main
Pivot Energy,lever,pivotenergy,main
Pivotal,lever,pivotal,main
Place Showroom,lever,placeshowroom.com,main
Placemakr,lever,placemakr,main
Plaid,lever,plaid,main
Planet Technologies,lever,planettechnologies,main
"Planned Parenthood Arizona, Inc.",lever,ppaz,main
Planned Parenthood Association of Utah,lever,ppau,main
Planned Parenthood California Central Coast,lever,ppcentralcoast,main
Planned Parenthood Columbia Willamette,lever,ppcw,main
Planned Parenthood Federation of America,lever,ppfa,main
Planned Parenthood Great Plains,lever,ppgreatplains,main
"Planned Parenthood Hudson Peconic, Inc.",lever,pphp,main
Planned Parenthood Keystone,lever,ppkeystone,main
Planned Parenthood League of Massachusetts,lever,pplm,main
Planned Parenthood Los Angeles,lever,pp-la,main
Planned Parenthood of Delaware,lever,ppde,main
Planned Parenthood of Greater New York,lever,ppgny,main
Planned Parenthood of Illinois,lever,ppil,main
"Planned Parenthood of Indiana and Kentucky, Inc.",lever,ppink,main
Planned Parenthood of Maryland,lever,ppmd,main
Planned Parenthood of Metropolitan New Jersey,lever,ppmnj,main
"Planned Parenthood of Metropolitan Washington, DC, Inc.",lever,ppmw,main
Planned Parenthood of Michigan,lever,ppmi,main
"Planned Parenthood of Middle & East Tennessee, Inc.",lever,ppmet,main
"Planned Parenthood of Montana, Inc.",lever,ppmontana,main
"Planned Parenthood of Nassau County, Inc.",lever,ppnc,main
Planned Parenthood of Northern New England,lever,ppnne,main
"Planned Parenthood of South, East and North Florida",lever,ppsenfl,main
"Planned Parenthood of Southern New England, Inc.",lever,ppsne,main
"Planned Parenthood of the North Country New York, Inc.",lever,ppncny,main
Planned Parenthood of the Pacific Southwest,lever,planned,main
Planned Parenthood of Western Pennsylvania,lever,ppwp,main
"Planned Parenthood of Wisconsin, Inc.",lever,ppwi,main
"Planned Parenthood Pasadena and San Gabriel Valley, Inc.",lever,pppsgv,main
Planned Parenthood South Atlantic,lever,ppsat,main
Planned Parenthood South Texas,lever,ppsouthtexas,main
"Planned Parenthood Southeast, Inc.",lever,ppse,main
Planned Parenthood Southeastern Pennsylvania,lever,ppsp,main
Planned Parenthood Southwest Ohio Region,lever,ppswo,main
Planner5D,lever,planner5d,main
Platinum Technologies,lever,pt78,main
Playbook,lever,playbook,main
Playco,lever,playco,main
PlayOn,lever,playonsports,main
PlayPlay,lever,playplay,main
PlayVS,lever,playvs,main
Plenti,lever,plenti,main
Plexus,lever,plexus,main
Plivo,lever,plivo,main
Plume,lever,plume,main
Pluralsight,lever,developintelligence,main
PlusAI,lever,plus-2,main
Plusgrade,lever,plusgrade,main
PMA Consultants,lever,pmaconsultants,main
pMD,lever,pmdsoft,main
Pocket Entertainment Corp,lever,pocketfm,main
Point,lever,getpoint,main
Point B,lever,pointb,main
PointClickCare,lever,pointclickcare,main
Poki,lever,poki,main
PolicyMe,lever,policyme,main
Poll Everywhere,lever,polleverywhere,main
Polywork,lever,polywork,main
PopSockets,lever,popsockets,main
Portage Point Partners,lever,portagepointpartners,main
Portcast,lever,portcast,main
"Porter Cares, Inc.",lever,porter,main
PortPro,lever,portpro,main
PostEra,lever,postera,main
Potloc,lever,Potloc,main
Powered by Pioneer,lever,pioneer-services,main
Powerex Corp.,lever,powerex,main
Pozy,lever,pozy,main
PPRO,lever,ppro,main
Precede,lever,precede,main
PredictX,lever,pibenchmark,main
Prefixbox,lever,prefixbox,main
Prelim,lever,prelim,main
Premier Truck Group,lever,premiertruck,main
Prilenia,lever,prilenia,main
Primate Labs Inc.,lever,primatelabs,main
Prime Electric,lever,primee,main
Prime Executive Office,lever,primeexecutiveoffice,main
Prime Fiber,lever,primefiber,main
Princess Polly,lever,princesspolly,main
Princeton10,lever,princeton10,main
Prismic,lever,prismic,main
Prizeout,lever,prizeout,main
PROCEPT BioRobotics,lever,procept-biorobotics,main
Procreate,lever,procreate,main
Product Ventures,lever,productventures,main
Profound Research,lever,profoundresearch,main
Project Healthy Minds,lever,project-healthy-minds,main
Project Kitty Hawk,lever,projectkittyhawk,main
Prolific Machines,lever,prolific-machines,main
Promenade,lever,promenade,main
Promesa Academy,lever,promesaacademy,main
Promethean,lever,prometheanworld,main
Prominent Edge LLC,lever,prominentedge,main
Promise Robotics,lever,promiserobotics,main
Proof,lever,proof,main
Propel Software Solutions,lever,propelsoftware,main
Propellerhead,lever,propellerhead,main
Proper,lever,proper,main
Property Solutions Group,lever,propsolutionsgroup,main
Prophet Homes,lever,prophethomes,main
Prosper,lever,prosper,main
Protect Environmental,lever,protectenvironmental,main
Protective,lever,protective,main
Protolabs,lever,protolabs,main
"ProTrials Research, Inc.",lever,protrials,main
Provectus,lever,provectus,main
Provi,lever,provi,main
Proxima,lever,proxima,main
Proxima Fusion,lever,proximafusion,main
Pryon,lever,pryon,main
Purple Land Management,lever,purplelandmgmt,main
PURVIS,lever,purvis,main
Push Security,lever,pushsecurity,main
PushPress,lever,pushpress,main
Pyka,lever,pyka,main
Q Bio,lever,qbio,main
Q-CTRL,lever,q-ctrl,main
Qloo,lever,qloo,main
Qonto,lever,qonto,main
Qrypt,lever,qrypt,main
QSIC,lever,qsic,main
Quad Lock,lever,quadlock,main
Qualdoc,lever,qualdoc,main
Qualysoft,lever,qualysoft,main
Quantcast,lever,quantcast,main
QuantCo,lever,quantco-,main
Quantlane,lever,quantlane,main
Quantum Circuits,lever,quantumcircuits,main
Quantum Metric,lever,quantummetric,main
Quantum Workplace,lever,QuantumWorkplace,main
Quartzy,lever,quartzy,main
Quest Analytics,lever,questanalytics,main
Quilted Health,lever,quilted-health,main
Quincus,lever,quincus,main
Quincy Institute,lever,quincyinst,main
Quiq,lever,quiq,main
Quixel,lever,quixel,main
Quizlet,lever,quizlet-2,main
Qvest US,lever,qvest.us,main
Qwello,lever,qwello.eu,main
Qwoted,lever,qwoted,main
Rackspace,lever,rackspace,main
Radformation,lever,radformation,main
Radical AI,lever,RadicalAI,main
Raine Group,lever,raine,main
RainFocus,lever,rainfocus,main
Rainmaker Technology Corporation,lever,make-rain,main
Ramen VR,lever,ramenvr,main
Range Energy,lever,rangeenergy,main
Ranger,lever,ranger,main
Rapid Micro Biosystems,lever,rapidmicrobio,main
RapidAI,lever,rapidai,main
RapidDeploy,lever,rapiddeploy,main
Ravio,lever,ravio,main
RAVL,lever,ravl_io,main
Raya,lever,raya,main
rbanw,lever,rbanw,main
Reach,lever,reachpower,main
RealSelf,lever,realself,main
RealWork Labs,lever,realworklabs,main
Recast Software,lever,recast-software,main
RECESS,lever,recess,main
Recognise Bank,lever,recognisebank,main
RecordPoint,lever,recordpoint,main
Recurrency,lever,recurrency,main
Red Canyon Engineering & Software,lever,redcanyonsoftware,main
Red Dog Media,lever,reddogmedia,main
Redhorse Corporation,lever,redhorsecorp,main
Redox,lever,redoxengine,main
Redwood Credit Union,lever,redwoodcu,main
"Redwood Strategy Group, Inc.",lever,redwoodstrategygroup,main
REEKON Tools,lever,reekon-tools,main
ReFED,lever,refed,main
Regal,lever,regalvoice,main
REGENXBIO,lever,regenxbio,main
"Reinventing Geospatial, Inc. (RGi)",lever,rgi,main
Relay,lever,relay,main
Reli.,lever,shopreli,main
Reliable Robotics,lever,reliable,main
Rembrand,lever,spaceback,main
RemoFirst,lever,remofirst,main
Render Networks,lever,rendernetworks,main
Renegade,lever,renegade,main
Renewal by Andersen,lever,windowsbyrba,main
RenoFi,lever,renofi,main
Reply,lever,reply,main
RepresentUs,lever,representus,main
rePurpose Global,lever,repurposeglobal,main
Research Innovations,lever,researchinnovations.com,main
ResearchGate,lever,researchgate,main
Resilient Co,lever,resilientco,main
Resilinc,lever,resilinc,main
Restaurant365,lever,restaurant365,main
Restore Dispensaries,lever,restore-dispensaries,main
Restream,lever,restream,main
Retired.com,lever,retired,main
Retro,lever,retro,main
Reveal Technology,lever,revealtech,main
Revefi,lever,revefi,main
Revel,lever,revel,main
Reveneer,lever,reveneer,main
Revenue Analytics,lever,revenueanalytics,main
Revhealth,lever,revhealth,main
Revinate,lever,revinate,main
ReviveRX and Ways2Well,lever,reviverx,main
Rewards Network,lever,rewardsnetwork,main
Rezo Therapeutics,lever,rezotx,main
Rezolute,lever,rezolutebio,main
Rezolve Ai,lever,groupbyinc,main
Rhino-Back Roofing,lever,rhinobackroofing,main
Rhombus,lever,rhombus-systems,main
"Richard Fleischman & Associates, Inc.",lever,rfa-2,main
Richard L. Duchossois Foundation,lever,rld-foundation,main
Richards Building Supply,lever,richards-supply,main
Richards Services,lever,richards-services,main
Ride Aventon,lever,aventon,main
Ridwell,lever,Ridwell,main
Rigetti Computing,lever,rigetti,main
Right Formula LTD,lever,rightformula,main
Right Side Up,lever,rightsideup,main
Rillet,lever,rillet,main
RioCan,lever,riocan,main
Riot Security,lever,tryriot,main
RISE,lever,rise,main
Riverdale Country School,lever,riverdale,main
Ro,lever,ro,main
Roadrunner Venture Studio,lever,roadrunner-studios,main
Robbins Recruiting,lever,robbinsrecruiting,main
Robotics and AI Institute,lever,rai,main
Robust.ai,lever,robust-ai,main
Rocket Communications,lever,rocketcommunications,main
Rocketship Public Schools,lever,rocketship,main
ROH,lever,ROH,main
Rook Coffee,lever,rookcoffee,main
Root16,lever,root16,main
Roshal Health,lever,roshalimaging,main
Rover.com,lever,rover,main
Rovio,lever,rovio-2,main
Rowan,lever,heyrowan,main
Royal Ambulance,lever,royalambulance,main
Ruby Play,lever,rubyplay,main
Rupa Health,lever,rupa,main
RWS TrainAI,lever,rws,main
Rylo,lever,rylo,main
RYZ Labs,lever,RyzLabs,main
Safe Security,lever,safe,main
SafetyCulture,lever,safetyculture-2,main
Safran.AI,lever,safran-ai,main
Saga,lever,saga-xyz,main
SAIT,lever,sait,main
Sakon,lever,sakon,main
Sales Demo - Juliet Rausch,lever,salesdemo-jr,main
Salvo Health,lever,salvohealth,main
Samba,lever,sambatv,main
"San Diego Human Resources Consulting, Inc",lever,sdhrconsulting,main
San Francisco Giants,lever,sfgiants,main
Sana Benefits,lever,sanabenefits,main
Sandbox VR,lever,sandboxvr,main
Sapio Sciences,lever,sapiosciences,main
Sapling - Partner,lever,sapling,main
SAR Academy & SAR High School,lever,sar,main
Saronic,lever,saronic,main
Satispay,lever,satispay,main
Saudi Tourism Authority,lever,sta,main
Saviynt,lever,saviynt,main
sbz,lever,sbz,main
Scaleway,lever,scaleway,main
Schedule Engine,lever,scheduleengine,main
Schmidt Entities,lever,schmidt-entities,main
Scholar Rock,lever,scholarrock,main
Scholars of Finance,lever,scholarsoffinance,main
Scismic,lever,scismic,main
Scott Logic,lever,scottlogic,main
Seaport Global Holdings LLC,lever,seaportglobal,main
Seattle Art Museum,lever,seattleartmuseum,main
Secure Code Warrior,lever,securecodewarrior,main
Secureframe,lever,secureframe,main
Seer Interactive,lever,seerinteractive,main
SEP,lever,sep,main
Sequel Med Tech,lever,sequel-med-tech,main
Serigraph,lever,serigraph,main
Serotonin,lever,serotonin,main
Serv-U-Success,lever,serv-u-success,main
Serverfarm,lever,serverfarm,main
Service Wire,lever,servicewire,main
ServiceRocket,lever,servicerocket,main
Serán BioScience,lever,seranbio,main
Sesame,lever,sesame,main
Seven Starling,lever,seven-starling,main
SFEIR,lever,sfeir,main
SFMOMA,lever,sfmoma,main
Shadow,lever,shadow,main
ShakaCode,lever,shakacode,main
Shakudo,lever,shakudo,main
Sharpsmart,lever,sharpsmart,main
Shield AI,lever,shieldai,main
Shiru,lever,shiru,main
Shop Your Way,lever,syw.com,main
ShopBack,lever,shopback-2,main
Showcase IDX,lever,showcaseidx,main
Showpo,lever,showpo-2,main
ShyftLabs,lever,shyftlabs,main
Side,lever,sideinc,main
Siepe,lever,siepe,main
Sierra Club,lever,sierraclub,main
Siete Foods,lever,sietefoods-2,main
Sign In Solutions,lever,signinsolutions,main
Signal Messenger,lever,signal,main
"Significance, Inc.",lever,significanceinc,main
Sila,lever,silasg,main
Sila Services,lever,sila,main
Silverback Strategies,lever,silverbackstrategies,main
Simbe Robotics,lever,SimbeRobotics,main
SimonMed Imaging,lever,simonmed,main
Simulmedia,lever,simulmedia,main
Sinecure Inc.,lever,strategysource,main
SingerLewak,lever,singerlewak,main
SiteGround,lever,siteground,main
Sitetracker,lever,sitetracker,main
Skello,lever,skello,main
Skillcloud HCM,lever,skillcloudhcm,main
Skillerszone,lever,skillerszone,main
SKIMA INNOVATIONS PRIVATE LIMITED,lever,skima,main
Skinny Dipped,lever,skinny-dipped,main
Skio,lever,skio,main
Skip,lever,skipscooters,main
Skydance,lever,skydance,main
SkyGrid,lever,skygrid,main
Skyline Construction,lever,skylineconstruction,main
Skypoint,lever,skypointcloud,main
SkySafe,lever,skysafe,main
SkySlope,lever,skyslope,main
"Skyward IT Solutions, LLC",lever,skywarditsolutions,main
Skyways,lever,skyways,main
Slate,lever,slate,main
Smarsh,lever,smarsh,main
Smart Energy Group,lever,smartenergy,main
Smart Working Solutions,lever,smart-working-solutions,main
Smile Digital Health,lever,smiledigitalhealth,main
SnapLogic,lever,snaplogic,main
Snappr,lever,snappr,main
Snif,lever,Snif,main
So Good So You,lever,sogoodsoyou,main
Social Influence LLC,lever,print-recruiting,main
Sofar Sounds,lever,sofarsounds,main
Softdocs,lever,softdocs,main
Softworld,lever,softworld,main
Solar Landscape,lever,solarlandscape,main
"Solestial, Inc.",lever,solestial,main
SOLFL,lever,solfl,main
SoloPulse,lever,solopulseco,main
Solution Design Group,lever,solutiondesign,main
Solutions Journalism Network,lever,solutionsjournalism,main
Solutus Legal Search,lever,solutuslegal,main
Solv,lever,solvhealth,main
Sonar,lever,sonarsource,main
Sonatype,lever,sonatype,main
Soni,lever,soniresources,main
Sonrai Security,lever,sonrai-security,main
Sophos,lever,sophos,main
Sora Schools,lever,soraschools,main
SOUM,lever,soum,main
SoundStack,lever,SoundStack,main
Source,lever,source,main
Space Systems Integration,lever,SpaceSystemsIntegration,main
SpawGlass,lever,spawglass,main
Spear AI,lever,spear-ai,main
Spear Physical and Occupational Therapy,lever,spear,main
Spectrum,lever,spectrum,main
"Sphere Laboratories, Inc.",lever,sphere-laboratories,main
Spice AI,lever,spiceai,main
Spin Technology,lever,spinai,main
Spine Media,lever,spine-media,main
Splend,lever,splend,main
SPMB,lever,spmb,main
SportsMed Physical Therapy,lever,spineandsportsmed,main
Spotify,lever,spotify,main
Spotlio,lever,catalate,main
Spreedly,lever,spreedly,main
Spreetail,lever,spreetail,main
Spring Oak Senior Living,lever,springoakliving,main
Sprinto,lever,Sprinto,main
Spruce Street Compliance,lever,sprucestreetcomp,main
Spry Methods,lever,sprymethods,main
SpryPoint,lever,sprypointservices,main
Spyke Games,lever,spyke-games,main
SQA Services,lever,sqaservices,main
SQUIRE,lever,getsquire,main
Squire Patton Boggs,lever,squirepb,main
Stable Money,lever,stable-money1,main
StackBlitz,lever,stackblitz,main
StackedSP Inc,lever,stackedsp,main
StackHawk,lever,stackhawk,main
Staffing Fitness,lever,staffingfitness,main
Stand Together,lever,standtogether,main
Stanley Consultants,lever,stanleygroup,main
StarCompliance,lever,starcompliance,main
Stardog,lever,stardog,main
Stark Bank,lever,starkbank,main
StartEngine,lever,startengine,main
StartupTAP,lever,startuptap,main
Stax,lever,stax,main
SteerBridge,lever,steerbridge,main
STEM Prep Academy,lever,stemprepacademy,main
Steyer for Governor 2026,lever,tom-steyer,main
Stockpile,lever,stockpile,main
Stoneridge Software,lever,stoneridgesoftware,main
Storio group,lever,storiogroup,main
Strada Education Foundation,lever,stradaeducation,main
StraighterLine,lever,straighterline,main
Strategic Data Systems,lever,sdatasystems.com,main
Strategic Gears,lever,strategicgears,main
"Streck, LLC",lever,streck,main
Strong Compute,lever,strongcompute,main
Studio Three,lever,StudioThree,main
Studion,lever,gostudion,main
StudyPoint,lever,studypoint,main
Subsense,lever,subsense,main
Succession Planning for Railroads Investing in the Next Generation LLC,lever,springrecruits,main
SugarAI,lever,sugarcrm,main
Suger.io,lever,suger,main
Summit,lever,summithq,main
Summit Management Corporation,lever,summitmgmt-corp,main
Summit Wash Holdings,lever,summitwashholdings,main
Sumo Group,lever,sumo-digital,main
SUN.STUDIO,lever,sunstudio,main
Sundrive,lever,sundrivesolar,main
Sunshine Sachs Morgan & Lylis,lever,sunshinesachs,main
SunSource,lever,sunsrce,main
Sunwater Capital,lever,sunwatercapital,main
Super,lever,super,main
SuperAnnotate AI,lever,superannotate,main
Superior Executive Legal Recruiting,lever,superiorexecutiveandlegalrecruiting,main
Supermove,lever,supermove,main
Superside,lever,superside,main
Superstate,lever,superstate,main
Sure,lever,sure,main
Surfshark,lever,surfshark,main
Swapcard,lever,swapcard,main
SwiftConnect,lever,swiftconnect,main
"Swiftly, Inc.",lever,goswift,main
SwiftLynx AI,lever,swiftlynx,main
Swissblock,lever,swissblock,main
SwissBorg,lever,swissborg,main
Sword Health,lever,swordhealth,main
Symmetry Systems,lever,SymmetrySystems,main
Symplicity,lever,symplicity,main
SynaptiCure Inc.,lever,synapticure,main
Synergy ECP,lever,synergyecp,main
SynMax,lever,synmax,main
Synolo Therapeutics,lever,synolotx,main
Syntax,lever,syntax,main
Synthego,lever,synthego,main
Syntronic,lever,syntronic,main
Sysdig,lever,sysdig,main
System1,lever,system1,main
T5 Data Centers,lever,t5datacenters,main
TACT,lever,tact,main
Tagup,lever,tagup,main
Tahoe Therapeutics,lever,tahoebio-ai,main
Tala,lever,tala,main
Talkwalker,lever,talkwalker,main
Tandems,lever,tandems,main
Tangram,lever,tangram,main
Tangram Interiors,lever,tangraminteriors,main
TD Thornton,lever,tdthornton,main
TDA_Boulder,lever,tdaboulder,main
TeamBuilders Behavioral Health,lever,teambuilders,main
Teamshares,lever,teamshares,main
TeamSnap,lever,teamsnap,main
Tech Nation,lever,technation,main
TechNexus Venture Collaborative,lever,technexus,main
Technology Advancement Group,lever,tag,main
Tecton,lever,tecton,main
TEECOM,lever,teecom,main
Teikametrics,lever,teikametrics,main
Tektome Inc.,lever,tektome,main
Tekton,lever,tekton,main
Teleo,lever,teleo,main
Teleport,lever,teleport,main
Telesat,lever,telesat,main
TELEXISTENCE,lever,tx-inc.com,main
Teller,lever,teller,main
Telligen,lever,telligen,main
Tendo,lever,tendo,main
Tenna,lever,tenna,main
Teramind,lever,teramind,main
Terawatt Infrastructure,lever,terawattinfrastructure,main
Terminus,lever,terminus,main
Termius,lever,Termius,main
Terra,lever,terrahq,main
Terraline,lever,SoloAVT,main
TerrAscend,lever,terrascend,main
Terrascope,lever,terrascope,main
Terrific,lever,terrific-innovation,main
Tesorio,lever,tesorio,main
Tevora,lever,tevora,main
Texas Original,lever,texas-original,main
Text,lever,livechatinc,main
TextNow,lever,textnow,main
Thalo Labs,lever,thalolabs,main
The Athletic Media Company,lever,theathletic,main
The Black Tux,lever,theblacktux,main
The Block,lever,theblockcrypto,main
The Canadian National Exhibition,lever,theex,main
The Dispatch,lever,thedispatch,main
The DIV Fund,lever,div,main
The END Fund,lever,end,main
The Engine,lever,engine,main
The Free Press,lever,thefp,main
The Heritage Automotive Group,lever,heritagevt,main
The Information Lab,lever,theinformationlab,main
The Kingfish Company,lever,kingfish-company,main
The Krazy Coupon Lady,lever,thekrazycouponlady,main
The Menta Education Group,lever,menta,main
The Metropolitan Opera,lever,metopera,main
The People Brand,lever,thepeoplebrand,main
The PIE Executive Search,lever,thepieexecsearch,main
The Real Deal,lever,therealdeal,main
The Sales Factory,lever,thesalesfactory,main
"The SpyGlass Group, LLC.",lever,spyglass,main
The Trevor Project,lever,thetrevorproject,main
The Voleon Group,lever,voleon,main
Thea Energy,lever,thea.energy,main
Theodo,lever,theodo,main
"Therma-Tron-X, Inc.",lever,ttxinc,main
Thiga,lever,thiga,main
Thimble,lever,thimble,main
Thinkingbox,lever,thinkingbox,main
Third City Christian Church,lever,third-city-christian-church,main
Third Plateau,lever,third-plateau,main
Thomas & Hutton,lever,tandh,main
"Threat Tec, LLC",lever,threattec,main
Thrive Causemetics,lever,thrivecausemetics,main
Thrive Therapies Group,lever,thrive-therapies,main
Thriving Center Of Psychology,lever,thrivingcenterofpsych,main
Thuma,lever,thuma,main
Thunkable,lever,thunkable,main
Tiberius Aerospace Inc.,lever,tiberius,main
Tildei,lever,tildei,main
Tinybird,lever,tinybird,main
Titan Electric,lever,titanelectric-ga,main
Titan Wealth Holdings Limited,lever,titanwh,main
TKDA,lever,tkda,main
TodayTix Group,lever,todaytixgroup,main
Togetherhood,lever,togetherhood,main
Tokai Rika Group,lever,tramgroup,main
Toku,lever,toku,main
Tom James Company,lever,tomjames,main
Tonic,lever,tonic,main
Tonkean,lever,tonkean,main
Topanga,lever,topanga,main
Topaz Labs,lever,topazlabs,main
TOPdesk,lever,topdesk,main
Topicals,lever,topicalsrx,main
Toptal,lever,toptal,main
Torch Dental,lever,torchdental,main
Total Expert,lever,totalexpert,main
Tovala,lever,tovala,main
TowardJobs,lever,usasurveyjob,main
Toyota Research Institute,lever,tri,main
Traackr,lever,traackr,main
Track VFX,lever,trackvfx,main
Trackforce,lever,tracktik,main
Tracksuit Limited,lever,tracksuit-limited,main
Tractian,lever,tractian,main
Trail Appliances Ltd.,lever,trailappliances,main
Trans Lifeline,lever,translifeline,main
Transcarent,lever,transcarent,main
Transmutex SA,lever,transmutex,main
Transparent Partners,lever,transparentpartners,main
Travertine,lever,travertine,main
Treering,lever,treering,main
Trellis,lever,trellis,main
Trend Health Partners,lever,Trend-Health-Partners,main
Trendyol,lever,trendyol,main
TreviPay,lever,trevipay,main
Trial Library,lever,triallibrary,main
Trility Consulting,lever,trility,main
Trinet - Partner,lever,trinet,main
Trinity Hunt Partners,lever,trinityhunt,main
TRIO,lever,trio,main
Tripalink,lever,tripalink,main
Triveni Bio,lever,trivenibio,main
True Environmental,lever,true-environmental,main
True Platform,lever,trueplatform,main
True Tandem,lever,truetandem,main
True Zero Technologies,lever,truezerotech,main
TrueML,lever,trueml,main
Trunk.io,lever,trunkio,main
TrustArc,lever,trustarc,main
Trustly,lever,trustly,main
TrustYou,lever,trustyou,main
Truv,lever,truv,main
TSMG,lever,tsmg,main
TSTC,lever,totalsystech,main
TTEC Digital,lever,ttecdigital,main
Turning Point Global Solutions,lever,tpgsi,main
Turvo,lever,turvo,main
Tusker,lever,tusker,main
Tutor Intelligence,lever,tutorintelligence,main
Twingate,lever,twingate,main
Two Dots,lever,twodots,main
TXI,lever,txidigital,main
TXSE,lever,txse,main
UATX,lever,uaustin,main
Uberflip,lever,uberflip,main
Ubiquity Retirement and Savings (dba Decimal Inc),lever,myubiquity,main
uConnect,lever,gouconnect,main
UCSF,lever,ucsf,main
Ullico,lever,ullico,main
Ultra Health,lever,ultrahealthproviders,main
UltraViolet Cyber,lever,uvcyber,main
Unify Consulting,lever,unifyconsulting,main
UnifyID (acquired by Prove),lever,unify,main
Unison Infrastructure,lever,unisoninfra,main
United Flow Technologies,lever,uft,main
United Tech,lever,vacancies,main
United Way of Greater Los Angeles,lever,unitedwayla,main
unitQ,lever,unitq,main
Univeris,lever,univeris.com,main
Universal Electronics Inc.,lever,uei,main
Unlimit,lever,unlimit,main
Until,lever,until,main
Unusual Ventures,lever,unusual,main
UpGuard,lever,upguard,main
Upmetrics,lever,UpMetrics,main
UQUAL,lever,uqual,main
US Mobile,lever,USMobile,main
US Pack Services LLC,lever,gouspack,main
UX Woman,lever,ux-woman,main
V2 Strategic Advisors,lever,v2sa,main
Vail Systems Inc.,lever,vailsys,main
Valdera,lever,valdera,main
Valdes Architecture & Engineering,lever,valdeseng,main
Valence,lever,valence,main
ValGenesis,lever,valgenesis,main
Valiantys,lever,valiantys,main
Valkyrie Trading,lever,valkyrietrading,main
Vana,lever,vana,main
Varo Bank,lever,varomoney,main
Veda Tech Labs,lever,vedatechlabs,main
Veepee,lever,veepee,main
Veeva Systems,lever,veeva,main
Velo3D,lever,velo3d,main
Velocity Global,lever,velocityglobal,main
Vendavo,lever,vendavo,main
Venus Aerospace,lever,venusaero,main
Veo,lever,veo,main
VEON-HQ,lever,veonhq,main
Verdigris,lever,verdigris,main
VergeSense,lever,vergesense,main
Verifiable,lever,verifiable,main
Veris Insights,lever,verisinsights,main
Verisys,lever,aperturehealth,main
Veritas Investments,lever,veritasinv,main
Versana,lever,Versana,main
Versapay,lever,versapay,main
Vessel Technologies,lever,myvessel,main
Vested,lever,fullyvested,main
Vestiaire Collective,lever,vestiairecollective,main
Vesync,lever,vesync,main
Vevo,lever,vevo,main
VGS,lever,verygoodsecurity,main
"Via Separations, Inc.",lever,viaseparations,main
ViaBill,lever,viabill,main
Viamericas,lever,viamericas,main
VICI,lever,vicicollection,main
Vida Health,lever,vida,main
Vidsy,lever,vidsy,main
Viget,lever,viget,main
Villa Homes,lever,villa-homes,main
Viome Life Sciences,lever,viome,main
VIPdesk Connect,lever,vipdesk,main
"Virtualitics, Inc",lever,virtualitics,main
Virtus,lever,Virtus,main
Visby Medical,lever,visby,main
Viseven,lever,viseven,main
Vision Invest,lever,visioninvest,main
Vitana Pediatric & Orthodontic Partners,lever,vitana-pediatric,main
VivaCity,lever,vivacitylabs,main
vivenu GmbH,lever,vivenu,main
Vivo Care,lever,vivo-care,main
Vivrelle,lever,vivrelle,main
VO2 Group,lever,vo2-group,main
Vocal Media,lever,get-vocal-pbc,main
Vogo,lever,vogo,main
Vohra Physicians,lever,vohra,main
Volt,lever,voltai,main
"Volta Labs, Inc.",lever,voltalabs,main
Voltus,lever,voltus,main
VOW for Girls,lever,vowforgirls,main
VRChat,lever,vrchat,main
Vrify Trial,lever,vrify,main
VTG,lever,vtg,main
Waabi,lever,waabi,main
"Wachter, Inc.",lever,wachter,main
Wade Trim,lever,wadetrim,main
Wahed,lever,wahed.com,main
Wahi,lever,wahi,main
WaitWhat,lever,waitwhat,main
Walker & Company,lever,walkerandcompany,main
Walker Consultants,lever,walkerconsultants,main
WalkMe,lever,walkme,main
Walz Tetrick Advertising,lever,wtads,main
Ware Malcomb,lever,waremalcomb,main
"Warmly,",lever,warmly,main
Warner Music Inc.,lever,wmg,main
Wasatch Global Investors,lever,wasatchglobal,main
"WatchGuard Technologies, Inc.",lever,watchguard,main
Waterfall,lever,waterfall,main
Waterworks,lever,waterworks,main
Wave HQ,lever,waveapps,main
Wavicle Data Solutions,lever,wavicledata,main
Way,lever,Way,main
Wealthfront,lever,wealthfront,main
Wealthsimple,lever,wealthsimple,main
Web Summit,lever,websummit,main
webfx.com,lever,webfx,main
WEBTOON Entertainment Inc. (Wattpad & WEBTOON Family of Brands),lever,wattpad,main
Weekday,lever,weekdayworks,main
Wellfit Technologies,lever,wellfit,main
Welo Global,lever,weloglobal,main
WEP Clinical,lever,wepclinical,main
WeRide.ai,lever,weride,main
Western Aircraft,lever,westair,main
Westminster-Canterbury of the Blue Ridge,lever,wc-br,main
WGSN,lever,wgsn,main
Whereby,lever,whereby,main
White River Toyota,lever,whiterivertoyota,main
Whiterabbit.ai,lever,whiterabbit,main
Whoop,lever,whoop,main
Wilbur Labs,lever,wilburlabs,main
Williamsburg Learning,lever,williamsburglearning,main
Willow,lever,willowinc,main
WINAMAX,lever,winamax,main
Windfall,lever,windfalldata,main
Window Nation,lever,windownation,main
Windsor Management,lever,WindsorManagement,main
Wing Assistant,lever,getwingapp,main
Wingtra AG,lever,wingtra-2,main
WinnCompanies,lever,winnco,main
Wintermute,lever,wintermute-trading,main
Wisdomai,lever,wisdomai,main
WisdomTree,lever,wisdomtree,main
WISEcode,lever,wisecode,main
Wisr,lever,wisr,main
Wolverine Building Group,lever,wolvgroup,main
Woodard & Curran,lever,woodardcurran,main
Working Families Party,lever,workingfamilies,main
WorkInProgress,lever,workinprogress,main
WorkWave,lever,workwave,main
World Relief,lever,wr,main
World View,lever,world-view-enterprises-inc.,main
World Wide Professional Solutions,lever,wwprosolutions,main
Worldline NZ,lever,Worldline,main
Worldscape Technology Inc.,lever,worldscape-technology,main
Woven by Toyota,lever,woven-by-toyota,main
Wpromote,lever,wpromote,main
"WRA, Inc.",lever,wra-ca,main
Wristcheck,lever,wristcheck,main
Wyetech,lever,wyetechllc,main
X by 2,lever,xby2,main
Xage Security,lever,xage-security,main
Xcimer Energy,lever,xcimer,main
Xsolla,lever,xsolla,main
XTB Trial,lever,xtb,main
Yardstick,lever,yardstick,main
Yardzen,lever,yardzen,main
Yassir,lever,Yassir,main
Yonex USA,lever,yonexusa,main
Younited,lever,younited,main
Yuno,lever,yuno,main
YWCA Seattle King Snohomish,lever,ywcaworks,main
Z1 Tech,lever,z1tech,main
zaimler,lever,zaimler,main
Zambezi,lever,zambezi,main
Zanskar,lever,Zanskar,main
Zartis,lever,zartis,main
Zazzle,lever,zazzle,main
Zeeco,lever,zeeco,main
Zeffy,lever,zeffy,main
Zeiss,lever,zeiss,main
Zen Educate,lever,zeneducate,main
Zencore,lever,zencore,main
Zensurance,lever,zensurance,main
Zerion,lever,zerion,main
Zero Homes,lever,zerohomes,main
ZeroTier,lever,zerotier,main
Zeta,lever,zeta,main
Zilliz,lever,zilliz,main
Zimperium,lever,zimperium,main
Zingtree,lever,zingtree,main
Zinier Trial,lever,zinier,main
Zinovo,lever,zinovo,main
Zippi,lever,zippi,main
Zocks,lever,zocks,main
Zoox,lever,zoox,main
Zopa,lever,zopa,main
Zuma,lever,getzuma,main
Zuri Group,lever,zurigroup,main
Zurich Instruments,lever,zurichinstruments,main
ZURU,lever,zuru,main
Zus Health,lever,zushealth,main
Zūm,lever,ridezum,main
Çiçeksepeti,lever,ciceksepeti,main
#WalkAway Campaign,smartrecruiters,WalkAwayCampaign,main
10Pearls,smartrecruiters,10pearls,main
10x Value Partners GmbH,smartrecruiters,10xValuePartnersGmbH,main
1Huddle,smartrecruiters,1huddle,main
1stopbedrooms,smartrecruiters,1stopbedrooms,main
2 Work Online,smartrecruiters,2workonline1,main
2020 Companies,smartrecruiters,2020Companies1,main
24 hour fitness,smartrecruiters,24HourFitness,main
3 s Business Corporation Inc.,smartrecruiters,3SBusinessCorporationInc1,main
315 Logistics LLC,smartrecruiters,315logisticsllc,main
360 IT Professionals,smartrecruiters,360ITProfessionals1,main
360Learning,smartrecruiters,360learning,main
3Pillar Global,smartrecruiters,3pillarglobal,main
47 Degrees,smartrecruiters,47degrees,main
4DS Corp,smartrecruiters,4DSCorp,main
500 Startups,smartrecruiters,500startups,main
90 Seconds,smartrecruiters,90seconds,main
a,smartrecruiters,a21,main
A Team,smartrecruiters,ateam,main
"A&A Virtual Design Studio, LLC",smartrecruiters,AAVirtualDesignStudioLLC,main
A&L Goodbody,smartrecruiters,al-goodbody,main
A.N. Publishing,smartrecruiters,ANPublishing1,main
Aacres LLC,smartrecruiters,Aacres,main
Aadmi Consulting,smartrecruiters,AadmiConsulting,main
AAPC,smartrecruiters,aapc,main
Abacus Technology Corporation,smartrecruiters,AbacusTechnologyCorporation,main
AbbVie,smartrecruiters,abbvie,main
Abercrombie and Fitch Co.,smartrecruiters,abercrombieandfitchco,main
About Objects,smartrecruiters,aboutobjects,main
ABOUT YOU SE & Co. KG,smartrecruiters,aboutyougmbh,main
Abramson Labor Group,smartrecruiters,AbramsonLaborGroup,main
"Absolute Facility Solutions, LLC",smartrecruiters,AbsoluteFacilitySolutionsLLC,main
Abstrabit Technologies Pvt Ltd,smartrecruiters,abstrabittechnologiespvtltd,main
Abu Dhabi Airports,smartrecruiters,abudhabiairports,main
Abuse Refuge Org,smartrecruiters,abuserefugeorg,main
Accel Learning,smartrecruiters,accellearning,main
accenture,smartrecruiters,accenture,main
Accenture Federal Services,smartrecruiters,accenturefederalservices,main
Access,smartrecruiters,access,main
Accord,smartrecruiters,accord,main
AccorHotel,smartrecruiters,AccorHotel,main
Accoy,smartrecruiters,accoy,main
Achieve,smartrecruiters,achieve1,main
ACLU,smartrecruiters,aclu,main
Acme Freight,smartrecruiters,acmefreight,main
Acquire,smartrecruiters,Acquire1,main
action,smartrecruiters,action1,main
Action Against Hunger,smartrecruiters,actionagainsthunger,main
Action Pact,smartrecruiters,ActionPact,main
Active Theory,smartrecruiters,activetheory,main
Acumatica,smartrecruiters,acumatica,main
Acumen,smartrecruiters,acumen,main
Acumen Solutions,smartrecruiters,AcumenSolutions,main
Acumen Technology,smartrecruiters,acumentechnology,main
Adam Dudley,smartrecruiters,AdamDudley,main
Addepto,smartrecruiters,addepto,main
Adept Solutions Inc.,smartrecruiters,AdeptSolutionsInc,main
ADG555,smartrecruiters,adg555,main
ADL,smartrecruiters,adl,main
"Advanced Dermatology, PLLC",smartrecruiters,AdvancedDermatologyPLLC,main
Advantage Group,smartrecruiters,AdvantageGroup3,main
Advantmed,smartrecruiters,advantmed,main
Advidi,smartrecruiters,advidi,main
Adyen,smartrecruiters,adyen,main
AECOM,smartrecruiters,aecom2,main
AEGIS,smartrecruiters,aegis,main
Aerotek Commercial Staffing,smartrecruiters,aerotekcommercialstaffing,main
AeroVect,smartrecruiters,aerovect,main
AETOS,smartrecruiters,AETOS,main
affinity,smartrecruiters,affinity,main
AFRY,smartrecruiters,afry,main
AFW,smartrecruiters,afw,main
AG,smartrecruiters,ag1,main
AG Technologies,smartrecruiters,agtechnologies1,main
Agency,smartrecruiters,agency,main
Aggio,smartrecruiters,aggio,main
Agile Defense,smartrecruiters,agiledefense,main
AGILE LOGISTICS LLC,smartrecruiters,agilelogisticsllc2,main
Agility Talent Advisors,smartrecruiters,AgilityTalentAdvisors1,main
Agora,smartrecruiters,agora,main
AHRC NYC,smartrecruiters,ahrcnyc1,main
AIHR,smartrecruiters,aihr,main
Aikido Security,smartrecruiters,aikidosecurity,main
AIR Communities,smartrecruiters,AIRCommunities,main
Airbnb,smartrecruiters,airbnb,main
AIREKO,smartrecruiters,aireko,main
AireSpring,smartrecruiters,AireSpring1,main
AirTM,smartrecruiters,airtm,main
Airwallex,smartrecruiters,airwallex,main
AJAX,smartrecruiters,ajax,main
Ajna Infotech,smartrecruiters,ajnainfotech,main
Akbank,smartrecruiters,akbank,main
AKE Safety Equipment,smartrecruiters,akesafetyequipment,main
Alarm.com,smartrecruiters,alarmcom,main
Albertsons Companies,smartrecruiters,albertsonscompanies,main
Alcumus,smartrecruiters,alcumus,main
Algolia,smartrecruiters,algolia,main
Algomarketing,smartrecruiters,algomarketing,main
Alion Science and Technology,smartrecruiters,AlionScienceAndTechnology1,main
Alitheon,smartrecruiters,Alitheon,main
AlixPartners,smartrecruiters,alixpartners,main
All Care Therapies,smartrecruiters,allcaretherapies,main
All Native Group,smartrecruiters,allnativegroup,main
Allegiant Air,smartrecruiters,allegiantair,main
Allegis Global Solutions,smartrecruiters,allegisglobalsolutions,main
Allen Lund Company,smartrecruiters,allenlundcompany,main
Alliance,smartrecruiters,alliance,main
Alliance Animal Health,smartrecruiters,AllianceAnimalHealth,main
Alliance Solutions Group,smartrecruiters,alliancesolutionsgroup,main
ALLIED Feather & Down,smartrecruiters,alliedfeatherdown,main
Allied Universal,smartrecruiters,allieduniversal2,main
Allium,smartrecruiters,allium,main
Almedia,smartrecruiters,almedia,main
Alphabe Insight Inc,smartrecruiters,alphabeinsightinc,main
AlphaSights,smartrecruiters,alphasights,main
Alpine Home Air,smartrecruiters,alpinehomeair,main
Altegra Health,smartrecruiters,AltegraHealth,main
Altisource,smartrecruiters,altisource,main
Altitude Logistics Services LLC.,smartrecruiters,altitudelogisticsservicesllc,main
"Altrian, inc",smartrecruiters,AltrianInc1,main
"Altrian, Inc",smartrecruiters,AltrianInc,main
Altronix Corp.,smartrecruiters,altronixcorp,main
Alumil,smartrecruiters,alumil,main
Amagi,smartrecruiters,amagi,main
Amartha,smartrecruiters,amartha,main
Amazon,smartrecruiters,amazon,main
Ambition,smartrecruiters,ambition,main
Amdocs,smartrecruiters,amdocs,main
American Addiction Centers,smartrecruiters,americanaddictioncenters,main
American Bar Foundation,smartrecruiters,americanbarfoundation,main
American Iron and Metal,smartrecruiters,AmericanIronandMetal,main
American Title Service Agency,smartrecruiters,americantitleserviceagency,main
American Veterinary Group,smartrecruiters,americanveterinarygroup,main
Amplify,smartrecruiters,amplify,main
ANALYTIC PARTNERS,smartrecruiters,analyticpartners,main
AnalyzeData,smartrecruiters,AnalyzeData,main
Anaplan,smartrecruiters,anaplan,main
Anastasia Beverly Hills,smartrecruiters,anastasiabeverlyhills,main
AnaVation LLC,smartrecruiters,anavationllc,main
Andersen Corp.,smartrecruiters,andersencorp,main
Andrews Foodservice,smartrecruiters,andrewsfoodservice,main
Anexinet,smartrecruiters,anexinet1,main
AngelList,smartrecruiters,angellist,main
Anglo American / De Beers Group,smartrecruiters,angloamericandebeersgroup,main
Annik Inc.,smartrecruiters,annikinc,main
antenna,smartrecruiters,antenna,main
anton,smartrecruiters,anton,main
anything,smartrecruiters,anything,main
AOS Logistics LLC,smartrecruiters,aoslogisticsllc,main
APEX Career Services,smartrecruiters,apexcareerservices,main
Apex Clean Energy,smartrecruiters,ApexCleanEnergy,main
Apex Informatics,smartrecruiters,apexinformatics,main
Apollo tyres,smartrecruiters,apollotyres,main
Appen,smartrecruiters,appen2,main
Appen,smartrecruiters,appen,main
Appian,smartrecruiters,appian,main
Appier,smartrecruiters,appier,main
Applaudo Studios,smartrecruiters,applaudostudios,main
Applecart,smartrecruiters,Applecart,main
ApplePie Capital,smartrecruiters,applepiecapital,main
Applus IDIADA,smartrecruiters,applusidiada1,main
Appviewx,smartrecruiters,appviewx,main
Apres Nail,smartrecruiters,apresnail,main
APT Resources,smartrecruiters,aptresources,main
arc,smartrecruiters,arc,main
ARCADIS,smartrecruiters,arcadis,main
ArcelorMittal,smartrecruiters,arcelormittal,main
Archer IT,smartrecruiters,ArcherIT,main
Argent Software INC.,smartrecruiters,argent,main
Arista Networks,smartrecruiters,aristanetworks,main
AristaMD,smartrecruiters,aristamd,main
Arka Infotech Inc,smartrecruiters,ArkaInfotechInc,main
Array,smartrecruiters,array,main
Artemis,smartrecruiters,artemis,main
Arthur Grand Technologies Inc,smartrecruiters,ArthurGrandTechnologiesInc,main
Arts Alliance Media,smartrecruiters,artsalliancemedia,main
Asahi,smartrecruiters,asahi1,main
Asbury Communities,smartrecruiters,AsburyCommunities,main
Ascent,smartrecruiters,ascent,main
Ashburn Consulting,smartrecruiters,AshburnConsulting,main
Ashoka,smartrecruiters,ashoka,main
ASI,smartrecruiters,asi,main
Ask IT consulting,smartrecruiters,AskITConsulting,main
Askable,smartrecruiters,askable,main
ASM,smartrecruiters,asm,main
Aspen Skiing Company,smartrecruiters,AspenSkiingCompany,main
Assent,smartrecruiters,assent,main
ASSIST Office Support Services LLC,smartrecruiters,ASSISTOfficeSupportServicesLLC,main
astellas,smartrecruiters,astellas,main
Aster DM Healthcare,smartrecruiters,asterdmhealthcare,main
Astucemedia,smartrecruiters,Astucemedia,main
Asure Software,smartrecruiters,asuresoftware,main
Athos,smartrecruiters,athos,main
ATI Business Group,smartrecruiters,atibusinessgroup,main
"ATI, Inc.",smartrecruiters,atiinc,main
ATIA Ltd,smartrecruiters,atialtd,main
Atlantic Media,smartrecruiters,atlanticmedia,main
atlas,smartrecruiters,atlas,main
ATPCO,smartrecruiters,atpco1,main
Atria Group LLC,smartrecruiters,AtriaGroupLLC,main
AttivaSoft,smartrecruiters,AttivaSoft,main
Auberge Collection,smartrecruiters,AubergeCollection,main
Audacia Solutions,smartrecruiters,audaciasolutions,main
Augment CXM,smartrecruiters,AugmentCXM,main
Augsburg University,smartrecruiters,augsburguniversity-minneapolismn,main
AUM Logistiks LLC,smartrecruiters,aumlogistiksllc,main
Aumovio,smartrecruiters,aumovio,main
Aurora Collegiate Academy,smartrecruiters,AuroraCollegiateAcademy,main
Aurora Housing Authority,smartrecruiters,AuroraHousingAuthority,main
Austin Residence,smartrecruiters,AustinResidence,main
Australian Healthcare Associates,smartrecruiters,australianhealthcareassociates,main
Authentic Brands Group,smartrecruiters,authenticbrandsgroup,main
AutoBody Express,smartrecruiters,AutoBodyExpress,main
Automox,smartrecruiters,automox,main
Ava,smartrecruiters,ava1,main
AVA Energy,smartrecruiters,avaenergy,main
Avaloq,smartrecruiters,avaloq1,main
Avance,smartrecruiters,avance,main
Avance Consulting Services,smartrecruiters,AvanceConsultingServices2,main
Avanquest,smartrecruiters,avanquest,main
Averna,smartrecruiters,Averna1,main
Avero,smartrecruiters,avero,main
Avery Dennison,smartrecruiters,averydennison,main
Avila Dental,smartrecruiters,aviladental,main
AVIO Consulting,smartrecruiters,avioconsulting,main
Aviture,smartrecruiters,aviture,main
Avomind,smartrecruiters,avomind,main
AWP Safety,smartrecruiters,AWPSafety,main
AWS Truepower,smartrecruiters,AWSTruepower,main
Axiado,smartrecruiters,axiado,main
Axicom,smartrecruiters,axicom,main
axiom,smartrecruiters,axiom,main
Axway,smartrecruiters,axway,main
Ayming,smartrecruiters,Ayming,main
B&P Advertising,smartrecruiters,BPAdvertising,main
BabyList,smartrecruiters,babylist,main
Bacalaoo AG,smartrecruiters,abc,main
"baddpizza - Buffalo, NY Style Pizza & Wings",smartrecruiters,baddpizzaBuffalo,main
Baird & Associates,smartrecruiters,bairdassociates,main
bamko,smartrecruiters,bamko,main
Bank ABC,smartrecruiters,bankabc,main
Barbaricum,smartrecruiters,barbaricum,main
"barkback, llc",smartrecruiters,barkbackLlc,main
Barkley,smartrecruiters,barkley,main
barnes,smartrecruiters,barnes,main
Barrick Gold Corporation,smartrecruiters,barrickgoldcorporation,main
Base Two,smartrecruiters,basetwo,main
BathPlanet,smartrecruiters,bathplanet,main
Baton,smartrecruiters,baton,main
Bazaarvoice,smartrecruiters,bazaarvoice,main
BBA,smartrecruiters,bba,main
BC Tech Pro,smartrecruiters,bctechpro,main
BCC Software,smartrecruiters,BCCSoftware,main
BCforward,smartrecruiters,bcforward3,main
BCS,smartrecruiters,bcs,main
Beatport,smartrecruiters,beatport,main
BeBetter Shop,smartrecruiters,BeBetterShop,main
Beckers Group,smartrecruiters,BeckersGroup,main
Becton Dickinson,smartrecruiters,bectondickinson2,main
Bede Gaming,smartrecruiters,bedegaming,main
Bedrock,smartrecruiters,Bedrock1,main
Behavioral Health Works,smartrecruiters,behavioralhealthworks,main
Belmont Metals,smartrecruiters,BelmontMetals,main
Berkeley Executives,smartrecruiters,BerkeleyExecutives1,main
Berman Auto Group,smartrecruiters,BermanAutoGroup,main
Berry Street,smartrecruiters,berrystreet,main
Best Buy,smartrecruiters,bestbuy2,main
BESTech,smartrecruiters,bestech,main
bet365,smartrecruiters,bet3651,main
Beta.SoftSystems,smartrecruiters,BetaSoftSystems3,main
BETSOL,smartrecruiters,betsol,main
Better,smartrecruiters,better,main
BetterHelp,smartrecruiters,betterhelp,main
Beyondsoft,smartrecruiters,beyondsoft,main
BeyondTrust,smartrecruiters,beyondtrust,main
BHFT,smartrecruiters,bhft,main
Bicycle Therapeutics,smartrecruiters,BicycleTherapeutics,main
Big Blue,smartrecruiters,bigblue,main
Binance,smartrecruiters,binance,main
Biogen,smartrecruiters,biogen,main
Biorad,smartrecruiters,biorad,main
Bitbean,smartrecruiters,bitbean,main
Bitdefender,smartrecruiters,bitdefender,main
Bitovi,smartrecruiters,bitovi,main
BizLibrary,smartrecruiters,bizlibrary,main
BLACKHAWK NETWORK,smartrecruiters,blackhawknetwork,main
Bland,smartrecruiters,bland,main
Blast,smartrecruiters,blast,main
Blend360,smartrecruiters,blend360,main
Blex Technologies,smartrecruiters,BlexTechnologies,main
Blinqlabs,smartrecruiters,Blinqlabs,main
Bloomberg,smartrecruiters,bloomberg,main
Bloomreach,smartrecruiters,bloomreach,main
blue,smartrecruiters,blue,main
Blue Cardinal Inc.,smartrecruiters,bluecardinalinc,main
Blue Sky Innovators,smartrecruiters,blueskyinnovators,main
BlueAlly,smartrecruiters,blueally,main
BlueCat Networks,smartrecruiters,bluecatnetworks,main
BMM Logistics Inc.,smartrecruiters,BMMLogisticsInc,main
BMW Dealer Careers,smartrecruiters,BMWDealerCareers,main
Boland,smartrecruiters,Boland,main
Bommarito Performance Systems,smartrecruiters,bommaritoperformancesystems,main
Bonial International GMBH,smartrecruiters,bonialinternationalgmbh,main
Booker DiMaio,smartrecruiters,bookerdimaio,main
BookMyShow,smartrecruiters,bookmyshow,main
Boomtrain,smartrecruiters,Boomtrain,main
Bosch Group,smartrecruiters,BoschGroup,main
Bosch Group,smartrecruiters,RobertBosch,main
Bosch-HomeComfort,smartrecruiters,bosch-homecomfort,main
Boss Search Group,smartrecruiters,BossSearchGroup,main
Boston Engineering Corporation,smartrecruiters,BostonEngineeringCorporation,main
Bottomline Technologies,smartrecruiters,bottomlinetechnologies,main
Boundless,smartrecruiters,boundless,main
Boutique Hospitality Management,smartrecruiters,BoutiqueHospitalityManagement,main
Boyd Gaming,smartrecruiters,BoydGaming,main
BP,smartrecruiters,bp3,main
Brainlab,smartrecruiters,brainlab,main
Brainly,smartrecruiters,brainly,main
BrainPOP,smartrecruiters,brainpop,main
BrainTrust,smartrecruiters,braintrust,main
Brakes Plus,smartrecruiters,brakesplus,main
BrandBastion,smartrecruiters,brandbastion,main
Bravo,smartrecruiters,bravo,main
Bridgeable,smartrecruiters,bridgeable,main
Bridgit,smartrecruiters,bridgit,main
Bright Metro,smartrecruiters,brightmetro,main
Brightback,smartrecruiters,Brightback,main
BrightLine,smartrecruiters,brightline,main
Brighton Jones,smartrecruiters,brightonjones,main
Brightspeed,smartrecruiters,brightspeed,main
brij,smartrecruiters,brij,main
Brilliant Earth,smartrecruiters,brilliantearth,main
Brillio,smartrecruiters,brillio2,main
Bringle Excellence,smartrecruiters,bringleexcellence,main
Brinqa,smartrecruiters,brinqa,main
Bristlecone,smartrecruiters,bristlecone,main
"BroadPoint Federal, Inc",smartrecruiters,broadpointfederalinc,main
BroadSign,smartrecruiters,broadsign,main
Brooklinen,smartrecruiters,brooklinen,main
Brunel,smartrecruiters,brunel,main
BryceTech,smartrecruiters,brycetech,main
BSC,smartrecruiters,bsc,main
Bucket List,smartrecruiters,bucketlist,main
Build IT,smartrecruiters,buildit,main
Bullett Consulting,smartrecruiters,BullettConsulting,main
Bullseye Strategy,smartrecruiters,bullseyestrategy,main
Burnett Search,smartrecruiters,burnettsearch,main
"Burwood Group, Inc",smartrecruiters,BurwoodGroupInc,main
BUSINESS LOGISTICS SOLUTIONS LLC,smartrecruiters,BUSINESSLOGISTICSSOLUTIONSLLC,main
businesswire,smartrecruiters,businesswire,main
BusPatrol,smartrecruiters,buspatrol,main
BuzzFeed,smartrecruiters,buzzfeed,main
c,smartrecruiters,c1,main
C.E.G.,smartrecruiters,ceg,main
"Cabinet Masters, Inc.",smartrecruiters,CabinetMastersInc,main
Cache,smartrecruiters,cache,main
Cacheflow,smartrecruiters,Cacheflow,main
Cahoot,smartrecruiters,Cahoot,main
Calcium,smartrecruiters,calcium,main
calendly,smartrecruiters,calendly,main
California Closets,smartrecruiters,CaliforniaClosets,main
California ISO,smartrecruiters,californiaiso,main
Callminer,smartrecruiters,callminer,main
Callsign,smartrecruiters,callsign,main
Calvary Church,smartrecruiters,calvarychurch,main
Campfire Interactive,smartrecruiters,CampfireInteractive,main
Canam,smartrecruiters,GroupeCanam,main
Canam Steel Corporation,smartrecruiters,CanamSteelCorporation,main
Cancer Support Community,smartrecruiters,cancersupportcommunity,main
Candidly,smartrecruiters,candidly,main
Canonical,smartrecruiters,canonical,main
Canva,smartrecruiters,canva,main
Capital Development Services,smartrecruiters,CapitalDevelopmentServices,main
Capital Shipping,smartrecruiters,capitalshipping,main
CapTech Consulting,smartrecruiters,captechconsulting,main
Carbon Health,smartrecruiters,carbonhealth,main
Care for the Homeless,smartrecruiters,careforthehomeless,main
Care Partners,smartrecruiters,CarePartners1,main
"CareDx, Inc.",smartrecruiters,caredxinc,main
Career Guidant,smartrecruiters,CareerGuidant,main
CarGurus,smartrecruiters,cargurus,main
Carilion Clinic,smartrecruiters,carilionclinic,main
CarLabs,smartrecruiters,CarLabs,main
Cartrawler,smartrecruiters,cartrawler,main
cas,smartrecruiters,cas,main
Casals at Clarendon LLC,smartrecruiters,CasalsAtClarendonLLC,main
Castellucci Hospitality Group,smartrecruiters,castelluccihospitalitygroup,main
Castle Group,smartrecruiters,castlegroup,main
Catasys Health,smartrecruiters,catasyshealth,main
Catchafire,smartrecruiters,catchafire,main
CaterCow,smartrecruiters,catercow,main
CD PROJEKT RED,smartrecruiters,cdprojektred,main
CDAC,smartrecruiters,cdac,main
Center for Applied Linguistics,smartrecruiters,CenterForAppliedLinguistics,main
Centm Logistics LLC,smartrecruiters,centmlogisticsllc,main
Centra,smartrecruiters,centra,main
Centre Technologies,smartrecruiters,centretechnologies,main
centro,smartrecruiters,centro,main
Centuria,smartrecruiters,centuria,main
Centuria Corporation,smartrecruiters,centuriacorporation,main
Certn,smartrecruiters,certn,main
cesar,smartrecruiters,cesar,main
CFR,smartrecruiters,cfr,main
CG Life,smartrecruiters,cglife,main
Chad JonesLaw,smartrecruiters,chadjoneslaw,main
Channel Factory,smartrecruiters,channelfactory,main
Channel Partners,smartrecruiters,channelpartners,main
Chapter 2,smartrecruiters,chapter2,main
Charlie's Produce,smartrecruiters,CharliesProduce1,main
Chatham Financial,smartrecruiters,chathamfinancial,main
Chatham House,smartrecruiters,chathamhouse,main
Checkster,smartrecruiters,Checkster,main
"Chequed.com, Inc.",smartrecruiters,ww,main
Chief Outsiders,smartrecruiters,chiefoutsiders,main
Children's Dental Land,smartrecruiters,ChildrensDentalLand,main
Chili Piper,smartrecruiters,chilipiper,main
Choice,smartrecruiters,choice,main
ChowNow,smartrecruiters,chownow,main
Christ's Church of the Valley,smartrecruiters,ChristsChurchOfTheValley,main
Christian Brothers Automotive,smartrecruiters,ChristianBrothersAutomotive,main
Christian Living Communities,smartrecruiters,ChristianLivingCommunities,main
CI Games,smartrecruiters,cigames,main
CIC,smartrecruiters,cic,main
Cielo,smartrecruiters,cielo2,main
Cielo Projects,smartrecruiters,cieloprojects,main
CIM Group,smartrecruiters,cimgroup,main
Cint,smartrecruiters,cint,main
Circle City HR,smartrecruiters,CircleCityHR,main
Circle Logistics,smartrecruiters,CircleLogistics1,main
CircleLink Health,smartrecruiters,circlelinkhealth,main
Cirrus Asset Management,smartrecruiters,cirrusassetmanagement,main
CISabroad,smartrecruiters,cisabroad,main
Cision,smartrecruiters,cision,main
Citi,smartrecruiters,citi,main
CitiusTech,smartrecruiters,citiustech,main
Citizens,smartrecruiters,citizens,main
Citrus Global Ltd,smartrecruiters,citrusgloballtd,main
City and County of San Francisco,smartrecruiters,cityandcountyofsanfrancisco1,main
City of Alabaster,smartrecruiters,cityofalabaster,main
City of Americus,smartrecruiters,cityofamericus,main
City of Eutaw,smartrecruiters,CityOfEutaw,main
City of New York,smartrecruiters,CityOfNewYork,main
City of Philadelphia,smartrecruiters,cityofphiladelphia,main
CLARA analytics,smartrecruiters,claraanalytics,main
ClassPass,smartrecruiters,classpass,main
Classy Llama,smartrecruiters,classyllama,main
Clean Choice Energy,smartrecruiters,cleanchoiceenergy,main
Cleantech Group,smartrecruiters,cleantechgroup,main
Clear Junction,smartrecruiters,clearjunction,main
ClearStar,smartrecruiters,clearstar,main
Clerky,smartrecruiters,clerky,main
Client Engagement Academy,smartrecruiters,clientengagementacademy,main
Clifford Chance,smartrecruiters,CliffordChance,main
Climate Makers Inc.,smartrecruiters,climatemakersinc,main
Climatiq,smartrecruiters,climatiq,main
Clinica Romero,smartrecruiters,clinicaromero,main
Closet America,smartrecruiters,closetamerica,main
Cloudflare,smartrecruiters,cloudflare,main
CloudMoyo,smartrecruiters,cloudmoyo,main
Cloudnexa.com,smartrecruiters,cloudnexacom,main
Club Monaco,smartrecruiters,clubmonaco,main
CNM LLP,smartrecruiters,CNMLLP,main
Co mpany,smartrecruiters,company,main
Coalfire,smartrecruiters,coalfire,main
Coast,smartrecruiters,coast,main
CocuSocial,smartrecruiters,CocuSocial,main
Codeage,smartrecruiters,Codeage,main
CodeBusters,smartrecruiters,codebusters,main
Coderio,smartrecruiters,coderio,main
CodersData LLC,smartrecruiters,codersdatallc,main
"CoEnterprise, LLC",smartrecruiters,coenterprisellc,main
Coface,smartrecruiters,coface,main
"Coffman Engineers, Inc.",smartrecruiters,coffmanengineersinc,main
Cogent Data Solutions LLC,smartrecruiters,cogentdatasolutionsllc,main
Cohere Technology,smartrecruiters,coheretechnology,main
Colafemina Logistics LLC,smartrecruiters,colafeminalogisticsllc,main
Coleto Brands,smartrecruiters,ColetoBrands1,main
Collabera,smartrecruiters,collabera2,main
Columbia University,smartrecruiters,ColumbiaUniversity1,main
Comcast Career Center,smartrecruiters,comcastcareercenter,main
Command,smartrecruiters,command,main
"CommunicateHealth, Inc.",smartrecruiters,communicatehealthinc,main
Community Solutions,smartrecruiters,communitysolutions,main
Comoto,smartrecruiters,comoto,main
Company,smartrecruiters,company3,main
Compass Collegiate Academy,smartrecruiters,CompassCollegiateAcademy,main
CompassX,smartrecruiters,compassx,main
Complete,smartrecruiters,complete,main
Compliancy Group llc,smartrecruiters,compliancygroupllc,main
Compose.ly,smartrecruiters,composely,main
Computer Futures,smartrecruiters,ComputerFutures3,main
Comtech LLC,smartrecruiters,ComtechLLC2,main
Concorde,smartrecruiters,concorde,main
Concourse,smartrecruiters,concourse,main
Confidential,smartrecruiters,confidential25,main
ConsenSys,smartrecruiters,consensys,main
Constant Contact,smartrecruiters,constantcontact,main
Construction Professionals Society,smartrecruiters,is,main
Consultadd,smartrecruiters,Consultadd4,main
Consumer Reports,smartrecruiters,consumerreports,main
Contactually,smartrecruiters,contactually,main
Contec,smartrecruiters,contec1,main
Continental,smartrecruiters,continental,main
Contract Wrangler,smartrecruiters,ContractWrangler,main
Convene,smartrecruiters,convene,main
Convergint Federal Solutions,smartrecruiters,ConvergintFederalSolutions,main
Convey,smartrecruiters,convey,main
ConveyIQ,smartrecruiters,ConveyIQ,main
ConXtech,smartrecruiters,conxtech,main
"Cook's Pest Control, Inc.",smartrecruiters,cookspestcontrolinc1,main
Cooper Auto Group,smartrecruiters,cooperautogroup,main
Core BTS,smartrecruiters,corebts,main
Corner Alliance,smartrecruiters,corneralliance,main
Cornerstone Building Brands,smartrecruiters,cornerstonebuildingbrandscareers,main
Cornerstone HR Advantage LLC,smartrecruiters,cornerstonehradvantagellc,main
cos,smartrecruiters,cos,main
CoServe Global Solutions,smartrecruiters,CoServeGlobalSolutions,main
Council for Court Excellence,smartrecruiters,CouncilForCourtExcellence,main
CourseCareers,smartrecruiters,coursecareers,main
Cox Enterprises,smartrecruiters,coxenterprises2,main
CP,smartrecruiters,cp,main
CPC,smartrecruiters,cpc,main
CPM Ireland,smartrecruiters,cpmireland,main
CQ fluency,smartrecruiters,cqfluency,main
CQC,smartrecruiters,cqc,main
Crayon,smartrecruiters,crayon,main
crayon data,smartrecruiters,crayondata,main
CRB,smartrecruiters,crb,main
Creative,smartrecruiters,creative,main
credativ LLC,smartrecruiters,CredativLLC,main
Credit Karma,smartrecruiters,creditkarma,main
Credit Repair Enforcers LLC,smartrecruiters,CreditRepairEnforcersLLC,main
CRICO,smartrecruiters,crico,main
Cricut,smartrecruiters,cricut,main
Cross Border Talents,smartrecruiters,crossbordertalents,main
Cross River Bank,smartrecruiters,crossriverbank,main
Crossfuze,smartrecruiters,crossfuze,main
CROSSMARK,smartrecruiters,crossmark1,main
"Crossroads Technologies, Inc.",smartrecruiters,crossroadstechnologiesinc,main
CrowdStreet,smartrecruiters,CrowdStreet,main
Crowell & Moring,smartrecruiters,crowellmoring,main
"Crown Innovations, Inc.",smartrecruiters,CrownInnovationsInc,main
CRS ltd,smartrecruiters,crs,main
Cruise Planners,smartrecruiters,cruiseplanners,main
Crunch Fitness,smartrecruiters,crunchfitness,main
crytek,smartrecruiters,crytek,main
CSC,smartrecruiters,csc,main
CSS,smartrecruiters,css,main
CST Connections,smartrecruiters,CSTConnections,main
CTI,smartrecruiters,cti,main
Culture Amp,smartrecruiters,cultureamp,main
Cumberland Farms,smartrecruiters,cumberlandfarms,main
CurbWaste,smartrecruiters,curbwaste,main
Cuso International,smartrecruiters,cusointernational,main
customedialabs,smartrecruiters,customedialabs,main
Customized Energy Solutions,smartrecruiters,CustomizedEnergySolutions,main
CVHCare,smartrecruiters,cvhcare,main
Cyborg Mobile,smartrecruiters,cyborgmobile,main
Cydcor,smartrecruiters,cydcor,main
Cygnus Professionals Inc,smartrecruiters,cygnusprofessionalsinc2,main
Dairy.com,smartrecruiters,Dairycom,main
Daley Recruiting,smartrecruiters,DaleyRecruiting,main
DAMAC,smartrecruiters,damac,main
DANGOTE,smartrecruiters,dangote,main
Daniel Murphy Scholarship Fund,smartrecruiters,DanielMurphyScholarshipFund,main
Dascena,smartrecruiters,dascena,main
Dashlane,smartrecruiters,dashlane,main
Data Intellect,smartrecruiters,dataintellect,main
Databricks,smartrecruiters,databricks,main
DATACOM,smartrecruiters,datacom1,main
"DataMark, Inc.",smartrecruiters,datamarkinc,main
"DATASYS CONSULTING & SOFTWARE INC,",smartrecruiters,datasysconsultingsoftwareinc1,main
Datawords,smartrecruiters,datawords,main
Dave,smartrecruiters,dave,main
DAVERSA PARTNERS,smartrecruiters,daversapartners,main
davies,smartrecruiters,davies,main
Dawn Delivery Inc,smartrecruiters,dawndeliveryinc,main
Daxko,smartrecruiters,daxko1,main
Daylight,smartrecruiters,daylight,main
DC Primary Care Association,smartrecruiters,DCPrimaryCareAssociation,main
DCI Group,smartrecruiters,dcigroup,main
DeAngelo Contracting Services,smartrecruiters,DeAngeloContractingServices,main
DecentralizedMasters,smartrecruiters,decentralizedmasters,main
Deegit Inc,smartrecruiters,DeegitInc3,main
Dehazelabs,smartrecruiters,dehazelabs,main
DeLeon Realty,smartrecruiters,deleonrealty,main
Deleteme,smartrecruiters,deleteme,main
Deliveroo,smartrecruiters,deliveroo,main
Dellfor Technologies,smartrecruiters,dellfortechnologies,main
Deloitte East Africa,smartrecruiters,deloitteeastafrica,main
Delphi,smartrecruiters,delphi,main
delta,smartrecruiters,delta,main
Delta T Group,smartrecruiters,deltatgroup,main
Delta-T Group,smartrecruiters,delta-tgroup,main
Demandbase,smartrecruiters,demandbase,main
demandDrive,smartrecruiters,demanddrive,main
DemystData,smartrecruiters,demystdata,main
dentsu,smartrecruiters,dentsu,main
Deposco,smartrecruiters,deposco,main
Derex Technologies Inc,smartrecruiters,derextechnologiesinc,main
Despegar,smartrecruiters,despegar,main
Deutsche Bank,smartrecruiters,deutschebank,main
Dev,smartrecruiters,dev2,main
Devsinc,smartrecruiters,devsinc17,main
Devsu,smartrecruiters,devsu,main
Dexcom,smartrecruiters,dexcom,main
Dexterra,smartrecruiters,dexterra,main
DHI Group Inc,smartrecruiters,dhigroupinc,main
Diamond Brand Gear,smartrecruiters,DiamondBrandGear,main
Digital Infuzion,smartrecruiters,digitalinfuzion,main
DigitalGenius,smartrecruiters,digitalgenius,main
Direct Agents,smartrecruiters,directagents,main
Direct Point Accountant Firm,smartrecruiters,DirectPointAccountantFirm,main
Disability Allies,smartrecruiters,disabilityallies,main
Discord,smartrecruiters,discord,main
DistantJob,smartrecruiters,distantjob,main
Distributed Spectrum,smartrecruiters,distributedspectrum,main
DISYS,smartrecruiters,disys,main
Divensi,smartrecruiters,divensi1,main
DLS Engineering,smartrecruiters,dlsengineering,main
DN Capital,smartrecruiters,dncapital,main
DNAnexus,smartrecruiters,DNAnexus,main
Docplanner,smartrecruiters,docplanner,main
DOCS,smartrecruiters,docs,main
doherty Inc,smartrecruiters,dohertyinc,main
dolby,smartrecruiters,dolby,main
Dollar General,smartrecruiters,DollarGeneral2,main
Dollar Shave Club,smartrecruiters,dollarshaveclub,main
Dolls Kill,smartrecruiters,dollskill,main
Domino's,smartrecruiters,dominos,main
Donor Network of Arizona,smartrecruiters,DonorNetworkOfArizona,main
Doran Jones Inc.,smartrecruiters,doranjones,main
Down to Earth,smartrecruiters,downtoearth,main
Dp World,smartrecruiters,dpworld,main
Dr Reddy's Laboratories Limited,smartrecruiters,drreddyslaboratorieslimited,main
dragonboat Inc.,smartrecruiters,DragonboatInc,main
DrFirst,smartrecruiters,drfirst,main
DroneShield,smartrecruiters,droneshield,main
DROP Enterprises LLC,smartrecruiters,dropenterprisesllc,main
Dropbox,smartrecruiters,dropbox,main
"Dropoff, Inc.",smartrecruiters,dropoffinc,main
DRT Strategies,smartrecruiters,drtstrategies,main
DSS,smartrecruiters,dss,main
DTR Consulting Services,smartrecruiters,DTRConsultingServices,main
Dudek,smartrecruiters,dudek,main
Duelit,smartrecruiters,duelit,main
Dulcedo,smartrecruiters,dulcedo,main
Dungarvin,smartrecruiters,dungarvin,main
dunnhumby,smartrecruiters,dunnhumby,main
Duolingo,smartrecruiters,duolingo,main
DVT,smartrecruiters,dvt,main
"Dynamis,Inc.",smartrecruiters,dynamisinc,main
E*Pro Inc,smartrecruiters,EProInc,main
E4Ops LLC,smartrecruiters,e4opsllc,main
EAC Product Development Solutions,smartrecruiters,eacproductdevelopmentsolutions,main
Earthcam,smartrecruiters,earthcam,main
Earthlinktele,smartrecruiters,earthlinktele,main
East Bank Club,smartrecruiters,eastbankclub,main
East Penn Manufacturing,smartrecruiters,eastpennmanufacturing,main
Easterseals of Southeastern Pennsylvania,smartrecruiters,EastersealsofSoutheasternPennsylvania,main
EASYVISTA,smartrecruiters,EASYVISTA,main
Eataly North America,smartrecruiters,eataly,main
ECHO,smartrecruiters,echo,main
"Echo360, Inc.",smartrecruiters,echo360inc,main
Echoing Green,smartrecruiters,echoinggreen,main
Ecija,smartrecruiters,ecija,main
Eclipse Trading,smartrecruiters,eclipsetrading,main
edesk,smartrecruiters,edesk,main
Edgewater Behavioral Health Services,smartrecruiters,edgewaterbehavioralhealthservices,main
Edmentum,smartrecruiters,edmentum,main
Education at Work,smartrecruiters,educationatwork,main
Edwards Label,smartrecruiters,EdwardsLabel,main
efood,smartrecruiters,efood,main
EHCC,smartrecruiters,ehcc,main
Einsite,smartrecruiters,einsite,main
Ekimetrics,smartrecruiters,ekimetrics,main
Ekovolt,smartrecruiters,ekovolt,main
Ekster,smartrecruiters,ekster,main
Electricity Regulatory Authority,smartrecruiters,era,main
ELEVATE,smartrecruiters,elevate,main
Elevate K-12,smartrecruiters,ElevateK-12,main
Elevated Integrated Consultants,smartrecruiters,elevatedintegratedconsultants,main
eli,smartrecruiters,eli,main
ELIXIR MULTINATIONAL,smartrecruiters,ELIXIRMULTINATIONAL,main
Elizabeth Glaser Pediatric AIDS Foundation,smartrecruiters,elizabethglaserpediatricaidsfoundation3,main
EM,smartrecruiters,em,main
Ember Lab,smartrecruiters,emberlab,main
Embraer,smartrecruiters,embraer,main
"EMIT Technologies, Inc.",smartrecruiters,emittechnologiesinc,main
EmOpti,smartrecruiters,EmOpti,main
Employers,smartrecruiters,employers,main
Employmenthero,smartrecruiters,employmenthero,main
EMS Unlimited,smartrecruiters,EMSUnlimited,main
Endava,smartrecruiters,endava,main
endpoint clinical,smartrecruiters,endpointclinical,main
Endpoints News,smartrecruiters,endpointsnews,main
Endsight,smartrecruiters,endsight,main
Enerex,smartrecruiters,Enerex,main
Enero,smartrecruiters,Enero,main
Enfra,smartrecruiters,enfra,main
Enghouse,smartrecruiters,enghouse,main
Enko Education,smartrecruiters,enkoeducation,main
Enode,smartrecruiters,enode,main
"EnPower, Inc.",smartrecruiters,EnPowerInc,main
Enprotech Corp,smartrecruiters,EnprotechCorp,main
Ensco,smartrecruiters,ensco,main
Ent Credit Union,smartrecruiters,entcreditunion1,main
Entain,smartrecruiters,Entain,main
Entefy,smartrecruiters,entefy,main
Enterprise Solution inc,smartrecruiters,enterprisesolutioninc,main
Entertainment Benefits Group,smartrecruiters,entertainmentbenefitsgroup,main
Enthuse-Marketing,smartrecruiters,enthuse-marketing,main
Enviri Corporation,smartrecruiters,EnviriCorporation,main
Envision Horizons,smartrecruiters,envisionhorizons,main
Epic Product Launch,smartrecruiters,EpicProductLaunch,main
Epic4 Specialty Partners,smartrecruiters,Epic4SpecialtyPartners,main
EpicGames,smartrecruiters,epicgames,main
Epoch Games,smartrecruiters,epochgames,main
Epsilon,smartrecruiters,epsilon3,main
Equal Experts,smartrecruiters,equalexperts,main
Equinox,smartrecruiters,equinox,main
Equity Residential,smartrecruiters,equityresidential,main
Equus,smartrecruiters,equus,main
Ergomed,smartrecruiters,Ergomed,main
Ericsson,smartrecruiters,ericsson,main
EROS Technologies Inc.,smartrecruiters,EROSTechnologiesInc,main
ERS,smartrecruiters,ers,main
ESource Corp,smartrecruiters,esourcecorp,main
eSpace,smartrecruiters,espace,main
Essendant,smartrecruiters,essendant,main
esurance,smartrecruiters,esurance,main
ESV Digital,smartrecruiters,esvdigital,main
Ethereum Address Service (EAS),smartrecruiters,EthereumAddressServiceEAS,main
ettain group,smartrecruiters,EttainGroup,main
Eurofins,smartrecruiters,eurofins,main
EVB,smartrecruiters,EVB,main
Eventscape Inc.,smartrecruiters,eventscapeinc,main
EVERSANA,smartrecruiters,eversana1,main
Evertz Microsystems Ltd,smartrecruiters,evertz,main
Everything But The House,smartrecruiters,EverythingButTheHouse,main
Evidation,smartrecruiters,evidation,main
Evidence Action,smartrecruiters,evidenceaction,main
eVisit,smartrecruiters,evisit,main
Evolution,smartrecruiters,evolution,main
Evolution Recruitment Solutions,smartrecruiters,evolutionrecruitmentsolutions,main
EvolutionIQ,smartrecruiters,evolutioniq,main
"Ex Parte, Inc",smartrecruiters,exparteinc,main
Exact Staff,smartrecruiters,ExactStaff,main
Excel,smartrecruiters,excel,main
Excel Cleaning Services,smartrecruiters,ExcelCleaningServices,main
Excyl Inc,smartrecruiters,excylinc,main
Exegy,smartrecruiters,exegy,main
Exit83,smartrecruiters,Exit83,main
Exotel,smartrecruiters,exotel,main
exp.,smartrecruiters,exp,main
Expeditors,smartrecruiters,expeditors,main
Expend,smartrecruiters,expend,main
Experian,smartrecruiters,experian,main
Experient Group,smartrecruiters,experientgroup,main
Expert Network,smartrecruiters,expertnetwork,main
Express Oil Change & Tire Engineers,smartrecruiters,EOCTEBP,main
Express Transit llc,smartrecruiters,expresstransitllc,main
Exsilio,smartrecruiters,exsilio,main
Extreme Networks,smartrecruiters,extremenetworks,main
Extreme Reach,smartrecruiters,extremereach,main
EZ Recruiting,smartrecruiters,ezrecruiting,main
Fabergent,smartrecruiters,fabergent,main
Fair and Just Prosecution,smartrecruiters,fairandjustprosecution,main
Fair Oaks Estates,smartrecruiters,FairOaksEstates,main
Fairmarkit,smartrecruiters,fairmarkit,main
Fannie Mae,smartrecruiters,fanniemae,main
Farfetch,smartrecruiters,farfetch,main
Farther Finance,smartrecruiters,fartherfinance,main
Fashionnova,smartrecruiters,fashionnova,main
Fastmarkets,smartrecruiters,fastmarkets,main
Fastsigns,smartrecruiters,fastsigns,main
Feeding San Diego,smartrecruiters,FeedingSanDiego,main
ferrellgas,smartrecruiters,ferrellgas,main
Field Nation,smartrecruiters,fieldnation,main
Filmhub,smartrecruiters,filmhub,main
Filmless,smartrecruiters,filmless,main
Firegang Dental Marketing,smartrecruiters,firegangdentalmarketing,main
Firespring,smartrecruiters,firespring,main
First Advantage,smartrecruiters,firstadvantage,main
First Choice Agency,smartrecruiters,FirstChoiceAgency,main
First Drive Logistics Inc.,smartrecruiters,firstdrivelogisticsinc,main
First Focus,smartrecruiters,firstfocus,main
First Round,smartrecruiters,firstround,main
Fishpond,smartrecruiters,Fishpond,main
"Five Nine Solutions, Inc.",smartrecruiters,FiveNineSolutionsInc,main
Five to Nine,smartrecruiters,FiveToNine,main
FLEX COLLEGE PREP,smartrecruiters,flexcollegeprep,main
Flexport,smartrecruiters,flexport,main
Flight-Group,smartrecruiters,flightgroup,main
Flink,smartrecruiters,flink,main
Flipkart Online Services Pvt Ltd,smartrecruiters,flipkart,main
Florence,smartrecruiters,florence,main
FLYNN COMPANIES,smartrecruiters,flynncompanies,main
Flywheel,smartrecruiters,flywheel,main
Flywire,smartrecruiters,flywire1,main
FMG Suite,smartrecruiters,fmgsuite,main
FMI,smartrecruiters,fmi,main
Focus Logistics Inc.,smartrecruiters,focuslogisticsinc,main
FocusKPI,smartrecruiters,focuskpi,main
FONEMED,smartrecruiters,fonemed,main
FOODMatch,smartrecruiters,FOODMatch,main
Football Radar,smartrecruiters,footballradar,main
Foothill Ventures,smartrecruiters,foothillventures,main
footprint,smartrecruiters,footprint,main
Fora Financial,smartrecruiters,forafinancial,main
Forager,smartrecruiters,forager,main
Forbes Advisor,smartrecruiters,forbesadvisor,main
Ford,smartrecruiters,ford,main
Formlabs,smartrecruiters,formlabs,main
Forrest Johnson,smartrecruiters,ForrestJohnson,main
Forter,smartrecruiters,forter,main
forthright,smartrecruiters,forthright,main
ForthRight Strategies LLC,smartrecruiters,forthrightstrategiesllc,main
Fortune Brands,smartrecruiters,fortunebrands,main
FORWARD,smartrecruiters,forward,main
Forward Logistix Partners Inc.,smartrecruiters,forwardlogistixpartnersinc,main
Foster Farms,smartrecruiters,FosterFarms,main
Foundation for Food & Agriculture,smartrecruiters,foundationforfoodagriculture,main
Fractal Analytics,smartrecruiters,fractalanalytics,main
FREEBANDZ TOURING,smartrecruiters,freebandztouring,main
Freethink,smartrecruiters,freethink,main
Fremont Bank,smartrecruiters,fremontbank,main
Fremont Group,smartrecruiters,fremontgroup,main
Fresh Consulting,smartrecruiters,freshconsulting,main
Fresh land,smartrecruiters,freshland,main
Fresh Prints,smartrecruiters,freshprints,main
Freshworks,smartrecruiters,freshworks,main
Frette,smartrecruiters,Frette,main
Frontline Inc,smartrecruiters,frontlineinc,main
"FSR, LLC.",smartrecruiters,fsrllc,main
Fulcrum,smartrecruiters,fulcrum,main
Full Circle International,smartrecruiters,gresham,main
FundApps,smartrecruiters,fundapps,main
Furniture Assembly Experts LLC,smartrecruiters,FurnitureAssemblyExperts,main
Fusion Consulting,smartrecruiters,FusionConsulting,main
Future,smartrecruiters,future,main
Future Group,smartrecruiters,futuregroup,main
Futurewave Systems,smartrecruiters,futurewavesystems,main
FYXER,smartrecruiters,fyxer,main
G,smartrecruiters,g2,main
G2A Executive Search,smartrecruiters,G2AExecutiveSearch,main
Galileo Learning,smartrecruiters,GalileoLearning,main
Game District,smartrecruiters,gamedistrict,main
Gameloft,smartrecruiters,Gameloft,main
Games For Love,smartrecruiters,gamesforlove,main
GAN Integrity,smartrecruiters,ganintegrity,main
Garrett advancing motion,smartrecruiters,garrettadvancingmotion,main
Gauntlet,smartrecruiters,gauntlet,main
GBG,smartrecruiters,gbg,main
GBTA,smartrecruiters,gbta,main
GD Resources LLC,smartrecruiters,gdresourcesllc,main
GEcko,smartrecruiters,gecko,main
GEM Technologies,smartrecruiters,gemtechnologies,main
Gemini,smartrecruiters,gemini,main
Gen4 Dental,smartrecruiters,gen4dental,main
General Assembly,smartrecruiters,generalassembly,main
Genesis Recruiting,smartrecruiters,genesisrecruiting,main
GeoSoftware,smartrecruiters,geosoftware,main
Gerresheimer,smartrecruiters,gerresheimer,main
gess,smartrecruiters,gess,main
Getlabs,smartrecruiters,getlabs,main
GetResponse,smartrecruiters,getresponse,main
GetSports Enterprises LLC,smartrecruiters,getsportsenterprisesllc,main
Geyen + del Campo,smartrecruiters,geyendelcampo,main
ggwp,smartrecruiters,ggwp,main
Giant Pictures,smartrecruiters,GiantPictures,main
Gig,smartrecruiters,gig,main
Ginas Tech Jobs,smartrecruiters,ginastechjobs,main
Girls on the Run,smartrecruiters,girlsontherun,main
Glassdoor,smartrecruiters,glassdoor,main
GLC Recruiting Group,smartrecruiters,GLCRecruitingGroup,main
Glide,smartrecruiters,glide,main
"Global Channel Management, Inc.",smartrecruiters,GlobalChannelManagementInc,main
GlobeAir,smartrecruiters,globeair,main
Glopal,smartrecruiters,glopal,main
GNC,smartrecruiters,gnc,main
gnosis,smartrecruiters,gnosis,main
GoDaddy,smartrecruiters,godaddy,main
GoGuardian,smartrecruiters,goguardian,main
"Gohfr, Inc.",smartrecruiters,GohfrInc,main
Gold Star Logistics,smartrecruiters,goldstarlogistics,main
"Goldstone Partners, Inc.",smartrecruiters,goldstonepartners,main
Gong,smartrecruiters,gong,main
Goodlord,smartrecruiters,goodlord,main
goPuff,smartrecruiters,gopuff,main
Gorgias,smartrecruiters,gorgias,main
Gousto,smartrecruiters,gousto1,main
GPFS,smartrecruiters,gpfs,main
Grand Food Inc,smartrecruiters,grandfoodinc,main
Granicus,smartrecruiters,granicus,main
Grantek Systems Integration,smartrecruiters,GrantekSystemsIntegration,main
Grass Valley,smartrecruiters,grassvalley,main
Grayscale,smartrecruiters,grayscale,main
Grazitti Interactive,smartrecruiters,grazittiinteractive,main
Green Earth,smartrecruiters,greenearth,main
Green Thumb Industries,smartrecruiters,greenthumbindustries,main
Greenpeace,smartrecruiters,greenpeace,main
Gridpoint,smartrecruiters,Gridpoint,main
Grist,smartrecruiters,grist,main
Groupon,smartrecruiters,groupon,main
Growe,smartrecruiters,growe,main
GrowthDay,smartrecruiters,growthday,main
Grupo Bimbo,smartrecruiters,grupobimbo,main
"GTC Machining, LLC",smartrecruiters,GTCMachiningLLC,main
GTECH,smartrecruiters,gtech,main
GTGS Logistics LLC,smartrecruiters,gtgslogisticsllc,main
"GTP, Inc.",smartrecruiters,gtpartners,main
Guardant Health,smartrecruiters,guardanthealth,main
Guidehealth,smartrecruiters,guidehealth,main
GuideIT,smartrecruiters,guideit,main
GymPass,smartrecruiters,gympass,main
H,smartrecruiters,h1,main
H&M Group,smartrecruiters,HMGroup,main
HackerRank,smartrecruiters,hackerrank,main
Hadronts,smartrecruiters,hadronts,main
Hagie Manufacturing Company,smartrecruiters,HagieManufacturingCompany,main
Hangar,smartrecruiters,hangar,main
"Hanna Interpreting Services, LLC",smartrecruiters,hannainterpretingservicesllc,main
HappyFunCorp,smartrecruiters,happyfuncorp1,main
Harlem Childrens Zone,smartrecruiters,harlemchildrenszone,main
Harnham,smartrecruiters,harnham,main
"Harold Jean-Louis, Inc.",smartrecruiters,haroldjean-louisinc,main
Harpeth Valley Utilities District,smartrecruiters,harpethvalleyutilitiesdistrict,main
Harvard University,smartrecruiters,HarvardUniversity,main
hasbro,smartrecruiters,hasbro,main
HashtagTalent,smartrecruiters,hashtagtalent,main
Hatch,smartrecruiters,hatch,main
Headway,smartrecruiters,headway,main
Health Dimensions Group,smartrecruiters,HealthDimensionsGroup2,main
Health Prime International,smartrecruiters,HealthPrimeInternational,main
Healthcare,smartrecruiters,healthcare,main
Healthcare Support Staffing,smartrecruiters,HealthcareSupportStaffing1,main
Healthedge,smartrecruiters,healthedge,main
Healthix,smartrecruiters,healthix,main
hear.com,smartrecruiters,hearcom,main
Hedrick Gardner Kincheloe & Garofalo LLP,smartrecruiters,hedrickgardnerkincheloegarofalollc,main
Hele Logistics LLC,smartrecruiters,helelogisticsllc,main
Helium SEO,smartrecruiters,heliumseo,main
HELLA,smartrecruiters,hella,main
HelloKindred,smartrecruiters,hellokindred,main
"Hennessy & Roach, P.C.",smartrecruiters,HennessyRoachPC,main
HenryTek,smartrecruiters,HenryTek,main
Herbalife,smartrecruiters,herbalife,main
HerCampus.com,smartrecruiters,HerCampuscom,main
Hexagon Lavish®,smartrecruiters,HexagonLavish,main
Hexagroup,smartrecruiters,hexagroup,main
heyData,smartrecruiters,heydata,main
highbeam,smartrecruiters,highbeam,main
Hillstone Restaurant Group,smartrecruiters,hillstonerestaurantgroup,main
HIMSS,smartrecruiters,himss,main
Hines,smartrecruiters,hines,main
Hire.Ventures,smartrecruiters,hireventures,main
"HireIO, Inc.",smartrecruiters,hireioinc,main
HireRight,smartrecruiters,hireright1,main
HIROTEC AMERICA,smartrecruiters,hirotecamerica,main
HIS LLC,smartrecruiters,HISLLC,main
Hitachi Solutions,smartrecruiters,hitachisolutions,main
Hive Logistics Inc,smartrecruiters,hivelogisticsinc,main
HiWave,smartrecruiters,hiwave,main
Holy Ship LLC,smartrecruiters,holyshipllc,main
home,smartrecruiters,home,main
Home Base,smartrecruiters,homebase,main
HomeXpress Mortgage Corp,smartrecruiters,HomeXpressMortgageCorp,main
Honeywell,smartrecruiters,honeywell,main
HookBang,smartrecruiters,hookbang,main
Hope Services,smartrecruiters,hopeservices,main
"Hopewell Center, Inc.",smartrecruiters,HopewellCenterInc,main
HopHR,smartrecruiters,hophr,main
Hopper,smartrecruiters,hopper,main
Horizon,smartrecruiters,horizon,main
Horizon Technologies Inc.,smartrecruiters,HorizonTechnologiesInc,main
HOS247 LLC,smartrecruiters,HOS247LLC,main
House of Kaizen,smartrecruiters,houseofkaizen,main
"Houston Engineering, Inc.",smartrecruiters,HoustonEngineeringInc,main
Howard Simon & Associats,smartrecruiters,hs,main
HoYoverse,smartrecruiters,hoyoverse,main
HR Solutions for Southern California,smartrecruiters,HRSolutionsForSouthernCalifornia,main
HSMC,smartrecruiters,hsmc1,main
HSSSoft,smartrecruiters,hsssoft,main
HTI,smartrecruiters,hti,main
Huawei Technologies,smartrecruiters,huaweitechnologies2,main
HubSpot,smartrecruiters,hubspot,main
HUCAPA,smartrecruiters,HUCAPA,main
Huck Adventures,smartrecruiters,HuckAdventures,main
Huckberry,smartrecruiters,huckberry,main
Hudl,smartrecruiters,hudl,main
Huge Ape Media,smartrecruiters,hugeapemedia,main
Huskey Truss & Building Supply,smartrecruiters,HuskeyTrussBuildingSupply,main
IB,smartrecruiters,ib,main
iCapital Network,smartrecruiters,icapitalnetwork,main
Icehouse Fit,smartrecruiters,IcehouseFit,main
Icertis,smartrecruiters,icertis,main
Idea Entity,smartrecruiters,ideaentity,main
IDEALFORCE LLC,smartrecruiters,IDEALFORCELLC,main
idexcel,smartrecruiters,Idexcel3,main
IDIQ,smartrecruiters,idiq,main
IDS International,smartrecruiters,idsinternational,main
iFixScreens,smartrecruiters,IFixScreens1,main
IFS,smartrecruiters,ifs1,main
igenius,smartrecruiters,igenius,main
Iguana Solutions USA,smartrecruiters,IguanaSolutionsUSA,main
Iguane Solutions,smartrecruiters,IguaneSolutions,main
iHealth Labs,smartrecruiters,IHealthLabs,main
iHerb,smartrecruiters,iherb,main
IHRC,smartrecruiters,ro,main
IJM,smartrecruiters,ijm,main
IKEA AL Homaizi Limited,smartrecruiters,ikeaalhomaizilimited,main
IKM,smartrecruiters,IKM,main
Image Associates Inc.,smartrecruiters,ImageAssociatesInc,main
Image Direct Sales,smartrecruiters,ImageDirectSales,main
iMarket Global Inc,smartrecruiters,imarketglobalinc,main
Immersive Solutions Group,smartrecruiters,ImmersiveSolutionsGroup,main
impact,smartrecruiters,impact,main
ImpactAssets,smartrecruiters,impactassets,main
Implify Inc,smartrecruiters,implifyinc,main
Imprint Projects,smartrecruiters,imprintprojects,main
Improvado,smartrecruiters,improvado,main
impulse,smartrecruiters,impulse,main
In-Touch Insight,smartrecruiters,intouchinsight,main
Inbulks Corp,smartrecruiters,InbulksCorp,main
INC Research,smartrecruiters,INCResearch,main
Incorporan.Inc,smartrecruiters,IncorporanInc,main
InDebted,smartrecruiters,indebted,main
Independent Food Company,smartrecruiters,independentfoodcompany,main
Independent Software,smartrecruiters,independentsoftware,main
INDG,smartrecruiters,indg,main
Indiana University Foundation,smartrecruiters,indianauniversityfoundation,main
Indie Source,smartrecruiters,IndieSource,main
Indigo Books & Music,smartrecruiters,indigobooksmusic,main
IndSoft Inc,smartrecruiters,indsoftinc,main
INFICON,smartrecruiters,INFICON2,main
Infinite Miles LLC,smartrecruiters,InfiniteMilesLLC,main
InfiniteQuant,smartrecruiters,InfiniteQuant,main
Infinitive,smartrecruiters,infinitive,main
Infinity Logistics Solutions,smartrecruiters,infinitylogisticssolutions,main
Influ2,smartrecruiters,influ2,main
Infojini Inc,smartrecruiters,InfojiniInc1,main
Informa Group Plc.,smartrecruiters,informagroupplc,main
Infrrd,smartrecruiters,infrrd,main
InGenius prep,smartrecruiters,ingeniusprep,main
Ingram Barge Company,smartrecruiters,IngramBargeCompany,main
Ingram Content Group,smartrecruiters,ingramcontentgroup1,main
INgroovesMusicGroup,smartrecruiters,INgroovesMusicGroup,main
Inland Empire Paper Co,smartrecruiters,inlandempirepaperco,main
InMobi,smartrecruiters,inmobi,main
INNERGY,smartrecruiters,INNERGY1,main
Innovapptive,smartrecruiters,innovapptive,main
INSEAD,smartrecruiters,insead,main
insider,smartrecruiters,insider,main
insightsoftware,smartrecruiters,insightsoftware,main
Insilico Logix,smartrecruiters,InsilicoLogix,main
Inspire Logistics LLC,smartrecruiters,inspirelogisticsllc,main
Instabase,smartrecruiters,instabase,main
Instacart,smartrecruiters,instacart,main
Instructure,smartrecruiters,instructure,main
Integra,smartrecruiters,integra,main
Integrated Resources INC,smartrecruiters,integratedresourcesinc,main
"Integres, LLC",smartrecruiters,IntegresLLC,main
IntegriChain,smartrecruiters,IntegriChain1,main
Integritee AG,smartrecruiters,integriteeag,main
IntellectEU,smartrecruiters,intellecteu,main
Intellyk INC,smartrecruiters,intellykinc,main
Inter IKEA Group,smartrecruiters,InterIKEAGroup,main
Interaction,smartrecruiters,interaction,main
Interactive Strategies,smartrecruiters,interactivestrategies,main
Intercloud,smartrecruiters,intercloud,main
Interco,smartrecruiters,Interco,main
"International Dairy Queen, Inc.",smartrecruiters,InternationalDairyQueen,main
International SOS Government Medical Services,smartrecruiters,internationalsosgovernmentmedicalservices,main
International Technological University,smartrecruiters,InternationalTechnologicalUniversity,main
InterNations,smartrecruiters,internations,main
Intertek,smartrecruiters,intertek,main
interworks,smartrecruiters,interworks,main
Intuit,smartrecruiters,intuit2,main
Intuitive,smartrecruiters,intuitive,main
InVita Healthcare Technologies,smartrecruiters,invitahealthcaretechnologies,main
INX International Ink Co.,smartrecruiters,INXInternationalInkCo,main
Ion Exhibits,smartrecruiters,IonExhibits,main
IOTA Community Schools,smartrecruiters,IOTACommunitySchools,main
iPipeline,smartrecruiters,ipipeline,main
ipromo,smartrecruiters,ipromo,main
IPS Security,smartrecruiters,IPSSecurity,main
IPsoft Inc.,smartrecruiters,IPsoftInc1,main
Ipsos,smartrecruiters,ipsos,main
irca Group,smartrecruiters,ircagroup,main
iris worldwide,smartrecruiters,irisworldwide,main
Iron Cumberland LLC,smartrecruiters,ironcumberlandllc,main
isc,smartrecruiters,isc,main
ISLG,smartrecruiters,bit,main
Isp Tech,smartrecruiters,isptech,main
"iSpace, Inc.",smartrecruiters,ispaceinc,main
IT,smartrecruiters,it1,main
IT Management Corp. dba 101 VOICE,smartrecruiters,ITManagementCorpDba101VOICE,main
It's Pretty Hair,smartrecruiters,itsprettyhair,main
iTek People Inc,smartrecruiters,ITekPeopleInc,main
ITG,smartrecruiters,itg,main
ITX,smartrecruiters,itx,main
J,smartrecruiters,j4,main
J.S. Held LLC,smartrecruiters,jsheldllc,main
Jack Link's Protein Snacks,smartrecruiters,jacklinksproteinsnacks,main
Jackie Talmo Decor,smartrecruiters,jackietalmodecor,main
Jacq Bennett Consulting,smartrecruiters,jacqbennettconsulting,main
Janea Systems,smartrecruiters,janeasystems,main
Jay Peak Resort,smartrecruiters,jaypeakresort,main
JB Consulting,smartrecruiters,jbconsulting,main
jbi digital,smartrecruiters,jbidigital,main
JBN LOGISTICS LLC,smartrecruiters,jbnlogisticsllc,main
JeffreyM Consulting,smartrecruiters,jeffreymconsulting,main
Jellysmack,smartrecruiters,jellysmack,main
jetfuel.agency,smartrecruiters,jetfuelagency,main
JJ:L,smartrecruiters,niche,main
JLS Trading Co,smartrecruiters,jlstradingco,main
JM Parcel Service LLC,smartrecruiters,jmparcelservicellc,main
JM Recruiting,smartrecruiters,jmrecruiting,main
JMAC Lending,smartrecruiters,jmaclending,main
Job Mobz,smartrecruiters,JobMobz1,main
jobandtalent,smartrecruiters,jobandtalent,main
jobboard,smartrecruiters,jobboard,main
jobs,smartrecruiters,jobs,main
Jobs for Humanity,smartrecruiters,jobsforhumanity,main
Jobs for Lebanon,smartrecruiters,JobsForLebanon,main
Jobsbridge,smartrecruiters,Jobsbridge1,main
John Snow Labs,smartrecruiters,johnsnowlabs,main
Josefs Pharmacy,smartrecruiters,josefspharmacy,main
Joveo Sandbox,smartrecruiters,joveosandbox,main
Juicebox,smartrecruiters,juicebox,main
Jumio,smartrecruiters,jumio,main
JumpCloud,smartrecruiters,jumpcloud,main
Jungle Scout,smartrecruiters,junglescout,main
Junglee Games,smartrecruiters,jungleegames,main
Junior,smartrecruiters,junior,main
JustWatch,smartrecruiters,justwatch,main
Justworks,smartrecruiters,justworks,main
K Quest LLC,smartrecruiters,kquestllc,main
"K2 Group, INC.",smartrecruiters,k2groupinc,main
K2 Partnering,smartrecruiters,k2partnering,main
Kabam,smartrecruiters,kabam,main
KAEFER Integrated Services Pty Ltd,smartrecruiters,KAEFERIntegratedServicesPtyLtd,main
Kaiyo,smartrecruiters,kaiyo,main
Kaizen CPAs + Advisors,smartrecruiters,KaizenCPAsAdvisors,main
Kanadevia Inova,smartrecruiters,kanadeviainova,main
KANO/APPS,smartrecruiters,kanoapps,main
Kanshe Infotech,smartrecruiters,KansheInfotech,main
Kargo,smartrecruiters,kargo,main
Kasa Practice Solutions,smartrecruiters,KasaPracticeSolutions,main
Kaskada,smartrecruiters,kaskada,main
Keenfinity,smartrecruiters,keenfinity,main
KeenLogic,smartrecruiters,keenlogic,main
KeepSafe,smartrecruiters,keepsafe,main
Kegman Inc.,smartrecruiters,kegmaninc,main
KELLEN,smartrecruiters,kellen,main
Kensington Tours,smartrecruiters,kensingtontours,main
Kepler Cheuvreux,smartrecruiters,keplercheuvreux,main
Key Cyber Solutions,smartrecruiters,KeyCyberSolutions,main
Keymailer Ltd,smartrecruiters,KeymailerLtd,main
KGS Technology Group Inc,smartrecruiters,kgstechnologygroupinc,main
Kimmel & Associates,smartrecruiters,kimmelassociates,main
KINGfisher,smartrecruiters,kingfisher2,main
KIPP,smartrecruiters,kipp,main
Kisco Senior Living,smartrecruiters,kiscoseniorliving,main
Kite Ping,smartrecruiters,KitePing,main
Kitopi,smartrecruiters,kitopi,main
Kittitas Valley Healthcare,smartrecruiters,KittitasValleyHealthcare,main
Kiva.org,smartrecruiters,kivaorg,main
KIXEYE,smartrecruiters,kixeye,main
Klap6,smartrecruiters,klap6,main
Klick,smartrecruiters,klick1,main
KMS Technology,smartrecruiters,kmstechnology1,main
knack,smartrecruiters,knack,main
Knobelsdorff Enterprises,smartrecruiters,knobelsdorffenterprises,main
Knowhirematch,smartrecruiters,knowhirematch,main
Kobiton,smartrecruiters,kobiton,main
Kofile Inc.,smartrecruiters,KofileInc,main
KOKO,smartrecruiters,koko,main
Kombo,smartrecruiters,kombo,main
Konrad Group,smartrecruiters,konradgroup,main
KPFF Consulting Engineers,smartrecruiters,kpffconsultingengineers,main
KQED,smartrecruiters,kqed,main
krg technology inc,smartrecruiters,krgtechnologyinc,main
Kronospan,smartrecruiters,Kronospan,main
Kruze consulting,smartrecruiters,kruzeconsulting,main
KSI Auto Parts,smartrecruiters,KSIAutoParts,main
Kuba Pay,smartrecruiters,kubapay,main
KUBRA,smartrecruiters,kubra,main
kuda,smartrecruiters,kuda,main
Kuehne-Nagel,smartrecruiters,kuehne-nagel,main
Kurt Geiger,smartrecruiters,kurtgeiger,main
KVH,smartrecruiters,kvh,main
Kyivstar,smartrecruiters,kyivstar,main
Kynect Express LLC,smartrecruiters,kynectexpressllc,main
L'OCCITANE,smartrecruiters,loccitane,main
LA Clippers,smartrecruiters,laclippers,main
LabAnswer,smartrecruiters,labanswer,main
Labor Finders,smartrecruiters,laborfinders,main
Lacedaemon Distributions LLC,smartrecruiters,lacedaemondistributionsllc,main
Ladd Dental Group,smartrecruiters,LaddDentalGroup,main
"Lakeshore Learning Materials, LLC",smartrecruiters,lakeshore,main
lalamove,smartrecruiters,lalamove,main
Lam Research,smartrecruiters,lamresearch,main
LAMBDA,smartrecruiters,lambda,main
Land O' Lakes,smartrecruiters,LandOLakes,main
Landmark Hospitality,smartrecruiters,landmarkhospitality,main
LANDPOINT,smartrecruiters,landpoint,main
Landscape Solutions,smartrecruiters,landscapesolutions,main
LanguageWire,smartrecruiters,languagewire,main
Larvol,smartrecruiters,larvol,main
LATCH,smartrecruiters,latch,main
later,smartrecruiters,later,main
Launch Healthcare,smartrecruiters,launchcareerscanada,main
Laxir,smartrecruiters,Laxir1,main
LeadDetail,smartrecruiters,LeadDetail,main
Leading Educators,smartrecruiters,leadingeducators,main
LeanTaaS,smartrecruiters,leantaas,main
Leap,smartrecruiters,leap,main
Leap Consulting Group,smartrecruiters,LeapConsultingGroup,main
LEAPWORK,smartrecruiters,leapwork,main
Learnkwik.com,smartrecruiters,Learnkwikcom,main
Learnosity,smartrecruiters,learnosity,main
Legacy Engineering,smartrecruiters,legacyengineering,main
LegalAndGeneral,smartrecruiters,LegalAndGeneral,main
LegalMatch,smartrecruiters,legalmatch,main
Lemon.io,smartrecruiters,lemonio,main
LendingTree,smartrecruiters,lendingtree,main
Lengow,smartrecruiters,lengow,main
Lesaffre,smartrecruiters,Lesaffre,main
Levee,smartrecruiters,levee,main
Level,smartrecruiters,level,main
Level All,smartrecruiters,LevelAll,main
Levelset,smartrecruiters,levelset,main
LevelUp,smartrecruiters,levelup,main
Levio,smartrecruiters,levio,main
LGC Group,smartrecruiters,lgcgroup,main
LGI Homes,smartrecruiters,lgihomes,main
LHC LOGISTICS LLC,smartrecruiters,lhclogisticsllc,main
Liberty Mutual,smartrecruiters,libertymutual,main
lieberman,smartrecruiters,lieberman,main
Life Line Screening,smartrecruiters,lifelinescreening,main
"Lifted, an Upwork Company™",smartrecruiters,liftedanupworkcompany,main
LIFTOFF DELIVERY LLC,smartrecruiters,liftoffdeliveryllc,main
Light & Wonder,smartrecruiters,lightwonder,main
Lightyear,smartrecruiters,lightyear,main
Likewise,smartrecruiters,likewise,main
Lincoln,smartrecruiters,Lincoln2,main
Line2,smartrecruiters,Line2,main
Linea Energy,smartrecruiters,lineaenergy,main
LineLeap,smartrecruiters,lineleap,main
Ling,smartrecruiters,ling,main
Lingatech,smartrecruiters,lingatech,main
LingoAce,smartrecruiters,lingoace,main
Lingraphica,smartrecruiters,Lingraphica,main
LinkedIn,smartrecruiters,linkedin3,main
LinkTag,smartrecruiters,LinkTag,main
Liongard,smartrecruiters,Liongard,main
Literably,smartrecruiters,literably,main
LivCor LLC,smartrecruiters,LivCorLLC1,main
LivePerson,smartrecruiters,liveperson,main
Living goods,smartrecruiters,livinggoods,main
Livo,smartrecruiters,livo,main
LLNL,smartrecruiters,llnl,main
Locinox,smartrecruiters,Locinox,main
Lodestar,smartrecruiters,lodestar,main
LOFT,smartrecruiters,loft,main
Logan Staffing,smartrecruiters,schulz,main
Logic20/20 Inc.,smartrecruiters,Logic2020Inc,main
Longbridge Financial,smartrecruiters,longbridgefinancial,main
LoopMe,smartrecruiters,loopme,main
Loram,smartrecruiters,Loram1,main
LottieFiles,smartrecruiters,LottieFiles,main
Louis Dreyfus Company,smartrecruiters,louisdreyfuscompany,main
Love Is...,smartrecruiters,LoveIs1,main
LTV,smartrecruiters,ltv,main
Luceats,smartrecruiters,Luceats,main
Lucid Software,smartrecruiters,lucidsoftware,main
Luna Lux,smartrecruiters,LunaLux1,main
Lupin Pharmaceuticals,smartrecruiters,lupinpharmaceuticals,main
"Luxe Media, LLC",smartrecruiters,luxemediallc,main
Luxus,smartrecruiters,luxus,main
Luxy Hair,smartrecruiters,luxyhair,main
LVMH Perfumes & Cosmetics,smartrecruiters,LVMHPerfumesCosmetics,main
Lyft,smartrecruiters,lyft,main
"Lynch Consultants, LLC",smartrecruiters,lynchconsultantsllc,main
LynxPath Logistics,smartrecruiters,lynxpathlogistics,main
Lyte,smartrecruiters,lyte,main
M,smartrecruiters,m13,main
M1 Finance,smartrecruiters,M1Finance,main
M3,smartrecruiters,m3,main
M3USA,smartrecruiters,m3usa,main
M9 Solutions,smartrecruiters,m9solutions,main
MACH,smartrecruiters,mach,main
Mack Logistics LLC,smartrecruiters,MackLogisticsLLC,main
Macys,smartrecruiters,macys,main
MadHive,smartrecruiters,madhive,main
madilo srl,smartrecruiters,madilosrl,main
Madison Ave Consulting,smartrecruiters,madisonaveconsulting,main
Magellan Partners,smartrecruiters,magellanpartners,main
Magic Ears,smartrecruiters,magicears,main
Maglev Aero Inc.,smartrecruiters,maglevaeroinc,main
magnolia,smartrecruiters,magnolia,main
MainspringEnergy,smartrecruiters,mainspringenergy,main
Makersights,smartrecruiters,makersights,main
"Malibu, Atlanta",smartrecruiters,MalibuAtlanta,main
Malwarebytes,smartrecruiters,malwarebytes,main
MAM BABY,smartrecruiters,mambaby,main
manifest,smartrecruiters,manifest,main
Manila Recruitment,smartrecruiters,manilarecruitment,main
Manitoulin Group of Companies,smartrecruiters,ManitoulinGroupOfCompanies,main
Marex,smartrecruiters,marex,main
Maricich Health,smartrecruiters,MaricichHealth,main
Mariner Partners Inc.,smartrecruiters,marinerpartnersinc,main
Mariners Church,smartrecruiters,marinerschurch,main
Market Force,smartrecruiters,marketforce,main
MarketBridge,smartrecruiters,marketbridge,main
Marlabs Inc,smartrecruiters,marlabsinc1,main
MAS Holdings,smartrecruiters,masholdings,main
Masimo,smartrecruiters,masimo,main
Master Class,smartrecruiters,masterclass,main
MasterBrand Cabinets LLC,smartrecruiters,masterbrandcabinetsllc,main
MasterCard,smartrecruiters,mastercard,main
"MAT Holdings, Inc",smartrecruiters,MATHoldings,main
Mathematica,smartrecruiters,mathematica,main
MATRIX RESOURCES,smartrecruiters,matrixresources1,main
MATTE projects,smartrecruiters,matteprojects,main
Mattel,smartrecruiters,mattelinc,main
Maximus,smartrecruiters,maximus,main
"MAXISIQ, Inc.",smartrecruiters,IOMAXISLLC,main
"MBA Consulting Services, Inc. (MBA CSi)",smartrecruiters,mbacsi,main
McClendon Center,smartrecruiters,McClendonCenter,main
McCloskey Partners,smartrecruiters,mccloskeypartners,main
McDonald's Österreich,smartrecruiters,McDonaldsOesterreich,main
McFadyen Digital,smartrecruiters,mcfadyendigital,main
MCG,smartrecruiters,mcg1,main
McGee Air Services,smartrecruiters,mcgeeairservices,main
mci,smartrecruiters,mci,main
McKesson,smartrecruiters,mckesson4,main
Mco,smartrecruiters,mco,main
McWane - Sandbox,smartrecruiters,McWane-Sandbox,main
"McWane, Inc.",smartrecruiters,mcwaneinc,main
Mdn,smartrecruiters,mdn,main
MealSuite,smartrecruiters,mealsuite,main
Measured Insurance,smartrecruiters,MeasuredInsurance,main
Medfar,smartrecruiters,Medfar,main
Mediabrands,smartrecruiters,mediabrands,main
MediaTrust,smartrecruiters,mediatrust,main
Medical Guardian,smartrecruiters,medicalguardian,main
MEDMARK,smartrecruiters,medmark,main
medmix,smartrecruiters,medmix,main
Medsien,smartrecruiters,medsien,main
Medtelligent,smartrecruiters,medtelligent,main
MedTrainer,smartrecruiters,medtrainer,main
MEDVACON,smartrecruiters,medvacon,main
Meesho,smartrecruiters,meesho,main
Meeting Tomorrow,smartrecruiters,meetingtomorrow,main
Mejuri,smartrecruiters,mejuri,main
Menkiti Group,smartrecruiters,MenkitiGroup,main
Mercado Libre,smartrecruiters,mercadolibre,main
Mercer Advisors,smartrecruiters,merceradvisors,main
Mercury,smartrecruiters,mercury,main
Mercury Insurance,smartrecruiters,mercuryinsurance,main
Mercury Logistics Group,smartrecruiters,mercurylogisticsgroup,main
Merit Solutions,smartrecruiters,meritsolutions,main
"Mesotech International, Inc.",smartrecruiters,MesotechInternationalInc,main
"MessageGears, LLC",smartrecruiters,messagegearsllc,main
Meta,smartrecruiters,meta1,main
MetaOption LLC,smartrecruiters,metaoption,main
Metaview,smartrecruiters,metaview,main
MetriX Talent Solutions,smartrecruiters,MetriXTalentSolutions,main
Metro,smartrecruiters,metro,main
Metronome,smartrecruiters,metronome,main
MicroCoders LLC,smartrecruiters,microcodersllc,main
Micron,smartrecruiters,micron,main
Microsoft,smartrecruiters,microsoft,main
Microsoft C,smartrecruiters,microsoftc1,main
MicroStrategy,smartrecruiters,MicroStrategy1,main
Midas Trucking,smartrecruiters,MidasTrucking,main
Midwest Special Services,smartrecruiters,midwestspecialservices,main
"Mike Freeman Chevrolet, INC.",smartrecruiters,mikefreemanchevroletinc,main
Milton CAT,smartrecruiters,miltoncat,main
Milum Express LLC,smartrecruiters,milumexpressllc,main
Mindlance,smartrecruiters,mindlance2,main
MindTickle,smartrecruiters,mindtickle,main
Minted,smartrecruiters,minted,main
Miracle software system,smartrecruiters,MiracleSoftwareSystem1,main
Mirage Automatisering BV,smartrecruiters,mirage,main
Mirantis,smartrecruiters,mirantis,main
Miratech,smartrecruiters,miratech1,main
Mission Critical Group,smartrecruiters,MissionCriticalGroup,main
MISSIONS INC.,smartrecruiters,missionsinc,main
MIT RESOURCE,smartrecruiters,mitresource,main
Mithril,smartrecruiters,mithril,main
Mitratech,smartrecruiters,mitratech,main
mkopa,smartrecruiters,mkopa,main
"MobiDavs, LLC",smartrecruiters,devpro,main
MobilityWare,smartrecruiters,mobilityware,main
Model N,smartrecruiters,modeln,main
Mole Street,smartrecruiters,molestreet,main
Momentum Financial Services Group,smartrecruiters,momentumfinancialservicesgroup,main
Monarch Communities,smartrecruiters,MonarchCommunities,main
MonetizeNow,smartrecruiters,MonetizeNow,main
Moneythink,smartrecruiters,moneythink,main
"Monro, Inc.",smartrecruiters,monroinc,main
Monterail,smartrecruiters,monterail,main
Montreal Associates,smartrecruiters,montrealassociates,main
Moonpig,smartrecruiters,moonpig,main
Morgan stanley,smartrecruiters,morganstanley,main
Morgan's Wonderland Camp,smartrecruiters,morganswonderlandcamp,main
Morguard,smartrecruiters,Morguard,main
Moro Tech,smartrecruiters,morotech,main
MOS,smartrecruiters,mos,main
MOSAIC,smartrecruiters,mosaic,main
Mountfitchet Group,smartrecruiters,mountfitchetgroup,main
Moxie,smartrecruiters,moxie,main
MPower Direct,smartrecruiters,mpowerdirect,main
Mr Apple,smartrecruiters,mrapple,main
MSC - Mediterranean Shipping Company,smartrecruiters,msc-mediterraneanshippingcompany,main
MSM,smartrecruiters,msm,main
MSX International,smartrecruiters,msxinternational,main
mta,smartrecruiters,mta,main
Munson Healthcare,smartrecruiters,munsonhealthcare1,main
My Team,smartrecruiters,myteam,main
Myriad Genetics,smartrecruiters,MyriadGenetics1,main
"Mystic Invest Holding, S.A",smartrecruiters,MysticInvestHoldingSA,main
MyTime,smartrecruiters,mytime,main
MyTutor,smartrecruiters,mytutor,main
N,smartrecruiters,n1,main
N,smartrecruiters,n4,main
n.l.c,smartrecruiters,nlc,main
Nagarro,smartrecruiters,nagarro1,main
Nanoheal,smartrecruiters,Nanoheal1,main
NAPA Auto Parts,smartrecruiters,NAPAAutoParts33,main
Napier,smartrecruiters,napier,main
Narvar,smartrecruiters,narvar,main
naseba,smartrecruiters,naseba,main
Natera,smartrecruiters,natera,main
National Debt Relief,smartrecruiters,nationaldebtrelief,main
National Vision,smartrecruiters,nationalvision1,main
native,smartrecruiters,native,main
Native Edge Landscape,smartrecruiters,NativeEdgeLandscape,main
NATIVE HEALTH,smartrecruiters,nativehealth,main
Nativo,smartrecruiters,nativo,main
NAVA+,smartrecruiters,nava,main
Nayya,smartrecruiters,nayya,main
NB Advisors,smartrecruiters,NBAdvisors,main
NBCUniversal,smartrecruiters,nbcuniversal3,main
nch,smartrecruiters,nch,main
nClouds,smartrecruiters,nclouds,main
NCS,smartrecruiters,ncs,main
Near North Montessori School,smartrecruiters,NearNorthMontessoriSchool,main
nearForm,smartrecruiters,nearform,main
Nearsure,smartrecruiters,nearsure,main
Nebula,smartrecruiters,nebula,main
Neighborhood Health,smartrecruiters,NeighborhoodHealth,main
Nemera,smartrecruiters,Nemera,main
Neo Financial,smartrecruiters,neofinancial,main
Neoris,smartrecruiters,neoris,main
NetDocuments,smartrecruiters,netdocuments,main
Netflix,smartrecruiters,netflix,main
Netomi,smartrecruiters,netomi,main
NetQuest,smartrecruiters,netquest,main
Netural,smartrecruiters,netural,main
NetWorth Realty USA,smartrecruiters,networthrealtyusa,main
netx,smartrecruiters,netx,main
NETZSCH Group,smartrecruiters,NETZSCHGroup,main
New England Donor Services,smartrecruiters,newenglanddonorservices,main
New Legacy Logistics LLC,smartrecruiters,newlegacylogisticsllc,main
New Relic,smartrecruiters,newrelic,main
New Venture Fund,smartrecruiters,newventurefund,main
New World Symphony,smartrecruiters,NewWorldSymphony,main
New York Food Company,smartrecruiters,NewYorkFoodCompany,main
New York Psychotherapy and Counseling Center,smartrecruiters,newyorkpsychotherapyandcounselingcenter,main
News Revenue Hub,smartrecruiters,newsrevenuehub,main
Newsela,smartrecruiters,newsela,main
Newton,smartrecruiters,newton,main
Newton Europe,smartrecruiters,newtoneurope,main
NEXGEN TECHNOLOGIES,smartrecruiters,nexgentechnologies,main
Nexio Projects,smartrecruiters,nexioprojects,main
Next Step Systems,smartrecruiters,nextstepsystems,main
Nextdoor,smartrecruiters,nextdoor,main
Nexthink,smartrecruiters,nexthink,main
NextSense,smartrecruiters,NextSense,main
NexusOP,smartrecruiters,nexusop,main
Nexvel Solutions,smartrecruiters,nexvelsolutions,main
nfrastructure,smartrecruiters,nfrastructure,main
"NIC.KL, Inc.",smartrecruiters,NICKLInc,main
NielsenIQ,smartrecruiters,nielseniq,main
Nityo Infotech,smartrecruiters,nityoinfotech1,main
NJIT,smartrecruiters,njit,main
NMC,smartrecruiters,NMC1,main
NOCD,smartrecruiters,NOCD,main
nokia,smartrecruiters,nokia,main
North Star Staffing Solutions,smartrecruiters,NorthStarStaffingSolutions1,main
Northbeam,smartrecruiters,northbeam,main
Northrop Realty,smartrecruiters,NorthropRealty,main
Northstar Logistics LLC DBA Northstar Logistics NYC,smartrecruiters,northstarlogisticsllcdbanorthstarlogisticsnyc,main
Northwestern Memorial Healthcare,smartrecruiters,northwesternmedicine,main
Northwestern Mutual,smartrecruiters,northwesternmutual,main
Norwegian Cruise Line,smartrecruiters,norwegiancruiseline,main
Notable,smartrecruiters,notable,main
Novum Research,smartrecruiters,maps,main
nscglobal,smartrecruiters,nscglobal,main
NST. Inc.,smartrecruiters,nstinc,main
NT Concepts,smartrecruiters,ntconcepts,main
NTT Data,smartrecruiters,nttdata,main
Nubank,smartrecruiters,nubank,main
NVIDIA,smartrecruiters,nvidia,main
NXTKEY CORPORATION,smartrecruiters,nxtkeycorporation,main
NYC Delivery LLC,smartrecruiters,nycdeliveryllc,main
NYIT,smartrecruiters,nyit,main
O-I,smartrecruiters,O-I,main
OceanaGold,smartrecruiters,OceanaGold,main
Ocelot Logistics LLC,smartrecruiters,ocelotlogisticsllc,main
OCI,smartrecruiters,oci,main
Ocorian,smartrecruiters,ocorian,main
Odaseva,smartrecruiters,odaseva,main
Oetiker,smartrecruiters,oetiker,main
OfferUp,smartrecruiters,offerup,main
Office Depot,smartrecruiters,officedepot,main
OfficeSpace Software,smartrecruiters,officespacesoftware,main
Oklahoma Department of Human Services,smartrecruiters,oklahomadepartmentofhumanservices,main
Olympus Property,smartrecruiters,olympusproperty,main
Omada Health,smartrecruiters,omadahealth,main
Omni,smartrecruiters,omni,main
OMS,smartrecruiters,oms,main
On Point,smartrecruiters,OnPoint1,main
On The Stage,smartrecruiters,onthestage,main
Onecore,smartrecruiters,onecore,main
OneVest,smartrecruiters,onevest,main
Onfido,smartrecruiters,onfido,main
"OnSite Care, Inc.",smartrecruiters,onsitecareinc,main
Ooma,smartrecruiters,ooma,main
Open,smartrecruiters,open,main
Open Road,smartrecruiters,openroad,main
Open Road Media,smartrecruiters,openroadmedia,main
OpenJobs,smartrecruiters,openjobs,main
"Optima Technologies, Inc.",smartrecruiters,OptimaTechnologiesInc,main
optimum,smartrecruiters,optimum,main
Opus,smartrecruiters,opus2,main
Oracle,smartrecruiters,oracle,main
ORAU,smartrecruiters,orau,main
orbit,smartrecruiters,orbit,main
Order,smartrecruiters,order,main
OrderMyGear,smartrecruiters,ordermygear,main
Origami Risk,smartrecruiters,origamirisk,main
Orsini Healthcare,smartrecruiters,orsinihealthcare,main
Oterra,smartrecruiters,Oterra1,main
Other,smartrecruiters,other,main
"Otter, LLC",smartrecruiters,OtterLLC,main
Our National Conversation,smartrecruiters,OurNationalConversation,main
Owner,smartrecruiters,owner,main
Oxfam America,smartrecruiters,oxfamamerica2,main
Oxford International,smartrecruiters,oxfordinternational,main
PA Consulting,smartrecruiters,paconsulting,main
Pace,smartrecruiters,pace,main
Packt publishing,smartrecruiters,packtpublishing,main
PagerDuty,smartrecruiters,pagerduty,main
Paladin Technologies,smartrecruiters,paladintechnologies,main
Palm Medical Centers,smartrecruiters,palmmedicalcenters,main
Paradigm,smartrecruiters,paradigm,main
Paradox,smartrecruiters,paradox,main
Paragon,smartrecruiters,paragon,main
ParentSquare,smartrecruiters,parentsquare,main
parker,smartrecruiters,parker,main
Parker Wellbore,smartrecruiters,ParkerDrilling1,main
Parkland,smartrecruiters,parkland,main
Parman Energy,smartrecruiters,parmanenergy,main
Parrot,smartrecruiters,parrot,main
"Passion for Life, Inc.",smartrecruiters,PassionForLifeInc,main
PatientPoint,smartrecruiters,patientpoint,main
Payscale,smartrecruiters,payscale,main
PDC Machines,smartrecruiters,PDCMachines,main
PDT Partners,smartrecruiters,pdtpartners,main
Peak Games,smartrecruiters,peakgames,main
Peak Performance,smartrecruiters,peakperformance,main
Peek,smartrecruiters,peek,main
Pegadaian,smartrecruiters,pegadaian,main
Percepta,smartrecruiters,percepta,main
Perennial,smartrecruiters,perennial,main
"Perfect Staffing Solutions, LLC",smartrecruiters,PerfectStaffingSolutionsLLC,main
Perforce Software,smartrecruiters,perforce,main
PerformYard,smartrecruiters,performyard,main
Perplexity,smartrecruiters,perplexity,main
Persado,smartrecruiters,persado,main
Persistent Systems,smartrecruiters,persistentsystems,main
PharmaCannis,smartrecruiters,PharmaCannis,main
Pharos Academy Charter School,smartrecruiters,PharosAcademyCharterSchool,main
Phase2Careers,smartrecruiters,phase2careers,main
"Phil, Inc.",smartrecruiters,philinc,main
Phillips Consulting,smartrecruiters,phillipsconsulting,main
Phoenix American Inc,smartrecruiters,PhoenixAmericanInc,main
Phoenix Stamping Group,smartrecruiters,PhoenixStampingGroup,main
PhonePe,smartrecruiters,phonepe,main
PhotoShelter,smartrecruiters,photoshelter,main
Pie Insurance,smartrecruiters,pieinsurance,main
Pillar Technology,smartrecruiters,pillartechnology,main
Pilot Company,smartrecruiters,pilotcompany,main
Ping Identity,smartrecruiters,pingidentity,main
Pinterest,smartrecruiters,pinterest,main
"Pioneer Data Systems, Inc",smartrecruiters,pioneerdatasystemsinc,main
Pipedrive,smartrecruiters,pipedrive,main
Pipeworks,smartrecruiters,pipeworks,main
piramal,smartrecruiters,piramal,main
"PiTal Staffing Worldwide, Inc.",smartrecruiters,PiTalStaffingWorldwideInc,main
Pivotal,smartrecruiters,pivotal,main
Placements.io,smartrecruiters,placementsio,main
Planet Beauty,smartrecruiters,planetbeauty,main
Plante Moran,smartrecruiters,plantemoran,main
Platzi,smartrecruiters,platzi,main
Playtech,smartrecruiters,playtech,main
pMDsoft,smartrecruiters,pmdsoft,main
Polestar,smartrecruiters,polestar,main
PortKey Delivery LLC,smartrecruiters,portkeydeliveryllc,main
Powell Supportive Services,smartrecruiters,PowellSupportiveServices,main
power,smartrecruiters,power,main
PowerPay,smartrecruiters,PowerPay1,main
Pran group,smartrecruiters,prangroup,main
Praxent,smartrecruiters,praxent,main
Praytell,smartrecruiters,praytell,main
PRC,smartrecruiters,prc,main
Precision Logistics Corp,smartrecruiters,precisionlogisticscorp,main
Precision Technologies,smartrecruiters,precisiontechnologies1,main
Precoat Metals,smartrecruiters,PrecoatMetals,main
Preferred Warranties Inc,smartrecruiters,PreferredWarrantiesInc,main
Prelude,smartrecruiters,prelude,main
Presidency Solutions,smartrecruiters,presidencysolutions1,main
PRESTIGE,smartrecruiters,prestige,main
Prezi.com Kft.,smartrecruiters,prezi,main
Primary,smartrecruiters,primary,main
Prime Providers,smartrecruiters,PrimeProviders,main
PrimeLine Utility Services,smartrecruiters,PrimeLineUtilityServices,main
PrimeSkill Staffing,smartrecruiters,primeskillstaffing1,main
PRISM Bags,smartrecruiters,PRISMBags,main
Privia Health,smartrecruiters,PriviaHealth,main
ProAutomated,smartrecruiters,proautomated,main
Procom Consultants Group,smartrecruiters,procomconsultantsgroup,main
Procom Services,smartrecruiters,ProcomServices,main
PROCON,smartrecruiters,procon,main
Product School,smartrecruiters,productschool,main
"Proficio, Inc.",smartrecruiters,proficioinc,main
Progressive Cleaning,smartrecruiters,ProgressiveCleaning,main
Project Bread,smartrecruiters,projectbread,main
Prominence Advisors,smartrecruiters,prominenceadvisors,main
pronto,smartrecruiters,pronto,main
proSapient,smartrecruiters,prosapient,main
"ProSidian Consulting, LLC",smartrecruiters,prosidianconsulting,main
Prosum,smartrecruiters,Prosum2,main
Protera,smartrecruiters,protera,main
ProtoLabs,smartrecruiters,protolabs,main
Provectus,smartrecruiters,provectus,main
Proximate Technologies Inc.,smartrecruiters,ProximateTechnologiesInc1,main
PS Logistics,smartrecruiters,PSLogistics,main
PSG Global Solutions,smartrecruiters,psgglobalsolutions2,main
PSI CRO,smartrecruiters,psicro,main
PTC,smartrecruiters,ptc,main
Ptg,smartrecruiters,ptg,main
Public Storage,smartrecruiters,publicstorage,main
PubMatic,smartrecruiters,pubmatic,main
PuertoRicoNurses.Com,smartrecruiters,PuertoRicoNursesCom,main
pureIntegration,smartrecruiters,PureIntegration,main
"PurpleBox, Inc.",smartrecruiters,purpleboxinc,main
PwC Portugal,smartrecruiters,pwcportugal,main
Pylon,smartrecruiters,pylon,main
pymetrics,smartrecruiters,pymetrics,main
Pythian,smartrecruiters,pythian,main
Q-CTRL,smartrecruiters,q-ctrl,main
"QAD, Inc.",smartrecruiters,qadinc,main
Qmulos,smartrecruiters,Qmulos,main
Qoala,smartrecruiters,qoala,main
QONTO,smartrecruiters,qonto,main
Qoria,smartrecruiters,qoria,main
QSL,smartrecruiters,QSL,main
Qualco,smartrecruiters,qualco,main
Qualdoc,smartrecruiters,qualdoc,main
Qualia,smartrecruiters,qualia,main
QualiTest,smartrecruiters,qualitest1,main
Quality Education Company,smartrecruiters,qualityeducationcompany,main
Quality Tank Solutions,smartrecruiters,qualitytanksolutions,main
QualityLogic,smartrecruiters,qualitylogic,main
Qualysoft,smartrecruiters,qualysoft,main
Quanticate,smartrecruiters,quanticate,main
Quantivate,smartrecruiters,Quantivate,main
Quantix,smartrecruiters,Quantix,main
Quantum Motion,smartrecruiters,quantummotion,main
quartic.ai,smartrecruiters,quarticai,main
Quest,smartrecruiters,quest,main
Quest Diagnostics,smartrecruiters,questdiagnostics7,main
Quest National Services,smartrecruiters,questns,main
Quicken Loans,smartrecruiters,quickenloans3,main
QuintoAndar,smartrecruiters,quintoandar,main
r,smartrecruiters,r2,main
R&R Business Consultants,smartrecruiters,rrbusinessconsultants,main
RA,smartrecruiters,ra2,main
Rackner,smartrecruiters,rackner,main
Radiant Info Systems Ltd,smartrecruiters,RadiantInfoSystemsLtd,main
Radius Limited,smartrecruiters,radiuslimited,main
"Radon Solutions, Inc.",smartrecruiters,radonsolutionsinc,main
RAI,smartrecruiters,rai,main
Rain,smartrecruiters,rain,main
Raising Cane's,smartrecruiters,RaisingCanes,main
RAKUNA,smartrecruiters,rakuna1,main
Rally Assets,smartrecruiters,rallyassets,main
Ramboll,smartrecruiters,ramboll3,main
Randstad,smartrecruiters,Randstad4,main
Rapp,smartrecruiters,rapp,main
Rapsodo,smartrecruiters,rapsodo,main
RavenPack,smartrecruiters,ravenpack,main
RCH Solutions,smartrecruiters,rchsolutions,main
RE/SPEC Inc.,smartrecruiters,respecinc,main
ReadMe,smartrecruiters,readme,main
RealDefense,smartrecruiters,realdefense,main
RealSelf,smartrecruiters,realself,main
Realty ONE Group,smartrecruiters,RealtyOneGroup1,main
Recidiviz,smartrecruiters,recidiviz,main
Recours Four Kenya Consultants Limited,smartrecruiters,RecoursFourKenyaConsultantsLimited,main
RecruitLoop,smartrecruiters,recruitloop,main
Recurly,smartrecruiters,recurly,main
Red Arch Solutions,smartrecruiters,redarchsolutions,main
Red Bull,smartrecruiters,RedBull,main
Red Carpet Logistics LLC,smartrecruiters,redcarpetlogisticsllc,main
Red Clay Consulting,smartrecruiters,redclayconsulting,main
Red Knight Solutions,smartrecruiters,redknightsolutions,main
Red Nucleus,smartrecruiters,rednucleus,main
Red Ventures,smartrecruiters,redventures,main
Red Wing Shoe Company,smartrecruiters,RedWingShoeCompany,main
REDICA Systems,smartrecruiters,redicasystems,main
Reedsy,smartrecruiters,reedsy,main
reformation,smartrecruiters,reformation,main
Reiss,smartrecruiters,reiss,main
Relais & Châteaux,smartrecruiters,relaischateaux,main
Relentless Recovery Inc.,smartrecruiters,Ziebro,main
ReliaTrack Logistics LLC,smartrecruiters,reliatracklogisticsllc,main
Reltio,smartrecruiters,reltio,main
Relu,smartrecruiters,relu,main
Remote-Recruitment,smartrecruiters,remoterecruitment,main
remoteva,smartrecruiters,remoteva,main
Renaissance,smartrecruiters,renaissance,main
Renesas Electronics,smartrecruiters,renesaselectronics,main
Renewed Vision,smartrecruiters,renewedvision,main
Rent the Runway,smartrecruiters,renttherunway,main
Reporters Committee for Freedom of the Press,smartrecruiters,reporterscommitteeforfreedomofthepress,main
Reputation Partners,smartrecruiters,ReputationPartners,main
res,smartrecruiters,res,main
ReSource Pro,smartrecruiters,resourcepro,main
"Resourcex,Inc.",smartrecruiters,resourcexinc,main
Resultant,smartrecruiters,resultant,main
Rethink,smartrecruiters,rethink,main
retired,smartrecruiters,retired,main
Rev,smartrecruiters,rev,main
Revalize,smartrecruiters,revalize,main
Reveal MedSpa,smartrecruiters,reveal,main
Revenue Analytics,smartrecruiters,revenueanalytics,main
Reverb,smartrecruiters,reverb,main
ReversingLabs,smartrecruiters,reversinglabs,main
Revolar,smartrecruiters,Revolar,main
Reward Gateway,smartrecruiters,rewardgateway,main
Rewards Network,smartrecruiters,rewardsnetwork,main
REXEL,smartrecruiters,rexel1,main
Rezedent.com,smartrecruiters,rezedentcom,main
RFI Global,smartrecruiters,rfiglobal,main
RGA,smartrecruiters,rga,main
RGI,smartrecruiters,rgi,main
"Rhyno Logistics, Inc",smartrecruiters,rhynologisticsinc,main
RhynoCare,smartrecruiters,rhynocare,main
Ribbit Computers,smartrecruiters,RibbitComputers,main
Ridgely Logistics LLC,smartrecruiters,ridgelylogisticsllc,main
RightEye,smartrecruiters,righteye,main
Ripples Edge Media,smartrecruiters,RipplesEdgeMedia,main
Rippling,smartrecruiters,rippling,main
Riscure,smartrecruiters,riscure,main
Rise Local,smartrecruiters,RiseLocal1,main
"RIVO Holdings, LLC",smartrecruiters,RIVOHoldingsLLC,main
"RKL & Associates, LLC",smartrecruiters,rkl,main
RLB,smartrecruiters,rlb,main
Road Runner Sports,smartrecruiters,roadrunnersports,main
robusta,smartrecruiters,robusta,main
Rocket Internet,smartrecruiters,rocketinternet,main
Rocketmiles,smartrecruiters,rocketmiles,main
Rockford Bride,smartrecruiters,rockfordbride,main
Roland & Associates,smartrecruiters,rolandassociates,main
Roland Berger,smartrecruiters,rolandberger,main
Roll Group,smartrecruiters,RollGroup,main
Rotork,smartrecruiters,rotork1,main
ROUSH,smartrecruiters,roush,main
Rowan,smartrecruiters,rowan,main
RPI Consultants,smartrecruiters,RPIConsultants,main
RR Donnelley,smartrecruiters,rrdonnelley,main
RTI,smartrecruiters,rti,main
RUMBLE,smartrecruiters,rumble,main
RYTHM,smartrecruiters,rythm,main
SA Technologies Inc.,smartrecruiters,SATechnologiesInc4,main
Sab,smartrecruiters,sab,main
SAC,smartrecruiters,sac,main
"SAFEWAY GARAGE DOORS, LLC",smartrecruiters,safewaygaragedoorsllc,main
"SafeWorks, LLC",smartrecruiters,SafeWorksLLC,main
Sahara,smartrecruiters,sahara,main
SAHL,smartrecruiters,sahl,main
SAI,smartrecruiters,sai,main
Sajix Software Solution Private Limited,smartrecruiters,sajixsoftwaresolutionprivatelimited,main
Sales Consulting,smartrecruiters,salesconsulting,main
Sales Focus Inc,smartrecruiters,salesfocusinc,main
Salomon,smartrecruiters,Salomon,main
Salud Family Health,smartrecruiters,SaludFamilyHealthCenters,main
Samasource,smartrecruiters,samasource,main
Samsung,smartrecruiters,samsung1,main
Sandisk,smartrecruiters,sandisk,main
Sandy Hook Promise,smartrecruiters,sandyhookpromise,main
Sanford Health,smartrecruiters,sanfordhealth,main
Sans,smartrecruiters,sans2,main
SAP,smartrecruiters,sap,main
Sawyer Studios,smartrecruiters,sawyerstudios,main
Saxon Global,smartrecruiters,SaxonGlobal,main
Say Operations LLC,smartrecruiters,sayoperationsllc,main
sbec,smartrecruiters,sbec,main
"SBT Global, Inc.",smartrecruiters,sbtglobalinc,main
ScaleOps,smartrecruiters,ScaleOps,main
Scalian,smartrecruiters,Scalian,main
scalr,smartrecruiters,scalr,main
Scentbird,smartrecruiters,scentbird,main
Schneider Downs,smartrecruiters,schneiderdowns,main
Schonfeld,smartrecruiters,schonfeld,main
Schroders,smartrecruiters,schroders,main
Schréder,smartrecruiters,schrder,main
Schwebel Baking Company,smartrecruiters,schwebelbakingcompany,main
Scopic Software,smartrecruiters,scopicsoftware,main
SDS,smartrecruiters,sds,main
SDSURF,smartrecruiters,sdsurf,main
SEAKR Engineering,smartrecruiters,SEAKREngineering,main
Seamen's Bank,smartrecruiters,seamensbank,main
Seamless.AI,smartrecruiters,seamlessai,main
Search,smartrecruiters,search,main
Sears,smartrecruiters,sears2,main
Seasats,smartrecruiters,seasats,main
Second Nature,smartrecruiters,secondnature,main
Sectigo,smartrecruiters,sectigo,main
SecurAmerica LLC,smartrecruiters,SecurAmericaLLC,main
Secure Parcel Delivery LLC,smartrecruiters,secureparceldeliveryllc,main
Secure Transit and Logistics LLC,smartrecruiters,securetransitandlogisticsllc,main
"Securitas Security Services USA, Inc.",smartrecruiters,securitassecurityservicesusainc,main
Securiti,smartrecruiters,Securiti,main
SecZetta,smartrecruiters,seczetta,main
SEE-LA,smartrecruiters,SEE-LA,main
SeekOut,smartrecruiters,SeekOut,main
SEER Interactive,smartrecruiters,seerinteractive,main
SEI,smartrecruiters,sei,main
Senior Lifestyle,smartrecruiters,SeniorLifestyle1,main
Senior plc,smartrecruiters,SeniorPlc1,main
"Senior Resource Group, LLC",smartrecruiters,SeniorResourceGroupLLC,main
Sensia,smartrecruiters,sensia,main
SensorTower,smartrecruiters,sensortower,main
SEP,smartrecruiters,sep,main
Sequence,smartrecruiters,sequence,main
Serigor inc.,smartrecruiters,serigorinc,main
Serio Plast,smartrecruiters,serioplast,main
Sertis,smartrecruiters,sertis,main
ServiceNow,smartrecruiters,servicenow,main
SESO Labor,smartrecruiters,sesolabor,main
Sezzle,smartrecruiters,sezzle,main
SFC,smartrecruiters,sfc,main
SGS,smartrecruiters,sgs,main
Shake Shack,smartrecruiters,ShakeShack,main
Shantel,smartrecruiters,Shantel,main
Shaped,smartrecruiters,Shaped,main
"Sheladia Associates, Inc",smartrecruiters,sheladiaassociates,main
Sherwin-Williams,smartrecruiters,sherwinwilliams,main
Shift Technology,smartrecruiters,shifttechnology,main
Shiji Group,smartrecruiters,shijigroup,main
Shipbird,smartrecruiters,shipbird,main
Shippabo,smartrecruiters,shippabo,main
Shotgun,smartrecruiters,shotgun,main
ShowMojo,smartrecruiters,showmojo,main
Shpock,smartrecruiters,shpock,main
Sia,smartrecruiters,sia,main
Sibylline Ltd,smartrecruiters,SibyllineLtd,main
Sierra Club,smartrecruiters,sierraclub,main
SightCall,smartrecruiters,sightcall,main
Signal,smartrecruiters,signal,main
"Signal Vine, Inc",smartrecruiters,SignalVineInc,main
Signode,smartrecruiters,signode,main
Sika AG,smartrecruiters,SikaAG,main
Silfab Solar,smartrecruiters,silfabsolar,main
Silvaco,smartrecruiters,Silvaco1,main
Simpplr,smartrecruiters,simpplr,main
Single Grain,smartrecruiters,singlegrain,main
Sirtex,smartrecruiters,sirtex,main
Six Bricks,smartrecruiters,SixBricks,main
SIXT,smartrecruiters,sixt,main
SK hynix America,smartrecruiters,skhynixamerica,main
Skanska,smartrecruiters,skanska,main
Skillshare,smartrecruiters,skillshare,main
Skroutz,smartrecruiters,skroutz,main
Sky Solutions LLC.,smartrecruiters,skysolutionsllc,main
Skyline Construction,smartrecruiters,skylineconstruction,main
Skyline Management,smartrecruiters,skylinemanagement,main
Skyward,smartrecruiters,Skyward1,main
slice,smartrecruiters,slice1,main
Slick Rock Tanning & Spa,smartrecruiters,slickrocktanningspa,main
Slite,smartrecruiters,slite,main
Smart Coos,smartrecruiters,smartcoos,main
Smart Step,smartrecruiters,smartstep,main
Smart Technologies,smartrecruiters,smarttechnologies,main
SmartCommerce,smartrecruiters,smartcommerce,main
Smartkarma,smartrecruiters,Smartkarma,main
SmartVault,smartrecruiters,smartvault,main
Smith Staffing Services,smartrecruiters,SmithStaffingServices,main
Smiths Group,smartrecruiters,smithsgroup2,main
SMS,smartrecruiters,sms,main
Snapfish,smartrecruiters,snapfish,main
snipebridge,smartrecruiters,snipebridge,main
SNR Logistics LLC,smartrecruiters,snrlogisticsllc,main
snuggs,smartrecruiters,snuggs,main
Sobi,smartrecruiters,sobi,main
soccerloco,smartrecruiters,Soccerloco,main
Society19 Media LLC,smartrecruiters,society19mediallc,main
SOCOTEC,smartrecruiters,Socotec,main
Softonic,smartrecruiters,softonic,main
Softpath System LLC,smartrecruiters,SoftpathSystemLLC,main
Software Technology Inc,smartrecruiters,softwaretechnologyinc2,main
Soho House & Co,smartrecruiters,sohohouseco,main
Sojern,smartrecruiters,sojern,main
Solar Provider Group,smartrecruiters,solarprovidergroup,main
SolarCity,smartrecruiters,solarcity,main
Solidigm,smartrecruiters,solidigm,main
SOMFY Group,smartrecruiters,somfygroup,main
sona,smartrecruiters,sona,main
Sonic Automotive,smartrecruiters,SonicAutomotive,main
Sono Bello,smartrecruiters,sonobello,main
Sonoma Consulting Inc.,smartrecruiters,sonomaconsultinginc,main
Sonsoft Inc,smartrecruiters,SonsoftInc,main
Sophos,smartrecruiters,sophos,main
Sopra Steria,smartrecruiters,SopraSteria1,main
SOSi,smartrecruiters,sosi1,main
Source Interim Services,smartrecruiters,source,main
SourceDirect Talent,smartrecruiters,SourceDirectTalent,main
Southern Company,smartrecruiters,southerncompany,main
SouthTek Resources,smartrecruiters,SouthTekResources,main
Southworks,smartrecruiters,southworks,main
Sovrn,smartrecruiters,sovrn,main
SpaceX,smartrecruiters,spacex,main
Span,smartrecruiters,span,main
Spark Solutions,smartrecruiters,sparksolutions,main
Sparksoft Corporation,smartrecruiters,sparksoftcorporation,main
Speakeasy,smartrecruiters,speakeasy,main
"Spectrum Retirement Communities, LLC",smartrecruiters,SpectrumRetirementCommunities,main
Speedinvest,smartrecruiters,speedinvest,main
Speridian Technologies,smartrecruiters,speridiantechnologies,main
Splash International,smartrecruiters,splashinternational,main
Sponsors for Educational Opportunity,smartrecruiters,sponsorsforeducationalopportunity,main
Sportradar,smartrecruiters,sportradar,main
Spotify,smartrecruiters,spotify,main
Spreetail,smartrecruiters,spreetail,main
Spring Venture Group,smartrecruiters,SpringVentureGroup1,main
Springboard Collaborative,smartrecruiters,springboardcollaborative,main
SprocketPRO,smartrecruiters,SprocketPRO,main
SproutLoud,smartrecruiters,sproutloud,main
Spruce Infotech Inc,smartrecruiters,SpruceInfotechInc,main
SQexpets LLC,smartrecruiters,SQexpetsLLC,main
SquareTrade,smartrecruiters,SquareTrade1,main
SRI,smartrecruiters,sri,main
SRS|Acquiom,smartrecruiters,srsacquiom,main
SSENSE,smartrecruiters,ssense1,main
St. Joseph Center,smartrecruiters,STJOSEPHCENTER,main
St. Luke's School,smartrecruiters,stlukesschool,main
StackOne,smartrecruiters,stackone,main
Standard Chartered,smartrecruiters,standardchartered,main
Stanford Medicine Children's Health,smartrecruiters,StanfordMedicineChildrensHealth,main
Stantec,smartrecruiters,stantec,main
Starbucks,smartrecruiters,starbucks,main
Startifier INC,smartrecruiters,startifierinc,main
Startup Voyager,smartrecruiters,startupvoyager,main
StartupTAP,smartrecruiters,startuptap,main
Statkraft,smartrecruiters,statkraft1,main
Stawco,smartrecruiters,Stawco,main
StayNTouch,smartrecruiters,stayntouch,main
STCU,smartrecruiters,STCU1,main
Stealth Startup,smartrecruiters,stealthstartup,main
StealthCo,smartrecruiters,stealthco,main
"Steel Fabricators, LLC",smartrecruiters,SteelFabricatorsLLC,main
SteelBridge Solutions,smartrecruiters,SteelBridgeSolutions,main
Stefanini,smartrecruiters,stefanini1,main
stellar,smartrecruiters,stellar,main
Stem Xpert,smartrecruiters,StemXpert1,main
StepStone Group,smartrecruiters,StepStoneGroup,main
Sterling Enterprise LLC,smartrecruiters,sterlingenterprisellc,main
"Sterling Ledet & Associates, Inc.",smartrecruiters,LedetTrainingCenters,main
Stifel,smartrecruiters,stifel,main
STL,smartrecruiters,stl,main
STOW Group,smartrecruiters,stowgroup,main
Stratas Foods,smartrecruiters,stratasfoods,main
Strategic Gears,smartrecruiters,strategicgears,main
"strategic HR, inc.",smartrecruiters,strategichrinc,main
Strategic Solutions,smartrecruiters,strategicsolutions,main
Stream Realty,smartrecruiters,streamrealty,main
Street,smartrecruiters,street,main
Stronger Consulting,smartrecruiters,strongerconsulting,main
"Studio 613, Inc.",smartrecruiters,studio613inc,main
Study Abroad Europe,smartrecruiters,studyabroadeurope,main
Stäubli,smartrecruiters,staubligroup,main
SugarCRM,smartrecruiters,sugarcrm,main
Suki,smartrecruiters,suki,main
Summer Discovery,smartrecruiters,summerdiscovery,main
Summit,smartrecruiters,summit,main
Summit Electric Supply,smartrecruiters,SummitElectricSupply,main
Summit Funding,smartrecruiters,summitfunding1,main
Sumo Digital,smartrecruiters,sumodigital,main
Sumo Logic,smartrecruiters,sumologic,main
"Sunbird Software, Inc.",smartrecruiters,sunbirdsoftwareinc,main
Sungro Horticulture,smartrecruiters,sungrohorticulture,main
sunrise,smartrecruiters,sunrise,main
Sunrun,smartrecruiters,Sunrun1,main
Sunsationall,smartrecruiters,Sunsationall,main
Sunstar INC,smartrecruiters,sunstarinc1,main
Super Soccer Stars,smartrecruiters,SuperSoccerStars,main
SuperCare Health,smartrecruiters,supercarehealth,main
Superprof,smartrecruiters,superprof1,main
SupportYourApp,smartrecruiters,supportyourapp,main
Surfside Angels LLC,smartrecruiters,surfsideangelsllc,main
SURGE,smartrecruiters,surge,main
SUS,smartrecruiters,sus,main
Sutherland,smartrecruiters,sutherland1,main
Sutherland,smartrecruiters,sutherland,main
SV Tech Systems Inc,smartrecruiters,svtechsystemsinc1,main
Swag,smartrecruiters,swag,main
Swans,smartrecruiters,swans,main
Swapcard,smartrecruiters,swapcard,main
Sweet Fish Media,smartrecruiters,sweetfishmedia,main
SwiftSpeed Deliveries LLC,smartrecruiters,swiftspeeddeliveriesllc,main
Switchfly,smartrecruiters,switchfly,main
SWVL,smartrecruiters,swvl,main
Swyft Filings,smartrecruiters,swyftfilings,main
Swyg,smartrecruiters,swyg,main
Symmetry I.T.,smartrecruiters,SymmetryIT,main
Syncreon Consulting,smartrecruiters,SyncreonConsulting,main
Syngenta Group,smartrecruiters,SyngentaGroup,main
Synopsys,smartrecruiters,synopsys,main
SYNTEGON,smartrecruiters,SYNTEGON,main
T5 Data Centers,smartrecruiters,t5datacenters1,main
Tailwind,smartrecruiters,tailwind,main
takealot.com,smartrecruiters,takealotcom,main
Talan,smartrecruiters,talan,main
Talent Acquisition,smartrecruiters,talentacquisition,main
Talent Anywhere,smartrecruiters,TalentAnywhere1,main
TalentBurst Inc,smartrecruiters,talentburstinc,main
tamigo,smartrecruiters,tamigo,main
Tangram Interiors,smartrecruiters,tangraminteriors,main
"Task Force Resource Management, LLC",smartrecruiters,TaskForceResourceManagementLLC,main
Tava Health,smartrecruiters,tavahealth,main
TaxJar,smartrecruiters,taxjar,main
Taylor Stitch,smartrecruiters,TaylorStitch,main
TBD_2019_18_19_[BartonLoguidiceDPC],smartrecruiters,BartonLoguidiceDPC,main
TCG Recycling,smartrecruiters,TCGRecycling,main
TCN,smartrecruiters,tcn,main
TDC,smartrecruiters,tdc,main
Teach Me Personnel LLC,smartrecruiters,TeachMePersonnelLLC,main
TeamViewer,smartrecruiters,teamviewer1,main
Teamwork Corporate,smartrecruiters,TeamworkCorporate,main
Tech Crunch,smartrecruiters,techcrunch,main
Technoform,smartrecruiters,technoform,main
Technology,smartrecruiters,technology,main
Techo-Bloc,smartrecruiters,techo-bloc,main
TechSur Solutions,smartrecruiters,TechSurSolutions,main
TecTammina,smartrecruiters,TecTammina,main
"TED Conferences, LLC",smartrecruiters,tedconferencesllc,main
Teikametrics,smartrecruiters,teikametrics,main
TEK systems,smartrecruiters,teksystems,main
teKnoluxion,smartrecruiters,teknoluxion,main
Telestream,smartrecruiters,telestream,main
Tem,smartrecruiters,tem,main
Tempo Consulting,smartrecruiters,tempo,main
Ten4,smartrecruiters,Ten4,main
Tenderly Hospice,smartrecruiters,TenderlyHospice,main
Tendo,smartrecruiters,tendo,main
TEREOS,smartrecruiters,tereos,main
Terrapay,smartrecruiters,terrapay,main
Terrestar Solutions Inc.,smartrecruiters,terrestarsolutionsinc,main
Tessenderlo Group,smartrecruiters,TessenderloGroup,main
TestingXperts,smartrecruiters,TestingXperts,main
Texas Health Resources,smartrecruiters,TexasHealthResources,main
Texas Instruments,smartrecruiters,texasinstruments,main
Texas Water Development Board (TWDB),smartrecruiters,TexasWaterDevelopmentBoardTWDB,main
Texas Workforce Commission,smartrecruiters,texasworkforcecommission,main
TextMaster,smartrecruiters,textmaster,main
Thanx,smartrecruiters,thanx,main
The Anchor School,smartrecruiters,TheAnchorSchool,main
"The Aparecio Foundation, NFP",smartrecruiters,TheAparecioFoundationNFP,main
The Boundary,smartrecruiters,theboundary,main
The Credit Pros,smartrecruiters,thecreditpros,main
The Downsizers LLC,smartrecruiters,TheDownsizersLLC,main
The Hexagon Lavish,smartrecruiters,TheHexagonLavish,main
The Hive,smartrecruiters,thehive,main
The KEY,smartrecruiters,thekey,main
THE KINGS,smartrecruiters,THEKINGS,main
The Korda Group/RPK Development Corp.,smartrecruiters,TheKordaGroupRPKDevelopmentCorp,main
The Kroger Co.,smartrecruiters,thekrogerco,main
"the Masters Wealth Management Group, LLC",smartrecruiters,TheMastersWealthManagementGroupLLC,main
The Nielsen Company,smartrecruiters,thenielsencompany,main
The Panaro Group,smartrecruiters,ThePanaroGroup,main
The People Group,smartrecruiters,thepeoplegroup,main
The Piada Group,smartrecruiters,thepiadagroup,main
The Recruiting Division,smartrecruiters,TheRecruitingDivision1,main
The Refinery,smartrecruiters,therefinery,main
The Studio,smartrecruiters,thestudio,main
The Tile Shop,smartrecruiters,TheTileShop1,main
The United Solutions Group Inc. USG1,smartrecruiters,TheUnitedSolutionsGroupIncUSG1,main
The We Project Inc.,smartrecruiters,TheWeProjectInc,main
The Weather Channel,smartrecruiters,TheWeatherChannel,main
The Wesley Hotel,smartrecruiters,thewesleyhotel,main
The Womb Sauna,smartrecruiters,TheWombSauna,main
The Wonderful Company,smartrecruiters,thewonderfulcompany,main
TheAvgeek,smartrecruiters,TheAvgeek,main
Theemesoft.inc,smartrecruiters,theemesoftinc,main
Theme Park Media Group,smartrecruiters,ThemeParkMediaGroup,main
Theracare INC,smartrecruiters,TheracareINC,main
Think-it,smartrecruiters,think-it,main
ThinkCERCA,smartrecruiters,thinkcerca,main
Thorlabs,smartrecruiters,thorlabs,main
Thought Machine,smartrecruiters,thoughtmachine,main
ThousandEyes,smartrecruiters,thousandeyes,main
Three Space Lab,smartrecruiters,threespacelab,main
Thrive,smartrecruiters,thrive2,main
Thungela,smartrecruiters,thungela,main
Tidepool,smartrecruiters,tidepool,main
Tiedemann Advisors,smartrecruiters,tiedemannadvisors,main
TIG Advisors,smartrecruiters,TIGAdvisors,main
Tiger Analytics,smartrecruiters,tigeranalytics,main
Tigergraph,smartrecruiters,tigergraph,main
Timmons Group,smartrecruiters,timmonsgroup1,main
Tinybeans,smartrecruiters,tinybeans,main
Tiverton Advisors,smartrecruiters,tivertonadvisors,main
Tixr,smartrecruiters,tixr,main
TMS LLC,smartrecruiters,TMSLLC,main
Tomra,smartrecruiters,tomra,main
Toms Shoes,smartrecruiters,toms,main
Toomey Technologies,smartrecruiters,ToomeyTechnologies,main
Topaz Labs,smartrecruiters,topazlabs,main
Toppr,smartrecruiters,toppr,main
TopstepTrader,smartrecruiters,topsteptrader,main
Toshiba Global Commerce Solutions,smartrecruiters,toshibaglobalcommercesolutions,main
Totango,smartrecruiters,totango,main
"Touchdown Logistics, Inc.",smartrecruiters,touchdownlogisticsinc,main
Toyota financial services,smartrecruiters,toyotafinancialservices,main
TPG,smartrecruiters,tpg,main
TPI Staffing Inc.,smartrecruiters,TPIStaffingInc,main
Trace3,smartrecruiters,trace3,main
Trade me,smartrecruiters,trademe,main
"Tradewind Aviation, LLC",smartrecruiters,TradewindAviationLLC,main
TradingView,smartrecruiters,tradingview,main
TrafficCast,smartrecruiters,trafficcast,main
Transcat,smartrecruiters,transcat,main
Transifex,smartrecruiters,transifex,main
Transitional Care Management,smartrecruiters,TransitionalCareManagement,main
Translation Empire,smartrecruiters,translationempire,main
translations,smartrecruiters,translations,main
Transperfect,smartrecruiters,transperfect,main
trantor,smartrecruiters,trantor,main
Travoom,smartrecruiters,travoom,main
Treehouse Strategy and Communications,smartrecruiters,treehousestrategyandcommunicatio,main
TRI,smartrecruiters,tri,main
Tri-Teva,smartrecruiters,Tri-Teva,main
Trickle Up,smartrecruiters,trickleup,main
Trigyn Technologies,smartrecruiters,TrigynTechnologies1,main
Trimble,smartrecruiters,trimble,main
TriNet,smartrecruiters,trinet,main
TripAdvisor,smartrecruiters,tripadvisor,main
Trocaire,smartrecruiters,trocaire,main
Trucordia,smartrecruiters,trucordia1,main
TrueCare,smartrecruiters,truecare,main
TruePill,smartrecruiters,truepill,main
Trupanion,smartrecruiters,trupanion1,main
Trust,smartrecruiters,trust,main
Truth Initiative,smartrecruiters,truthinitiative,main
"Truven Health Analytics, an IBM Company",smartrecruiters,TruvenHealthAnalyticsanIBMCompany,main
Tubi TV,smartrecruiters,tubitv,main
TuneIn,smartrecruiters,tunein,main
Turner & Townsend,smartrecruiters,turnertownsend,main
Turner Construction,smartrecruiters,turnerconstruction,main
"Turnitin, LLC",smartrecruiters,turnitinllc,main
TV Company,smartrecruiters,TVCompany,main
"TVG-Medulla, LLC",smartrecruiters,TVG-MedullaLLC,main
Twist Bioscience,smartrecruiters,twistbioscience,main
Twitch,smartrecruiters,twitch,main
Twitter,smartrecruiters,twitter2,main
Uber,smartrecruiters,uber,main
Ubisoft,smartrecruiters,ubisoft2,main
Udacity,smartrecruiters,udacity,main
uft,smartrecruiters,uft,main
UIC,smartrecruiters,uic,main
"Ulbrich Stainless Steels & Special Metals, Inc.",smartrecruiters,UlbrichSteel,main
Umbra,smartrecruiters,umbra,main
Umdasch Group,smartrecruiters,umdaschgroup,main
umniah,smartrecruiters,umniah,main
Uncommon Schools,smartrecruiters,uncommonschools,main
UNDP,smartrecruiters,undp,main
UNFCU,smartrecruiters,unfcu,main
UNIFIED - HIV Health and Beyond,smartrecruiters,UNIFIED-HIVHealthandBeyond,main
Unify Dots,smartrecruiters,UnifyDots,main
Unify Partners,smartrecruiters,unifypartners,main
Union County Government,smartrecruiters,unioncountygovernment,main
Unit 4,smartrecruiters,unit410,main
United Franchise Group,smartrecruiters,UnitedFranchiseGroup,main
United Nations Foundation,smartrecruiters,unitednationsfoundation,main
Unitedlex,smartrecruiters,unitedlex,main
Unitek Learning,smartrecruiters,uniteklearning,main
University of Edinburgh,smartrecruiters,universityofedinburgh,main
University of Notre Dame,smartrecruiters,universityofnotredame,main
Unwrap,smartrecruiters,unwrap,main
Upstream,smartrecruiters,upstream,main
Upvest,smartrecruiters,upvest,main
Urgenci,smartrecruiters,Urgenci1,main
US IT Solutions Inc,smartrecruiters,USITSolutionsInc,main
US Physical Therapy,smartrecruiters,usphysicaltherapy2,main
USA Corporate Services Inc,smartrecruiters,USACorporateServicesInc,main
USAC,smartrecruiters,usac,main
USM,smartrecruiters,usm2,main
USPA International,smartrecruiters,USPAInternational,main
USPA Nationwide Security of Northern Florida,smartrecruiters,USPANationwideSecurityOfNorthernFlorida,main
USS,smartrecruiters,uss,main
UT Southwestern,smartrecruiters,UTSouthwestern1,main
UTAC,smartrecruiters,utac,main
V4C,smartrecruiters,v4c,main
Valiantys,smartrecruiters,valiantys,main
Valley Medical,smartrecruiters,valleymedical,main
Valor Equity Partners,smartrecruiters,valorequitypartners,main
Valtech,smartrecruiters,valtech,main
Vanderbilt University,smartrecruiters,vanderbiltuniversity,main
Vantage,smartrecruiters,vantage,main
Vatic Labs,smartrecruiters,vaticlabs,main
Veeam software,smartrecruiters,veeamsoftware,main
Veem,smartrecruiters,veem,main
Veepee,smartrecruiters,veepee,main
Velir,smartrecruiters,velir,main
Venerate Digital Media,smartrecruiters,VenerateDigitalMedia,main
Vention,smartrecruiters,Vention,main
Ventra Health,smartrecruiters,ventrahealth,main
Ventrata,smartrecruiters,ventrata,main
VentureDive,smartrecruiters,venturedive,main
Veolia Environnement SA,smartrecruiters,VeoliaEnvironnementSA,main
Verdant,smartrecruiters,verdant1,main
Verge Genomics,smartrecruiters,vergegenomics,main
Vericast,smartrecruiters,vericast,main
Verisign,smartrecruiters,verisign,main
Versant,smartrecruiters,versant3,main
Veryday,smartrecruiters,veryday,main
"Veteran Technology Leaders, LLC",smartrecruiters,VeteranTechnologyLeadersLLC,main
Vezeeta,smartrecruiters,vezeeta,main
VHB,smartrecruiters,vhb,main
Video Lab,smartrecruiters,VideoLab,main
Village Green,smartrecruiters,VillageGreen1,main
Village Voice,smartrecruiters,VillageVoice,main
VIPKID,smartrecruiters,vipkid,main
Viral Nation,smartrecruiters,viralnation,main
Virtusa Polaris,smartrecruiters,virtusapolaris,main
Visa,smartrecruiters,visa,main
Vista Equity Partners,smartrecruiters,vistaequitypartners,main
Vista Higher Learning,smartrecruiters,vistahigherlearning,main
Vista Prairie Communities,smartrecruiters,vistaprairiecommunities,main
Vita Coco,smartrecruiters,vitacoco,main
Vita Logistics LLC,smartrecruiters,vitalogisticsllc,main
Vitas Healthcare,smartrecruiters,vitashealthcare,main
Vitestro,smartrecruiters,vitestro,main
Vitol,smartrecruiters,vitol,main
Vivint,smartrecruiters,vivint,main
VIVIO Health,smartrecruiters,viviohealth,main
Vix Technology,smartrecruiters,vixtechnology,main
Vizrt,smartrecruiters,vizrt,main
VLC,smartrecruiters,vlc,main
"VNN Virtual News Network, LLC.",smartrecruiters,VNNVirtualNewsNetworkLLC,main
Vodafone,smartrecruiters,vodafone,main
Vode Lighting,smartrecruiters,VodeLighting,main
Volocopter GmbH,smartrecruiters,volocoptergmbh,main
Vonage,smartrecruiters,vonage,main
Vontavius Tech Support,smartrecruiters,VontaviusTechSupport1,main
Voxelcloud,smartrecruiters,Voxelcloud,main
vTech Solution,smartrecruiters,VTechSolution1,main
"Vuori, Inc",smartrecruiters,vuoriinc,main
VusionGroup SA,smartrecruiters,vusiongroupsa,main
"VWH Capital Management, LP",smartrecruiters,VWHCapitalManagementLP,main
Wabash Valley Power Alliance,smartrecruiters,wabashvalleypoweralliance,main
Wabtec,smartrecruiters,wabtec,main
Wagepoint,smartrecruiters,wagepoint,main
Walgreens,smartrecruiters,walgreens7,main
WalkMe,smartrecruiters,walkme,main
Wanderlust Adventures,smartrecruiters,wanderlustadventures,main
WaterAid,smartrecruiters,wateraid,main
Wavestone,smartrecruiters,wavestone1,main
Wavicledatasolutions,smartrecruiters,wavicledatasolutions,main
Wayfair,smartrecruiters,wayfair,main
Webb Legacy Logistics LLC,smartrecruiters,webblegacylogisticsllc,main
WebSummit,smartrecruiters,websummit,main
Weekday,smartrecruiters,weekday1,main
Wellbeam Consumer Health,smartrecruiters,WellbeamConsumerHealth,main
"Wellmark, Inc.",smartrecruiters,WellmarkInc,main
Wellspring,smartrecruiters,wellspring,main
Welltok,smartrecruiters,welltok,main
Werfen,smartrecruiters,werfen,main
WESCO,smartrecruiters,wesco,main
WeSki,smartrecruiters,weski,main
Western Digital,smartrecruiters,westerndigital,main
Western Union,smartrecruiters,WesternUnion2,main
Westgate Resorts,smartrecruiters,WestgateResorts,main
Westwing Aviation,smartrecruiters,westwing,main
Westword,smartrecruiters,Westword,main
Whatnot,smartrecruiters,whatnot,main
WIFT LLC,smartrecruiters,wiftllc,main
WildBrain,smartrecruiters,wildbrain,main
Williams-Sonoma,smartrecruiters,williamssonoma,main
Williams-Sonoma,smartrecruiters,williams-sonoma,main
Wilshire Advisors LLC,smartrecruiters,wilshireadvisorsllc,main
WilsonHCG,smartrecruiters,wilsonhcg,main
Window NAtion,smartrecruiters,windownation,main
Winsupply,smartrecruiters,winsupply1,main
"Wintermute, LLC",smartrecruiters,JeremySweeneySandbox,main
Wise,smartrecruiters,Wise,main
Wiser Solutions,smartrecruiters,wisersolutions,main
Wishpond,smartrecruiters,wishpond,main
WM,smartrecruiters,wm,main
Wns Careers,smartrecruiters,wnscareers,main
WNS Global Services,smartrecruiters,wnsglobalservices144,main
WNS Global Services,smartrecruiters,wnsglobalservices,main
Wolfram Research,smartrecruiters,wolframresearch,main
Wolt,smartrecruiters,wolt,main
"Woongjin, Inc",smartrecruiters,wjcompany,main
WordBank,smartrecruiters,wordbank,main
Work in Progress,smartrecruiters,workinprogress,main
Workato,smartrecruiters,workato,main
Workforce Source,smartrecruiters,workforcesource,main
Workhint,smartrecruiters,workhint,main
Working Solutions,smartrecruiters,workingsolutions,main
Workplace Solutions,smartrecruiters,trustwsi,main
WorkSimple,smartrecruiters,worksimple,main
Workstate,smartrecruiters,workstate,main
Workstreet,smartrecruiters,workstreet,main
World Animal Protection,smartrecruiters,worldanimalprotection,main
World bank group,smartrecruiters,worldbankgroup,main
World Bicycle Relief,smartrecruiters,worldbicyclerelief,main
"World Wildlife Fund, Inc.",smartrecruiters,worldwildlifefundinc1,main
Worldwide TechServices,smartrecruiters,worldwidetechservices,main
Wpromote,smartrecruiters,wpromote,main
WR,smartrecruiters,wr,main
Wrangu,smartrecruiters,wrangu,main
WTW,smartrecruiters,wtw,main
Wunder Capital,smartrecruiters,wundercapital,main
Wynn Resorts,smartrecruiters,WynnResorts,main
XceedSearch.com,smartrecruiters,XceedSearchcom,main
Xerox,smartrecruiters,xerox,main
XIO,smartrecruiters,xio,main
XP Power,smartrecruiters,xppower2,main
Xplor,smartrecruiters,xplor,main
XREF,smartrecruiters,xref3,main
Xtremepush,smartrecruiters,xtremepush,main
Yappy,smartrecruiters,Yappy,main
Yokly,smartrecruiters,yokly,main
"YourCause, LLC",smartrecruiters,yourcausellc,main
YUM,smartrecruiters,yum,main
Yup,smartrecruiters,yup1,main
Zealogics LLC,smartrecruiters,zealogicsllc,main
Zeeco,smartrecruiters,zeeco,main
Zekelman Industries,smartrecruiters,zekelmanindustries,main
Zencore,smartrecruiters,zencore,main
Zendesk,smartrecruiters,zendesk,main
Zenlayer,smartrecruiters,zenlayer,main
Zeotap,smartrecruiters,zeotap,main
ZeroFOX,smartrecruiters,zerofox,main
Zeroheight,smartrecruiters,zeroheight,main
ZeroTier,smartrecruiters,zerotier,main
Zest Health,smartrecruiters,ZestHealth,main
Zeta,smartrecruiters,zeta,main
Zinier Inc,smartrecruiters,zinierinc,main
Zinkworks,smartrecruiters,zinkworks,main
ZocDoc,smartrecruiters,zocdoc,main
Zoic Studios,smartrecruiters,zoicstudios,main
Zuum,smartrecruiters,zuum,main
Zycron,smartrecruiters,zycron,main
ZYCUS,smartrecruiters,zycus1,main
Évolution,smartrecruiters,volution,main
&FRIENDS,workable,and-friends,main
0x,workable,0x,main
1-StopAsia,workable,1-stopasia,main
100%,workable,ride100percent,main
1000heads,workable,1000heads,main
100mentors,workable,100mentors,main
100ms,workable,100ms,main
100x,workable,100x,main
10Pearls,workable,10pearls,main
123FormBuilder,workable,123formbuilder,main
12Go Asia,workable,12go,main
15Five,workable,15five,main
1915 South / Ashley,workable,1915-south-ashley,main
1Kosmos,workable,1kosmos,main
1Rebel,workable,1rebel,main
1Stopbedrooms,workable,1stopbedrooms,main
2-1-1 Big Bend,workable,2-1-1-big-bend,main
2070Health,workable,2070health,main
20Four7VA,workable,20four7va,main
211 Broward,workable,211-broward-1,main
28Stone,workable,28stone,main
2Modern,workable,2modern,main
2U,workable,2u,main
33 USA Inc.,workable,33usa,main
360Learning,workable,360learning,main
37signals,workable,37signals,main
3AG Systems,workable,3ag-systems,main
3E,workable,3e,main
3Eco,workable,3eco,main
3M,workable,3m,main
3PillarGlobal,workable,3pillarglobal,main
3S,workable,3s,main
3SS,workable,3ss,main
3terra,workable,3terra,main
"3Top, Inc.",workable,3top,main
42matters,workable,42matters,main
47 Degrees,workable,47-degrees,main
4OC,workable,4oc,main
6 Figure Creative,workable,6figurecreative,main
6sense,workable,6sense,main
7ELEVEN,workable,7eleven,main
87seconds,workable,87seconds,main
8Twelve Mortgage,workable,8twelve,main
90 Seconds,workable,90seconds,main
9fin,workable,9fin,main
?What If!,workable,what-if,main
[solidcore],workable,solidcore,main
A Gas,workable,a-gas,main
a21,workable,a21,main
A2e Technologies,workable,a2e-technologies-1,main
A2MAC1,workable,a2mac1,main
Aaramshop,workable,aaramshop,main
Aardvark Studios,workable,aardvark-studios,main
AB Marketing LLC,workable,ab-marketing,main
Abercrombie & Kent USA,workable,abercrombie-and-kent-1,main
Abilis Solutions,workable,abilis-solutions,main
Above Roofing Inc.,workable,above-roofing-inc,main
Above the Treeline,workable,above-the-treeline,main
Absolute Disclosure,workable,attorneys,main
Abylle Solutions Pvt Ltd,workable,abylle-solutions-pvt-ltd,main
AC Disaster Consulting,workable,acdisaster,main
Academy Xi,workable,academyxi,main
Acadia Center,workable,acadia-center,main
Accel Club,workable,accel-club,main
Accellor,workable,accellor,main
"accentedge, LLC",workable,accentedge,main
Accenture,workable,accenture,main
Access,workable,access,main
Access Analytix,workable,access-analytix,main
Access Services,workable,access-services-3,main
Access TCA,workable,accesstca,main
accessbank,workable,accessbank,main
AccessiWay,workable,accessiway,main
AccessNow,workable,accessnowapp,main
accesso,workable,accesso,main
Accessory Power,workable,accessorypower,main
accor,workable,accor,main
Accord,workable,accord,main
Accord,workable,myaccord,main
Accountingprose,workable,accountingprose-hiring,main
ACCUMED,workable,accumed,main
Accurant International,workable,accurant,main
Ace IT Careers,workable,ace-it-careers-1,main
Acelab,workable,acelab,main
Acentra Health,workable,acentra-health,main
AchieveIt,workable,achieveit,main
Acodis,workable,acodis,main
Acolad,workable,acoladgroup,main
"Acorn Product Development, Inc.",workable,acorn-product-development,main
Acoustic,workable,acoustic-3,main
Across Continents Translations,workable,across-continents-translations,main
ACT1 Federal,workable,act1federal,main
Action Day Schools,workable,action-day-schools,main
Action1,workable,action1,main
actionable.co,workable,actionable,main
Actionstep,workable,actionstep,main
Activ,workable,activ-2,main
Activate Care,workable,activatecare,main
Activate Talent,workable,careersactivatetalent,main
ActivTrades,workable,activtrades,main
ActivTrak,workable,activtrak,main
Acumen Technology,workable,acumentechnology,main
Adamas Building Services,workable,adamasbuildingservices,main
Adare Pharma Solutions,workable,adarepharmasolutions,main
Addison Lee,workable,addison-lee-group,main
AdForge Corporation,workable,adforge-corporation,main
Adia,workable,adia1,main
Admios,workable,admios,main
Adoreal,workable,adoreal,main
ADROYTS™️,workable,adroytss,main
AdTheorent,workable,adtheorent-1,main
Advanced Automation Corporation,workable,aac-usa,main
"Advanced Behavioral Health, Inc",workable,advanced-behavioral-health-inc,main
Advancial Federal Credit Union,workable,advancial,main
AdvantageCare Home Health,workable,advantagecare-home-health,main
Advantmed,workable,advantmed,main
Adverity,workable,adverity,main
Adverto Inc,workable,adverto,main
AdvisaCare,workable,advisacare-2,main
Adzuna,workable,adzuna-2,main
AE Perkins,workable,ae-perkins,main
AeroCloud Systems,workable,aerocloud-systems,main
Aerones,workable,aerones,main
AesthetiDocs,workable,aesthetidocs,main
Aesthetix CRM,workable,aesthetix-crm,main
Aethir,workable,aethir,main
Aethon Energy,workable,aethon-energy,main
Aetos Systems,workable,aetos-systems-inc,main
AF | New York,workable,af-new-york,main
"AG Consulting Partners, Inc.",workable,agcp,main
AG1,workable,drinkag1,main
agenda21 Digital,workable,agenda21-digital,main
Agent Vista,workable,agent-vista,main
"Aggio, LLC",workable,aggio,main
Agile Robots,workable,agile-robots,main
Ahmed Seddiqi & Sons,workable,ahmed-seddiqi-and-sons,main
AHS,workable,ahsproperties,main
AI Acquisition,workable,ai-acquisition,main
AidPlex,workable,aidplex,main
AIDS Healthcare Foundation,workable,aids-healthcare-foundation-1,main
AIDT,workable,aidtedu,main
AION,workable,aion,main
Air,workable,air,main
Aira,workable,aira,main
Airbeem,workable,airbeem,main
Airrack,workable,airrack,main
AIRS Medical Inc,workable,airs-medical-inc,main
Ajax Distributing Company,workable,ajax-distributing-company,main
AJG,workable,ajg,main
AK Steel,workable,ak-steel,main
Akamai,workable,akamai,main
AKAT,workable,akat,main
AKT London,workable,aktlondon,main
Akur8,workable,akur8,main
AL Solutions,workable,al-solutions-1,main
Al Warren Oil Company Inc.,workable,al-warren-oil-company-inc,main
Alabama Solutions,workable,alabama-solutions,main
Alani Nu,workable,alani-nu,main
ALAQTAR,workable,alaqtar,main
Alaska Premier Dental Group,workable,alaska-premier-dental-group,main
Albi,workable,albi,main
Albireo Energy,workable,albireo-energy,main
Alchemy Worx,workable,alchemyworx,main
Aldea,workable,aldea,main
ALDEBARAN,workable,aldebaran-urg,main
Alector,workable,alector,main
Alene Candles,workable,alene-candles,main
Alex Staff Agency,workable,alex-staff-agency-careers,main
Alexander Dennis,workable,alexander-dennis,main
Alexander's | Automated Print + Fulfillment,workable,alexanders,main
Alfil Logistics,workable,alfil-logistics,main
AlGooru,workable,algooru,main
Ali Bin Ali Holding,workable,abaholding,main
All About Therapy,workable,all-about-therapy,main
All Day Kitchens,workable,all-day-kitchens,main
ALL.SPACE,workable,allspace,main
AllCleared Solutions Inc.,workable,allcleared,main
Allegiant Fire Protection,workable,allegiant-fire-protection-llc,main
Allego,workable,allego-1,main
Allen + Shariff Corporation,workable,allen-shariff-corporation,main
ALLEN Digital,workable,allen-digital,main
Alliance for Clinical Trial in Oncology Foundation,workable,alliance-for-clinical-trial-in-oncology-foundation,main
"Alliance Marketing Partners, LLC",workable,alliance-marketing-partners-llc,main
Allied,workable,alliedteam,main
Allied Machine & Engineering,workable,alliedmachine,main
Alloy Automation,workable,alloy-automation,main
Alloy Partners,workable,alloy-partners,main
Allucent,workable,allucent,main
Allwyn North America,workable,allwynnorthamerica,main
Alma Advisory Group,workable,almaadvisorygroup,main
Almanak,workable,almanak-blockchain-labs-ag,main
Alohi,workable,alohi,main
Alooba,workable,alooba,main
Alpaca VC,workable,alpaca-vc,main
AlphaHire,workable,alphax,main
Alphatec Spine,workable,atec-spine,main
Alpine Home Air Products,workable,alpinehomeair,main
Alta Ares,workable,alta-ares,main
ALTEN MÉXICO,workable,alten-mexico-1,main
Alternative Payments,workable,alternative-payments,main
Altman Solon,workable,altman-solon,main
Altom Transport,workable,altom-transport,main
Altruist,workable,altruist,main
ALUMIL,workable,alumil,main
Amagi,workable,amagi,main
Amare Global,workable,amare-global,main
Amarillo College,workable,amarillo-college,main
AMAX,workable,amax-1,main
Amaze Health,workable,amazehealth,main
Amazing Athletes,workable,amazing-athletes-2,main
Amazing Care Home Health Services,workable,amazingcarecareers,main
Amazing Care Pediatric Outpatient Therapy,workable,amazingcareoutpatient,main
Amazon,workable,amazon,main
Ambition,workable,ambition,main
AMC Ro Studio,workable,amc-studio,main
AMCID SOLUTIONS,workable,amcid-solutions,main
AMCON,workable,amcon-industrial,main
"America's Pharmacy Group, LLC",workable,americas-pharmacy-group,main
American College of Education,workable,american-college-of-education,main
American Concrete Products,workable,american-concrete,main
American Hotel & Lodging Association,workable,american-hoteland-lodging-association,main
American Institute of Chemical Engineers,workable,american-institute-of-chemical-engineers,main
Americana,workable,americana-kuwait-food-company,main
Ametris,workable,ametris,main
Ametsa Packaging,workable,ametsa-packaging,main
Aminad Consulting,workable,aminad-consulting,main
Amplifi Capital,workable,ampcap,main
Amplifier Health,workable,amplifier-health,main
Amplio,workable,amplio,main
"Amprius Technologies, Inc.",workable,amprius,main
AmpThink,workable,ampthink,main
AMV,workable,amv,main
"Anand Systems Engineering Pvt.Ltd.,Mumbai",workable,anand-systems-engineering-pvt-dot-l-td-dot-mumbai,main
"Anatomage, Inc.",workable,anatomage,main
ANAX Group,workable,anax-group,main
AND Digital,workable,and-digital,main
Anderson Engineering,workable,anderson-engineering,main
Andromeda Robotics,workable,andromeda-robotics,main
Anjuna LLC,workable,anjuna-global,main
ANNA Money,workable,annamoney,main
Anthro,workable,anthro,main
Antler,workable,antler,main
anton,workable,anton,main
Anvil,workable,anvil,main
Anvilogic Inc,workable,anvilogic-inc,main
AnyRoad,workable,anyroad,main
Anything,workable,anything,main
Anytime Fitness,workable,anytime-fitness-32,main
AnytimeFitness,workable,anytimefitness,main
Anza,workable,anza-xyz,main
"AOSense, Inc.",workable,aosense,main
Apex Informatics,workable,apexinformatics,main
ApexFocusGroup,workable,afg,main
APM Monaco,workable,apm-monaco,main
Aporia,workable,aporia,main
Apothékary,workable,apothekary,main
Appear Here,workable,appearhere,main
"AppGate Cybersecurity, Inc.",workable,appgate,main
Appier,workable,appier,main
Apple,workable,apple,main
Apple Restoration and Waterproofing,workable,apple-restoration-and-waterproofing,main
Apple Roofing,workable,apple-roofing,main
Appleseed,workable,appleseed,main
Applicant System,workable,applicantsystem,main
Applied Carbon,workable,appliedcarbon,main
Applied Physics,workable,applied-physics-1,main
AppNation,workable,appnation,main
Appointy,workable,appointy,main
Apprentice Now,workable,apprenticenow,main
aptihealth,workable,aptihealth,main
Aquaria,workable,aquaria,main
Arabesque,workable,arabesquegroup,main
Arabic Computer Systems,workable,acs-sa,main
"Aravo Solutions, Inc.",workable,aravo,main
ARBOC,workable,arboc,main
Arbonics,workable,arbonics,main
Arch Aerial LLC,workable,arch-aerial-llc,main
ARCHIMED,workable,archimed,main
ArchiPro,workable,archipro-3,main
Archistar,workable,archistar,main
ArchLynk,workable,archlynk,main
ArcSite,workable,arcsite,main
AREA 17,workable,a17,main
Arena Investors I Quaestor Advisors,workable,arena-investors-lp,main
AreTheyHappy,workable,aretheyhappy,main
Aretum,workable,aretum,main
Arex,workable,arex,main
Argent,workable,argenthq,main
Argosy Collegiate Charter School,workable,argosy-collegiate-charter-school,main
Aristotle,workable,aristotle,main
Ariva Hospitality,workable,ariva-hospitality,main
ARK Group,workable,ark-group-dmcc,main
Arkadium,workable,arkadium-1,main
Arkham Technologies,workable,arkham-technologies,main
Arrakis Finance,workable,arrakis-finance,main
Art Storefronts,workable,artstorefronts,main
Articulate Marketing,workable,articulate,main
Arts Alliance Media,workable,arts-alliance-media,main
ARVO,workable,arvo,main
Aryng,workable,aryng,main
Asahi,workable,asahi-1,main
Ascendis Pharma,workable,ascendis-pharma,main
Ascension Publishing Group,workable,ascension-publishing-group,main
Ascera,workable,ascera,main
ASCO Equipment,workable,asco-equipment,main
Ashbury,workable,ashbury,main
Ashnik Pte Ltd,workable,ashnik-pte-ltd,main
ASI Student Government,workable,asi-student-government,main
Asia Alternatives Management LLC,workable,asia-alternatives,main
AsiaEdit,workable,asiaedit,main
Asite,workable,asite,main
Aspen Fiber Networks,workable,aspenfibernetworks,main
Aspen Global Change Institute,workable,aspen-global-change-institute,main
Aspirion,workable,aspirion-health-resources,main
Assembly,workable,assemblyglobal,main
AssemblyAI,workable,assemblyai,main
"Asset Dedication, LLC",workable,assetdedication,main
Asseti,workable,asseti,main
Assetnote,workable,assetnote,main
Assist Care,workable,assist-care,main
Assistenza Brokers srl,workable,assistenzabrokers,main
AssistIQ,workable,assistiq,main
AssistRx,workable,assist-rx,main
"Associated Students, Inc.",workable,associated-students-inc,main
Astor & Sanders,workable,astorandsanders,main
ASTRALABS,workable,astralabs,main
Astro Sirens LLC,workable,astro-sirens-llc,main
ATAK Interactive,workable,atak-interactive,main
Atarim,workable,atarim,main
ATEMPO,workable,atempo,main
Athari,workable,athari,main
Athena Global Advisors,workable,athena-global-advisors,main
Athletes Unlimited,workable,auprosports,main
Athlon,workable,athlon,main
ATI,workable,ati-inc,main
Atlantic Health Strategies,workable,atlantic-health-strategies,main
Atlas Consolidated PTE Ltd,workable,atlas-consolidated,main
atmio,workable,atmio,main
Atria Physician Practice New York PC,workable,atria-health,main
"Attainia, Inc.",workable,attainia-inc,main
Attendify,workable,attendify,main
Atticus,workable,atticushq,main
Atticus,workable,atticustech,main
Atto Trading,workable,atto-trading,main
AuctionNow.bid,workable,auctionnow,main
Audiokinetic,workable,audiokinetic,main
Augmenta,workable,augmenta,main
Augmentum Fintech,workable,augmentum,main
Aureol Global Connections,workable,aureol-global-connections,main
Auror,workable,auror,main
AURORA,workable,aurora-3,main
Aurora San Diego,workable,aurora-san-diego,main
Aussie Founders Club,workable,aussie-founders-club,main
Authenticate,workable,authenticate,main
Authorium,workable,authorium,main
AutoLeap,workable,autoleap,main
AutoMarket,workable,automarketco,main
Automated Machine Learning,workable,automated-machine-learning,main
Automattic,workable,automattic,main
Automotive Management Services (AMS),workable,automotivemanagementservices,main
Autonomo GmbH,workable,autonomo-gmbh,main
AutoRentals.com,workable,autorentals,main
AutoVitals,workable,autovitals,main
Avado,workable,avado,main
"Avalore, LLC",workable,avalore,main
Avant Gardner,workable,avant-gardner,main
Avant Tech,workable,avant-tech-jobs,main
AvantePH Staffing and Consultancy Inc.,workable,avanteph,main
AvantStay,workable,avantstay,main
Averi,workable,averi,main
Aviary,workable,aviary,main
Avint,workable,avint,main
Aviture,workable,aviture,main
Avocet,workable,avocet,main
Avolution,workable,avolution,main
Avomind,workable,avomind,main
Avōq,workable,teamavoq,main
Awesome Motive,workable,awesomemotive,main
Axi,workable,axi,main
Axiom Software Solutions Limited,workable,axiom-software-solution,main
AxiomSL,workable,axiomsl,main
Axle Energy,workable,axle-energy,main
Axomic Ltd,workable,axomic-ltd,main
Ayik + Berto Dental Specialists,workable,ayik-berto-dental-specialists,main
Azumo,workable,azumo,main
Azure,workable,azure,main
Babel Film Workshop,workable,bfw,main
Bachmann Chemical and Engineering,workable,bce,main
Back to the Roots,workable,backtotheroots,main
BACKBONE,workable,backbone,main
Bad Dragon,workable,bad-dragon,main
Bahwan Cybertek Group,workable,bahwan-cybertek-group,main
Bakery Agency,workable,bakery-agency,main
Balderton Capital,workable,baldertoncapital,main
balena,workable,balena,main
Ballotpedia,workable,ballotpedia,main
Bananas Marketing,workable,bananas-marketing,main
BandLab Technologies,workable,bandlabtechnologies,main
Bankable,workable,bankable,main
Banks Valuation,workable,banksvaluation,main
barre3,workable,barre3,main
Bartlett Wealth Management,workable,bartlett-and-co-dot-llc,main
Base58 Capital AG,workable,base58,main
Basetwo,workable,basetwo,main
Bask Health,workable,bask-health-1,main
Battlefy,workable,battlefy,main
Battlenet Gaming Stations,workable,battlenet,main
Bay Area Community Resources,workable,bacr,main
"Bayesian Health, Inc.",workable,bayesian-health-careers,main
BB&E,workable,bband-e-1,main
BBC Maestro,workable,bbc-maestro,main
BCI Brands,workable,bci-brands,main
BE Power Equipment,workable,be-power-equipment,main
Beanstalk,workable,beanstalk,main
Beauty Industry Group GmbH & Co. KG,workable,beauty-industry-group-gmbhand-co-kg,main
BeCentral,workable,becentral-1,main
Beckett Collectibles,workable,beckett-collectibles,main
Bedford Industries,workable,bedford,main
Beekin,workable,beekin,main
Behavioral Health Works,workable,behavioral-health-works,main
Belmont Lavan Ltd,workable,belmont-lavan-ltd,main
BenevolentAI,workable,benevolentai,main
Berg Engineering,workable,berg-engineering,main
Berry Street,workable,berry-street,main
Best Friend Finance,workable,bff,main
Best Mobile Limited,workable,bestmobileltd,main
BestEx Research,workable,bestex-research,main
BetAdvanced,workable,betadvanced,main
Betfair,workable,betfair,main
Better Reports,workable,better-reports,main
BetterBe,workable,betterbe,main
BetterHelp,workable,betterhelp,main
BetterSleep,workable,bettersleep,main
Bevy,workable,bevy,main
Beyond,workable,qodea,main
Beyond Identity,workable,source-code-1,main
BFAM Partners,workable,bfam-partners,main
BforeAI,workable,bforeai,main
BGC Group,workable,bgc-group-1,main
Big Picture Medical,workable,big-picture-medical,main
BiggerPockets,workable,biggerpockets,main
Bigtincan,workable,bigtincan,main
BillionToOne,workable,billiontoone,main
Bindplane,workable,bindplane,main
Bing,workable,bing,main
Biocytogen,workable,biocytogen,main
"BioFilm, Inc",workable,biofilm-inc,main
BIOS Health,workable,bios-3,main
BIP Ventures,workable,bipventures,main
Birdie,workable,birdie,main
Bit by Bit Inc,workable,bit-by-bit-inc,main
Bitaccess,workable,bitaccess,main
Bitcoin.com,workable,bitcoindotcom,main
Bites Media,workable,bites-media,main
Bitget,workable,bitget,main
Bitquery,workable,bitquery,main
Bits,workable,getbits,main
Bitstamp by Robinhood,workable,bitstamp,main
Bizee,workable,bizee,main
BizForce,workable,bizforcenow,main
BKF,workable,bkfengineers,main
Black Spectacles,workable,blackspectacles,main
Black Tree Gaming Limited,workable,blacktreegaming,main
Blackbird.AI,workable,blackbirdai,main
Blackbullion,workable,blackbullion,main
BlackStone eIT,workable,blackstone-eit-2,main
BLANKSLATE Partners,workable,blankslate-partners,main
Blevins & Co.,workable,blevins,main
"Blew & Associates, P.A.",workable,blew,main
Blink - The Employee App,workable,joinblink,main
Blink22,workable,blink22-3,main
Blitzoo Games,workable,blitzoo-games,main
Block Gemini,workable,block-gemini,main
Blockchain & Climate Institute/ BCI America Inc.,workable,blockchain-climate-institute,main
BlockPunk,workable,blockpunk,main
Bloomfire,workable,bloomfire,main
Bloomlife,workable,bloomlife,main
Blu Selection Spain,workable,blu-selection-4,main
Blue Altair,workable,blue-altair,main
Blue Nile,workable,blue-nile,main
Blue Prism,workable,blue-prism,main
Blue Tiger,workable,blue-tiger,main
Blueground,workable,blueground,main
Bluehost,workable,bluehost,main
Bluelambda,workable,bluelambda,main
Blueprint,workable,blueprint-health,main
Blueprint,workable,blueprint-bryanjohnson,main
Blufox Mobile,workable,blufox-mobile,main
Blyth Academy,workable,blyth-education,main
BME Strategies,workable,bme-strategies,main
Bnberry,workable,bnberry,main
BNM,workable,bnm,main
Boca Recovery Center,workable,boca-recovery,main
Bohemia Interactive Simulations,workable,bohemia-interactive-simulations-inc,main
BOI,workable,boardofinnovation,main
Bon Secours Wellness Arena,workable,bswarena,main
Bonsai,workable,hellobonsai,main
BookNook,workable,booknook-inc,main
Booksy,workable,booksy-1,main
Bookvoice,workable,bookvoice,main
Boostsecurity.io,workable,boostsecurity-dot-i-o,main
Bootlegger Clothing Inc,workable,bootlegger-clothing-inc,main
Born Digital,workable,born-digital,main
BOSS.Gaming solutions,workable,boss-dot-g-aming-solutions,main
Botrista,workable,botrista,main
BountyJobs,workable,bountyjobscareers,main
"BP3 Global, Inc.",workable,bp3,main
BPCM,workable,bpcm,main
BrainHi,workable,brainhi,main
Brainomix Limited,workable,brainomix-2,main
Branching Minds,workable,branchingminds,main
Brannon Steel,workable,brannon-steel,main
Braven,workable,braven,main
Brax Realty Group LLC,workable,braxrealty,main
brc,workable,brc,main
Breakaway,workable,breakaway,main
Breakroom,workable,breakroom,main
"Bremer Whyte Brown & O'Meara, LLP",workable,bremer-whyte-brownand-omeara-llp,main
Bridge33 Capital,workable,bridge33capital,main
Bridgeable,workable,bridgeable,main
BridgeStreet Global Hospitality,workable,bridgestreet-global-hospitality,main
BridgeU,workable,bridgeu-1,main
Bright Harbor Healthcare,workable,brightharbor,main
Brij,workable,brij,main
Brilliant Corners,workable,brilliant-corners,main
Bristol Global Mobility,workable,bristol-global-mobility,main
Brixio,workable,brixio,main
Broadlume,workable,broadlume,main
Broadpin,workable,quistor,main
Broadway Gaming,workable,broadwaygaming,main
BRX Performance,workable,brxperformance,main
Build My Great Team,workable,bmgt,main
Builder.ai - What would you Build?,workable,builderai,main
BuildingLink,workable,buildinglink,main
Bully Pulpit International,workable,bully-pulpit-international-1,main
Bump Health,workable,bump-health,main
bun,workable,bun,main
Burke's,workable,burkes,main
Burnout Brands,workable,burnoutbrands,main
"Burq, Inc.",workable,burq,main
Burson EMEA,workable,bcw-emea,main
Burson North America,workable,bcw,main
BusPlanner,workable,busplanner,main
BusRight,workable,busright,main
ButterflyMX,workable,butterflymx,main
Buzzbike,workable,buzzbike,main
Bydrec,workable,bydrec,main
Byrider,workable,byrider,main
C the Signs,workable,c-the-signs,main
C. Hoare & Co.,workable,hoares-bank,main
Cache Ventures,workable,cache,main
Cactus,workable,cactus,main
Caddi,workable,trycaddi,main
Cadillac Formula 1® Team,workable,cadillacf1team,main
Cajoo,workable,cajoo,main
Calabrio,workable,calabrio,main
Calibrant Energy,workable,calibrant-energy,main
Caliwater,workable,caliwater,main
Caliza,workable,caliza,main
Callbell,workable,callbell,main
CallMiner,workable,callminer,main
Callsign,workable,callsign,main
CALPAK,workable,calpak-1,main
Calvary Hospital,workable,calvary-hospital,main
Cambridge Healthcare Research,workable,cambridge-healthcare-research,main
Cambridge Mobile Telematics,workable,cambridge-mobile-telematics,main
Cambridge Spark,workable,cambridge-spark,main
Camen Behavioral Services,workable,camen-behavioral,main
Camino Partners,workable,camino-partners-1,main
Canadian Recruitment Group,workable,canadian-recruitment-group,main
Canalys,workable,canalys,main
Cancer IQ,workable,canceriq,main
Cannon Industries,workable,cannon-industries-2,main
Canopy,workable,canopy-7,main
Canopy Farm Management,workable,canopyfm,main
Capgemini,workable,capgemini-insurance,main
Capital Factory,workable,capital-factory,main
Capitex,workable,capitex,main
Capula,workable,capula-investment-management-ltd,main
Caravan Appliances Pvt Ltd,workable,caravan-appliances-pvt-ltd,main
Carb Manager,workable,carbmanager,main
Carbo Culture,workable,carbo-culture,main
Carbon DMP,workable,carbon-dmp,main
CarbonPlan,workable,carbonplan,main
Carbyne,workable,carbyne-1,main
Care for the Homeless,workable,careforthehomeless,main
Career Renew,workable,career-renew,main
Career Shaper,workable,career-shaper,main
CareerFoundry,workable,careerfoundry,main
Careerlist,workable,careerlist,main
Careers at VirtualStaffing.com,workable,virtualstaffing,main
Careers with WM Partners' Portfolio Companies,workable,wmpcompanies,main
CareHarmony,workable,care-harmony,main
CareSend,workable,caresend,main
Carmoola,workable,carmoola-1,main
Carr Recruiting,workable,carr-recruiting,main
Cars24,workable,cars24,main
Carta Law,workable,avantialaw,main
Carwow,workable,carwow,main
CaryHealth,workable,caryhealth,main
Cascade Engineering Services,workable,cascade-engineering-services-1,main
Casio Electronics Co. Limited,workable,casiouk,main
Casting Workbook,workable,casting-workbook-1,main
CATA,workable,cata,main
Catalog,workable,catalog,main
Catalpa International,workable,catalpa,main
Catalyze,workable,catalyze,main
Catawiki,workable,catawiki,main
Catchafire,workable,catchafire,main
Catenate,workable,catenate,main
CaterCow,workable,catercow,main
CATHEXIS,workable,cathexis,main
CatholicMatch,workable,catholicmatch,main
Causaly,workable,causaly,main
Caxton Associates,workable,caxton,main
CBH Homes,workable,cbh-homes,main
CBO Group,workable,cbo-group,main
CBS,workable,cbs-9,main
"CCRES, Educational & Behavioral Health Services",workable,ccres,main
CCRi,workable,ccri,main
CDC Small Business Finance,workable,cdc-small-business-finance,main
CDR Companies,workable,cdr-companies,main
CED Systems,workable,cedsys,main
CEL Consulting,workable,cel-consulting,main
Celcom Solutions Global Pvt Ltd,workable,celcom-solutions,main
CellarTracker,workable,cellartracker,main
Celmatix,workable,celmatix,main
Celsius,workable,celsius,main
Cenfri,workable,cenfri,main
CENSUS S.A.,workable,census-sa,main
Centage,workable,centage,main
Centah Inc,workable,centah-inc,main
Central Moloney,workable,cmicareers,main
Central New York Feeds,workable,cnyf,main
"Centric Services, Inc.",workable,centric-services,main
CG Life,workable,cg-life,main
"CG Tech Services, Inc",workable,cg-tech-services-inc,main
CGHero,workable,cghero,main
CGIAR,workable,cgiar,main
Chainlabs,workable,chainlabs,main
"Challenge Unlimited, Inc.",workable,challenge-unlimited-inc-1,main
Channel Factory,workable,channel-factory,main
Channeltivity,workable,channeltivity,main
Chapa,workable,chapa,main
Chargeflow,workable,chargeflow-1,main
Charger Logistics Inc,workable,charger-logistics-inc,main
Charity Search Group,workable,charity-search-group,main
Charityvest,workable,charityvest,main
Charlotte Tilbury,workable,charlotte-tilbury,main
Chase Design Group,workable,chase-design-group,main
Chatham House,workable,chathamhouse,main
Chatterboxes,workable,chatterboxes-1,main
Checkmate,workable,joincheckmate1,main
Checkmate,workable,itsacheckmate-dot-com,main
Cheil UK,workable,cheil,main
Chemin,workable,chemin,main
Chernoff Newman,workable,chernoff-newman,main
Chesapeake Contracting Group,workable,chesapeake-contracting-group,main
Chimera Securities LLC,workable,chimera-securities-llc,main
Chiron Management Company,workable,chironmanagement,main
Choice Property Resources,workable,choice,main
Christopherson Business Travel,workable,cbtravel,main
Chronocam,workable,chronocam,main
Chronograph,workable,chronograph,main
Chuco,workable,chuco,main
Church of the City New York,workable,church-of-the-city-new-york,main
Cibo Vita,workable,cibovita,main
Cielo,workable,cielo,main
Cimolai Rimond Middle East,workable,cimolai-rimond-middle-east,main
Cimpress,workable,cimpress,main
CIMSPA,workable,cimspa,main
CINC Systems,workable,cinc-systems,main
Circadia Health,workable,circadia-health,main
Circit Limited,workable,circit-limited,main
CircleLink Health,workable,circlelink-health,main
Circles,workable,circles,main
Circuit,workable,careers-circuit,main
Circulee,workable,circulee,main
CirrusLabs,workable,cirruslabs,main
CirrusMD,workable,cirrusmd,main
Citizens State Bank,workable,citizens-state-bank,main
"CitraPac, Inc.",workable,citrapac,main
City Cast,workable,city-cast,main
City Fund,workable,city-fund,main
City of Altoona,workable,city-of-altoona,main
City Wide Facility Solutions,workable,citywide,main
CitySquare,workable,citysquare,main
Civic Elevator,workable,civic-elevator,main
Civica,workable,civica-uk-ltd-1,main
Clarion Events,workable,clarion-events,main
Claritas Rx,workable,claritasrx,main
Clarity AI,workable,clarity-ai,main
Classcraft,workable,classcraft,main
Classet,workable,classet,main
ClassWallet,workable,classwallet,main
Clay,workable,clayglobal,main
Clear Labs,workable,clear-labs,main
ClearlyAgile,workable,clearlyagile,main
Clearpay EU,workable,clearpayeu,main
Clearstory,workable,clearstory,main
Clearwaters.IT,workable,clearwaters-dot-i-t,main
Clerk,workable,clerk-dev,main
ClickView,workable,clickview,main
Client Accelerators,workable,client-accelerators,main
Climate Bonds Initiative,workable,climate-bonds-initiative,main
Climate Catalyst,workable,climate-catalyst-1,main
Clinigen,workable,clinigen,main
Cliniko,workable,cliniko,main
Clipt,workable,clipt,main
Close Concerns,workable,closeconcerns,main
CloudFactory,workable,cloudfactory,main
CloudHire,workable,cloudhire1,main
CloudQuery,workable,cloudquery,main
CloudShare,workable,cloudshare,main
Clover Food Lab,workable,cloverfoodlab,main
CMC,workable,cmcportal,main
CMDC,workable,cmdc,main
CMiC,workable,cmic,main
CMSPI,workable,cmspi,main
Coastal Wave Recruiting,workable,coastal-wave-recruiting,main
Coastline Equity,workable,coastline-equity,main
Coconut,workable,coconutva,main
CoCreativ,workable,cocreativ,main
Codasip,workable,codasip,main
Code Metal,workable,code-metal,main
Codi,workable,codi,main
Coding Collective,workable,coding-collective,main
Cogna,workable,cogna,main
Cognite,workable,cognite,main
Cognito Education,workable,cognito-education,main
coherence,workable,coherence,main
CoinJar,workable,coinjar,main
CoinList,workable,coinlist,main
Cold Stone Creamery South Florida,workable,cold-stone-creamery-southflorida,main
Collinear Group,workable,collinear-group,main
COLOR,workable,colorcreative,main
Command Holdings,workable,wwc,main
Commify,workable,commify,main
Common App,workable,commonapp,main
Commonwealth Medical Services,workable,commonwealth-medical-services,main
"CommunicateHealth, Inc.",workable,communicatehealth-inc,main
Community,workable,community-2,main
Community Bank of the Bay,workable,community-bank-of-the-bay,main
Community Hospital Corporation,workable,community-hospital-corporation,main
Community Sports Partners,workable,community-sports-partners,main
CommXP IT Solutions,workable,commxp-it-solution-ltd,main
Company,workable,company,main
Compass Analytics,workable,compass-analytics,main
Compound Growth Marketing,workable,compound-growth-marketing,main
Comsys CX,workable,comsyscx,main
Concept3D,workable,concept3d-dot-c-om,main
Concured Limited,workable,concured-limited,main
Conduktor Inc,workable,conduktor,main
Conjointly,workable,conjointly,main
ConnectOS,workable,cos,main
ConnectPath,workable,connectpath,main
ConnectPrep,workable,connectprep,main
"Connexity | Skimlinks, a Taboola company",workable,connexity,main
Consigli Construction,workable,consigli-construction-1,main
Consortia Group,workable,consortiagroup,main
Constructor,workable,constructor-1,main
ConsumerAffairs,workable,consumeraffairs-1,main
Continuity Global Solutions,workable,continuity-global-solutions,main
Continuum Resource Network,workable,continuum-resource-network,main
ContinuumCloud,workable,continuumcloud,main
Control Risks,workable,control-risks-6,main
Contáctica.,workable,contactica,main
Converge,workable,converge,main
Convergent,workable,convergent,main
Convergent Energy and Power,workable,convergent-careers,main
Conversate,workable,conversate,main
ConvertFlow,workable,convertflow,main
Cookpad Ltd,workable,cookpad,main
Coolmath Games,workable,coolmath,main
Coons Franklin Lodge,workable,coons-franklin-lodge,main
Cooperidge Consulting Firm,workable,cooperidge-consulting-firm,main
CoPilot Advisor,workable,copilotadvisor,main
Corcentric,workable,corcentric,main
Core10,workable,core10,main
CoreSite,workable,coresite,main
Coretek Services,workable,coretek-services,main
Cornspring,workable,cornspring,main
Corporativo Lumston,workable,corporativolumston,main
Cortip,workable,cortip,main
Cosentino North America,workable,cosentino-north-america-1,main
COSMO,workable,cosmo,main
Costello Medical,workable,costello-medical,main
Cotton Clout,workable,cottonclout,main
Council on Criminal Justice,workable,counciloncj,main
Council on Foundations,workable,council-on-foundations,main
coUrbanize,workable,courbanize,main
Coventry,workable,coventryfirst,main
Cover Whale Insurance Solutions,workable,cover-whale,main
CP Engineers,workable,cp-engineers,main
CP PLUS ASIA SDN BHD,workable,cp-plus-asia-sdn-bhd-1,main
CPAI Inc,workable,cpai-inc,main
Craftsman Collision,workable,craftsman-collision,main
Crayon,workable,crayon,main
Crayon Data,workable,crayon-data,main
Crazy Maple Studio,workable,crazymaplestudio,main
CreateMe Technologies,workable,createme-technologies,main
Credence,workable,credence,main
"Cresilon, Inc.",workable,cresilon,main
CrewAI,workable,crewai,main
CRICO,workable,crico,main
Crisalix,workable,crisalix,main
Critical Control,workable,critical-control,main
CropX,workable,cropx,main
Crossfuze,workable,crossfuze,main
Crowd Favorite,workable,crowd-favorite,main
crowdspring,workable,crowdspring,main
Crumdale Specialty,workable,crumdale-specialty,main
Crystal,workable,crystalknows,main
Crystal Creek Hospitality,workable,crystal-creek-hospitality,main
Crystalia Glass,workable,crystalia-glass,main
CTO.ai,workable,ctoai,main
CTW,workable,ctw,main
Cube RM,workable,cuberm,main
Cuberg,workable,cuberg,main
Cubitts,workable,cubitts-2,main
CUR8,workable,cur8earth,main
Cura Health,workable,cura-health,main
Curated Greece,workable,curated-greece,main
CurbWaste,workable,curbwaste,main
Curology,workable,curology,main
Current Health,workable,currenthealth,main
Curvo,workable,curvo,main
CVC Credit Partners,workable,cvc-credit-partners,main
CVector - Industrial AI,workable,cvector,main
CWSI,workable,cwsi,main
CybelAngel,workable,cybelangel,main
CyberSmart,workable,cybersmart,main
Cydcor,workable,cydcor,main
Cygnus Payment Solutions,workable,cygnus-pay-careers,main
CYM Living LLC,workable,cym-living,main
Cynch AI,workable,cynch-ai,main
Cyperts Digital Solution Pvt Ltd,workable,cyperts-digital-solution-pvt-ltd,main
Cyrex,workable,cyrex,main
D-ploy,workable,d-ploy,main
D2B Groups,workable,d2b-groups,main
DaCodes,workable,dacodes-mx,main
dahmakan,workable,join-dahmakan,main
DailyStaffWorks UAE,workable,dailystaffworks-uae,main
Daito Design,workable,daito-design,main
dameproducts,workable,dame1,main
"Dane Street, LLC",workable,dane-street-llc,main
Dangote Group,workable,dangote,main
Daniels Solutions,workable,daniels-solutions,main
DAOU Family Estates,workable,daou-family-estates,main
Darkhive,workable,darkhive,main
Darwinbox,workable,dbox,main
DASH Water,workable,dash-water,main
Data Vista Inc,workable,data-vista-inc,main
DataClover,workable,data-clover,main
Datafied,workable,datafied-1,main
DataFinch Technologies,workable,datafinch-technologies,main
Datamaran,workable,datamaran,main
"Datamark, Inc.",workable,datamark-inc,main
Datapane,workable,datapane,main
Datatonic,workable,datatonic,main
DataVisor,workable,datavisor-jobs,main
datma,workable,datma,main
David Protein,workable,david-protein,main
DAYBREAKER,workable,daybreaker,main
Dayshape,workable,dayshape,main
DC Advisory,workable,dcadvisory,main
DC Enterprises (iLABS Inc. and Affiliated Companies:),workable,dc-enterprises-career,main
DCSA,workable,dcsa,main
dcv,workable,dcv,main
Decentralized Masters,workable,decentralized-masters,main
Decision Foundry,workable,decision-foundry,main
Decisions,workable,decisions,main
Deep Knowledge Group,workable,deep-knowledge-group-1,main
Deep Science Ventures,workable,deep-science-ventures,main
Deeproute.ai,workable,deeproute-dot-a-i,main
deepset,workable,deepset,main
Dehaat,workable,agrevolution,main
Dekeo Services North America Inc,workable,dekeo-services-north-america-inc,main
"Delaney Computer Services, Inc.",workable,dcsny,main
Delaware Nation Industries,workable,dnigov,main
Deliver Now Logistics,workable,deliver-now-logistics,main
Delivery Mates,workable,dmates,main
Delta Hotels by Marriott Toronto Airport & Conference Centre,workable,delta-toronto-airport,main
Deluxe Holiday Homes,workable,deluxe-holiday-homes,main
DemandTec,workable,demandtec,main
Dendra Systems Limited,workable,dendra-systems,main
Dentons,workable,dentons-europe,main
"Dephy, Inc.",workable,dephy,main
DeRisk Technologies,workable,derisk,main
Design Shopp,workable,design-shopp,main
Deskpro,workable,deskpro,main
Desmone Architects,workable,desmone-architects,main
Development Data Lab,workable,development-data-lab,main
Devoted Studios,workable,devoted-studios-1,main
Dextra,workable,dextra,main
DFDL,workable,dfdl,main
DGR Systems LLC,workable,dgrsystems,main
Diagnostic Robotics,workable,diagnostic-robotics,main
Dialectica,workable,dialectica-global,main
Dialexa,workable,dialexa,main
Diet ID,workable,diet-id,main
DigiOutsource,workable,digioutsource-1,main
digiRocks,workable,digirocks,main
Digital Aid,workable,digital-aid,main
Digital Control Inc.,workable,digital-control,main
Digital Frontier,workable,digital-frontier,main
Digital Shadows,workable,digital-shadows,main
Digital Yalo,workable,digital-yalo,main
DigitalGenius,workable,digitalgenius,main
digitalundivided,workable,digitalundivided,main
dim,workable,dim,main
Ding,workable,ding,main
Direct Biologics,workable,direct-biologics,main
Dirty Martini Marketing,workable,dirty-martini-marketing,main
DISA Technologies,workable,disa-technologies,main
DISCO,workable,disco,main
Discogs,workable,discogs-1,main
Discovery Education,workable,discoveryed,main
Dishpatch,workable,thedishpatch,main
Dispel,workable,dispel,main
Dispense,workable,dispense,main
Displayr,workable,displayr,main
Distalmotion SA,workable,distalmotion,main
DISYS,workable,disys,main
Diverse Computing,workable,diversecomputing,main
Divvy,workable,divvy,main
dltHub,workable,dlthub,main
DMV IT Service,workable,dmvitservice,main
DocMatter Inc.,workable,docmatter-inc-2,main
DocPlanner,workable,docplanner,main
Doctify,workable,doctify-1,main
Doehler North America,workable,doehler-north-america,main
Doist,workable,doist,main
Doji Ltd,workable,doji,main
DomainTools,workable,domain-tools,main
Domyn,workable,domyn,main
DonationXchange,workable,donationxchange,main
Donesafe,workable,donesafe,main
Dossier,workable,dossier,main
Double Stallion Games,workable,dblstallion,main
DoubleIP S.A.,workable,doubleip-sa,main
Downtown Houston +,workable,central-houston-inc,main
DPG,workable,dpg,main
Dreamdata,workable,dreamdata,main
DrivenData,workable,drivendata,main
Droids On Roids,workable,droids-on-roids-1,main
DroneUp,workable,droneup,main
Drops,workable,drops,main
Drug Hunter,workable,drug-hunter,main
Druid Hills Golf Club,workable,dhgc-careers,main
DRVN,workable,drvn,main
Dry Farm Wines,workable,dry-farm-wines-1,main
DSI Systems,workable,dsi-systems,main
DSI-Global,workable,dsi-global,main
Dubber,workable,dubber,main
Duke Corporate Education,workable,duke-corporate-education,main
"Dunlop Manufacturing, Inc.",workable,dunlop,main
Durma North America,workable,durma-north-america,main
dYdX Operations Trust,workable,dydx-operations-trust,main
Dynamic Solution Innovators,workable,dsinnovators,main
E8 Engineering,workable,e8-engineering,main
Eagle Eye,workable,eagle-eye-2,main
Eagle Sales Corp,workable,eagle-sales-corp,main
Eagle Seven,workable,eagle-seven,main
EarthCam,workable,earthcam,main
Earthlinktele,workable,earthlinktele,main
Ease Solutions,workable,ease-solutions-pte-ltd,main
East Bank Club,workable,east-bank-club,main
Easy Auto & Sunrise Acceptance,workable,easyauto,main
ECAD Labs Inc.,workable,ecadlabs,main
Echo Base,workable,echobase-global,main
Echo360 Inc,workable,echo360-inc,main
Echoing Green,workable,echoing-green,main
ecoligo,workable,ecoligo,main
Ecomnova,workable,ecomnova,main
"Econ One Research, Inc.",workable,econ-one-research,main
ECP,workable,ecp-123,main
Eden GeoPower Inc,workable,eden-geopower,main
Eden Holdings Philippines Inc.,workable,ed3nventures,main
Edgility Search,workable,edgility-search,main
edison365,workable,edison365,main
Editas Medicine,workable,editas,main
Edpuzzle,workable,edpuzzle,main
Education First Consulting,workable,education-first-consulting,main
Education Outside,workable,educationoutside,main
Education Reform Now Advocacy,workable,erna,main
efood,workable,e-food,main
eFounders,workable,efounders,main
Egon Zehnder,workable,ezrecruiting,main
ei3 Corporation,workable,ei3-corporation,main
eight&four,workable,eight-and-four,main
Einsite,workable,einsite,main
Ekanite Consulting,workable,ekanite-consulting,main
ekar,workable,ekar,main
ElectraMeccanica,workable,electrameccanica,main
Electric Coin Company,workable,electric-coin-company,main
Eleos Health,workable,eleos-health,main
Elephant and Castle,workable,elephant-and-castle-1,main
Elephant Healthcare,workable,elephanthealthcare,main
Elevate Semiconductor,workable,elevate-semiconductor,main
Elevation Pictures Corp.,workable,elevation-pictures-corp,main
Elevatus,workable,elevatus-2,main
Elior North America,workable,elior-north-america,main
Elior-NA,workable,elior-na,main
Elite Interpreters Asia (HK) Pte Ltd,workable,elite-interpreters-asia-hk-pte-ltd,main
Ellinopoula Ltd,workable,ellinopoula-ltd,main
Ellipsis Marketing LTD,workable,getellipsis,main
Elms Interior Design,workable,elms-interior-design,main
Elmwood Brand Consultancy,workable,elmwood,main
Elo,workable,elo-health,main
Elsewedy Electric PSP,workable,elsewedy-electric-psp,main
Eluvio,workable,eluvio,main
Elve Inc,workable,elvespeed,main
Elvie,workable,elvie,main
Emanuelson-Podas,workable,emanuelson-podas,main
Ember Digital Limited,workable,emberdigital,main
Emora Health,workable,emora-health,main
Empatica,workable,empatica,main
Emplify,workable,emplify,main
Employ,workable,employit,main
"Employee Owned Holdings, Inc.",workable,employee-owned-holdings-inc,main
Employmate,workable,emapply,main
Employment Hero,workable,employment-hero,main
Emprise Bank,workable,emprise-bank,main
eMushrif,workable,emushrif,main
"EMW, Inc.",workable,emw,main
Enable Data Incorporated,workable,enable-data,main
Encoded Therapeutics,workable,encoded,main
Endear,workable,endear,main
Endomag,workable,endomag,main
Energy Aspects Ltd,workable,energyaspects,main
Energy Impact Partners,workable,energyimpactpartners,main
Energy Transportation Group,workable,shipenergy,main
Energy Trust of Oregon,workable,energy-trust-of-oregon,main
EnerMech,workable,enermech,main
Enfinity Global,workable,enfinity-global-2,main
"ENFOS, Inc.",workable,enfos-inc,main
EngageTech,workable,engagetechuk,main
EngFlow Inc.,workable,engflow,main
enosix,workable,enosix-1,main
EnrollHere,workable,enrollhere,main
EnsoData,workable,ensodata,main
Enter,workable,getenter,main
Enterfusion,workable,enterfusion,main
Enterprise Electrical,workable,enterprise-electrical,main
Enterprise Horizon Consulting Group,workable,enterprise-horizon-consulting-group,main
Envalior,workable,envalior,main
Environment Bank,workable,environment-bank,main
Envisso,workable,envisso,main
EO San Francisco (EOSF),workable,eosf,main
EPS Consultants,workable,epsconsultants,main
Equiem,workable,getequiem,main
Equipment Experts Inc.,workable,equipment-experts-inc,main
ERP,workable,erp,main
eSalon,workable,esalon,main
Esanjo,workable,esanjo,main
Escape Velocity Entertainment Inc,workable,escape-velocity-entertainment-inc,main
"ESET Middle East, Greece & Cyprus",workable,eset,main
eSkill,workable,eskill-1,main
ESL FACEIT Group,workable,efg,main
eSoftware Associates Inc,workable,esoftware-associates-inc,main
Espresso Services Inc / Intermix Beverage,workable,espresso-services-inc,main
Essel,workable,esselenvironmental,main
Estendio,workable,estendio,main
ESV Accounting and Business Advisors,workable,esv-accounting,main
ESV Digital,workable,esv-digital,main
ETL SYSTEMS,workable,etl-systems,main
Etraveli Group,workable,e-travel-sa-1,main
Eupry,workable,eupry-aps,main
Euromonitor,workable,euromonitor,main
"Euronet Worldwide, Inc.",workable,euronet,main
Europe Careers,workable,europe-careers,main
European Policy Centre,workable,europeanpolicycentre,main
European Wax Center,workable,europeanwaxcenter,main
Evaluate Group,workable,evaluate-ltd,main
Eventology Marketing,workable,eventologymarketing,main
Everest Ventures Group,workable,everest-ventures-group,main
EverService,workable,everservice,main
Everyday Dose Inc.,workable,everyday-dose-inc,main
Everything To Gain,workable,everythingtogain,main
Evidence Action,workable,evidence-action,main
eVisit,workable,evisit,main
Evolv Technologies Inc.,workable,evolv-technology,main
Evolve Group,workable,evolvegrp,main
"EVOTEK, Inc.",workable,evotek-1,main
EVRYTHNG,workable,evrythng,main
Excellence Community Schools,workable,excellence-community-schools,main
Excellence Health Inc.,workable,excellence-health-inc,main
Excess Baggage,workable,excess-baggage,main
Expatriate Management Services Ltd,workable,expatriate-management-services-ltd,main
Experience Senior Living,workable,experience-sl-co,main
Experience.com,workable,experience-com,main
Ezypay,workable,ezypay,main
Fable Data,workable,fable-data,main
Facebook,workable,facebook,main
Facet,workable,facetwealth,main
Facilities Management Express,workable,fmx,main
Fairstead,workable,fairstead,main
Falcomm,workable,falcomm,main
Fancy,workable,fancy,main
Faria Education Group,workable,faria,main
Farm.One,workable,farm-one,main
Farmacy Beauty,workable,farmacy,main
Farmers Insurance - Richard Rappa District Office,workable,farmers-insurance-rappa-district,main
FARMVEDA,workable,farmveda,main
Faro Health Inc.,workable,farohealth,main
Fastbreak AI,workable,fastbreak-ai,main
Fastmail,workable,fastmail-1,main
Fastory,workable,fastory,main
"Fauna, Inc",workable,fauna,main
Favorite Medium,workable,favorite-medium,main
Fawkes IDM,workable,fawkes-idm,main
FCC Environmental Services,workable,fcc-environmental-services,main
Feeld,workable,feeldco,main
Felicity's link INC.,workable,felicitys-link-inc-1,main
Felsburg Holt & Ullevig,workable,felsburg-holt-and-ullevig,main
Fenergo,workable,fenergocareers,main
Fergus,workable,fergus,main
Ferryhopper,workable,ferryhopper,main
Festicket,workable,festicket,main
Fetchr,workable,fetchr,main
FFCFC,workable,ffcfc,main
Ffern,workable,ffern-2,main
FFP,workable,florida-food,main
Field Day,workable,field-day,main
Fieldcrest Ventures,workable,fieldcrest-ventures,main
FieldWrk,workable,fieldwrk,main
FillaRole,workable,fillarole,main
FILRO Global Hiring,workable,filro-global-hiring,main
Filtered,workable,filtered,main
Filtered Technologies Limited,workable,filtered-technologies-limited,main
Finexio,workable,finexio,main
Finisterre,workable,finisterre,main
Finite State,workable,finitestate,main
Finnovista,workable,finnovista,main
FinTech Insights,workable,scientia,main
Fireflies.ai,workable,fireflies,main
Firefly Health,workable,firefly-health,main
Firefly Tech Oy,workable,firefly-tech-oy,main
Firnal,workable,firnal,main
First Analysis,workable,first-analysis,main
First Choice Finance Consultants,workable,firstchoicefinanceconsultants,main
First Help Financial,workable,firsthelpfinancial,main
First Intuition,workable,first-intuition,main
First Law International sprl,workable,first-law-international-sprl,main
First Recruiting,workable,first,main
First San Francisco Partners,workable,first-san-francisco-partners,main
First Southern National Bank,workable,fsnb,main
Firstleaf,workable,firstleaf,main
Fiscal.ai,workable,fiscal-ai,main
Fishbrain AB,workable,fishbrain-ab,main
Fitness On Demand,workable,fitness-on-demand-1,main
Fitness Premier,workable,fitness-premier,main
FITURE,workable,fiture-holding-llc,main
FIVE19 Creative,workable,five19-creative,main
FixMyCar,workable,whocanfixmycar,main
Fixpoint,workable,fixpoint,main
Flagship Food Group,workable,flagship-premium-food-group,main
Flapen,workable,flapen,main
Flare,workable,flare-talent,main
Flats LLC,workable,flats-llc,main
Flawless Photonics,workable,flawlessphotonics,main
Flex College Prep,workable,flex-college-prep,main
Flexcompute Inc.,workable,flexcompute,main
Flexion Robotics,workable,flexion-robotics,main
Flight Group,workable,flight-group,main
Float.com,workable,floatjobs,main
FloatMe,workable,floatme,main
Floom,workable,floom,main
Florence,workable,florence-4,main
Florida Design Works,workable,florida-design-works,main
Florida Realtors,workable,florida-realtors,main
Florida Window & Door,workable,floridawindowanddoor,main
Flosum,workable,flosum,main
Flourish Research,workable,flourishresearch,main
FLOWERBX,workable,flowerbx,main
FlowX.AI,workable,flowxai,main
FLS Transportation Services,workable,fls-transportation,main
"Fluent, LLC",workable,fluent,main
FluidStack,workable,fluidstack,main
Flyability,workable,flyability,main
FlyOver Canada,workable,flyover-canada,main
Focus Lab,workable,focuslab,main
Foley,workable,foley-carrier-services-llc,main
Fonpit AG,workable,fonpit-ag,main
"Food Plant Engineering, LLC",workable,food-plant-engineering,main
Food Revolution Network,workable,foodrevolutionnetwork,main
Food Truck Promotions,workable,food-truck-promotions,main
FOODGEARS SINGAPORE PTE LTD,workable,foodgears-singapore-pte-ltd,main
Foodgie,workable,foodgie,main
Footasylum,workable,footasylum,main
Forager,workable,forager,main
Forbes Media,workable,forbes-media,main
ForceMetrics,workable,forcemetrics,main
FormAssembly Inc.,workable,formassembly,main
Formula5,workable,formula5,main
Forseven,workable,forseven,main
Fortanix,workable,fortanix,main
forwardpmx,workable,forwardpmx,main
Fotografiska- Premier,workable,fotografiska,main
Found&Chosen,workable,foundand-chosen,main
Found.ation,workable,thefoundation,main
Founders Intelligence,workable,founders-intelligence,main
Four Sigmatic,workable,four-sigmatic,main
FourthRev,workable,fourthrevcareers,main
Foxbox Digital,workable,foxbox-digital,main
Fractl,workable,fractl-1,main
Fran's ExploreMore Travel,workable,exploremore-with-fran,main
Francis Lofts & Bunks,workable,adultbunkbeds,main
Fred Astaire Dance Studios,workable,fred-astaire-dance-studios-3,main
Freebird,workable,freebird,main
FreightTAS LLC,workable,freight-t-a-s-llc,main
Fresh.Land,workable,freshland,main
FRESKO,workable,fresko,main
Fresno Regional Workforce Development Board,workable,frwdb,main
Frida,workable,fridababy,main
Friends of the High Line,workable,thehighline,main
"From Day One, Inc.",workable,fromdayone,main
Front Row,workable,front-row-group,main
"Frontline, LLC - Managed IT Services and IT Support",workable,frontlineinc,main
Fruitz,workable,fruitz,main
Fruugo.com Ltd,workable,fruugo,main
FSAA,workable,fsaa,main
Fuel Ventures,workable,fv-careers,main
Fujifilm Healthcare Europe,workable,fujifilm-healthcare-europe,main
Fuku,workable,fuku,main
Fulfillment IQ,workable,fiq,main
Fullmind,workable,fullmind,main
Fullstack Academy,workable,fullstackacademy,main
FullStack Labs,workable,fullstack-labs,main
Fun Town RV,workable,fun-town-rv,main
"Functional Nutriments, LLC",workable,functional-nutriments,main
Fundify,workable,fundify,main
Funding Options,workable,fundingoptions,main
Fundment,workable,fundment,main
Funnel Leasing,workable,funnel-leasing,main
FunnelFuel,workable,funnelfuel,main
FunPlus,workable,fun-plus,main
Fuse Energy,workable,fuseenergy,main
Fuse Finance,workable,fuse-finance,main
Fusion Professionals,workable,fusionprofessionals,main
Fusion Professionals Pty Limited,workable,fusion-professionals-pty-limited,main
FusionHit,workable,fusionhitjobs,main
Future Advocacy,workable,future-advocacy,main
Future Farm,workable,future-farm,main
Future Publishing,workable,futureplc,main
Future Today Strategy Group,workable,ftsg,main
FutureLearn Ltd,workable,futurelearn-ltd,main
Futuresay,workable,futuresay,main
FutureSight,workable,futuresight,main
Futurex,workable,futurex-1,main
Fy!,workable,fy,main
G MASS,workable,g-mass,main
G-20 Group,workable,g-20-advisors-ag,main
Gable,workable,gable,main
Gadge USA,workable,gadge-usa,main
GaggleAMP Inc.,workable,gaggleamp,main
"Galois, Inc.",workable,galois,main
gamigo group,workable,gamigo,main
Ganymede,workable,ganymede,main
GBG,workable,gbg,main
GCI Health,workable,gci-health,main
GearUp2Success,workable,gearup2success-1,main
Geissele Automatics Inc.,workable,geissele-automatics-inc,main
Gelato,workable,gelato-cloud,main
GEM Technologies,workable,gemtechnologies,main
Gemini Personnel Pte Ltd,workable,gemini-personnel-pte-ltd,main
Generation Esports,workable,gene,main
Generation UK & Ireland,workable,generation-uk,main
Generation West Virginia,workable,generationwv,main
Genesis Orthopedics & Sports Medicine,workable,genesisortho,main
Genesis Recruiting,workable,genesis-recruiting,main
Genetec,workable,genetec-inc,main
Genius Agency AI,workable,genusagencyai,main
Genius™,workable,joingenius,main
GenLayer Labs Corp.,workable,genlayer-labs,main
Genvax Technologies,workable,genvax-technologies,main
Genz-Ryan,workable,genz-ryan,main
Geomagical Labs,workable,geomagical-labs,main
Geoprobe Systems®,workable,geoprobe,main
George Lucas Educational Foundation,workable,glef,main
Georgia Dept. of Corrections,workable,georgia-dept-of-corrections,main
Georgia Network to End Sexual Assault,workable,georgia-network-to-end-sexual-assault,main
Gerard Search,workable,gerardsearch,main
Getir,workable,getir,main
GFT,workable,gft,main
GigaBrands,workable,gigabrands,main
Gigs,workable,gigs,main
Ginetta,workable,ginetta,main
Girls Who Invest,workable,girls-who-invest,main
GitHub,workable,github,main
Gizmo,workable,gizmo,main
Glass,workable,glass-research,main
Glass Lewis Europe Limited,workable,glass-lewis-europe-limited,main
Gleamin Inc.,workable,gleamin,main
Global App Testing,workable,global-app-testing,main
Global Dimensions,workable,globaldllc,main
"Global Engineering & Technology, Inc. (GET)",workable,get-career-site,main
"Global Engineering & Technology, Inc. (GET)",workable,global-engineering-and-technology,main
Global Healing,workable,globalhealing,main
Global Schools Forum,workable,global-schools-forum,main
Global Secure 3,workable,global-secure-3,main
Global Strategic Business Process Solutions Inc.,workable,global-strategic,main
Globalscape,workable,globalscape,main
GlobalVision,workable,globalvision-careers,main
Gobee Group,workable,gobee-group,main
goFLUENT,workable,gofluent-1,main
GoFull Inc.,workable,gofull-inc,main
gogaga holidays pvt ltd,workable,gogaga-holidays-pvt-ltd,main
GoGlobal,workable,goglobal,main
Goin,workable,goin,main
Golden Gate Regional Center,workable,ggrc,main
GoldenLine,workable,goldenline-1,main
GoLeasy,workable,goleasy,main
GolfSuites,workable,golfsuites,main
GOLFTEC,workable,golftec1,main
Goliath,workable,goliathgroup,main
Golin,workable,golin,main
GoMining,workable,gomining,main
Goo,workable,goo,main
Goody,workable,goody,main
GoOpti B.V.,workable,goopti,main
Goosechase,workable,goosechase,main
Gorillas,workable,gorillas,main
Gotham Enterprises Ltd,workable,gotham-enterprises,main
Gotu Healthcare,workable,gotu-healthcare,main
Gould & Ratner LLP,workable,gouldand-ratner,main
GOVX,workable,govx,main
Gramian Consulting Group,workable,gramian,main
"Grand Lodge, Masonic Homes & Acacia Creek",workable,masonic-homes-of-ca,main
GrandBrands (Grand Furniture & Ashley Furniture Southeastern VA),workable,allgrandbrands,main
Granite State Manufacturing,workable,granite-state-manufacturing,main
Grapevine MSP Technology Services,workable,grapevine-msp-technology-services,main
Graph.one,workable,graph-one,main
Grassroots Carbon,workable,grassrootscarbon,main
Gravity Payments,workable,gravity-payments-1,main
Grayce,workable,grayce,main
Graza,workable,graza,main
Great Northern Way Campus Ltd,workable,great-northern-way-campus,main
Greater Europe Mission,workable,greater-europe-mission,main
Greater Toronto Music School,workable,greater-toronto-music-school,main
GREEN GENIUS,workable,green-genius,main
Green Man Gaming,workable,green-man-gaming,main
Green.Earth,workable,greenearth,main
Greenbacker Capital,workable,greenbacker-capital,main
"Greenberg-Larraby, Inc. (GLI)",workable,greenberg-larraby-inc-gli,main
Greene County Public Library,workable,greenelibrary,main
Greenfly,workable,work-at-greenfly,main
Greenlife Healthcare Staffing,workable,greenlife-healthcare-staffing-1,main
Greenscreens.ai,workable,greenscreens-dot-a-i,main
Gresham Technologies PLC,workable,gresham,main
Greycoat Placements Limited,workable,greycoatlumleys,main
"Griffin & Strong, PC",workable,griffinand-strong-pc,main
Grio,workable,grio,main
GRIP Personal Training,workable,grip-personal-training,main
Gritter Francona,workable,gritter-francona,main
Groundfloor,workable,groundfloor,main
GroundTruth,workable,groundtruth,main
Growth Hub Consultants,workable,growth-hub-consultants,main
Growthcurve,workable,growthcurve-ltd,main
GrowthWheel International Inc.,workable,growthwheel,main
GrowthX Labs,workable,growthx,main
Growwr,workable,growwr,main
Grupago,workable,grupago,main
Grupo Medico Georgia,workable,grupo-medico-georgia,main
Grupo QuintoAndar,workable,quintoandar,main
Guestwise,workable,guestwise,main
Gunnebo Entrance Control,workable,gunnebo-entrance-control,main
Gyroscope Therapeutics,workable,gyroscope-therapeutics,main
H&H,workable,hardestyand-hanover,main
H2 Health,workable,h2-health,main
Habitat Learn Inc,workable,habitat-learn-inc,main
Hack The Box,workable,hack-the-box-ltd,main
hackajob,workable,hackajob,main
Hadley Designs,workable,hadley-designs,main
Haiqu Inc.,workable,haiqu-inc,main
Hakluyt,workable,hakluyt,main
Halcyon London International School,workable,halcyon-2,main
Hallson Hospitality,workable,hallson-hospitality,main
"Halo Industries, Inc.",workable,halo-industries,main
"Halstead Management Company, LLC",workable,halstead-management-company-llc,main
Hamiltonian Dynamics,workable,hamiltonian-dynamics,main
Hampton Healthcare,workable,hamptonhealthcare,main
"Handle, Inc.",workable,handle-inc,main
HanmiGlobal Saudi,workable,hanmiglobal-saudi,main
Hanna Interpreting Services LLC,workable,hanna-interpreting-services-llc,main
Happy Day Brands,workable,happyday,main
Happy Hour Games,workable,happy-hour-games,main
HappyFunCorp,workable,happyfuncorp-1,main
Harbr,workable,harbrdata,main
Harlem Children's Zone,workable,harlem-childrens-zone,main
Harmonic Fund Services,workable,harmonic-fund-services,main
Harmonic Security,workable,harmonic-security,main
Harvest,workable,harvest,main
Haus,workable,haus,main
Hawk-Eye Innovations,workable,hawk-eye-innovations,main
Hayfin Capital Management,workable,hayfin-capital-management,main
"Headworks, Inc.",workable,headworks-inc,main
HealingUS Centers,workable,healingus-centers,main
Health Care Informed,workable,health-care-informed,main
Health Link Talent,workable,health-link-talent,main
Healthcare Central London,workable,healthcare-central-london,main
Healthcare Management Administrators,workable,healthcare-management-administrators,main
HealthCorps,workable,healthcorpsorg,main
"HealthLink Dimensions, LLC",workable,healthlink-dimensions-llc,main
HealthOp Solutions,workable,healthop-solutions,main
HealthSnap,workable,healthsnap,main
Hearth Support Services,workable,hearth-support-services,main
HeartyyFresh,workable,heartyyfresh,main
HeavenHR,workable,heavenhr,main
HedgeServ,workable,hedgeserv-1,main
Hefring Engineering,workable,hefring-engineering,main
Helic Consultancy,workable,helic-consultancy,main
Helical,workable,helical,main
Hellas Gold S.A.,workable,eldoradogold,main
Hello Alice,workable,hello-alice,main
Hello Rache,workable,hello-rache,main
Hello Sunshine,workable,hello-sunshine,main
Help Scout,workable,help-scout,main
Helper Heroes,workable,helperheroes,main
HelpFlow,workable,helpflow,main
hemana,workable,hemana,main
Hemisphere Design Works,workable,hemispheredesignworks,main
HERA London,workable,hera-london,main
Heraklion International Airport,workable,heraklion-international-airport,main
hermeneutic Investments,workable,hermeneutic,main
Hertility Health,workable,hertilityhealth,main
Heska Corporation,workable,heska-corporation,main
Hex Trust,workable,hextrust,main
HGC Global Communications Limited,workable,hgc,main
Hi-Altitude Brands,workable,hialtitudebrands,main
HICX,workable,hicx-solutions,main
Hidden Valley Orchards,workable,hiddenvalleyorchards,main
High End Hiring,workable,high-end-hiring-3,main
High Rise Capital,workable,high-rise-capital,main
High Time Foods,workable,high-time-foods,main
Higher Learning Commission,workable,higher-learning-commission,main
Hike,workable,hike,main
Hilbert Investment Solutions,workable,hilbert-investment-solutions,main
Hilo By Aktiia,workable,hilobyaktiia,main
Hind Management,workable,hindmanagement,main
"Hint, Inc.",workable,hint,main
Hippo Digital,workable,hippo-digital,main
HipVan Pte Ltd,workable,hipvan-pte-ltd,main
Hireframe,workable,hireframe,main
"Hireio, Inc.",workable,hireio-inc,main
Hiring Street,workable,hiring-street-1,main
HIROTEC AMERICA,workable,hirotec-america,main
Hirsch,workable,hirsch,main
Hitch,workable,hitch-careers,main
Hive Healthcare,workable,hive-healthcare,main
Hmlet,workable,hmlet,main
HMTX Industries,workable,hmtx-industries,main
HOG TECHNOLOGIES,workable,hog-technologies,main
HOKALI,workable,hokali,main
Home Care Providers of Texas,workable,home-care-providers-of-texas-1,main
Home365,workable,home365,main
HomeBuddy,workable,homebuddy,main
Homeprotect,workable,homeprotect,main
Honda Indy Toronto,workable,honda-indy-toronto,main
Honest Networks,workable,honest-networks,main
HOOKBANG,workable,hookbang,main
Hop Labs,workable,hoplabs,main
Horizon Brands,workable,horizon-brands-group,main
Horizontal Digital,workable,horizontal-digital,main
Hosco,workable,hosco,main
Hospitable,workable,hospitable,main
"Hourly, Inc.",workable,hourly,main
"HousingPlus, Inc.",workable,housingplus-inc,main
Houst,workable,houst,main
Houston Behavioral Healthcare Hospital,workable,houston-behavioral-healthcare-hospital,main
Houston Properties Team,workable,houston-properties-team,main
HowNow,workable,hownow,main
Howso,workable,howso,main
HR Force International,workable,hr-force,main
HR Studio,workable,hr-studio,main
"HRINC(Cambodia)Co.,Ltd.",workable,hrinc-cambodia-co-dot-ltd,main
HSI,workable,hsi-1,main
HSO,workable,hso,main
Huawei Technologies,workable,huawei-16,main
Huawei Telekomünikasyon Dış Ticaret Ltd,workable,huawei-telekomunikasyon-dis-ticaret-ltd,main
"Hubb, Inc.",workable,hubb-inc,main
Hubble,workable,hubble,main
Hubtype,workable,hubtype,main
Huckberry,workable,huckberry,main
Huckletree,workable,huckletree,main
Huda Beauty,workable,hudabeauty,main
Hudson Data,workable,hudson-data,main
Hugging Face,workable,hugging-face,main
Hugging Face,workable,huggingface,main
Huk Gear,workable,marolina,main
"Human Made, makers of Altis DXP",workable,humanmade,main
Humara,workable,humara-2,main
Humi,workable,humi,main
Hummingbird Technologies Ltd,workable,hummingbird-technologies-ltd,main
Huntsville Memorial Hospital,workable,huntsville-memorial-hospital,main
Hutong School,workable,hutong-school-5,main
Huzzle,workable,huzzle,main
HXP,workable,humanitarianxp,main
Hybrid Holdings (PTY) LTD,workable,hybrid-holdings-pty-ltd,main
Hydrosat,workable,hydrosat,main
HyperLight,workable,hyperlight,main
Hyperon,workable,hyperon,main
HyperVerge,workable,hyperverge,main
hyu,workable,hyu,main
I.Rice & Company,workable,irice-and-company,main
IAPWE,workable,iapwe,main
IAS - the International AIDS Society,workable,iasociety,main
IAV Automotive Engineering Inc,workable,iav-automotive-engineering,main
IB3 Global Solutions,workable,ib3-global-solutions,main
ICARDA,workable,icarda,main
ICAST,workable,icast,main
ICBD,workable,icbd-holdings,main
ICEYE,workable,iceye,main
Icona Resorts,workable,icona-resorts,main
Idea Entity,workable,idea-entity,main
ideali,workable,ideali,main
IDEAtors Apprenticeship Program,workable,ideatorsrecruiting,main
IDEX,workable,idex,main
IDS Engineering Group,workable,ids-engineering-group,main
ieso,workable,ieso,main
iGATE Technology,workable,igate-technologies,main
iGenius,workable,igenius,main
Igloo,workable,iglooinsure,main
Ignite IT,workable,ignite-33,main
Ileg,workable,ileg,main
Iliad Partners,workable,iliad-partners,main
Illuma Technology,workable,illuma-technology,main
illuminating asia sg pte ltd,workable,illuminating-asia-sg-pte-ltd,main
ILO,workable,ilo,main
Imandra Inc.,workable,imandra,main
iMarketGlobal Inc,workable,imarketglobal-inc,main
iMarketing,workable,imarketing,main
IMImobile Pvt Ltd,workable,imimobile-pvt-ltd,main
immidi,workable,immidi,main
Immigrant Invest,workable,immigrant-invest-2,main
Impact Clients,workable,impact-clients,main
Impact Media,workable,impact-digital-group-inc,main
Impact Theory,workable,impact-theory,main
Impactual LLC,workable,impactual-llc,main
IMS,workable,ims,main
Indeavor,workable,indeavor,main
InDebted,workable,indebted,main
InDelivery sp z o.o,workable,indelivery,main
index,workable,index-4,main
Indian River Transport,workable,irtcareers,main
Indigo Solutions Group,workable,indigo-solutions-group,main
Indiko Data,workable,indikodata,main
Indra Park Air,workable,indra-park-air,main
Infini Capital Management Limited,workable,infini-capital-management-limited,main
Infleqtion,workable,coldquanta,main
InfluenceMap,workable,influencemap,main
InfoSum,workable,infosum,main
Infosys Singapore & Australia,workable,infosys-singaporeand-australia,main
Infotek Consulting LLC,workable,infotek-consulting,main
InfoTrack US,workable,infotrack-us,main
Infuse Consulting Ltd,workable,infuse-it,main
Inivos,workable,inivos,main
INJ Partners,workable,inj-partners-1,main
INK,workable,ink,main
Inkomoko,workable,inkomoko,main
Inland Family of Companies,workable,inland-companies,main
inMusic,workable,inmusic-1,main
Innocence Project,workable,innocence-project,main
Innovaccer Analytics,workable,innovaccer-analytics,main
InnovaPoint Infotech Pvt. Ltd.,workable,innovapoint-infotech-pvt-ltd,main
Innovative Rocket Technologies Inc.,workable,innovative-rocket-technologies-inc,main
Innovature BPO,workable,innovature-bpo-2,main
Innowell,workable,innowell,main
Inns of Aurora,workable,inns-of-aurora,main
inos Hellas. S.A.,workable,inos-hellas-sa,main
INSHUR,workable,inshur,main
Inside Real Estate,workable,inside-real-estate,main
Inside Sales Solutions,workable,inside-sales-solutions,main
Insight Investment,workable,insight-investment,main
Insignis,workable,insignis,main
Inspired Thinking Group (ITG),workable,itg,main
Inspiroz,workable,inspiroz1,main
Instagram,workable,instagram,main
INSTANDA,workable,instanda,main
Instant Underwriting,workable,instant-underwriting,main
"Instashowing, Inc.",workable,instashowing-inc,main
Integral Group Inc.,workable,integralgroup,main
"Integral Resources, LLC",workable,integral-resources-llc,main
Integrant,workable,integrant,main
Integrated Protection Systems,workable,ipssec,main
"Integrity Management Services, Inc.",workable,integritym,main
IntellaTriage,workable,intellatriage,main
Intelligent Change,workable,intelligentchange,main
Intelligo Group,workable,intelligo-group,main
IntelliShift,workable,intellishift,main
Inter Island Manpower Pte Ltd,workable,inter-island-manpower-pte-ltd,main
interactive investor,workable,interactive-investor,main
Interactive Strategies,workable,interactivestrategies,main
Interapt,workable,interapt,main
InterCloud,workable,intercloud,main
Interlaced,workable,interlaced,main
INTERSEC Group,workable,intersec-group,main
Intersog,workable,intersog-na,main
Interview Kickstart,workable,ikan,main
Intracom Telecom,workable,intracom-telecom-2,main
Intropic,workable,intropic,main
Intuita - Vacancies,workable,intuita-consulting,main
"Intuition Machines, Inc.",workable,imachines,main
inventi.jobs,workable,weareinventijobs,main
InvestNext,workable,investnext,main
Invision AI,workable,invisionai,main
IO Global,workable,io-global,main
IPConfigure,workable,ipconfigure,main
IPEX Group of Companies,workable,ipex,main
IPID,workable,ipid,main
iPullRank,workable,ipullrank,main
Ironhack,workable,ironhack,main
Ironwear,workable,ironwear,main
Irth Solutions,workable,irth-solutions,main
IS International Services,workable,is-international-services,main
iSchool,workable,ischool,main
Isla,workable,islacare,main
Isotron AI,workable,isotron-ai,main
Istorima,workable,istorima,main
it's electric,workable,itselectric,main
It's Pretty Hair,workable,itsprettyhair,main
iT1,workable,it1,main
ITAC,workable,itac-1,main
ITE MGMT,workable,ite-mgmt,main
iTechScope,workable,itechscope-3,main
Itecor,workable,itecor,main
Ithaca Hummus,workable,ithaca-hummus,main
IV.AI,workable,iv-ai,main
J. Blanton Plumbing,workable,j-blanton-plumbing,main
"Jaan Health, Inc.",workable,jaan-health-inc,main
Jack Wills,workable,jackwills,main
Jackbox Games,workable,jackbox-games,main
Jacob,workable,eatjacob,main
Jacobian,workable,jacobian,main
Jacuzzi Group,workable,jacuzzi-group,main
Jadeclass Education,workable,jadeclass-education,main
Jaded London,workable,jaded-london-2,main
Jagex: The RuneScape Company,workable,jagex-limited,main
JAINAM TECHNOLOGIES PVT LTD,workable,jainam-technologies-pvt-ltd,main
Jalasoft,workable,jalasoft,main
Jam+,workable,jam-4,main
James Allen,workable,james-allen,main
James S. McDonnell Foundation,workable,james-s-mcdonnell-foundation,main
Janes,workable,janes,main
Jarilo Design,workable,jarilo-design,main
Javelin Global Commodities,workable,javelin-global-commodities,main
Javelot,workable,javelot,main
JCC Greater Boston,workable,jcc-greater-boston,main
JeffreyM Consulting,workable,jeffreym-consulting,main
Jehlum,workable,jehlum,main
Jellyfish Group Ltd,workable,jellyfish-group-ltd,main
Jellyfish Pictures Ltd,workable,jellyfish-pictures-ltd,main
Jenzabar,workable,jenzabar1,main
Jerry,workable,jerry,main
Jiffy,workable,jiffyshirts,main
Jigsaw XYZ,workable,jigsaw-xyz,main
JITbase,workable,jitbase,main
JJ Buckley,workable,jj-buckley,main
JMAC Lending,workable,jmac-lending,main
JMP Securities LLC,workable,jmp-group,main
Job Board Fire,workable,jobboardfire,main
Job Bridge Global,workable,job-bridge-global-1,main
Jobble,workable,jobble-4,main
Jobgether,workable,jobgether,main
Jobicy,workable,jobicy,main
Jobint,workable,jobint-1,main
JobRack,workable,jobrack,main
JobSpot,workable,jobspot-2,main
Johnson Electric,workable,johnson-electric-4,main
Jomboy Media,workable,jomboy-media,main
Jon Ossoff for Senate,workable,jon-ossoff-for-senate,main
Joomag,workable,joomag,main
JOOR,workable,joor,main
Joramco,workable,joramco,main
Joss Search,workable,joss-search,main
Journey,workable,journeylive,main
Journey Beyond,workable,journey-beyond,main
Jump 450 Media,workable,jump450,main
Junglee Games,workable,junglee-games,main
Juno Bio,workable,junobio,main
Just Vision,workable,justvision,main
Just-Inspire Hospitality & Event Management,workable,just-inspire-hospitality-and-event-management,main
K1X,workable,k1x,main
K2D Strategies,workable,k2d-strategies,main
K3 Business Technologies,workable,k3btg,main
Kahoot!,workable,kahoot,main
Kahuna Workforce Solutions,workable,kahunaworkforce,main
Kaizen Asset Management Services,workable,kaizenams,main
Kaliber Asia,workable,kaliber-asia-sg,main
KAMI Workforce,workable,harmony-cloud-systems-pte-ltd,main
Kanopi,workable,kanopi,main
Kantox,workable,kantox,main
Kartu Prakerja,workable,kartu-prakerja,main
"Kaseware, Inc.",workable,kaseware-inc,main
Katalyst Fitness,workable,katalyst-fitness,main
Kate Farms,workable,kate-farms,main
Kaufman Rossin,workable,kaufmanrossin,main
Kaya,workable,kayaventures,main
Kayali,workable,kayali,main
Kayne Anderson Capital Advisors,workable,kaynecapital,main
KDA Consulting Inc,workable,kda-consulting,main
"Keeper Security, Inc.",workable,keepersecurity,main
Keepsafe,workable,keepsafe,main
Keepthinking,workable,keepthinking,main
Keller Executive Search,workable,keller-executive-search,main
Kenai Therapeutics,workable,kenai-therapeutics,main
Kentro,workable,kentro,main
Keragon,workable,keragon,main
"Kestra Medical Technologies, Inc",workable,kestra-medical-technologies-inc,main
Kettle,workable,kettle-2,main
Kettle & Fire,workable,kettle-and-fire,main
Kettler,workable,kettler,main
Keybee Hosting,workable,keybee-hosting,main
Keycafe,workable,keycafe,main
"KGS TECHNOLOGY GROUP, Inc.",workable,kgs-technology-group-inc,main
Kheiron Medical Technologies,workable,kheironmed,main
Khibraty,workable,khibraty,main
Kibo Ventures,workable,kibo-ventures-3,main
Kibo Ventures,workable,kibo-ventures-4,main
Kickr Design,workable,kickr-design,main
Kidadl,workable,kidadl,main
Kido,workable,kidoschools,main
Kiewit Mexico,workable,carreraskiewitmx,main
KIHOMAC,workable,kihomac,main
Kindred Nurseries,workable,kindredcareers,main
Kinetic Investments,workable,kinetic-investments,main
Kingdom Homes,workable,kingdom-homes,main
Kingmaker Limited,workable,kingmaker-limited,main
Kinsta,workable,kinsta,main
Kitman Labs,workable,kitman,main
Kitopi,workable,kitopi,main
Kixie,workable,kixie,main
Klass,workable,klass-capital,main
Klearly,workable,klearly,main
Kleen Test Products,workable,kleen-test-products,main
KLM Careers,workable,klm-careers-3,main
Knowhirematch,workable,knowhirematch-1,main
knowhirematch,workable,knowhirematch,main
Knowledge Futures,workable,knowledgefutures,main
Koala,workable,koala,main
Kobiton,workable,kobiton,main
Koda Health,workable,koda-health,main
Kody,workable,kody,main
Koi,workable,koi,main
"Komodo Co., Ltd.",workable,komodo-co-dot-ltd,main
Konew FinTech Corporation Limited,workable,konew-fintech,main
Kooner Fleet Management Solutions,workable,kooner-fleet-management-solutions,main
Kooth,workable,koothjobs,main
Korvia Consulting,workable,korvia,main
KPI Solutions,workable,kueckerpulseintegration,main
Kriya,workable,kriya,main
Kubicki Draper,workable,kubicki-draper,main
Kubicle,workable,kubicle,main
Kudos Services,workable,kudos-services,main
Kuhn Aviation,workable,kuhn-aviation,main
Kyboe Watches,workable,kyboe,main
Kynze,workable,kynze,main
L,workable,leg,main
L'Attitude Recruiting,workable,lattitude-recruiting,main
L'Renee & Associates,workable,lra,main
LA Clippers,workable,la-clippers,main
Laba Group,workable,laba,main
Label Your Data,workable,labelyourdata,main
LaBella Associates,workable,labella-associates,main
LabGenius,workable,labgenius,main
Laborup,workable,laborup,main
Lago,workable,lago-1,main
Lakeside Software,workable,lakeside-software,main
LANDBAY,workable,landbay,main
Landed,workable,careerslanded,main
Landtrust Title Services,workable,landtrust-title-services,main
Language Empire,workable,empire-group-1,main
LanguageWire,workable,languagewire,main
Lap of Love,workable,lapoflovejobs,main
Laravel,workable,laravel,main
Later + Mavrck,workable,later-5,main
LatinxEd,workable,latinxed,main
Launch Finance,workable,launchfinance,main
Launchpoint,workable,launchpointdev,main
Laundryheap,workable,laundryheap-2,main
Lawhive,workable,lawhive,main
Lawn Love,workable,lawn-love,main
LawnStarter,workable,lawnstarter,main
Lawyers in Local Government,workable,lawingov,main
Layer Labs (Cayman) Ltd.,workable,layer-labs-cayman-ltd,main
Lazarus Naturals,workable,lazarus-naturals,main
LCX,workable,lcx,main
LDX Digital,workable,ldx-digital,main
LDX Digital,workable,ldx-digital-2,main
Lead For America,workable,lead-for-america,main
Leadhome,workable,leadhome,main
Leadling,workable,leadling,main
LeadOwl,workable,leadowlhq,main
Leads.io,workable,leads-io,main
leadtech,workable,leadtech,main
Learner Education,workable,learner-education,main
Leena AI,workable,leenaai,main
LeetCode,workable,leetcode,main
Left Coast Naturals,workable,left-coast-naturals,main
Legacy Food Group,workable,legacy-food-group,main
Legacy People,workable,legacypeople,main
LegacyX Hiring,workable,legacyx-hiring,main
LegalMatch.com,workable,legalmatch,main
"LegalSifter, Inc.",workable,legalsifter-inc,main
Legatics,workable,legatics,main
Leigh and Co.,workable,leigh-and-co,main
Lemon.io,workable,lemon-dot-i-o,main
LendingOne,workable,lendingone,main
Lenses.io,workable,lensesio,main
Leo's Hospitality Group,workable,leos-hospitality-group,main
"Leupold + Stevens, Inc.",workable,leupold,main
LEVEE,workable,levee,main
Level Agency,workable,levelagency,main
LGFG Fashion House,workable,lgfg-fashion-house-8,main
LGI Homes,workable,lgihomes,main
"LGND AI, Inc.",workable,lgnd-ai-inc,main
"Liberty Behavioral & Community Services, Inc.",workable,liberty-behavioraland-community-services-inc,main
Liberum,workable,liberum,main
Libra Solutions,workable,libra-solutions,main
Lick,workable,lick-home-ltd,main
Life is Good,workable,life-is-good,main
Lifebit Biotech Ltd,workable,lifebit-biotech-ltd,main
Lifelinks International Resources,workable,lifelinks-international-resources,main
LifeMD,workable,lifemdcareers,main
LifeX,workable,lifex,main
Lighthouse Reports,workable,lighthouse-reports-2,main
Lighting New York,workable,lny,main
Lightmatter,workable,lightmatter,main
Likewise,workable,likewise,main
Limeroad,workable,limeroad,main
Limetree Bay Refinery & Terminal,workable,limetree-bay-refinery-and-terminal,main
Lincoln Avenue Communities,workable,lincolnavenue,main
Linearity,workable,linearity,main
LingoAce,workable,lingoace,main
Lingumi,workable,lingumi,main
LinkedIn,workable,linkedin,main
Liquid Development,workable,liquid-development,main
Listings Project,workable,listings-project,main
Lithos,workable,lithos,main
Littledata,workable,littledata,main
LiveData,workable,livedata,main
Living Room LA,workable,living-room-la,main
LIVunLtd,workable,livunltd,main
LLS,workable,lls,main
LM Designwerks Inc.,workable,lm-designwerks-inc,main
LMG Staffing Solutions,workable,lmg-staffing-solutions,main
Lo & Sons,workable,loandsons,main
Local Crafts,workable,localcrafts,main
"Local Projects, LLC",workable,local-projects-llc-1,main
LocalStack,workable,localstack,main
Locke Lord LLP,workable,locke-lord-llp,main
Lodge Brothers,workable,lodge-brothers,main
Lodge Management Group,workable,lodge-management,main
Lodgify,workable,lodgify,main
LOFT,workable,loft,main
LOGIC,workable,withlogic,main
Logical Clocks AB,workable,logical-clocks-ab,main
LogicGate,workable,logicgate,main
LogiNext,workable,loginext,main
Logitech,workable,logitech,main
London Film Academy,workable,london-film-academy,main
London Green Cycles,workable,london-green-cycles-lgc,main
Lone Rock Point,workable,lonerockpoint,main
Longshot Systems Ltd,workable,longshot-systems-ltd,main
Lookout Tavern,workable,lookout-tavern,main
LoopMe,workable,loopme,main
Lord,workable,lord,main
"Love Strategies, Inc.",workable,love-strategies-inc,main
Lovingly,workable,lovingly,main
LoyaltyLion,workable,loyaltylion-1,main
LPOD,workable,lpod,main
LRN Corporation,workable,lrn-corporation,main
Luke Recruitment,workable,luke-recruitment,main
Luminance,workable,luminance-1,main
Luminary Group,workable,luminary-group,main
Luminous Computing,workable,lmns,main
Lunit,workable,lunit,main
Luxico,workable,luxico-1,main
Luxus Worldwide,workable,luxus,main
Luxy Hair,workable,luxyhair,main
LV Petroleum,workable,lv-petroleum,main
Lytegen,workable,lytegen-1,main
M-Files,workable,m-files,main
m-hospitality,workable,m-hospitality-1,main
M.S. Walker,workable,mswalker,main
M/I Homes,workable,mi-homes,main
M2 Engineering,workable,m2-engineering,main
M247 Europe,workable,m247-europe,main
M3 Global Research,workable,m3gr,main
Maan Global Development,workable,maan-global-development,main
MacDonald-Miller Facility Solutions,workable,macdonald-miller,main
Macropace Technologies,workable,macropace-technologies,main
Mad Capital,workable,mad-capital,main
MadeTruly,workable,madetruly,main
Madwire,workable,madwire-1,main
Magic,workable,magicrecruitment,main
MAGIC,workable,magic-careers,main
"Magic Labs, Inc.",workable,magic-labs-inc,main
Magic Spoon,workable,magicspoon,main
Magnetic London Creative Services Ltd.,workable,magnetic-london-creative-services-ltd,main
Magpie Literacy,workable,magpieliteracy,main
Maid My Day Pty Ltd,workable,maidmyday,main
Maintain Technology Consulting,workable,maintain-technology-consulting,main
MAKAN,workable,makan,main
Make-A-Wish® Illinois,workable,make-a-wish-illinois,main
Makersite,workable,makersite,main
Manada Technologies,workable,manada-technologies,main
Managed Services,workable,managed-services,main
"Mandarich Law Group, LLP",workable,mandarich-law,main
Maneva,workable,maneva,main
Mangone Law Firm,workable,mangonelawfirm,main
Manila Recruitment,workable,manilarecruitment,main
Manna,workable,manna-1,main
ManpowerGroup Greece,workable,manpowergroup-greece-1,main
Mantis Security,workable,mantissecurity,main
Marble,workable,marble,main
March Networks,workable,march-networks,main
Marchay,workable,marchay-1,main
Marcura,workable,marcura,main
Mari,workable,mari-events,main
Marker.io,workable,marker-io,main
Marks & Clerk,workable,marksand-clerk,main
Marlowe Fire and Security,workable,marlowe-fire-and-security,main
Marshmallow,workable,marshmallow,main
Martin Brower,workable,martin-brower,main
Mash Staffing,workable,mash-staffing,main
Massachusetts Technology Collaborative,workable,masstech,main
Mast-Jägermeister US,workable,mast-jagermeister-us,main
Master It Behavior Therapy,workable,masterit-behavior-therapy,main
MasteryPrep,workable,masteryprep,main
Mat3ra,workable,mat3ra,main
MATCHES,workable,matchesfashion,main
Mathspace,workable,mathspace,main
Matrix Camps and Logistics,workable,matrix-camps-and-logistics,main
MATRIX Resources,workable,matrix-resources-1,main
Matternet,workable,matternet,main
Matthew Hoyle Financial Markets,workable,matthew-hoyle-financial-markets-1,main
Mattson,workable,mattson,main
Maven Pet,workable,maven-pet,main
Maverc Technologies,workable,maverctech,main
Maveris,workable,maveriscareers,main
Maviance,workable,maviance,main
"Max AI, Inc.",workable,maxcare,main
Max Borges Agency,workable,max-borges-agency,main
MaxAccelerate,workable,max-accelerate,main
maxRTE,workable,maxrte,main
Maxus Capital,workable,maxus-capital,main
Mayors Migration Council,workable,mayors-migration-council,main
Maza Financial,workable,maza-financial,main
MBA CSi,workable,mba-csi,main
McColm and Company,workable,mccolm-and-company,main
McLane Global,workable,mclane-global,main
MCS North America Inc.,workable,mcs-north-america-inc,main
Mealshare,workable,mealshare,main
MealSuite,workable,mealsuite,main
MeanPug Digital,workable,meanpug,main
Measured,workable,measured,main
MEDA Limited,workable,meda-limited,main
MedChart,workable,medchart,main
MediaMonks,workable,mediamonks,main
MediaRadar,workable,mediaradar,main
Mediavine,workable,mediavine,main
Medical Guardian,workable,medical-guardian,main
Medicare Singapore,workable,medicare-singapore,main
MedScope Installation,workable,medscope-installation,main
MedVA,workable,medva,main
Medvivo,workable,medvivo,main
Melco Resorts & Entertainment,workable,melco-resorts-and-entertainment,main
Melotech,workable,melotech,main
Meltwater,workable,meltwater,main
MEPCON AUDITING & CONSULTANCY SERVICES,workable,mepcon-auditing-and-consultancy-services,main
Meraki Group,workable,meraki-global,main
Mercata,workable,mercata,main
Mercenary,workable,mercenary,main
Mesh Systems,workable,meshsystems,main
MESHKI,workable,meshki,main
Metaculus,workable,metaculus,main
MetalBear,workable,metalbear,main
Metaplex Studios,workable,metaplex-studios,main
Meteor Education,workable,meteor-education,main
Methods Business and Digital Technology,workable,methods,main
Metova,workable,metova,main
METRUM,workable,metrum,main
MFS Africa,workable,mfs-africa,main
"Michael & Associates, Attorneys at Law",workable,michaelandassociates,main
"Micro-Leads, Inc.",workable,micro-leads,main
Microsoft,workable,microsoft,main
Microverse,workable,microverse,main
Middle Seat,workable,middle-seat,main
Middlebury College,workable,middleburycollege,main
Midea,workable,midea-america-corp,main
Midnite,workable,midnite,main
Mightybytes,workable,mightybytes,main
Mikinok Enterprises,workable,mikinok,main
Milani Cosmetics,workable,milanicosmetics,main
Miller International Inc.,workable,miller-international,main
Milo Enterprises Inc.,workable,milo-enterprises-inc,main
Mimica Automation,workable,mimica-automation,main
Mina Foundation,workable,mina-foundation,main
Mind Omega,workable,mind-omega-1,main
Mind the Product,workable,mindtheproduct,main
MindBridge Analytics Inc.,workable,mindbridge-analytics,main
Mindera,workable,minderacraft,main
Mindex,workable,mindex,main
Mindful Support Services,workable,mindful-support-services,main
Mindray North America,workable,mindray-north-america,main
Mindrift,workable,toloka-ai,main
Mindstone,workable,mindstone,main
Mine Tech Services,workable,minetechservices,main
Minerva Research Labs,workable,minervaresearchlabs,main
Mini-O,workable,mini-o,main
Minly,workable,minly,main
Mint Studios,workable,mint-studios,main
Mintago,workable,mintago,main
MIRA- Search,workable,mira-8,main
Miracle-Ear,workable,miracle-ear,main
Miray Holdings,workable,miraygroup,main
Misha Talent Acquisition,workable,misha-talent-acquisition,main
Mission 44,workable,mission-44,main
Mission Bit,workable,missionbit,main
MistyWest,workable,mistywest,main
MLabs,workable,mlabs,main
MMC Ventures,workable,mmcventures,main
MMI - Maritime and Mercantile International,workable,mmi-maritime-and-mercantile-international,main
Mo-Sys Engineering Ltd,workable,mo-sys,main
Mod Op,workable,mod-op,main
mod.io,workable,modio,main
MODANI FURNITURE,workable,modani-furniture,main
Modern AI,workable,modern-ai,main
Modern Family Law,workable,modern-family-law-1,main
Modern Selections,workable,modern-selections,main
Moesif,workable,moesif,main
Mom to Virtual Assistant,workable,momtovirtualassistant,main
Momentum IO,workable,momentumdesinglab,main
Momentum Services Ltd.,workable,momentum-services-ltd,main
MON Co.,workable,mon-co,main
Monarch Quantum,workable,monarch-quantum,main
Mondelez International,workable,mdlz,main
Moneyhub,workable,moneyhub,main
Moneythink,workable,moneythink,main
Monite,workable,monite,main
Mono,workable,mono,main
MONTANA CONSTRUCTION,workable,montana-construction,main
Montera,workable,montera,main
Montreal Analytics,workable,montrealanalytics,main
Montreal Associates,workable,montreal-associates,main
Moodle,workable,moodle,main
moomoo,workable,moomoo,main
Moonbug Entertainment,workable,moonbug-entertainment,main
Moonshot,workable,moonshot,main
More Staffing LLC,workable,more-staffing-llc,main
Moreton Capital Partners,workable,moreton-capital-partners,main
Morgan Fire Protection,workable,morgan-fire-protection,main
MORI,workable,babymori,main
Mori,workable,mori,main
Moro Tech,workable,moro-tech,main
Morressier,workable,morressier,main
Morrey Auto Group,workable,morrey-auto,main
Mosaic,workable,mosaic-app,main
MOSCOT,workable,moscot,main
Moth Drinks,workable,moth-drinks,main
Motivo Engineering,workable,motivo,main
Motor Coach Industries,workable,motor-coach-industries,main
Move,workable,move-talent,main
Move For Hunger,workable,move-for-hunger,main
Movement Labs,workable,movement-labs,main
Moxie Labs,workable,moxie-labs,main
MPF Federal,workable,mpf-federal-4,main
MRG Exams,workable,mrg-exams,main
MS Canada,workable,mscanada,main
MSL Engineering,workable,msl-engineering,main
MSNT.LLC,workable,msnt-dot-l-lc,main
MSR-FSR,workable,msr-fsr,main
MSS,workable,midwest-special-services,main
Multi Media LLC,workable,multimediallc,main
Multimedia,workable,multimediacl,main
Multiplica Talent,workable,multiplicatalent,main
Mumsnet,workable,mumsnet,main
Murmuration,workable,murmuration,main
Murphy Research,workable,murphy-research,main
Murray Franklyn,workable,murray-franklyn,main
Mursion Inc,workable,mursion-inc,main
Museum of Ice Cream,workable,museumoficecream,main
Musixmatch,workable,musixmatch,main
Mutual Mobile,workable,mutualmobile,main
Muume,workable,muume,main
Mvnifest,workable,mvnifest,main
Myndlift,workable,myndlift,main
MyOutDesk,workable,mod-careers,main
MySigrid,workable,mysigrid,main
MyTutor,workable,mytutor,main
Médecins du Monde,workable,medecins-du-monde,main
N2O,workable,n2o-1,main
n8n,workable,n8n,main
NA,workable,na2,main
Nairtime,workable,nairtime,main
"nanameue, Inc.",workable,nanameue,main
Nanocorp AG,workable,nanocorp,main
Napster,workable,napster,main
Nasoft.eg,workable,nasoft-eg,main
Natilus,workable,natilus,main
National Company For Learning & Education,workable,ncle,main
National Fitness Campaign,workable,national-fitness-campaign,main
NationSwell,workable,nationswell-1,main
Navarino,workable,navarino,main
Navion Senior Solutions,workable,navionsl,main
Navro,workable,navro,main
NCG Associates,workable,ncg-associates,main
Ndax Canada Inc.,workable,ndax,main
nDreams Limited,workable,ndreams,main
Neal R Gross & Co,workable,nrgco,main
NearNow,workable,nearnow,main
NEAT Method,workable,neat-method-careers,main
Nectafy,workable,nectafy,main
NEF,workable,nef,main
NEON Rated,workable,neon-rated,main
NeoReach,workable,neoreach,main
Ness Digital Engineering,workable,risk-focus-global,main
Nestle Waters North America,workable,nestle-waters-north-america,main
Net Natives,workable,net-natives-7,main
NetImpact Strategies,workable,netimpactstrategies,main
Netradyne,workable,netradyne-1,main
NetX,workable,netx,main
NeueHouse,workable,neuehouse,main
NeuGroup,workable,neugroup,main
Neural Magic,workable,neural-magic,main
NeuralFlex AI,workable,neuralflex-ai,main
NeuTalent,workable,neutalent,main
New Disabled South,workable,new-disabled-south,main
New Flyer,workable,new-flyer,main
New Home Star,workable,newhomestar,main
New Oakland Family Centers,workable,newoakland,main
New York City Tourism + Conventions,workable,nyctourism,main
New York Football Giants,workable,new-york-football-giants,main
New York Life,workable,new-york-life-63,main
New York Life,workable,new-york-life-60,main
New York Life Iowa office,workable,new-york-life-iowa-office,main
Newcode.ai,workable,newcode,main
Newrich Network,workable,newrich-network,main
NewsBreak,workable,newsbreak,main
Newton,workable,newton-europe,main
Next Job Abroad,workable,next-job-abroad,main
Nextep,workable,nextep-2,main
Nextern,workable,nextern,main
Nexus Studios,workable,nexusstudios,main
Nexvel,workable,nexvelsolutions,main
Neybox Digital Ltd.,workable,neybox-digital,main
NFI Group Inc.,workable,nfi-group-inc,main
Nido Living,workable,nidoliving,main
NiftyApes,workable,niftyapes,main
Nillion,workable,nillion,main
nimbyx,workable,nimbyx,main
NIN Delivers,workable,nin-delivers,main
NineTwoThree AI Studio,workable,ninetwothree-ai-studio,main
Ninja,workable,ananinja,main
Ninja Theory,workable,ninja-theory,main
Nippon Shokken U.S.A. Inc.,workable,nipponshokkenusa,main
Nitor,workable,nitor,main
Nitrogen,workable,nitrogenwealth,main
NIVA Health,workable,niva-health-2,main
NNC.,workable,nncpr,main
Noble,workable,wearenoble,main
Noble of Indiana,workable,noble-of-indiana,main
Nobox Aviation Recruitment,workable,nobox-hr-outsourcing-solutions,main
NoGigiddy,workable,nogigiddy,main
NoGood,workable,nogood,main
Nomad,workable,nomadglobal,main
Nood,workable,noodists,main
Noramtec Consultants,workable,noramtec-consultants,main
norbloc AB,workable,norbloc-se,main
Norfolk County,workable,norfolk-county,main
NORIT Activated Carbon,workable,norit,main
Normally,workable,normally,main
Northern Architectural Systems,workable,northern-architectural-systems,main
Northern California Behavioral Health System,workable,northern-california-behavioral-health-system,main
Northzone,workable,northzone,main
Notion Capital,workable,notion-vc,main
NOVA,workable,novainstall,main
Nova Wealth,workable,nova-wealth,main
NovaFori,workable,novafori,main
Novasign,workable,novasign,main
November Five,workable,novemberfive,main
"Novex, LLC",workable,novex-llc,main
Novo Holdings,workable,novoholdings,main
NOW Courier,workable,now-courier-ic,main
NQC,workable,nqc,main
Nu Quantum Ltd,workable,nu-quantum,main
Nuada,workable,nuadaco2,main
Nuclera,workable,nuclera,main
Nuovo Photography,workable,nuovophotography,main
NUS Enterprise,workable,nus-enterprise,main
nutpods,workable,nutpods,main
Nuvani London,workable,nuvani-london,main
Nuvei,workable,nuvei,main
NYC Alliance Company LLC,workable,nyc-alliance-company-llc,main
O'Hagan Meyer,workable,ohagan-meyer,main
O'Hara Corporation,workable,ohara-corporation,main
Oak Engage,workable,oakengage,main
Oak Ridge Tile and Home,workable,oak-ridge-tile-and-home,main
OBDeleven,workable,obdeleven,main
Oblivious,workable,oblivious,main
Ocean Casino Resort,workable,theoceanac,main
Ocean Outcomes,workable,ocean-outcomes,main
"OCT Consulting, LLC",workable,oct-consulting-llc,main
Octopus HR,workable,octopushr,main
Odeon Capital Group,workable,odeon-capital-group,main
Odin Mortgage,workable,odin-mortgage,main
ODK Media,workable,odk-media,main
ODORZX INC.,workable,odorzx,main
Office,workable,office,main
Offline,workable,offline,main
Ofload,workable,ofload,main
Ohalo,workable,ohalo,main
"OhmniLabs, Inc",workable,ohmnilabs,main
Oliva,workable,oliva1,main
Olive,workable,olive,main
Ombori,workable,ombori-career,main
Omen,workable,omen,main
Ometria,workable,ometria,main
Omnipresent,workable,omnipresent-group,main
Omron Asia Pacific Pte Ltd,workable,omron-asia-pacific-pte-ltd,main
Once,workable,getonce,main
One Of Us,workable,one-of-us,main
ONE Sotheby's International Realty,workable,one-sir,main
ONE2ONE Inc.,workable,one-2-one-computer-services-inc,main
Onedersquad,workable,onedersquad-1,main
OneImaging,workable,oneimaging-1,main
OneOcean,workable,oneocean,main
OnePlus North America,workable,oneplus-north-america,main
Oner Active UK Ltd,workable,oneractive,main
OneSpace,workable,onespace,main
OneTouch Direct,workable,otdcareers,main
Oneview Healthcare,workable,oneview-healthcare-plc,main
Onfido,workable,onfido,main
Online Education Services,workable,oes,main
Online Marketing Gurus,workable,onlinemarketinggurus,main
Onlock,workable,onlock,main
OnLogic,workable,onlogic-inc,main
OnlyExperts,workable,onlyexperts,main
OnMed,workable,onmed,main
Onomondo,workable,onomondo,main
OnScale,workable,onscale,main
Onside,workable,onside,main
OnZero,workable,onzero,main
OOCA,workable,oocahq,main
Opal,workable,opal-labs,main
Open,workable,beopen,main
"Open Systems International, Inc. (OSI)",workable,osii,main
OpenDataJobs,workable,opendatajobs,main
OPENLANE Europe,workable,openlane-europe,main
OpenMined,workable,openmined,main
Opensignal,workable,opensignal-limited,main
OpenSymmetry,workable,opensymmetry,main
OpenWorks Engineering,workable,openworks-engineering,main
Oppizi,workable,oppizi,main
OPPO US Research Center,workable,innopeaktech,main
OPTASY Inc.,workable,optasy,main
optiBPO,workable,optibpo,main
Optime Group,workable,optimegroup,main
Optimizon,workable,optimizon,main
OptiSigns Inc.,workable,optisigns-inc,main
OptiTrack,workable,optitrack,main
Opus 2,workable,opus2,main
Orbital,workable,orbital-witness-limited,main
Orchard Therapeutics,workable,orchard-therapeutics,main
Order Desk,workable,orderdesk,main
OrderMyGear,workable,ordermygear,main
Oredata Yazılım Anonim Şirketi,workable,oredata,main
Orgmento,workable,orgmento,main
Orgvue,workable,orgvue,main
Origin,workable,origin-10x,main
Origin Primary Limited,workable,origin-primary-limited,main
Orlando Informer,workable,orlando-informer,main
Orum,workable,orum,main
OSEA,workable,osea,main
OSL,workable,osldotcom,main
Othaim Holding,workable,othaim-holding,main
OTK Media,workable,otk-media,main
Otoqi,workable,otoqi,main
Ottimate,workable,ottimate,main
OUAI,workable,theouai,main
Our Home,workable,ourhomesnacks,main
Oura,workable,oura-health-ltd,main
Outdoorsy,workable,outdoorsy,main
Outfund,workable,outfund,main
Outlier.org,workable,outlier-dot-o-rg,main
Outsource Access,workable,outsource-access,main
Outwork Staffing,workable,outwork-staffing,main
Over The Moon,workable,over-the-moon-1,main
Oversee,workable,oversee-1,main
Overwatch Construction Management,workable,overwatchcm,main
owl.co,workable,owl-dot-co,main
Owlet Baby Care,workable,owlet-baby-care-1,main
Own,workable,own,main
Own Up,workable,own-up,main
Oxford Quantum Circuits,workable,oqc,main
Oxford University Innovation,workable,oxford-university-innovation,main
Ozone API,workable,ozoneapi,main
Pachama Inc,workable,pachama,main
Pacific Aviation,workable,pacificaviation,main
Pacific Defense,workable,pacific-defense,main
Pacific Health Group,workable,pacific-health-group,main
Packlane,workable,packlane,main
Packt,workable,packtpublishing,main
Pactera Singapore Pte Ltd,workable,pactera-singapore-pte-ltd,main
Paired,workable,paired,main
Paired,workable,pairedrecruiting,main
Paleovalley,workable,paleovalley-1,main
PalmHR,workable,palmhr,main
Palo Alto Mind Body,workable,pamb,main
Palona AI,workable,palona,main
PandaTree,workable,pandatree,main
Pangaia,workable,pangaia,main
Panic Stations,workable,panic-stations,main
Paper Giant,workable,papergiant,main
Paper Tiger,workable,papertiger,main
Papier,workable,papier,main
Papoutsanis SA,workable,papoutsanis-1,main
Paradigm Power Delivery Inc.,workable,paradigm-pd,main
Paragon Cyber Solutions,workable,paragoncybersolutions,main
Paragraf,workable,paragraf-1,main
Parallelz,workable,parallelz,main
Pardon,workable,pardon,main
Pareto Publishing - Make The Magic Happen,workable,pareto-publishing,main
Parimatch Tech,workable,pmtech,main
"Park Place Finance, LLC",workable,park-place-finance-llc,main
Parman Energy,workable,parmanenergy,main
PARS Therapy,workable,pars-therapy,main
PARTALE,workable,partale-talent,main
Partech,workable,partech,main
Partech Partners,workable,partechpartners,main
Partner One Capital,workable,partner-one-capital,main
PartnerCentric,workable,partnercentric,main
Pass the Keys,workable,passthekeys,main
Passage,workable,passage,main
Passion.io,workable,passionio,main
Passionfruit,workable,passionfruit,main
Path Construction,workable,path-construction,main
Pathway,workable,pathwaycom,main
PatientIQ,workable,patientiq,main
Patients Know Best,workable,patients,main
Patriot Software,workable,patriot-software,main
Patrique Mercier Recruitment By Cyriel,workable,patrique-mercier-recruitment-1,main
Patrique Mercier Recruitment By Nellie,workable,patrique-mercier-recruitment-fr,main
Pavago,workable,pavago,main
PAXT,workable,paxt,main
Payability,workable,payability,main
payabl.,workable,payabl,main
Paylidify,workable,paylidify,main
Paysure,workable,paysure,main
PeachPay,workable,peachpay,main
PeakMade Real Estate,workable,peak-made,main
Peaksware,workable,peaksware,main
Pearl,workable,pearltalent,main
Pearl Abyss Europe,workable,pearlabyss-europe,main
Pecan Ai,workable,pecan,main
Pele Soccer,workable,pelesoccer,main
Pelesys Learning Systems Inc.,workable,pelesys-learning-systems-inc,main
Penn Mutual Life Insurance,workable,pennmutual,main
Penny AI,workable,penny-ai,main
PenPal Schools,workable,penpal-schools,main
People for UNDP,workable,people4undp,main
People Powered,workable,peoplepowered,main
Pepper,workable,wearpepper,main
Pepperstone,workable,pepperstone,main
Perci Health,workable,percihealth,main
Pereview Software,workable,pereview-software,main
PerformYard,workable,performyard,main
Perry Homes,workable,perryhomes,main
Perry Weather,workable,perryweather,main
Persado,workable,persado,main
Persimmons,workable,persimmons-ai,main
PERSUIT,workable,persuit-1,main
PETBUDDY AB,workable,petbuddy,main
PetLabCo.,workable,petlab-co,main
PetroApp,workable,petroapp,main
Petsource Asia Limited,workable,petsource-asia-limited,main
PGTEK,workable,pgtek,main
Phasecraft,workable,phasecraft-1,main
Phasor Engineering Inc,workable,phasorengineering,main
"Phil, Inc",workable,philinc,main
Phillips Consulting,workable,phillips-consulting,main
Phillips Corporation,workable,phillips-corporation,main
Phlo - Digital Pharmacy,workable,wearephlo,main
Phocas Software,workable,phocassoftware,main
Phoenix Home Care and Hospice,workable,phoenix-home-care-and-hospice,main
Photobooth Supply Co,workable,photoboothsuppplyco,main
PhotoShelter,workable,photoshelter,main
Physera,workable,physera,main
PIC,workable,pension-services-corporation-limited,main
PicassoMD,workable,picassomd,main
Pierce Technology Corp,workable,pierce,main
Piggy,workable,piggy,main
Pilcrow,workable,pilcrow,main
Pilot,workable,pilot,main
Pinata,workable,pinata,main
Pineapple | Virtual Assistant Hub,workable,pineapple-staffing,main
Pinefield Industries Ltd,workable,pinefield,main
Pinely,workable,pinely,main
Pinewood.AI,workable,pinewoodaicareers,main
Pink Joint,workable,pink-joint,main
Pinkston,workable,pinkston,main
Pinnacle Middle East,workable,pinnacle-middle-east,main
Pinterest,workable,pinterest,main
Pion,workable,wearepion,main
Pioneer Management Consulting,workable,thepioneerteam,main
Pirata Group,workable,piratagroup,main
PIRATE,workable,pirate-studios,main
Pitch,workable,pitch-software,main
Pitch Marketing Group,workable,pitch-marketing-group,main
Pitchbox,workable,pitchbox,main
Pitchero,workable,pitchero,main
PIVOT Agency,workable,pivot-agency,main
Pix4D,workable,pix4d,main
"Pixelogic Media Partners, LLC",workable,pixelogicmedia,main
Pixomondo,workable,pxo,main
Pj Fitzpatrick,workable,pj-fitz,main
Places For Less,workable,places-for-less,main
Placewise,workable,placewise,main
Plain,workable,plain,main
Plan A,workable,plana,main
Planar Systems,workable,planar-systems,main
Planet.fans,workable,planet,main
PlanetArt,workable,planetart,main
Platinumlist,workable,platinum-list,main
Platzi,workable,platzi,main
Playfair,workable,playfair,main
Plume Labs,workable,plumelabs,main
Plumerai,workable,plumerai,main
Plutra Quantitative Trading,workable,plutra-quantitative-trading,main
PM2CM,workable,pm2cm,main
Podia,workable,podia,main
Pole Star Global,workable,pole-star-1,main
PolyAI,workable,poly-ai,main
pony.ai,workable,pony-dot-ai,main
Popmenu,workable,popmenu,main
Porkepic Solutions,workable,porkepic,main
Portless,workable,portless,main
PostHog,workable,posthog,main
Postman,workable,postman,main
Power Factors,workable,power-factors,main
PowerLines,workable,powerlines,main
Practi,workable,practihealth,main
Praecipio,workable,praecipio,main
PRAN GROUP AB,workable,prangroup,main
Pravaler,workable,pravaler-1,main
Praytell,workable,praytell,main
Precoa,workable,precoa,main
Predoc,workable,predoc,main
Premier Foods Asia,workable,premier-foods-asia,main
Premium Merchant Funding,workable,premium-merchant-funding-3,main
Premium Solutions Consultancy,workable,premium-solutions-consultancy,main
Prenda,workable,prenda,main
PrePass,workable,prepass,main
Pressed Roots,workable,pressed-roots,main
Prestage,workable,prestage,main
PreStocks,workable,prestocks,main
Prima Assicurazioni,workable,primait,main
PRIME,workable,drinkprime,main
Printec,workable,printec,main
Printfresh LLC,workable,printfresh,main
Prism Consulting Group Singapore,workable,prism-consulting-group-singapore,main
"Prisma International, Inc.",workable,prisma-3,main
Privy,workable,privy-2,main
Privyr,workable,privyr,main
Pro Aims Resources,workable,pro-aims-resources,main
ProArch,workable,proarch-3,main
Prochant US,workable,prochant-us,main
ProdPad,workable,prodpad,main
Productio,workable,productio,main
Professional Physical Therapy,workable,professional-pt,main
Proficio,workable,proficio-inc,main
ProgressSoft,workable,progressoft,main
ProjectFitter,workable,projectfitter,main
Prolific,workable,prolific-world,main
Prolucid Technologies,workable,prolucid-technologies,main
Prominence Advisors,workable,prominence-advisors,main
Prop Firm Match Global – FZCO,workable,pfm-global-fzco,main
PROPERTYLIMBROTHERSMEDIA PTE. LTD.,workable,propertylimbrothers,main
Prosci,workable,prosci,main
prosource.it- Americas,workable,prosource-dot-i-t,main
ProspHire,workable,prosphire,main
Prosync,workable,prosync,main
Protec Dental Laboratories Ltd,workable,protec-dental-laboratories,main
Protera,workable,protera,main
ProtoTech Solutions & Services Pvt Ltd,workable,prototech-solutions-and-services-pvt-ltd,main
Provider1st,workable,provider1st,main
Proximity Works,workable,prox-works,main
Proxxi Technology,workable,proxxiband,main
Proxymity,workable,proxymity,main
PRX,workable,prx,main
Psychology Today,workable,psychology-today,main
PT Pegadaian (Persero),workable,pegadaian,main
Pubguard,workable,pubguard,main
Publishers Clearing House,workable,publishers-clearing-house,main
Pulse Games,workable,pulsegames,main
"Pure Ground Ingredients, Inc.",workable,pgi-organics,main
Purple Carrot,workable,thepurplecarrot,main
pymetrics,workable,pymetrics,main
PÄRLA,workable,parla,main
Q5,workable,q5-partners,main
Qatalog,workable,qatalog,main
"QbDVision, Inc.",workable,qbdvision,main
QCP,workable,qcp-group,main
Qoala,workable,qoala,main
Qode,workable,qodeworld,main
QRA Corp,workable,qracorp,main
"quadric, Inc",workable,quadric-dot-i-o-inc,main
QUALCO,workable,qualco,main
Qualee,workable,qualee,main
Qualicom,workable,qualicom,main
Qualio,workable,qualio,main
Qualis LLC,workable,qualis-corporation,main
Qualitest,workable,qualitest-1,main
Quandela,workable,quandela,main
Quantexa,workable,quantexa,main
QuantHub,workable,quanthub,main
Quantic School of Business and Technology,workable,quantic-1,main
Quantis,workable,quantis,main
Quantum Fuel Systems LLC,workable,quantum-fuel-systems-llc,main
Quartic.ai,workable,quartic-ai,main
Queen Anna House of Fashion,workable,queen-anna-house-of-fashion,main
QuickStarter,workable,quickstarter,main
Quizizz,workable,quizizz,main
Quona Capital,workable,quona-capital-llc,main
Quontic,workable,quonticbank,main
qurba,workable,qurba,main
Qwinix,workable,qwinix,main
R2Net,workable,r2net,main
Race Communications,workable,racecommunications,main
Racing Breaks,workable,racingbreaks,main
Raft,workable,raftai,main
Rallye Motor Company,workable,rallye-motors,main
RAM Investment Advisors Limited,workable,ram-investment-advisors-limited,main
Rankings.io,workable,rankings,main
Rapsodo,workable,rapsodo,main
Raptee Energy,workable,raptee-energy,main
Rasid Holding Company,workable,rasidholding,main
Raspberry Pi Foundation,workable,raspberrypifoundation,main
"Raths, Raths & Johnson, Inc.",workable,raths-raths-and-johnson,main
Ravelin,workable,ravelin,main
Raw Signal Group,workable,rawsignalgroup,main
RDI,workable,rditrials,main
Re7 Capital,workable,re7-capital,main
Rea,workable,reaadvisory,main
Ready to Grow Gardens,workable,readytogrowgardens,main
Recover Medical Group,workable,recover-medical-group,main
"Recovery Partners, an ARMStrong Company",workable,recovery-partners,main
Recruit Loop,workable,recruitloop,main
Recurly,workable,recurly,main
Red Cedar Solutions,workable,red-cedar-solutions,main
RedLion Mobile,workable,redlion-mobility,main
Redox,workable,redox,main
REE Medical,workable,ree-medical,main
"Reebok International, Ltd",workable,reebok,main
REEDS Jewelers,workable,reeds,main
Reedsy,workable,reedsy,main
REEF,workable,nbrhd,main
Refloor,workable,refloor,main
Reform,workable,reform,main
Regional Airline Association,workable,regional-airline-association,main
Reliant AI,workable,reliant-ai,main
Relm Insurance,workable,relminsurance,main
Rely Health,workable,rely-health,main
Remegen Biosciences,workable,remegenbio,main
Remote Talent Cloud,workable,remote-talent-cloud,main
Remote VA,workable,remote-va,main
Remotebase,workable,remotebase,main
Remotivate LLC,workable,letsremotivate,main
RemotivateJobs,workable,remotivatejobs,main
Renew Home,workable,renewhome,main
Reno Orthopedic Center,workable,reno-orthopedic-center,main
Renovco Inc,workable,renovco,main
reqroo,workable,reqroo,main
Research Collaborative,workable,research-collaborative,main
Resident Advisor,workable,resident-advisor,main
Resola Inc,workable,resola,main
Resonate Solutions,workable,resonate-solutions,main
Resource Guru,workable,resource-guru,main
Resource Innovations,workable,resource-innovations,main
Respect,workable,respect,main
Respiris,workable,respiris,main
ResPro Health,workable,respro-health,main
Resultance,workable,resultance,main
Resy,workable,resy-1,main
Retail Circle,workable,retail-circle,main
Retail knights limited,workable,retail-knights-limited,main
RetinAI Medical,workable,retinai,main
Revaya,workable,revaya,main
Reveal Health Tech,workable,reveal-health-tech,main
ReversingLabs,workable,reversinglabs,main
Revive Media,workable,revive-media,main
Rewiring America,workable,rewiring-america,main
REX Architecture,workable,rex-architecture,main
Rezilient Health,workable,rezilient,main
Rhino Africa,workable,rhinoafrica,main
Ride Health,workable,ridehealth,main
Right Hook Digital,workable,righthookdigital,main
RightSite Health,workable,rightsite-health-1,main
Rimkus,workable,rimkus,main
Ripple Effect,workable,the-ripple-way,main
Rising Edge Group,workable,risingedgegroup,main
Rising Medical Solutions,workable,rising-medical-solutions-1,main
Riverlane,workable,riverlane,main
Riverside Insights,workable,riverside-insights,main
Riviana Foods,workable,riviana-foods,main
RIXO,workable,rixo,main
RLJ Lodging Trust,workable,rlj-lodging-trust,main
"RMF Engineering, Inc",workable,rmf-engineering-inc,main
RNA Analytics,workable,rna-analytics,main
Roark Capital,workable,roark-capital,main
Rock Petroleum,workable,rockpetroleum,main
Rockstar,workable,rockstar-3,main
Rocky Talkie,workable,rocky-talkie,main
Rokt,workable,rokt,main
Rolescale.com,workable,role-scale,main
Roljobs Technology Services Pvt. Ltd.,workable,roland-associates,main
ROLLER Software,workable,roller-software,main
Roote,workable,rooteco,main
Roster,workable,roster,main
Routable,workable,routable,main
RouteSmart Technologies Inc,workable,routesmart-technologies-inc,main
Roy's Towne Pub,workable,roys-towne-pub,main
Royalty Hospitality Staffing,workable,royalty-hospitality-staffing-1,main
RSA Global,workable,rsa-global,main
RTM Business Group,workable,rtm-business-group,main
Runna,workable,runna,main
Runway East,workable,runway-east,main
Rushable,workable,rushable,main
Rutledge Healthcare,workable,rutledge-healthcare,main
Ruvixx,workable,ruvixx,main
RxData,workable,rxdata,main
RXP,workable,rxp,main
Ryanair,workable,ryanair,main
Rydoo,workable,rydoo,main
RYNO Strategic Solutions,workable,ryno-strategic-solutions,main
RYSE Inc,workable,ryse,main
Rystad Energy,workable,rystad-energy,main
Saaf Finance,workable,saaf-finance,main
Saalex,workable,saalex,main
SAEKI,workable,saeki,main
Safe Direction,workable,safe-direction,main
Safesite and Foresight Insurance,workable,foresightgroup,main
SAGA Diagnostics,workable,saga-diagnostics,main
Sago,workable,sago-group,main
Saibber LLC,workable,saibberllc,main
SalesFit Staffing Solutions,workable,salesfit-staffing-solutions,main
Salesfolks,workable,salesfolks,main
SalesPlaybook AG,workable,thesalesplaybook,main
Salina,workable,salina,main
Salla,workable,salla,main
Salt Technologies,workable,salttechno,main
Sam,workable,sam-18,main
Sama,workable,samacoaching,main
SamCart,workable,samcart,main
SAMI Navantia,workable,saminavantia,main
Samsung SDS America,workable,samsung-sds-america,main
San Diego County Regional Airport Authority,workable,san-diego-county-regional-airport-authority,main
San Diego Foundation,workable,san-diego-foundation,main
San Francisco Wine Trading Company,workable,san-francisco-wine-trading-company-1,main
Sanction Scanner,workable,sanction-scanner,main
Sand Cherry Associates,workable,sand-cherry-associates-1,main
Sandalwood Engineering & Ergonomics,workable,sandalwood-engineering-and-ergonomics,main
SANDEMANs NEW Europe,workable,sandemans-new-europe,main
Sandpiper Productions,workable,sandpiper-productions,main
Sanford Health,workable,sanford-health,main
Sangoma,workable,sangoma-3,main
Sans,workable,sans-2,main
SAP Fioneer,workable,fioneer,main
Sapsol Technologies Inc,workable,sapsol-technologies-inc-7,main
Saskatchewan Roughriders,workable,saskatchewan-roughriders,main
SASMAR,workable,sasmar,main
Satoshi Energy,workable,satoshi-energy,main
SatVu,workable,satellitevu,main
Save More Marketplace,workable,save-more-marketplace-1,main
Savvy Talent,workable,savvytalent,main
Sawhorse Productions,workable,sawhorse-productions,main
Sawyer Studios,workable,sawyer-studios,main
SBP,workable,recruitamc,main
Scahill Law Group P.C.,workable,scahill-law-group,main
Scale Virtually,workable,scale-virtually,main
Scalepex,workable,scalepex,main
Scaling.com,workable,scalingcom,main
Scede.io,workable,scede-dot-io-2,main
Schilling Cider,workable,schilling-cider,main
Schneider Innovations,workable,schneiderinnovations,main
SchooLinks,workable,schoolinks,main
"Scientific Systems Company, Inc.",workable,ssci,main
SciTec,workable,scitec,main
Scorpio Electric,workable,scorpio-electric,main
Scout Clean Energy,workable,scout-clean-energy,main
Screenmedia Design Ltd,workable,screenmedia,main
ScreenPal,workable,screenpal,main
SDF Group,workable,sdfgroup,main
Seadev,workable,seadev,main
Seal & Design,workable,sealanddesign,main
Sealyme,workable,sealyme,main
Secret 6,workable,secret-6,main
Securibox,workable,securibox,main
Security Risk Advisors,workable,securityriskadvisors,main
SeedLegals,workable,seedlegals,main
Seeq,workable,seeq,main
Seervision,workable,seervision,main
Seismic,workable,seismic,main
SELIUK LTD,workable,seliuk-ltd,main
Semaphore,workable,semaphore,main
Sendinc,workable,sendinc,main
Seniorverse,workable,seniorverse,main
Sense,workable,sense,main
Senseye,workable,senseye,main
Sentec,workable,sentec,main
SEO Sherpa,workable,seosherpa,main
SEON Technologies,workable,seon-technologies-1,main
Sephora SEA,workable,sephora-sea,main
Seprod Limited,workable,seprod-limited,main
Sequel.io,workable,sequel,main
SerenityAG,workable,serenityag,main
Serko Ltd,workable,serko-ltd,main
Service,workable,getservice,main
ServisHero,workable,servishero,main
Session AI,workable,session-ai,main
Sessions II,workable,sessionsii,main
SH:24,workable,sh24,main
Shadow Light Studios,workable,shadow-light-studios,main
Shapeways,workable,shapeways-25,main
SheCodes,workable,shecodes,main
Shelter House,workable,shelter-house,main
Shepard Exposition Services,workable,shepard-exposition-services,main
Shero Commerce Inc.,workable,sherocommerce,main
Shift Robotics,workable,shift-robotics,main
Shiftmove,workable,shiftmove,main
Shinesty,workable,shinesty,main
Shipa,workable,shipa,main
"Shipbird, Inc.",workable,shipbird,main
Shippabo,workable,shippabo,main
Shockbyte,workable,shockbyte,main
Shop and Ship,workable,shop-and-ship,main
ShowMojo,workable,showmojo,main
SICE Pty Ltd,workable,siceanz,main
Side,workable,sideinc,main
Sidetrade,workable,sidetrade,main
Sigma Defense,workable,sigmadefense,main
SigTech,workable,sigtech,main
SIHAMCO,workable,sihamco,main
Silae,workable,silae,main
Silvur,workable,silvur,main
Sime Darby Property Berhad,workable,sime-darby-property-berhad,main
Simpay,workable,simpay,main
Simple Mills,workable,simple-mills-9,main
SimpleCITI,workable,simpleciti,main
Simprints,workable,simprints,main
Sinch,workable,sinch,main
Sinch Email,workable,mailgun,main
SINE Digital,workable,sinedigital,main
Single Grain,workable,single-grain,main
Singulier,workable,singulier,main
SIVVI.COM,workable,sivvi,main
Six Flags Qiddiya City and Aquarabia,workable,careers-sixflags-and-aquarabia,main
SJF Ventures,workable,sjf-ventures,main
Skeepers,workable,skeepers,main
Skeleton Technologies,workable,skeletontech,main
SketchDeck,workable,sketchdeck,main
SketchPro AI,workable,sketchpro-ai,main
Skimmer,workable,skimmer,main
Skin Analytics,workable,skinanalytics,main
Skiplagged,workable,skiplagged,main
Skrapp.io,workable,skrapp,main
Skufler,workable,skufler,main
Sky Mavis,workable,sky-mavis,main
SkyCell AG,workable,skycell-ag,main
SkyGig,workable,skygig,main
Skylight,workable,skylight,main
Skylight,workable,skylight-frame,main
Skype,workable,skype,main
Skyports,workable,skyports,main
SkySlope,workable,skyslope,main
"Skywalker Holdings, LLC",workable,skywalker,main
Slate,workable,slatecleaning,main
Slate Flosser,workable,slate-flosser,main
SLB Capturi,workable,slb,main
Sleek,workable,careers-at-sleek,main
Sleeping Dog Properties,workable,sleeping-dog-properties,main
Slip Robotics,workable,slip-robotics,main
SLK Development,workable,slk-development,main
Small Axe,workable,smallaxe,main
Smappee,workable,smappee,main
Smart Financial,workable,smart-financial,main
Smart Sitting,workable,smart-sitting,main
SmartCommerce,workable,smartcommerce,main
SmartCrowd,workable,smartcrowd,main
Smarter Good,workable,smartergood,main
SmartFinancial,workable,smartfinancial,main
SmartLab,workable,smartlablearning,main
SmartNews,workable,smartnews,main
SmartStay,workable,smartstay,main
SMB Team,workable,smb-team,main
Smood,workable,smood,main
Snapfish,workable,snapfish,main
SNIPEBRIDGE,workable,snipebridge,main
Snowball,workable,snowball-agency,main
Snuggs,workable,snuggs,main
Soar Software Development Company,workable,soar-software-development-company,main
Soar With Us,workable,soar-with-us,main
SocialRadar,workable,socialradar,main
Society Awards,workable,society-awards,main
Soda Data,workable,soda-data-nv,main
SOFTONE,workable,softone-technologies-s-a,main
Softship,workable,softship,main
SOGECLAIR,workable,sogeclair,main
SOHAIL SMART SOLUTION,workable,sohail-smart-solution,main
SolAmerica Energy,workable,solamerica-energy,main
Solance,workable,solance,main
SolarCity,workable,solarcity,main
Solawave,workable,solawave,main
Solirius Reply,workable,solirius-consulting-1,main
Solutions3 LLC,workable,solutions3-llc,main
Solvay Brussels School Lifelong Learning,workable,solvay-executive-education,main
Soneta Pty Ltd,workable,soneta-pty-ltd,main
Sophinea,workable,sophinea,main
Sopra Steria I2S,workable,soprasteria-i2s,main
SORACOM,workable,soracom,main
Sorted,workable,sorted,main
Sortly,workable,sortly,main
SourceCode Communications,workable,sourcecode-communications,main
Sourced By,workable,sourced-by,main
Sourcemap,workable,sourcemap,main
Sourgum,workable,sourgum,main
South Florida After School All Stars,workable,south-florida-after-school-all-stars,main
"Southeastern Archaeological Research, LLC. ""SEARCH""",workable,search,main
Southern National Roofing,workable,southern-national,main
SP Associates,workable,sp-associates,main
Space Inch,workable,spaceinch,main
Space Matrix Design Consultants,workable,space-matrix,main
Spark Solutions,workable,spark-solutions,main
SparkFun Electronics,workable,sparkfun-electronics-2,main
SparkPlug,workable,sparkplug,main
Sparx Engineering,workable,sparx-engineering,main
Spate,workable,spate,main
Special Projects,workable,special-projects,main
Specialised Force,workable,specialised-force,main
Specialized Technical Services – STS,workable,stsmiddleeast,main
Spectarium,workable,spectarium,main
Speech Graphics & Rapport,workable,speech-graphics,main
Speechmatics,workable,speechmatics-cantab,main
Speexx,workable,speexx,main
Spenmo,workable,spenmo,main
Sperasoft,workable,sperasoft,main
Spicy Minds Ltd,workable,spicy-minds,main
Spiff,workable,spiff,main
SPIN Global,workable,spin-global,main
Spindrift,workable,spindrift,main
Spitfire Audio,workable,spitfireaudio,main
Spitogatos,workable,spitogatos-gr,main
Spot Insurance,workable,spot-insurance,main
Spotlight Sports Group,workable,spotlightsportsgroup,main
Sprout.ai,workable,sprout-ai,main
Spruce,workable,spruce-2,main
SPT Groups,workable,spt-groups,main
SPT Labtech,workable,spt-labtech,main
Square Enix,workable,square-enix,main
squid.,workable,squid,main
Squiz,workable,squiz,main
"SSC Advisors, Inc.",workable,ssccpas,main
SSC HR Solutions,workable,ssc-hr,main
St. Joe County Public Library,workable,sjcpl,main
St. Luke's School,workable,st-lukes-school,main
Stacker,workable,stackerhq,main
Stacker Media,workable,stacker,main
Stafford Gray,workable,staffordgray,main
Stage 3 Separation,workable,s3s,main
stakefish,workable,stakefish,main
Stampede AI Ltd,workable,stampede-ai-ltd,main
Standing on Giants,workable,standing-on-giants,main
Stanhope Capital,workable,stanhope-capital,main
Starfish Hiring,workable,findstarfish,main
Starling,workable,starling-bank,main
Starry,workable,starry,main
Starttech Ventures,workable,starttechvc,main
Startup Creator,workable,decondia,main
Startup San Diego,workable,startup-san-diego,main
Startup Voyager Digital UK Limited,workable,startupvoyager,main
StartupBros,workable,startupbros,main
Startups.com,workable,startups,main
STAT Recovery Services,workable,stat-recovery-services,main
Station A,workable,stationa,main
Statistics & Data Corporation (SDC),workable,statistics-and-data-corporation-sdc,main
Steady Vision,workable,steadyvision,main
SteadyMD,workable,steadymd,main
Stealth Startup,workable,stealth-health,main
Steamship Insurance Management Services Ltd,workable,steamship-mutual-1,main
Steer,workable,steer-group,main
Steer Health,workable,steer-health,main
Stellar Cyber,workable,stellar-cyber,main
Stemcell Technologies UK Ltd,workable,stemcell-technologies-uk-ltd,main
Stepping Stone School,workable,steppingstoneschool,main
Stereolabs,workable,stereolabs,main
Stigg,workable,stigg,main
Stio,workable,stio,main
Stirling Q&R,workable,stirling-qr,main
Stitch,workable,stitchmoney,main
"Stitch Consulting Services, Inc.",workable,stitch-consulting-services-inc,main
Stockholm Environment Institute - U.S.,workable,sei,main
Stockholm Environment Institute Oxford Centre,workable,stockholm-environment-institute-oxford-centre,main
Stockholm Environment Institute U.S.,workable,stockholm-environment-institute-3,main
StoreHub,workable,storehub,main
"StoryTerrace, Your Personal Biographer",workable,storyterrace,main
STR,workable,str,main
Strand Finance Inc.,workable,strand-finance,main
Stranger Soccer,workable,stranger-soccer-1,main
Strategic Legal Practices,workable,slp,main
Stream Data Centers,workable,stream-dc,main
Streamline Innovations,workable,streamline-innovationsinc,main
Streamoid Technologies,workable,streamoid,main
Street Child,workable,streetchildcareers,main
StrideUp,workable,strideup,main
Stronger Consulting,workable,stronger-consulting,main
StructureFlow,workable,structureflow,main
STUDIO,workable,studio,main
Studio Dental,workable,studio-dental,main
Studio Gobo,workable,studiogobo,main
StudioXAG,workable,studioxag,main
Studyportals,workable,studyportals,main
Suade,workable,suade,main
Subscript,workable,subscript,main
Substance | Level Up by Substance,workable,getsubstance,main
Substrakt,workable,substrakt,main
Success Tutoring,workable,success-tutoring,main
Sumble Inc,workable,sumble-inc,main
Summus Global,workable,summusglobal,main
Sundae School,workable,sundae-school,main
Sundays For Dogs,workable,sundays-for-dogs,main
Sunlighten,workable,sunlighten,main
Sunrider Europe Inc,workable,dwed,main
Sunstone,workable,sunstone-eduversity,main
Suntria,workable,suntria,main
Supahands,workable,supahandsmy,main
Supermassive Games,workable,supermassive-games,main
Supernormal,workable,supernormal,main
Superprof,workable,superprof-1,main
SuperStaff,workable,apply-superstaffjobs,main
Supertech Group,workable,supertech-group,main
Supplied Talent,workable,suppliedtalent,main
SupplyCore,workable,supplycore-1,main
SupplyHouse.com,workable,supply-house,main
Support Shepherd,workable,jobssomewhere,main
SupportYourApp,workable,supportyourapp,main
Supy,workable,supy-2,main
Surge Entertainment,workable,surge-entertainment,main
Surich Asset Management Limited,workable,surich-asset-management-limited,main
SVP Vancouver,workable,svp-vancouver,main
Swans,workable,swans,main
Swap,workable,swap,main
Swarovski,workable,swarovski,main
Sweatcoin,workable,sweatcoin,main
sweet,workable,sweet,main
Sweeten,workable,sweeten,main
swift,workable,swift,main
Swift Engineering,workable,swiftengineering,main
SwiftX Inc.,workable,swiftx-express,main
Swing Development (SwingDev),workable,swingdev,main
Swire Properties,workable,swire-properties,main
Swiss Data Science Center,workable,sdsc,main
SWITCHBOARD,workable,switchboard,main
Switchboard Hiring,workable,switchboard-hiring-1,main
SWK Technologies,workable,swk-tech,main
Swvl,workable,swvl,main
Swyg,workable,swyg,main
Swytch Technology,workable,swytchbike,main
Sylvan Health,workable,sylvan-health,main
Symmetrio,workable,symmetrio,main
Symphony Solution Inc,workable,symphony-solution-inc-1,main
Syntiant,workable,syntiant,main
Systems Engineering Solutions Corporation,workable,systems-engineering-solutions-corporation,main
SZNS Solutions LLC,workable,szns,main
Sécheron Hasler Group,workable,secheron-s-dot-a,main
Sézane,workable,sezane-3,main
TA Digital India,workable,ta-digital-india,main
Tabeo Ltd.,workable,tabeo-ltd,main
"Tablet Command, Inc.",workable,tablet-command,main
Tactiq.io,workable,tactiqio,main
Tagup Inc.,workable,tagup,main
Taiga Motors,workable,taigamotors,main
Take Eat Easy,workable,take-eat-easy,main
Taksu Digital,workable,taksudigital,main
Talarico for Texas,workable,talarico-for-texas,main
Talence Group LLC,workable,talencegroup,main
Talent Level Up,workable,talentlevelup,main
Talent Trader Group,workable,talent-trader-group,main
Talent Voyager,workable,talent-voyager,main
Talent Worx,workable,talworx,main
Talent-360.me,workable,talent3600,main
TalentNow Solutions,workable,talentnow-solutions,main
talentpluto,workable,talentpluto,main
Tamkeen Technologies,workable,tamkeentech,main
Tamnoon.io,workable,tamnoon-dot-i-o,main
Tanco Engineering,workable,tanco-engineering,main
Tandem,workable,madeintandem,main
Tarjama,workable,tarjama,main
tarte cosmetics,workable,tarte-inc,main
TaskForce,workable,taskforce,main
TAT Technologies Ltd,workable,tat-technologies-ltd,main
Tatu City,workable,tatucity,main
Tava Health,workable,tava-health,main
TAWANTECH,workable,tawantech,main
TaxJar,workable,taxjar,main
TB Philly Inc.,workable,tb-philly-inc,main
Team Architects,workable,team-architects,main
Team TPS (The Paradigm Shifters),workable,teamtps,main
Tech Ahoy!,workable,techahoy,main
Tech Firefly,workable,techfirefly,main
Tech Will Save Us,workable,twsu,main
"TechFlow, Inc.",workable,techflow,main
Techland,workable,techland-1,main
Technance,workable,technance,main
TechOp Solutions International,workable,techop-solutions-international,main
Techpresso.io,workable,techpresso,main
Techsylvania,workable,techsylvania,main
TechTellent,workable,techtellent,main
TechWings,workable,techwings,main
Tecknoworks Europe,workable,tecknoworks,main
Tecsa,workable,tecsa,main
Tecsys Inc.,workable,tecsys,main
Teikametrics,workable,teikametrics,main
Telementum Global,workable,telementum,main
Teleport,workable,teleport-careers,main
Telestream,workable,telestream,main
Tellow,workable,tellow,main
Telum Media,workable,telum-media,main
Ten Group,workable,ten-group,main
Tenjin,workable,tenjin-inc,main
tentree,workable,tentree,main
Terabase Energy,workable,terabase-energy,main
Teragonia,workable,teragonia,main
Teramind,workable,teramind-1,main
Tes Global,workable,tes-global,main
Tesla Laboratories. Inc.,workable,tesla-labs,main
testRigor,workable,testrigor,main
Testronic,workable,testronic,main
TetraScience,workable,tetrascience,main
Texas Health Action,workable,texashealthaction,main
TextMaster,workable,textmaster,main
"TextNow, Inc.",workable,textnow-inc,main
TFT Global (USA) Inc.,workable,tft-global-usa-inc,main
Thanks,workable,thanks-co,main
The Alinea Group,workable,the-alinea-group-1,main
The Alliance for Gender Equality in Europe,workable,allianceforgenderequality,main
The American University of Paris,workable,the-american-university-of-paris,main
The Arc of Ocean County,workable,the-arc-of-ocean-county,main
The Asian American Foundation,workable,the-asian-american-foundation,main
The Back Room Offshoring Inc.,workable,backroomoffshoringinc,main
The Boundary,workable,the-boundary,main
The Boutique COO,workable,the-boutique-coo,main
The Brydon Group,workable,the-brydon-group,main
The Chope Group Pte Ltd,workable,the-chope-group-pte-ltd,main
The Closet Lover,workable,theclosetlover,main
The Common Market,workable,the-common-market,main
The Corporate Law Academy,workable,tcla,main
The Credit Pros,workable,the-credit-pros,main
The Dental Group,workable,thedentalgroup,main
The Dot Group,workable,the-dot-group-2,main
The Drum,workable,the-drum,main
The Education Equality Institute,workable,the-educational-equality-institute,main
The Fairness Project,workable,fairnessproject,main
The Fashion Goat Pty Ltd,workable,peppermayo,main
The Faulkner Automotive Group,workable,faulkner,main
The Flowery,workable,theflowery,main
The Flowery NY,workable,the-flowery-ny,main
The Focusrite Group,workable,focusrite,main
The Growth Center,workable,the-growth-center,main
The Herring Group,workable,the-herring-group,main
the Hiring Room,workable,the-hiring-room,main
The ICE List,workable,theicelist,main
The Influencer Marketing Factory,workable,influencer-marketing-factory,main
The Jewish Federations of North America,workable,the-jewish-federations-of-north-america,main
The June,workable,the-june,main
The London Display Company Limited,workable,the-london-display-company-limited,main
The London Interdisciplinary School,workable,lisacuk,main
The Luxury Closet,workable,the-luxury-closet,main
The McLean Group,workable,the-mclean-group,main
The Merry Beggars,workable,themerrybeggars,main
The People Group,workable,thepeoplegroup,main
The Proactive Technology Group,workable,the-proactive-technology-group,main
The QUIKRETE® Companies,workable,quikrete,main
The Scalable Company,workable,scalable,main
The Semios Group,workable,semios,main
The Shannon Agency,workable,the-shannon-agency,main
The Shipyard,workable,theshipyard,main
The Social Station,workable,the-social-station,main
The Symicor Group,workable,the-symicor-group-1,main
The Telegraph,workable,telegraph,main
The Treetop ABA Therapy,workable,the-treetop-aba,main
The Trustees of Reservations,workable,thetrustees,main
The Tsui Group,workable,thetsuigroup,main
The Wesley Hotel,workable,the-wesley-hotel,main
TheCasbah,workable,casbah,main
TheGuarantors,workable,the-guarantors,main
TheIncLab,workable,theinclab,main
TheList,workable,thelist-app,main
Theodora,workable,theodora-1,main
TherapyNotes.com,workable,therapynotes,main
TheSoul Group,workable,thesoul-publishing-1,main
Think-it,workable,think-it,main
ThinkingIT Corp.,workable,thinkingit,main
ThinkWell,workable,thinkwell,main
ThinScale,workable,thinscale-technology-ltd,main
Third Space Learning,workable,thirdspacelearning,main
Thorlabs,workable,thorlabs,main
Thoughtworks Canada,workable,connected,main
Threads Styling Ltd.,workable,threadsstyling,main
ThreatMetrix,workable,threatmetrix,main
"Threatswitch, Inc.",workable,threatswitch-inc,main
Thunderhead Engineering,workable,thunderheadeng,main
Tiburcio Vasquez Health Center,workable,tiburcio-vasquez-health-center,main
TickPick,workable,tickpick,main
Tiger Analytics Inc.,workable,tiger-analytics,main
Tikkas,workable,tikkas,main
"TileDB, Inc.",workable,tiledb,main
timeOS,workable,timeos,main
Timescapes,workable,timescapes-co,main
tink GmbH,workable,tink,main
Tinkergarten,workable,tinkergarten,main
Tios Capital,workable,tios-capital,main
Tiraz Asbani,workable,tiraz-asbani,main
Titan Cloud,workable,titan-cloud,main
Tito's Handmade Vodka,workable,titos-handmade-vodka,main
TMEIC Corporation Americas,workable,tmeic-corporation-americas,main
tmp,workable,the-marketing-practice,main
TMWUnlimited...,workable,tmw,main
Toggl,workable,toggl-track-plan,main
Tomorrow,workable,tomorrow-2,main
TOMORROW HIRE,workable,tomorrow-hire,main
Tomorrow's Journey,workable,tomorrows-journey,main
Too Sweet Cakes,workable,too-sweet-cakes,main
Top Talents London,workable,top-talents,main
Topco Sales,workable,topco-sales,main
Toppr,workable,toppr,main
TORKLAW,workable,torklaw,main
Toronto International College,workable,toronto-international-college,main
Toronto Lands Corporation,workable,toronto-lands-corporation,main
Tortuga,workable,tortuga,main
"Total Care Services, Inc.",workable,totalcareservices,main
"Total Life, Inc.",workable,total-life,main
Touchstone,workable,touchstone,main
"Tower Staffing, Inc.",workable,tower-staffing-inc,main
Tower Water,workable,tower-water,main
Toyota Tsusho Systems,workable,toyota-tsusho-systems,main
TP-Link Systems Inc.,workable,tp-link-usa-corp,main
Trading Tips,workable,tradingtips,main
TradingHub,workable,tradinghub,main
Trail of Bits,workable,trailofbits,main
Training The Street,workable,trainingthestreet,main
Trala,workable,trala,main
"Transcend Spatial Solutions, LLC",workable,transcend-spatial-solutions-llc,main
TransferGo,workable,transfergo,main
Transfermate,workable,transfermate,main
Transformations Community,workable,transformations-community,main
Transifex,workable,transifex,main
Transmax,workable,transmax,main
TransWest Mobility,workable,transwest,main
Trantor Software,workable,trantor,main
Travis CI,workable,travisci,main
Tree Fresno,workable,tree-fresno,main
Treewalk Consulting Inc.,workable,treewalk-accounting,main
Tresata,workable,tresata,main
Trexquant Investment,workable,trexquant,main
Tricoci University,workable,tricoci-university,main
Trifecta Retail Ventures,workable,trv,main
Trilagen,workable,trilagen,main
Trilo,workable,trilo,main
Trinny London,workable,trinnylondon,main
Trio scs,workable,trio-scs,main
Tripledot Studios,workable,tripledotstudios,main
Trivium,workable,trivium,main
"TRL11, Inc.",workable,trl11-inc,main
Trouva,workable,trouva,main
TRP Infrastructures,workable,trp-infrastructures,main
"TrueDialog, Inc.",workable,truedialog-inc,main
Truly,workable,truly,main
Trust Keith,workable,trust-keith,main
Trustmi Network Ltd.,workable,trustmi,main
Tsao Foundation,workable,tsao-foundation,main
TTP,workable,ttp,main
Tugende,workable,tugende,main
TurtleTree,workable,turtletree,main
Tutor Me Education,workable,tutor-me-education-1,main
Tutored by Teachers,workable,tutoredbyteachers,main
Tutors Green,workable,tutors-green-1,main
tvg,workable,tvg-hospitality,main
TWG Global AI,workable,twgai,main
Twine,workable,twine,main
Two,workable,twoinc,main
Two95 International Inc.,workable,two95-international-inc-3,main
Twos,workable,twos,main
TWOSENSE.AI,workable,twosense,main
Tyde Digital,workable,tyde-digital-1,main
TydeCo,workable,tydeco,main
Tyk Technologies,workable,tyk-technologies,main
Tymit,workable,tymit,main
U.S .Vision,workable,us-vision-3,main
Ubiqus Reporting Inc.,workable,ubiqus,main
UBREAKIFIX,workable,ubreakifix-20,main
UCP Oregon,workable,united-cerebral-palsy-of-oregon-sw-washington,main
Ultimate Performance,workable,ultimateperformance,main
Umniah,workable,umniah,main
Unacast,workable,unacast,main
UnboundEd,workable,unbounded,main
Unbox,workable,unbox,main
Uncapped,workable,uncapped,main
UNIFI Autism Care,workable,unifi-autism-care,main
Unifize,workable,unifize,main
Unimacts Global,workable,unimacts,main
Unimed Maritime Solutions,workable,universal-marine-medical,main
Union Heritage,workable,union-heritage,main
Union Home Mortgage,workable,union-home-mortgage,main
Union Maritime,workable,union-maritime,main
Uniphar Medtech,workable,uniphar-medtech,main
Unit8 SA,workable,unit8,main
Unite America,workable,uniteamerica,main
United Greeneries,workable,united-greeneries,main
UNITH,workable,unith,main
Universal Energy Solutions,workable,ues-careers,main
Universe,workable,universe-2,main
UniverseMT Corp.,workable,universemt-corp,main
University of Mount Saint Vincent,workable,university-of-mount-saint-vincent,main
University System of Maryland Office,workable,usm-office,main
unspun,workable,unspun,main
UNTUCKit,workable,untuckit,main
Unusual Machines,workable,unusual-machines,main
UpClear,workable,upclear,main
Upgrade,workable,upgrade-1,main
UpMail Solutions,workable,upmail,main
Urban,workable,urbanco,main
URBAN MONEY PVT LTD,workable,urban-money-pvt-ltd-2,main
Urbanise,workable,urbanise,main
Urbint,workable,urbint,main
Ursa Major Skincare,workable,ursa-major-vt,main
USA Clinics Group,workable,usa-vein-clinics,main
Userbrain,workable,userbrain,main
UserEvidence,workable,userevidence,main
UserZoom,workable,userzoom,main
Ushahidi,workable,ushahidi,main
UtilitiesOne,workable,utilitiesone-1,main
UTR Sports,workable,universal-tennis,main
"UWorld, LLC",workable,uworld,main
Uxbert Labs,workable,uxbert-labs-1,main
V3 Middle East Engineering Consultants,workable,v3-middle-east-engineering-consultants,main
V4C.ai,workable,v4c,main
Vable,workable,vable,main
Valatam,workable,valatam,main
Valer,workable,voluware,main
ValGenesis,workable,valgenesis-1,main
Validus Risk Management,workable,validus-risk-management,main
Valley Services,workable,valley-services,main
Valneva,workable,valneva,main
Valor Protection Safety Agency,workable,vpsa,main
Valsoft Corporation,workable,valsoft-corp,main
Vantage Point,workable,vantagepointconsult,main
Vasion,workable,vasion,main
Vatica Health,workable,vatica-health,main
VavaCars,workable,vavacars,main
Vayyar,workable,vayyar,main
Vcare Hospitality Services,workable,vcare-hospitality-services,main
"Vector North America, Inc.",workable,vectornorthamerica,main
Velan Studios,workable,velanstudios,main
Veld Capital,workable,veldcap,main
Velocity Trade,workable,velocity-trade,main
Velora,workable,velora,main
Velotio Technologies,workable,velotio,main
Ventrata,workable,ventrata,main
Venture Global Engineering,workable,venture-global-engineering,main
VentureFriends,workable,venturefriendsvc,main
Veracross,workable,veracross,main
Vercingetorix Technologies,workable,vercingetorix,main
Verinext,workable,verinext,main
Verisian,workable,verisian,main
Verista,workable,verista,main
Verlabs,workable,verlabs-com,main
Verneek,workable,verneek,main
"VersaTrial, Inc.",workable,versatrial,main
Vertex Sigma Software,workable,vertex-sigma-software,main
Vertin,workable,vertin,main
Verve Ventures,workable,verveventures,main
Veryday,workable,veryday,main
VesprSolar,workable,vesprsolar-1,main
Vessels Value Ltd,workable,vessels-value-ltd,main
Vesta Home,workable,vestahome,main
Vesynta,workable,vesynta,main
Veterans Engineering,workable,veterans-engineering-2,main
Veterans Launch Inc,workable,veterans-launch-inc,main
Veterinary Staffing Pros,workable,veterinary-staffing-pros-1,main
Vezeeta,workable,vezeeta,main
VIA,workable,via-science,main
Vibrant ABA,workable,vibrant-aba,main
Vidapp,workable,vidapp,main
Videobot Ltd,workable,vbot,main
VIGILINT,workable,vigilint,main
Vinmar International,workable,vinmar-international,main
Vinterior,workable,vinterior,main
Viralstyle,workable,viralstyle,main
Virgin,workable,virgin,main
Vironix AI,workable,vironix-ai,main
Virtasant,workable,virtasant,main
Virtual Assist,workable,virtual-assist,main
Virtusa Polaris,workable,virtusa-polaris,main
Visage.jobs,workable,visage-dot-j-obs-1,main
Visalaw AI,workable,visalawai,main
Visit.org,workable,visit,main
VisitorsCoverage Inc.,workable,visitorscoverage-inc,main
Vista Group,workable,vista-group,main
Visual BI Solutions Inc,workable,visualbi,main
Vita Green,workable,vitagreen,main
Vitae Health Systems,workable,vitae-health-systems,main
"Vitality Group International, Inc.",workable,vitalitygroup,main
Vitaly Health,workable,vitaly-health,main
Vivaldi Group,workable,vivaldi-group,main
Vivid Money,workable,vivid-money,main
Vix Technology,workable,vix-technology,main
Vizrt,workable,vizrt,main
Vogt Power,workable,vogtpower,main
VoicedIQ®,workable,voicediq,main
Volga Partners,workable,volga-partners,main
Volt.io,workable,volt-dot-i-o,main
Volution,workable,volution,main
Vortexa,workable,vortexa,main
Vouched,workable,vouched,main
Voyage Foods,workable,voyagefoods,main
Voyc,workable,voyc,main
Vuealta,workable,vuealta,main
Waed Ventures,workable,waed-1,main
Wake Research,workable,wake-research,main
Waking Up,workable,waking-up-1,main
Walking Tree,workable,walkingtree,main
Wallbox,workable,wallbox,main
Wallee,workable,wallee,main
Wallop,workable,walloprecruitment,main
WALT Labs,workable,walt-labs,main
Walter,workable,walter-careers,main
Wantable,workable,wantable-careers,main
WarrCloud,workable,warrcloud,main
Wasserman,workable,wasserman-1,main
WaterAid,workable,wateraid,main
Watson Institute,workable,watson-institute,main
"WaveStrong, Inc.",workable,wavestrong,main
Wavicle Data Solutions,workable,wavicle-data-solutions,main
Wayman Group,workable,wayman-group,main
Waypoint Maine,workable,waypointmaine,main
Wayzontech Services Pvt. Ltd.,workable,wayzontech-services-pvt-ltd,main
"WBParts, Inc.",workable,wbpartsinc,main
We Are Social,workable,we-are-social-1,main
WeatherBug,workable,weatherbug,main
Weave,workable,weave,main
WebCreators.in,workable,creators,main
webhotelier | primalres,workable,webhotelier,main
WebProps.org,workable,webprops,main
Weee!,workable,sayweee,main
Weekday AI,workable,weekday-1,main
Wefluens,workable,wefluens-1,main
Welcome,workable,welcome-jobs,main
Welovesupermom Pte Ltd,workable,welovesupermom-pte-ltd,main
WeNext Europe B.V.,workable,wenext-europe,main
WeSki,workable,weski,main
Westcoast Actuaries Inc.,workable,westcoast-actuaries-inc,main
Western Construction Group,workable,western-construction-group,main
whatsapp,workable,whatsapp,main
Whip Around,workable,whiparound,main
White Pearl Hospitality,workable,white-pearl-hospitality,main
"White Rabbit Ventures, LLC",workable,whiterabbit,main
White Swan Data,workable,whiteswandata,main
Whitespectre,workable,whitespectre,main
Whizz,workable,whizz,main
Wider Circle,workable,wider-circle,main
Widilo,workable,widilo,main
WiFi Tribe,workable,wifi-tribe,main
Wildlife Works,workable,wildlife-works,main
"WilkinGuttenplan, P.C.",workable,wilkinguttenplan,main
Willett Distillery,workable,willett-distillery,main
Williams Parker,workable,williams-parker,main
WINGS ICT SOLUTIONS S.A.,workable,wings-ii,main
"Wingz, Inc",workable,wingz,main
Wipro Technologies,workable,applied-value-tech,main
Wirecard Asia,workable,wirecard-asia-holding-pte-ltd,main
Wisdom Sprouts,workable,wisdom-sprouts,main
Wisevu,workable,wisevu,main
Withings,workable,withings,main
WittyCommerce,workable,wittycommerce,main
Wizcorp Inc,workable,wizcorp,main
Wizer,workable,wizer,main
WNS,workable,wnscareers,main
Wolf & Badger,workable,wolfandbadger,main
"Wolf Carries, LLC",workable,wolfcarries-llc,main
Wolff Olins,workable,wolff-olins,main
Women Donors Network,workable,womendonorsnetwork,main
Woof Together,workable,woof-together-1,main
Woolf,workable,woolf,main
Wooplr,workable,wooplr,main
WORDPRESS,workable,wordpress,main
Workable,workable,careers,main
Workana,workable,workana-premium,main
"Workbox Holdings, Inc.",workable,workbox-company,main
workers,workable,workers,main
Working Solutions,workable,working-solutions,main
"WorkMoney, Inc.",workable,workmoney,main
WorkMotion,workable,workmotion,main
WorkSquare,workable,worksquare,main
WorkStep,workable,workstep,main
Workx Middle East FZC LLC,workable,workx-middle-east-fzc-llc,main
Workyard,workable,workyard,main
"World Business Lenders, LLC",workable,commercial-lending,main
World Central Kitchen,workable,world-central-kitchen,main
WorldVia,workable,worldviatravel,main
Worth AI,workable,worthai,main
Woven,workable,woven,main
Wowza Media Systems,workable,wowza-media-systems,main
WP Media,workable,wp-media,main
WPT Global,workable,wpt-global,main
Writesonic,workable,writesonic,main
"WRMC, Inc.",workable,wrmc,main
WS Development,workable,ws-development,main
WSU Tech,workable,wsutech,main
WWF,workable,wwf,main
X UP Brands,workable,x-up-brands,main
X-PHY,workable,flexxon-1,main
Xe,workable,xe,main
XIO,workable,xio,main
Xodus Group,workable,xodus-group,main
XperiencOps Inc,workable,xops,main
Xplore Inc.,workable,xplore-inc,main
xponentiate,workable,xponentiate,main
Xpress Wellness Urgent Care,workable,xpress-wellness-urgent-care-2,main
XQ,workable,xqthesuperschoolproject,main
XR Extreme Reach,workable,extremereach,main
XXperiential Marketing Group,workable,xxperiential-marketing-group,main
Y Combinator,workable,ycombinator,main
Yahoo,workable,yahoo,main
YAP Global,workable,yap-global,main
YASO,workable,yaso,main
YayPay,workable,yaypay,main
YBF Ventures,workable,ybfventures,main
Yellow Leaf Hammocks,workable,yellowleaf,main
Yikodeen Footwear Limited,workable,yikodeen-footwear-limited,main
YMT,workable,yieldmartech,main
Yobota,workable,yobota,main
Yoda Tech,workable,yoda-tech,main
YouLend,workable,youlend-1,main
YouTrip,workable,youtrip,main
Yyyyyyyyyyy,workable,yyyyyyyyy,main
Zaelab,workable,zaelab,main
ZainCash,workable,zaincash-1,main
Zams,workable,zams,main
Zealthy,workable,zealthy,main
Zearn,workable,zearn,main
Zeel,workable,zeel,main
Zeelo,workable,zeelo,main
Zego,workable,zego,main
Zenara Health,workable,zenara-health,main
Zenarate,workable,zenarate,main
Zengistics,workable,zengistics,main
Zenoti,workable,zenoti,main
Zero Down Lease,workable,zero-down-lease,main
Zero Labs Automotive,workable,zerolabs,main
ZeroFox,workable,zerofox,main
zeroheight,workable,zeroheight,main
ZEST Preparatory Academy,workable,zestprep,main
Zgraph,workable,zgraph,main
Zicasso,workable,zicasso,main
Zifo,workable,zifo,main
ZigZag Global,workable,zigzag-global,main
ZILO,workable,zilo-1,main
Zinc,workable,zinc-work,main
Zinc Network,workable,zincnetwork,main
Zipdev,workable,zipdev,main
ZipLiens,workable,zipliens,main
Zipline.io,workable,zipline-io,main
Zirous,workable,zirous,main
Zirtual,workable,zirtual-llc,main
Ziyut Al Adaa,workable,ziyut-al-adaa,main
Zoomo,workable,zoomo,main
Zycus,workable,zycus-1,main
Zzish,workable,zzish,main
23andMe,workday,https://23andme.wd5.myworkdayjobs.com/23,workday
3M,workday,https://3m.wd1.myworkdayjobs.com/Search,workday
8x8,workday,https://8x8inc.wd5.myworkdayjobs.com/8x8_external_careers,workday
A&K Travel Group,workday,https://abercrombiekent.wd12.myworkdayjobs.com/abercrombiekent_careers,workday
Abbott,workday,https://abbott.wd5.myworkdayjobs.com/abbottcareers,workday
ABC Financial Services,workday,https://abcfinancial.wd5.myworkdayjobs.com/abcfinancialservices,workday
Abglobal,workday,https://abglobal.wd1.myworkdayjobs.com/alliancebernsteincareers,workday
Abrdn,workday,https://abrdn.wd3.myworkdayjobs.com/abrdn,workday
AcademyÂ® Sports + Outdoors,workday,https://academy.wd1.myworkdayjobs.com/careers,workday
Accelentertainment,workday,https://accelentertainment.wd12.myworkdayjobs.com/accelentertainment_careers,workday
Accelleron,workday,https://accelleron.wd3.myworkdayjobs.com/accelleron,workday
Accenture,workday,https://accenture.wd103.myworkdayjobs.com/accenturecareers,workday
Acciona,workday,https://acciona.wd3.myworkdayjobs.com/acciona_employment_channel,workday
Accuray,workday,https://accuray.wd5.myworkdayjobs.com/external,workday
Ace,workday,https://ace.wd5.myworkdayjobs.com/careers,workday
Ace Hardware,workday,https://acehardware.wd1.myworkdayjobs.com/external,workday
Acrisure,workday,https://acrisure.wd1.myworkdayjobs.com/acrisure,workday
ACRT Services,workday,https://acrt.wd1.myworkdayjobs.com/acrt_careers,workday
Acs,workday,https://acs.wd5.myworkdayjobs.com/acscareers,workday
Acuityinternational,workday,https://acuityinternational.wd5.myworkdayjobs.com/external,workday
Acushnetgolf,workday,https://acushnetgolf.wd12.myworkdayjobs.com/acu,workday
Adient,workday,https://adient.wd3.myworkdayjobs.com/external,workday
Adobe,workday,https://adobe.wd5.myworkdayjobs.com/external_experienced,workday
"Advance Auto Parts, Inc",workday,https://advanceauto.wd5.myworkdayjobs.com/advanceexternalcareers,workday
Adventisthealthcare,workday,https://adventisthealthcare.wd1.myworkdayjobs.com/adventisthealthcarecareers,workday
Advisor,workday,https://advisorgroup.wd1.myworkdayjobs.com/advisor_career_site,workday
Advocate Health,workday,https://aah.wd5.myworkdayjobs.com/external,workday
Aeci,workday,https://aeci.wd1.myworkdayjobs.com/aeci,workday
Aep,workday,https://aep.wd1.myworkdayjobs.com/aepcareersite,workday
AGC Biologics,workday,https://agcbio.wd5.myworkdayjobs.com/agcbio_careers,workday
AGI,workday,https://allianceground.wd1.myworkdayjobs.com/agi_careers,workday
Agilent,workday,https://agilent.wd5.myworkdayjobs.com/agilent_careers,workday
Agiliti,workday,https://agiliti.wd5.myworkdayjobs.com/careers,workday
Agilon Health,workday,https://agilonhealth.wd1.myworkdayjobs.com/external,workday
Agoc,workday,https://agoc.wd5.myworkdayjobs.com/external,workday
Agrilife Extension,workday,https://tamus.wd1.myworkdayjobs.com/agrilife_extension_external,workday
AIG,workday,https://aig.wd1.myworkdayjobs.com/aig,workday
Aims Community College,workday,https://aims.wd1.myworkdayjobs.com/jobs,workday
Air Products,workday,https://airproducts.wd5.myworkdayjobs.com/ap0001,workday
Airbus,workday,https://ag.wd3.myworkdayjobs.com/Airbus,workday
Airliquidehr,workday,https://airliquidehr.wd3.myworkdayjobs.com/airliquideexternalcareer,workday
AIS,workday,https://appliedis.wd5.myworkdayjobs.com/ais_careers,workday
Alamedacourts,workday,https://alamedacourts.wd5.myworkdayjobs.com/alamedacourts,workday
Alantra,workday,https://alantra.wd3.myworkdayjobs.com/alantra,workday
Albemarle,workday,https://albemarle.wd5.myworkdayjobs.com/external,workday
Alcoa,workday,https://alcoa.wd5.myworkdayjobs.com/careers,workday
Alcon,workday,https://alcon.wd5.myworkdayjobs.com/careers_alcon,workday
Alegeus,workday,https://alegeus.wd1.myworkdayjobs.com/alegeus_external_careers,workday
Alfalaval,workday,https://alfalaval.wd3.myworkdayjobs.com/alfa_laval_jobs,workday
Alight,workday,https://alight.wd5.myworkdayjobs.com/careers,workday
Aligned DC,workday,https://aligneddc.wd12.myworkdayjobs.com/aligneddc,workday
Alignment Health,workday,https://alignmenthealthcare.wd12.myworkdayjobs.com/ahc_external,workday
Allegion,workday,https://allegion.wd5.myworkdayjobs.com/careers,workday
Allegro,workday,https://allegromicro.wd5.myworkdayjobs.com/allegrocareers,workday
Alliantenergy,workday,https://alliantenergy.wd1.myworkdayjobs.com/alliant,workday
Allstate,workday,https://allstate.wd5.myworkdayjobs.com/allstate_careers,workday
Alpine,workday,https://alpinephysicians.wd1.myworkdayjobs.com/external,workday
ALS,workday,https://alsglobal.wd103.myworkdayjobs.com/external,workday
Alston,workday,https://alston.wd1.myworkdayjobs.com/externalcareer,workday
Altamed,workday,https://altamed.wd1.myworkdayjobs.com/careers,workday
Altasciences,workday,https://altasciences.wd1.myworkdayjobs.com/careers,workday
Altera,workday,https://altera.wd1.myworkdayjobs.com/altera,workday
Alto Pharmacy,workday,https://alto.wd1.myworkdayjobs.com/alto_external_career_site,workday
Altusgroup,workday,https://altusgroup.wd3.myworkdayjobs.com/altusgroup,workday
AMA,workday,https://amainc.wd12.myworkdayjobs.com/ama_careers,workday
Aman,workday,https://aman.wd103.myworkdayjobs.com/amangroupexternal,workday
Amcor,workday,https://amcor.wd5.myworkdayjobs.com/amcor_external_career_site,workday
Ameren,workday,https://ameren.wd1.myworkdayjobs.com/external,workday
Ameresco,workday,https://ameresco.wd5.myworkdayjobs.com/ameresco,workday
American Fidelity,workday,https://americanfidelity.wd5.myworkdayjobs.com/external,workday
American Oncology Network AON,workday,https://aoncology.wd12.myworkdayjobs.com/aoncology_careers,workday
American University,workday,https://american.wd1.myworkdayjobs.com/au,workday
Americanag Credit,workday,https://agloan.wd5.myworkdayjobs.com/americanagcredit,workday
Americanglobal,workday,https://americanglobal.wd108.myworkdayjobs.com/american_global_careers,workday
Ameriprise,workday,https://ameriprise.wd5.myworkdayjobs.com/ameriprise,workday
Ames Construction,workday,https://amesconstruction.wd12.myworkdayjobs.com/ames,workday
Amgen,workday,https://amgen.wd1.myworkdayjobs.com/careers,workday
Amherst and Main Street Renewal,workday,https://amherstgroup.wd1.myworkdayjobs.com/amherst_holdings_careers,workday
Amli,workday,https://amli.wd5.myworkdayjobs.com/amli_careers,workday
Amn,workday,https://amn.wd1.myworkdayjobs.com/amn_careers,workday
Amplity,workday,https://amplity.wd1.myworkdayjobs.com/amplityhealth,workday
AMS Schools,workday,https://amsschools.wd5.myworkdayjobs.com/amsschools,workday
Anaheimducks,workday,https://anaheimducks.wd5.myworkdayjobs.com/hc,workday
Analog Devices,workday,https://analogdevices.wd1.myworkdayjobs.com/External,workday
Anchorglass,workday,https://anchorglass.wd1.myworkdayjobs.com/careers,workday
"Andersons, Inc",workday,https://andersonsinc.wd1.myworkdayjobs.com/theandersonscareers,workday
Andrews Distributing Company,workday,https://andrewsdistributing.wd5.myworkdayjobs.com/andrewsdistributing,workday
APM Terminals,workday,https://maersk.wd3.myworkdayjobs.com/apmt_careers,workday
Apple Bank,workday,https://applebank.wd5.myworkdayjobs.com/applebankcareers,workday
Applied,workday,https://flowserve.wd1.myworkdayjobs.com/applied,workday
Applied Materials,workday,https://amat.wd1.myworkdayjobs.com/external,workday
Aptiv,workday,https://aptiv.wd5.myworkdayjobs.com/aptiv_careers,workday
Aptive,workday,https://aptive.wd1.myworkdayjobs.com/aptive,workday
Arch Capital Group Ltd,workday,https://archgroup.wd1.myworkdayjobs.com/careers,workday
Arctic Wolf,workday,https://arcticwolf.wd1.myworkdayjobs.com/external,workday
Ardian,workday,https://ardian.wd103.myworkdayjobs.com/ardiancareers,workday
Aresmgmt,workday,https://aresmgmt.wd1.myworkdayjobs.com/external,workday
Argenx,workday,https://argenx.wd3.myworkdayjobs.com/external_careers,workday
ARGONNE,workday,https://argonne.wd1.myworkdayjobs.com/argonne_careers,workday
Aritzia,workday,https://aritzia.wd3.myworkdayjobs.com/external,workday
Arkansas Blue Cross,workday,https://arkbluecross.wd1.myworkdayjobs.com/abcbs_external_careers,workday
Arlo,workday,https://arlo.wd12.myworkdayjobs.com/external_careers,workday
Ascensushr,workday,https://ascensushr.wd1.myworkdayjobs.com/ascensuscareers,workday
AskBio Inc,workday,https://askbio.wd12.myworkdayjobs.com/askbio,workday
ASM Global,workday,https://asmglobal.wd1.myworkdayjobs.com/careers,workday
AspenTech,workday,https://aspentech.wd5.myworkdayjobs.com/aspentech,workday
AssetMark,workday,https://assetmark.wd5.myworkdayjobs.com/assetmark_careers,workday
Astound,workday,https://astound.wd108.myworkdayjobs.com/astound_careers,workday
AstraZeneca,workday,https://astrazeneca.wd3.myworkdayjobs.com/Careers,workday
Astreya,workday,https://astreya.wd5.myworkdayjobs.com/life-at-astreya-opportunities,workday
AT&T,workday,https://att.wd1.myworkdayjobs.com/attgeneral,workday
ATC,workday,https://atcllc.wd5.myworkdayjobs.com/atcllc,workday
Athenago,workday,https://athenago.wd108.myworkdayjobs.com/athena,workday
ATL,workday,https://atlanticmedia.wd1.myworkdayjobs.com/careers,workday
Atlanta Braves,workday,https://atlantabravesmlb.wd5.myworkdayjobs.com/atlantabraves,workday
Atrium Hospitality,workday,https://atriumhospitality.wd5.myworkdayjobs.com/atriumhospitality,workday
Austal USA,workday,https://austalusa.wd1.myworkdayjobs.com/austal,workday
Austintexas,workday,https://austintexas.wd5.myworkdayjobs.com/coa_careers,workday
Auto Club Group (ACG),workday,https://acg.wd1.myworkdayjobs.com/careers,workday
Autodesk,workday,https://autodesk.wd1.myworkdayjobs.com/Ext,workday
Automation Anywhere,workday,https://automationanywhere.wd5.myworkdayjobs.com/automationanywherejobs,workday
automotiveMastermind,workday,https://spgi.wd5.myworkdayjobs.com/aM_Careers,workday
Autonation,workday,https://autonation.wd5.myworkdayjobs.com/careers,workday
Autostore,workday,https://autostore.wd3.myworkdayjobs.com/autostore,workday
Avantor,workday,https://vwr.wd1.myworkdayjobs.com/avantorJobs,workday
Avera,workday,https://avera.wd5.myworkdayjobs.com/avera-careers,workday
Avesis,workday,https://avesis.wd5.myworkdayjobs.com/avesis,workday
Aveva,workday,https://aveva.wd3.myworkdayjobs.com/aveva_careers,workday
Axis,workday,https://axis.wd3.myworkdayjobs.com/external_career_site,workday
Axos,workday,https://axos.wd5.myworkdayjobs.com/axos,workday
Bacardi,workday,https://bacardi.wd3.myworkdayjobs.com/jobs_bacardi,workday
Badger Meter,workday,https://badgermeter.wd5.myworkdayjobs.com/us_careersite,workday
Baker Hughes,workday,https://bakerhughes.wd5.myworkdayjobs.com/bakerhughes,workday
Baker Tilly,workday,https://bakertilly.wd5.myworkdayjobs.com/btcareers,workday
Ballard Spahr LLP,workday,https://ballardspahr.wd5.myworkdayjobs.com/ballard_spahr_llp,workday
Bank of America,workday,https://ghr.wd1.myworkdayjobs.com/Lateral-US,workday
Banner Health,workday,https://bannerhealth.wd108.myworkdayjobs.com/careers,workday
Bavariannordic,workday,https://bavariannordic.wd103.myworkdayjobs.com/bavariannordic,workday
Baystate Health Baystate Health (BH),workday,https://baystatehealth.wd12.myworkdayjobs.com/external_careers,workday
Bbva,workday,https://bbva.wd3.myworkdayjobs.com/bbva,workday
BCBSMA,workday,https://bcbsma.wd5.myworkdayjobs.com/bcbsma,workday
BCBSMS,workday,https://bcbsms.wd5.myworkdayjobs.com/bcbsms,workday
Bcbsnc,workday,https://bcbsnc.wd5.myworkdayjobs.com/bcbsnc,workday
BCBSNE,workday,https://nebraskablue.wd1.myworkdayjobs.com/bcbsne,workday
Beauty Health,workday,https://beautyhealth.wd12.myworkdayjobs.com/beautyhealthcareer,workday
Biamp,workday,https://biamp.wd12.myworkdayjobs.com/biamp,workday
Bigcommerce,workday,https://bigcommerce.wd12.myworkdayjobs.com/commerce,workday
Billgosling,workday,https://billgosling.wd5.myworkdayjobs.com/global,workday
Bio-Techne,workday,https://biotechne.wd5.myworkdayjobs.com/Biotechne,workday
Biogen,workday,https://biibhr.wd3.myworkdayjobs.com/external,workday
BlackBerry,workday,https://bb.wd3.myworkdayjobs.com/blackberry,workday
BlackRock,workday,https://blackrock.wd1.myworkdayjobs.com/blackrock_professional,workday
Blackstone,workday,https://blackstone.wd1.myworkdayjobs.com/blackstone_careers,workday
Blackstone,workday,https://blackstone.wd1.myworkdayjobs.com/blackstone_campus_careers,workday
Blattner Company,workday,https://blattner.wd5.myworkdayjobs.com/blattnercompany,workday
Blue Origin,workday,https://blueorigin.wd5.myworkdayjobs.com/blueorigin,workday
Blueowl,workday,https://blueowl.wd1.myworkdayjobs.com/blueowl,workday
Bluescopenac,workday,https://bluescopenac.wd5.myworkdayjobs.com/bnacareers,workday
BMO,workday,https://bmo.wd3.myworkdayjobs.com/external,workday
Boar's Head Brand,workday,https://boarshead.wd1.myworkdayjobs.com/bhc,workday
Boeing,workday,https://boeing.wd1.myworkdayjobs.com/external_careers,workday
Booster,workday,https://booster.wd5.myworkdayjobs.com/booster_careers,workday
BorgWarner,workday,https://borgwarner.wd5.myworkdayjobs.com/borgwarner_careers,workday
Bostondynamics,workday,https://bostondynamics.wd1.myworkdayjobs.com/boston_dynamics,workday
Boys Town,workday,https://boystown.wd1.myworkdayjobs.com/boystowncareers,workday
Bracco,workday,https://bracco.wd103.myworkdayjobs.com/braccocareers,workday
Brenntag,workday,https://brenntag.wd3.myworkdayjobs.com/brenntag_jobs,workday
Brighthorizons,workday,https://brighthorizons.wd5.myworkdayjobs.com/external-northamerica,workday
Brightli,workday,https://brightli.wd5.myworkdayjobs.com/brightlitalent,workday
Brightree,workday,https://resmed.wd3.myworkdayjobs.com/brightree_external_careers,workday
Bristolmyerssquibb,workday,https://bristolmyerssquibb.wd5.myworkdayjobs.com/bms,workday
Broadcom,workday,https://broadcom.wd1.myworkdayjobs.com/External_Career,workday
Broadridge Financial Solutions,workday,https://broadridge.wd5.myworkdayjobs.com/Careers,workday
Brookfield Asset Management,workday,https://brookfield.wd5.myworkdayjobs.com/brookfield,workday
Brookshires,workday,https://brookshires.wd108.myworkdayjobs.com/bgc,workday
Brown Advisory,workday,https://brownadvisory.wd1.myworkdayjobs.com/brown,workday
Brown Brothers Harriman (BBH),workday,https://bbh.wd5.myworkdayjobs.com/bbh,workday
BrowserStack,workday,https://browserstack.wd3.myworkdayjobs.com/external,workday
Brunswick,workday,https://brunswick.wd1.myworkdayjobs.com/search,workday
Bti Solutions,workday,https://btisolutions.wd12.myworkdayjobs.com/external,workday
Buc-ee's,workday,https://cfr.wd5.myworkdayjobs.com/buc-careers,workday
Bucks County Community College,workday,https://bucks.wd1.myworkdayjobs.com/bccc,workday
Build A Superior,workday,https://superiorconstruction.wd5.myworkdayjobs.com/supconstr,workday
Bullish,workday,https://bullish.wd3.myworkdayjobs.com/bullish,workday
Bunnings,workday,https://bunnings.wd3.myworkdayjobs.com/careers,workday
BYU,workday,https://byu.wd1.myworkdayjobs.com/byu-careers,workday
C.H. Guenther,workday,https://chg.wd5.myworkdayjobs.com/us_external_career_site,workday
Cabinetworks Group,workday,https://cabinetworksgroup.wd1.myworkdayjobs.com/cabinetworksgroupcareers,workday
Cable One,workday,https://cableone.wd1.myworkdayjobs.com/cable_one_external_careers,workday
Cadence Design Systems,workday,https://cadence.wd1.myworkdayjobs.com/External_Careers,workday
Cae,workday,https://cae.wd3.myworkdayjobs.com/career,workday
Calix,workday,https://calix.wd1.myworkdayjobs.com/external,workday
Calwatergroup,workday,https://calwatergroup.wd5.myworkdayjobs.com/cwsg,workday
Camaco,workday,https://camacollc.wd108.myworkdayjobs.com/camaco,workday
Cambria,workday,https://cambria.wd1.myworkdayjobs.com/cambria_careers,workday
Cambridgeassociates,workday,https://cambridgeassociates.wd5.myworkdayjobs.com/cambridge_associates,workday
Campaignmonitor,workday,https://campaignmonitor.wd5.myworkdayjobs.com/marigold,workday
Campingworld,workday,https://campingworld.wd5.myworkdayjobs.com/jobs,workday
Campus Hire,workday,https://jd.wd103.myworkdayjobs.com/campus_career_site,workday
Canada Goose,workday,https://canadagoose.wd3.myworkdayjobs.com/canadagoosecareers,workday
Cano Health,workday,https://canohealth.wd5.myworkdayjobs.com/careers,workday
CANPACK Group,workday,https://giorgiglobal.wd3.myworkdayjobs.com/canpack,workday
Capital Group,workday,https://capgroup.wd1.myworkdayjobs.com/capitalgroupcareers,workday
Capital One,workday,https://capitalone.wd12.myworkdayjobs.com/Capital_One,workday
Card,workday,https://card.wd5.myworkdayjobs.com/search,workday
Cardinal Health,workday,https://cardinalhealth.wd1.myworkdayjobs.com/ext,workday
Carilion Clinic,workday,https://carilionclinic.wd12.myworkdayjobs.com/external_careers,workday
Carrier Global,workday,https://carrier.wd5.myworkdayjobs.com/jobs,workday
Cars,workday,https://cars.wd12.myworkdayjobs.com/cars,workday
Cart.com,workday,https://cart.wd1.myworkdayjobs.com/cart,workday
Carter's,workday,https://carters.wd1.myworkdayjobs.com/carterscareers,workday
Catalent,workday,https://catalent.wd1.myworkdayjobs.com/External,workday
Cccis,workday,https://cccis.wd1.myworkdayjobs.com/broadbean_external,workday
Ccrcca,workday,https://ccrcca.wd1.myworkdayjobs.com/careers,workday
CDI,workday,https://breakthru.wd5.myworkdayjobs.com/cdi-careers,workday
Cdpq,workday,https://cdpq.wd10.myworkdayjobs.com/cdpq,workday
CDW,workday,https://cdw.wd5.myworkdayjobs.com/Careers,workday
Cec,workday,https://cecentertainment.wd5.myworkdayjobs.com/cec_careers,workday
Cenovus Energy,workday,https://cenovus.wd3.myworkdayjobs.com/careers,workday
Centific,workday,https://centific.wd1.myworkdayjobs.com/centific_global,workday
Cerberus,workday,https://cerberus.wd1.myworkdayjobs.com/cerberuscareers,workday
Ceritypartners,workday,https://ceritypartners.wd12.myworkdayjobs.com/ceritypartnerscareers,workday
Cgc,workday,https://cumminggroup.wd1.myworkdayjobs.com/cgc,workday
Cgg,workday,https://cgg.wd103.myworkdayjobs.com/viridiencareers,workday
Chamberlain Group (CG),workday,https://chamberlain.wd1.myworkdayjobs.com/chamberlain_group,workday
ChampionX,workday,https://championx.wd1.myworkdayjobs.com/championx_external,workday
Chanel,workday,https://cc.wd3.myworkdayjobs.com/chanelcareers,workday
Chapters Health System,workday,https://chaptershealth.wd5.myworkdayjobs.com/jobs,workday
Charlottenc,workday,https://charlottenc.wd12.myworkdayjobs.com/citgov,workday
Charter Manufacturing,workday,https://chartermfg.wd5.myworkdayjobs.com/charter_careers,workday
Chas Health,workday,https://chas.wd1.myworkdayjobs.com/chashealth,workday
CHEP Brambles,workday,https://brambles.wd5.myworkdayjobs.com/brambles_careers,workday
Chevron,workday,https://chevron.wd5.myworkdayjobs.com/jobs,workday
CHG Healthcare,workday,https://chghealthcare.wd1.myworkdayjobs.com/External,workday
CHICAGO CUBS The Chicago Cubs franchise,workday,https://my1060wd.wd5.myworkdayjobs.com/chicago_cubs_fo,workday
Chord Energy,workday,https://chordenergy.wd1.myworkdayjobs.com/external,workday
Christieâs,workday,https://christies.wd3.myworkdayjobs.com/christies_careers,workday
CIBC,workday,https://cibc.wd3.myworkdayjobs.com/search,workday
Cigna,workday,https://cigna.wd5.myworkdayjobs.com/cignacareers,workday
CII,workday,https://childrensinstitute.wd5.myworkdayjobs.com/cii,workday
Circle,workday,https://circle.wd1.myworkdayjobs.com/circle,workday
Circles,workday,https://circles.wd103.myworkdayjobs.com/circles,workday
Cisco,workday,https://cisco.wd5.myworkdayjobs.com/cisco_careers,workday
City of Boulder,workday,https://bouldercolorado.wd1.myworkdayjobs.com/external,workday
City of Gainesville,workday,https://cityofgainesville.wd5.myworkdayjobs.com/careers,workday
Cityblock Health,workday,https://cityblockhealth.wd1.myworkdayjobs.com/cityblockexternalcareersite,workday
Cityoforlando,workday,https://cityoforlando.wd5.myworkdayjobs.com/cityoforlandocareers,workday
Claires,workday,https://claires.wd12.myworkdayjobs.com/claires,workday
Clarioclinical,workday,https://clarioclinical.wd1.myworkdayjobs.com/clarioclinical_careers,workday
Clarios,workday,https://clarios.wd5.myworkdayjobs.com/clarioscareers,workday
Clarivate,workday,https://clarivate.wd3.myworkdayjobs.com/clarivate_careers,workday
Claytonhomes,workday,https://claytonhomes.wd1.myworkdayjobs.com/claytoncareers,workday
Cleco Corporate Holdings LLC,workday,https://cleco.wd5.myworkdayjobs.com/clecojobs,workday
Clio,workday,https://clio.wd3.myworkdayjobs.com/cliocareersite,workday
Cloudera,workday,https://cloudera.wd5.myworkdayjobs.com/external_career,workday
Clr,workday,https://clr.wd5.myworkdayjobs.com/clr_careers,workday
Clydeco,workday,https://clydeco.wd103.myworkdayjobs.com/clydecocareers,workday
Cmegroup,workday,https://cmegroup.wd1.myworkdayjobs.com/cme_careers,workday
CNA,workday,https://cna.wd1.myworkdayjobs.com/cna_careers,workday
Cnx,workday,https://cnx.wd1.myworkdayjobs.com/external_global,workday
Coca-Cola Company,workday,https://coke.wd1.myworkdayjobs.com/coca-cola-careers,workday
Cochlear,workday,https://cochlear.wd3.myworkdayjobs.com/cochlear_careers,workday
Cognex,workday,https://cognex.wd1.myworkdayjobs.com/external_career_site,workday
CoinFlip,workday,https://coinflip.wd5.myworkdayjobs.com/coinflip_external,workday
Colliers,workday,https://colliers.wd3.myworkdayjobs.com/colliers-external-career-site,workday
Columbus Airports 1,workday,https://columbusairports.wd1.myworkdayjobs.com/columbus_airports1,workday
Comcast,workday,https://comcast.wd5.myworkdayjobs.com/comcast_careers,workday
Commerce Bank,workday,https://commercebank.wd1.myworkdayjobs.com/commercejobs,workday
Company Background Planet,workday,https://planet.wd3.myworkdayjobs.com/planet,workday
Compassus,workday,https://hospicecom.wd5.myworkdayjobs.com/compassus,workday
Comscore,workday,https://comscore.wd5.myworkdayjobs.com/external,workday
Conagra Brands,workday,https://conagrabrands.wd1.myworkdayjobs.com/careers_us,workday
Concentrix,workday,https://cnx.wd1.myworkdayjobs.com/external_us,workday
Concord Hospital (CH),workday,https://crhc.wd1.myworkdayjobs.com/concord_careers,workday
Connor Group,workday,https://connorgp.wd12.myworkdayjobs.com/cg,workday
Convatec,workday,https://convatec.wd1.myworkdayjobs.com/convatec,workday
Copeland,workday,https://copeland.wd5.myworkdayjobs.com/copeland_external_careers_page,workday
Corebridgefinancial,workday,https://corebridgefinancial.wd1.myworkdayjobs.com/corebridgefinancial,workday
Corporate,workday,https://countryfinancial.wd5.myworkdayjobs.com/countrycorporateexternal,workday
Costar,workday,https://costar.wd1.myworkdayjobs.com/costarcareers,workday
Covetrus,workday,https://covetrus.wd5.myworkdayjobs.com/covetruscareers,workday
Cox Health,workday,https://coxhealth.wd5.myworkdayjobs.com/coxhealth_external,workday
Crane Company,workday,https://cranecompany.wd5.myworkdayjobs.com/Careers,workday
Crate & Barrel | CB2,workday,https://crateandbarrel.wd1.myworkdayjobs.com/cbh,workday
CRC,workday,https://tihinsurance.wd1.myworkdayjobs.com/crc_careers,workday
Creation,workday,https://creationtech.wd1.myworkdayjobs.com/creation,workday
Credit Acceptance,workday,https://creditacceptance.wd5.myworkdayjobs.com/credit_acceptance,workday
CrowdStrike,workday,https://crowdstrike.wd5.myworkdayjobs.com/crowdstrikecareers,workday
CSA Group,workday,https://csagroup.wd3.myworkdayjobs.com/csagroup,workday
CSAA Insurance Group,workday,https://aaaie.wd1.myworkdayjobs.com/csaacareers,workday
Csc,workday,https://columbiasportswearcompany.wd5.myworkdayjobs.com/csc_careers,workday
Csgi,workday,https://csgi.wd5.myworkdayjobs.com/csgcareers,workday
CSL,workday,https://csl.wd1.myworkdayjobs.com/CSL_External,workday
Ctc,workday,https://cartech.wd5.myworkdayjobs.com/ctcexternal,workday
Curemd,workday,https://curemd.wd1.myworkdayjobs.com/curemd,workday
Curtisswright,workday,https://curtisswright.wd1.myworkdayjobs.com/cw_external_career_site,workday
Customersbank,workday,https://customersbank.wd1.myworkdayjobs.com/customersbankcareers,workday
CVG,workday,https://cvgrp.wd5.myworkdayjobs.com/cvg,workday
cwi,workday,https://cwi.wd1.myworkdayjobs.com/cw_careers,workday
Cytokinetics,workday,https://cytokinetics.wd1.myworkdayjobs.com/cytokinetics,workday
Danaher,workday,https://danaher.wd1.myworkdayjobs.com/danaherjobs,workday
Datasite global recruitment page. This,workday,https://datasite.wd1.myworkdayjobs.com/datasite,workday
Dealertire,workday,https://dealertire.wd5.myworkdayjobs.com/dealertirellc-careers,workday
Dechert,workday,https://dechert.wd12.myworkdayjobs.com/dechertcareers,workday
Deckers,workday,https://deckers.wd5.myworkdayjobs.com/deckers,workday
Dell Technologies,workday,https://dell.wd1.myworkdayjobs.com/External,workday
Deluxe,workday,https://bydeluxe.wd5.myworkdayjobs.com/deluxe_external,workday
Dennys,workday,https://dennys.wd1.myworkdayjobs.com/dennys,workday
Dentsuaegis,workday,https://dentsuaegis.wd3.myworkdayjobs.com/dan_global,workday
Denverhealth,workday,https://denverhealth.wd1.myworkdayjobs.com/dhha-main,workday
Depop,workday,https://etsy.wd5.myworkdayjobs.com/depop_careers,workday
Deutsche Bank,workday,https://db.wd3.myworkdayjobs.com/DBWebsite,workday
Devoted,workday,https://devoted.wd1.myworkdayjobs.com/devoted,workday
Dexcom,workday,https://dexcom.wd1.myworkdayjobs.com/dexcom,workday
Diageo,workday,https://diageo.wd3.myworkdayjobs.com/diageo_careers,workday
Dimensional,workday,https://dimensional.wd5.myworkdayjobs.com/dfa_careers,workday
Diptyque,workday,https://diptyqueparis.wd103.myworkdayjobs.com/diptyquecareers,workday
DIRECTV,workday,https://directv.wd1.myworkdayjobs.com/careers,workday
DISA,workday,https://disa.wd5.myworkdayjobs.com/disa_external_career_site,workday
Discovery Land Company,workday,https://discoverylandco.wd5.myworkdayjobs.com/dlc,workday
DMA,workday,https://dmainc.wd5.myworkdayjobs.com/dma,workday
Dollartree,workday,https://dollartree.wd5.myworkdayjobs.com/dollartreeus,workday
Dow,workday,https://dow.wd1.myworkdayjobs.com/externalcareers,workday
DPC,workday,https://dairynet.wd1.myworkdayjobs.com/dpccareers,workday
DraftKings,workday,https://draftkings.wd1.myworkdayjobs.com/draftkings,workday
DriveTime Family of Brands,workday,https://drivetime.wd1.myworkdayjobs.com/drivetime,workday
DTN,workday,https://dtn.wd1.myworkdayjobs.com/dtn_careers,workday
Dtna,workday,https://dtna.wd5.myworkdayjobs.com/dtna_external,workday
Duck Creek,workday,https://duckcreek.wd1.myworkdayjobs.com/duckcreekcareers,workday
Duke Energy,workday,https://dukeenergy.wd1.myworkdayjobs.com/Search,workday
DXC Technology,workday,https://dxctechnology.wd1.myworkdayjobs.com/DXCJobs,workday
Earlywarning,workday,https://earlywarning.wd5.myworkdayjobs.com/earlywarningcareers,workday
Easterseals NH & VT,workday,https://easterseals.wd5.myworkdayjobs.com/esnh_vtcareers,workday
Ebi,workday,https://ebi.wd5.myworkdayjobs.com/ebicareers,workday
Ech,workday,https://ech.wd5.myworkdayjobs.com/ech,workday
Echo Global Logistics,workday,https://echo.wd1.myworkdayjobs.com/echo_logistics,workday
Ecu,workday,https://ecu.wd12.myworkdayjobs.com/everwise_careers,workday
Eisai,workday,https://eisai.wd5.myworkdayjobs.com/eisai,workday
Elanco,workday,https://elanco.wd5.myworkdayjobs.com/external_career,workday
Elara,workday,https://elara.wd5.myworkdayjobs.com/external,workday
Electrolux Group,workday,https://electrolux.wd3.myworkdayjobs.com/electroluxcareersite,workday
Elekta,workday,https://elekta.wd3.myworkdayjobs.com/elekta_careers,workday
Elementfleet,workday,https://elementfleet.wd3.myworkdayjobs.com/external_career_site,workday
Elliottgroup,workday,https://elliottgroup.wd5.myworkdayjobs.com/elliottcareers,workday
Embryriddle,workday,https://embryriddle.wd1.myworkdayjobs.com/external,workday
EMC,workday,https://emcins.wd5.myworkdayjobs.com/emc_careers,workday
Employment at NEB,workday,https://neb.wd5.myworkdayjobs.com/neb_careers,workday
Enbridge,workday,https://enbridge.wd3.myworkdayjobs.com/enbridge_careers,workday
Endeavor Health,workday,https://nshs.wd1.myworkdayjobs.com/ns-eeh,workday
Endo,workday,https://endo.wd1.myworkdayjobs.com/external,workday
Eng,workday,https://eng.wd3.myworkdayjobs.com/externalcareers,workday
Ensemblehp,workday,https://ensemblehp.wd5.myworkdayjobs.com/ensemblehealthpartnerscareers,workday
Ensign-Bickford Aerospace & Defense,workday,https://ebi.wd5.myworkdayjobs.com/ebadcareers,workday
Entegris,workday,https://entegris.wd1.myworkdayjobs.com/entegriscareers,workday
Entrust,workday,https://entrust.wd1.myworkdayjobs.com/entrustcareers,workday
Enzazaden,workday,https://enzazaden.wd103.myworkdayjobs.com/enza-careers,workday
Equinor,workday,https://equinor.wd3.myworkdayjobs.com/eqnr,workday
Ercot,workday,https://ercot.wd1.myworkdayjobs.com/ercot_careers,workday
Erm,workday,https://erm.wd3.myworkdayjobs.com/erm_experiencedprofessionals,workday
ESAB,workday,https://esab.wd5.myworkdayjobs.com/esabcareers,workday
Essentia Health,workday,https://essentiahealth.wd1.myworkdayjobs.com/essentia_health,workday
"Essential Utilities, Inc",workday,https://aquaamerica.wd5.myworkdayjobs.com/essential_careers,workday
Essex,workday,https://essex.wd5.myworkdayjobs.com/essexcareers,workday
Etch,workday,https://etch.wd5.myworkdayjobs.com/etch,workday
EverCommerce,workday,https://evercommerce.wd1.myworkdayjobs.com/evercommerce_careers,workday
Everise,workday,https://weareeverise.wd1.myworkdayjobs.com/everisecareers,workday
Evonik,workday,https://evonik.wd3.myworkdayjobs.com/external_careers,workday
Evotec,workday,https://evotecgroup.wd3.myworkdayjobs.com/evotec_career_site,workday
EVS,workday,https://evs.wd108.myworkdayjobs.com/evsengineeringcareers,workday
Exact Sciences,workday,https://exactsciences.wd1.myworkdayjobs.com/exact_sciences,workday
EXFO,workday,https://exfo.wd10.myworkdayjobs.com/exfo_careers,workday
Expedia,workday,https://expedia.wd108.myworkdayjobs.com/search,workday
Extra Space Storage,workday,https://extraspace.wd5.myworkdayjobs.com/ess_external,workday
Ezcorp,workday,https://ezcorp.wd12.myworkdayjobs.com/ezcorp,workday
fei,workday,https://fei.wd5.myworkdayjobs.com/external,workday
Fenwick,workday,https://fenwick.wd1.myworkdayjobs.com/fenwick_external_careers,workday
Ferring,workday,https://ferring.wd3.myworkdayjobs.com/ferring,workday
Ferrovial,workday,https://ferrovial.wd3.myworkdayjobs.com/ferrovial_career_site,workday
Ffive,workday,https://ffive.wd5.myworkdayjobs.com/f5jobs,workday
Fidelity Investments,workday,https://fmr.wd1.myworkdayjobs.com/fidelitycareers,workday
Fieracapital,workday,https://fieracapital.wd3.myworkdayjobs.com/career,workday
Fifththird,workday,https://fifththird.wd5.myworkdayjobs.com/53careers,workday
Finastra,workday,https://finastra.wd3.myworkdayjobs.com/finc,workday
Find a job at GEA,workday,https://gea.wd3.myworkdayjobs.com/geacareers,workday
Firstnational,workday,https://firstnational.wd12.myworkdayjobs.com/fnbocareers,workday
Firstquality,workday,https://firstquality.wd5.myworkdayjobs.com/firstquality,workday
FIS,workday,https://fis.wd5.myworkdayjobs.com/SearchJobs,workday
FITCO,workday,https://symrise.wd103.myworkdayjobs.com/external_fitco,workday
Floridatech,workday,https://floridatech.wd5.myworkdayjobs.com/floridatechcareers,workday
FLS,workday,https://flsmidth.wd3.myworkdayjobs.com/fls_global,workday
Flvs,workday,https://flvs.wd1.myworkdayjobs.com/flvs_jobs,workday
FMC Corporation,workday,https://fmc.wd12.myworkdayjobs.com/fmc,workday
Forcepoint,workday,https://forcepoint.wd1.myworkdayjobs.com/external-careers,workday
Ford Foundation,workday,https://fordfoundation.wd1.myworkdayjobs.com/fordfoundationcareerpage,workday
FormFactor,workday,https://formfactor.wd1.myworkdayjobs.com/ffi-careers,workday
Fort Bend,workday,https://fortbendcountytx.wd5.myworkdayjobs.com/externalcareers,workday
Fortrea,workday,https://fortrea.wd1.myworkdayjobs.com/fortrea,workday
Forum,workday,https://weforum.wd3.myworkdayjobs.com/forum_careers,workday
Foundation for California Community Colleges,workday,https://foundationccc.wd1.myworkdayjobs.com/fccc-careers,workday
Four Seasons,workday,https://fourseasons.wd3.myworkdayjobs.com/search,workday
Fox,workday,https://fox.wd1.myworkdayjobs.com/domestic,workday
Fox Corporation,workday,https://fox.wd1.myworkdayjobs.com/FOXTVST_EAST,workday
Fractal Analytics,workday,https://fractal.wd1.myworkdayjobs.com/careers,workday
Franklintempleton,workday,https://franklintempleton.wd5.myworkdayjobs.com/primary-external-1,workday
Freseniusmedicalcare,workday,https://freseniusmedicalcare.wd3.myworkdayjobs.com/fme,workday
Freshfields,workday,https://freshfields.wd3.myworkdayjobs.com/fbd_101,workday
Freudenberg,workday,https://freudenberg.wd3.myworkdayjobs.com/freudenberg-group,workday
Frgi,workday,https://frgi.wd1.myworkdayjobs.com/pollotropical,workday
Frostbank,workday,https://frostbank.wd5.myworkdayjobs.com/external,workday
FTI,workday,https://faithtechnologies.wd1.myworkdayjobs.com/fti,workday
Fugro,workday,https://fugro.wd3.myworkdayjobs.com/careers,workday
Fullsteam,workday,https://fullsteam.wd1.myworkdayjobs.com/external,workday
Gables,workday,https://gables.wd5.myworkdayjobs.com/gables_careers,workday
Gadventures,workday,https://gadventures.wd3.myworkdayjobs.com/gadventures,workday
Gafsgi,workday,https://gafsgi.wd5.myworkdayjobs.com/gaf_careers,workday
GAIG,workday,https://gaig.wd1.myworkdayjobs.com/gaig_external,workday
Galderma,workday,https://galderma.wd3.myworkdayjobs.com/external,workday
Gamestop,workday,https://gamestop.wd5.myworkdayjobs.com/careers,workday
Gap Inc.,workday,https://gapinc.wd1.myworkdayjobs.com/gapinc,workday
Gartner,workday,https://gartner.wd5.myworkdayjobs.com/ext,workday
Gategroup,workday,https://gategroup.wd3.myworkdayjobs.com/gategroup_external_careers,workday
Gatesfoundation,workday,https://gatesfoundation.wd1.myworkdayjobs.com/gates,workday
Gdit,workday,https://gdit.wd5.myworkdayjobs.com/external_career_site,workday
Gdt,workday,https://gdt.wd1.myworkdayjobs.com/gdt_careers,workday
GE Aerospace,workday,https://geaerospace.wd5.myworkdayjobs.com/GE_ExternalSite,workday
GEHA,workday,https://geha.wd5.myworkdayjobs.com/gehacareers,workday
Gehc,workday,https://gehc.wd5.myworkdayjobs.com/gehc_externalsite,workday
GEICO,workday,https://geico.wd1.myworkdayjobs.com/external,workday
Gen,workday,https://gen.wd1.myworkdayjobs.com/careers,workday
General Motors,workday,https://generalmotors.wd5.myworkdayjobs.com/careers_gm,workday
Genesys,workday,https://genesys.wd1.myworkdayjobs.com/genesys,workday
Genevausa,workday,https://genevausa.wd5.myworkdayjobs.com/careersatgeneva,workday
Genpt,workday,https://genpt.wd1.myworkdayjobs.com/careers,workday
George's Inc,workday,https://georgesinc.wd5.myworkdayjobs.com/joingeorges,workday
Georgiasown,workday,https://georgiasown.wd1.myworkdayjobs.com/georgiasowncareers,workday
"Gilead Sciences, Inc",workday,https://gilead.wd1.myworkdayjobs.com/gileadcareers,workday
Global Infrastructure,workday,https://gi.wd1.myworkdayjobs.com/global_infrastructure,workday
Global Partners,workday,https://global.wd1.myworkdayjobs.com/globalpartnerscareers,workday
Globalfoundries,workday,https://globalfoundries.wd1.myworkdayjobs.com/external,workday
Globe Life,workday,https://globelife.wd5.myworkdayjobs.com/globe-life-careers,workday
Globus Medical,workday,https://globusmedical.wd5.myworkdayjobs.com/gmed_careers,workday
Gobeacon,workday,https://gobeacon.wd1.myworkdayjobs.com/beaconmobilitycareers,workday
GoHealth Urgent Care,workday,https://gohealthuc.wd12.myworkdayjobs.com/external,workday
Goodrx,workday,https://goodrx.wd1.myworkdayjobs.com/careers,workday
Goodwinprocter,workday,https://goodwinprocter.wd5.myworkdayjobs.com/external_careers,workday
Google Operations Center,workday,https://google.wd501.myworkdayjobs.com/GOCJobs,workday
GoTo,workday,https://goto.wd5.myworkdayjobs.com/gotocareers,workday
Granite,workday,https://granite.wd1.myworkdayjobs.com/careers,workday
Graybar,workday,https://graybar.wd1.myworkdayjobs.com/careers,workday
Greatriverhealth,workday,https://greatriverhealth.wd5.myworkdayjobs.com/external,workday
Greendotca,workday,https://greendotca.wd5.myworkdayjobs.com/ca,workday
Greendotcorp,workday,https://greendotcorp.wd1.myworkdayjobs.com/gdc,workday
Greenheckgroup,workday,https://greenheckgroup.wd5.myworkdayjobs.com/external,workday
Greif,workday,https://greif.wd5.myworkdayjobs.com/greif,workday
Greystar,workday,https://greystar.wd1.myworkdayjobs.com/external,workday
Groundworks,workday,https://groundworks.wd1.myworkdayjobs.com/groundworks,workday
Grupoafalrh,workday,https://grupoafalrh.wd12.myworkdayjobs.com/externo,workday
GSK,workday,https://gsk.wd5.myworkdayjobs.com/GSKCareers,workday
Gsma,workday,https://gsma.wd3.myworkdayjobs.com/external_careers,workday
Gtefinancial,workday,https://gtefinancial.wd1.myworkdayjobs.com/gte_financial_career,workday
GTT,workday,https://gtt.wd3.myworkdayjobs.com/external,workday
Gtweed,workday,https://gtweed.wd1.myworkdayjobs.com/careers,workday
Guardianlife,workday,https://guardianlife.wd5.myworkdayjobs.com/guardian-life-careers,workday
Guggenheim Securities,workday,https://guggenheim.wd1.myworkdayjobs.com/guggenheim_careers_campus,workday
Guggenheiminvestment,workday,https://guggenheiminvestment.wd5.myworkdayjobs.com/external,workday
Guidehouse,workday,https://guidehouse.wd1.myworkdayjobs.com/external,workday
GuideStone,workday,https://guidestone.wd1.myworkdayjobs.com/guidestone,workday
Guidewire,workday,https://guidewire.wd5.myworkdayjobs.com/external,workday
Gulfport,workday,https://gulfportenergy.wd5.myworkdayjobs.com/gpor_career_site,workday
Gunvor,workday,https://gunvor.wd3.myworkdayjobs.com/gunvor_careers,workday
GVSU,workday,https://gvsu.wd1.myworkdayjobs.com/careers,workday
Haemonetics,workday,https://haemonetics.wd5.myworkdayjobs.com/hae,workday
Haihospitality,workday,https://haihospitality.wd12.myworkdayjobs.com/haihospitality-careers,workday
Halifax Health,workday,https://halifaxhealth.wd12.myworkdayjobs.com/halifaxhealth,workday
Hamiltoncountyindiana,workday,https://hamiltoncountyindiana.wd1.myworkdayjobs.com/careers,workday
Hancockwhitney,workday,https://hancockwhitney.wd5.myworkdayjobs.com/careers,workday
HarbourVest,workday,https://harbourvest.wd5.myworkdayjobs.com/hvp,workday
Harris,workday,https://harriscomputer.wd3.myworkdayjobs.com/1,workday
Hbpublishing,workday,https://hbpublishing.wd1.myworkdayjobs.com/careers,workday
Hcmportal,workday,https://hcmportal.wd5.myworkdayjobs.com/search,workday
HCP,workday,https://careoregon.wd12.myworkdayjobs.com/hcp,workday
Hcsc,workday,https://hcsc.wd1.myworkdayjobs.com/hcsc_external,workday
HD Supply,workday,https://hdsupply.wd1.myworkdayjobs.com/external,workday
"Headquartered in Arlington, Virginia, TSC",workday,https://tsc.wd12.myworkdayjobs.com/tsc-careers,workday
Healthfirst,workday,https://healthfirst.wd1.myworkdayjobs.com/healthfirst,workday
Heidelbergmaterials,workday,https://heidelbergmaterials.wd3.myworkdayjobs.com/global_hm_career_site,workday
Heidrick & Struggles,workday,https://heidrick.wd1.myworkdayjobs.com/heidrickandstruggles,workday
Hellmann,workday,https://hellmann.wd103.myworkdayjobs.com/hellmannexternaljobs,workday
Hempel,workday,https://hempel.wd3.myworkdayjobs.com/hempelcareers,workday
Hendrick,workday,https://hendrick.wd5.myworkdayjobs.com/hendrickcareers,workday
Hendricks,workday,https://hendricks.wd1.myworkdayjobs.com/hendricks_external_career_site,workday
Henryschein,workday,https://henryschein.wd1.myworkdayjobs.com/external_careers,workday
Herbert Smith Freehills Kramer,workday,https://herbertsmithfreehills.wd3.myworkdayjobs.com/external,workday
Hewlett Packard Enterprise,workday,https://hpe.wd5.myworkdayjobs.com/Jobsathpe,workday
Highmark Health,workday,https://highmarkhealth.wd1.myworkdayjobs.com/highmark,workday
Hiscox,workday,https://hiscox.wd3.myworkdayjobs.com/hiscox_external_site,workday
Hitachi,workday,https://hitachi.wd1.myworkdayjobs.com/hitachi,workday
HMH,workday,https://hmhw.wd12.myworkdayjobs.com/hmh_careers,workday
Hogan Lovells,workday,https://hoganlovells.wd3.myworkdayjobs.com/search,workday
Hoganas,workday,https://hoganas.wd3.myworkdayjobs.com/careers,workday
Holman,workday,https://holmanautogroup.wd1.myworkdayjobs.com/holmanenterprisescareers,workday
Horizonmedia,workday,https://horizonmedia.wd1.myworkdayjobs.com/careeropportunities,workday
Howard Hughes Medical Institute (HHMI),workday,https://hhmi.wd1.myworkdayjobs.com/external,workday
Hp,workday,https://hp.wd5.myworkdayjobs.com/externalcareersite,workday
Hpinc,workday,https://hpinc.wd5.myworkdayjobs.com/hpinc,workday
HQ,workday,https://lesschwab.wd1.myworkdayjobs.com/hq,workday
HRI,workday,https://healthresearch.wd1.myworkdayjobs.com/hri_careers,workday
Hrsystem,workday,https://hrsystem.wd1.myworkdayjobs.com/careers,workday
HSHS,workday,https://hshs.wd1.myworkdayjobs.com/hshscareers,workday
Htisec,workday,https://htisec.wd3.myworkdayjobs.com/hti_careers,workday
Hubinternational,workday,https://hubinternational.wd1.myworkdayjobs.com/hubinternational,workday
Humana,workday,https://humana.wd5.myworkdayjobs.com/humana_external_career_site,workday
Huntington,workday,https://huntington.wd12.myworkdayjobs.com/hnbcareers,workday
Husqvarnagroup,workday,https://husqvarnagroup.wd3.myworkdayjobs.com/external_career_site,workday
Iberdrola Group,workday,https://iberdrola.wd3.myworkdayjobs.com/iberdrola,workday
ICG,workday,https://icg.wd3.myworkdayjobs.com/external_careers,workday
ICON,workday,https://icon.wd3.myworkdayjobs.com/broadbean_external,workday
IKO,workday,https://iko.wd3.myworkdayjobs.com/iko_careers,workday
Imerys,workday,https://imerys.wd3.myworkdayjobs.com/imerys-careers,workday
ImmunityBio,workday,https://nant.wd5.myworkdayjobs.com/immunitybio,workday
Independencepet Group,workday,https://independencepetgroup.wd12.myworkdayjobs.com/careers,workday
Indivior,workday,https://indivior.wd3.myworkdayjobs.com/indivior,workday
ING,workday,https://ing.wd3.myworkdayjobs.com/icsgblcor,workday
Ingenovis Health,workday,https://ingenovishealth.wd1.myworkdayjobs.com/ingenovishealth,workday
Insperity,workday,https://insperity.wd12.myworkdayjobs.com/nsp,workday
Intapp,workday,https://intapp.wd1.myworkdayjobs.com/Intapp,workday
Intel,workday,https://intel.wd1.myworkdayjobs.com/External,workday
Intelogix,workday,https://intelogix.wd108.myworkdayjobs.com/external,workday
Intermountain Health,workday,https://imh.wd108.myworkdayjobs.com/IntermountainCareers,workday
IOA,workday,https://ioaging.wd12.myworkdayjobs.com/ioa,workday
Ipsen,workday,https://ipsen.wd103.myworkdayjobs.com/ipsen_careers,workday
IRC,workday,https://theirc.wd1.myworkdayjobs.com/external_careers,workday
Jbtm,workday,https://jbtm.wd108.myworkdayjobs.com/jbt_marel_career_site,workday
JLL,workday,https://jll.wd1.myworkdayjobs.com/jllcareers,workday
JM,workday,https://jm.wd103.myworkdayjobs.com/external,workday
JOB BOARD,workday,https://fronius.wd3.myworkdayjobs.com/job_board,workday
Jobs at Dataminr,workday,https://dataminr.wd12.myworkdayjobs.com/dataminr,workday
Jobs at Western,workday,https://western.wd1.myworkdayjobs.com/western,workday
Johnson & Johnson,workday,https://jj.wd5.myworkdayjobs.com/JJ,workday
Jotun,workday,https://jotun.wd3.myworkdayjobs.com/jotun_careers,workday
KBR,workday,https://kbr.wd5.myworkdayjobs.com/KBR_Careers,workday
KeyBank,workday,https://keybank.wd5.myworkdayjobs.com/External_Career_Site,workday
Kiongroup,workday,https://kiongroup.wd3.myworkdayjobs.com/kiongroup,workday
KISS Beauty Group,workday,https://kissusa.wd12.myworkdayjobs.com/kiss_careers_external,workday
Kohl's,workday,https://kohls.wd504.myworkdayjobs.com/kohlscareers,workday
KSB,workday,https://ksb.wd3.myworkdayjobs.com/ksb_externalcareersite,workday
KSM,workday,https://ksmcpa.wd12.myworkdayjobs.com/ksmcareers,workday
Lamb Weston,workday,https://lambweston.wd1.myworkdayjobs.com/lamb_external,workday
Landmark Properties,workday,https://landmarkproperties.wd12.myworkdayjobs.com/landmark_careers,workday
Ledcor,workday,https://ledcor.wd3.myworkdayjobs.com/ledcor_external,workday
LEGO,workday,https://lego.wd103.myworkdayjobs.com/lego_external,workday
Lehigh Valley Health Network (LVHN),workday,https://lvhn.wd1.myworkdayjobs.com/lvhn,workday
Lendmark Financial,workday,https://lendmarkfinancial.wd1.myworkdayjobs.com/search,workday
lgi,workday,https://lgi.wd5.myworkdayjobs.com/lgi_careers,workday
Lhoist Group,workday,https://lhoist.wd3.myworkdayjobs.com/careers,workday
Li & Fung,workday,https://lifung.wd3.myworkdayjobs.com/lifung,workday
Libertyglobal,workday,https://libertyglobal.wd3.myworkdayjobs.com/liberty_global_careers,workday
Life at Starwood Hotels,workday,https://shhotelsandresorts.wd12.myworkdayjobs.com/shg,workday
Life Fitness / Hammer Strength,workday,https://lifefitness.wd1.myworkdayjobs.com/searchlfn,workday
Lifespacecommunities,workday,https://lifespacecommunities.wd1.myworkdayjobs.com/careers,workday
LifeStance Health,workday,https://lifestance.wd5.myworkdayjobs.com/careers,workday
Lifeworks,workday,https://lifeworks.wd3.myworkdayjobs.com/external,workday
"Light & Wonder, Inc",workday,https://lnw.wd5.myworkdayjobs.com/lightwonderexternalcareers,workday
Linklaters,workday,https://linklaters.wd3.myworkdayjobs.com/linklaters,workday
Linklogistics,workday,https://linklogistics.wd5.myworkdayjobs.com/link,workday
Lithia Motors,workday,https://lithia.wd5.myworkdayjobs.com/LithiaCareers,workday
Littelfuse,workday,https://littelfuse.wd1.myworkdayjobs.com/littelfuse-careers,workday
Livanova,workday,https://livanova.wd5.myworkdayjobs.com/search,workday
Liveramp,workday,https://liveramp.wd5.myworkdayjobs.com/liverampcareers,workday
Living Spaces,workday,https://livingspaces.wd5.myworkdayjobs.com/ls,workday
Lkqcorp,workday,https://lkqcorp.wd5.myworkdayjobs.com/externalcareersite-lkq,workday
Llbean,workday,https://llbean.wd1.myworkdayjobs.com/llbean_careers,workday
Logitech,workday,https://logitech.wd5.myworkdayjobs.com/logitech,workday
Lonza,workday,https://lonza.wd3.myworkdayjobs.com/lonza_careers,workday
Looprecruiting,workday,https://looprecruiting.wd1.myworkdayjobs.com/external,workday
Lowe's,workday,https://lowes.wd5.myworkdayjobs.com/LWS_External_CS,workday
Lower,workday,https://lower.wd1.myworkdayjobs.com/lower_external_careers,workday
Lseg,workday,https://lseg.wd3.myworkdayjobs.com/careers,workday
Lsi,workday,https://lsi.wd3.myworkdayjobs.com/arxada_careers,workday
Lumentum,workday,https://lumentum.wd5.myworkdayjobs.com/lite,workday
Luminant,workday,https://vst.wd5.myworkdayjobs.com/luminant_careers,workday
Luriechildrens,workday,https://luriechildrens.wd1.myworkdayjobs.com/externalportal,workday
M&T Bank,workday,https://mtb.wd5.myworkdayjobs.com/MTB,workday
Mainsail Lodging & Development,workday,https://mainsailhotels.wd5.myworkdayjobs.com/mainsail_property_management,workday
"Manatt, Phelps & Phillips, LLP",workday,https://manatt.wd1.myworkdayjobs.com/manatt_global_careers,workday
Manhattan Associates,workday,https://manh.wd5.myworkdayjobs.com/external,workday
Manulife and John Hancock,workday,https://manulife.wd3.myworkdayjobs.com/mfcjh_jobs,workday
Marathon County,workday,https://ccitc.wd1.myworkdayjobs.com/marathon_county_careers,workday
Markelcorp,workday,https://markelcorp.wd5.myworkdayjobs.com/globalcareers,workday
Marriott Vacations Worldwide,workday,https://mymvw.wd5.myworkdayjobs.com/HVOCareers,workday
Marshall,workday,https://marshallmedical.wd1.myworkdayjobs.com/mmc,workday
Martinâs Point Health Care,workday,https://martin.wd1.myworkdayjobs.com/mphc,workday
Marvell,workday,https://marvell.wd1.myworkdayjobs.com/marvellcareers,workday
Mary Free Bed Rehabilitation Hospital,workday,https://maryfreebed.wd12.myworkdayjobs.com/mfb,workday
Mary Lanning Healthcare,workday,https://marylanning.wd1.myworkdayjobs.com/marylanningcareers,workday
Marymount University,workday,https://marymount.wd5.myworkdayjobs.com/careers,workday
Massgeneralbrigham,workday,https://massgeneralbrigham.wd1.myworkdayjobs.com/mgbexternal,workday
Mastercard,workday,https://mastercard.wd1.myworkdayjobs.com/CorporateCareers,workday
Material,workday,https://material.wd1.myworkdayjobs.com/material_external_career_site,workday
Materion,workday,https://materion.wd5.myworkdayjobs.com/materion,workday
Mcc Group,workday,https://mitsubishichemicalgroup.wd3.myworkdayjobs.com/mccgroupcareers,workday
McKee Foods McKee Foods Corporation,workday,https://mckee.wd1.myworkdayjobs.com/mckee,workday
McKesson,workday,https://mckesson.wd3.myworkdayjobs.com/external_careers,workday
Medline,workday,https://medline.wd5.myworkdayjobs.com/medline,workday
Medtronic,workday,https://medtronic.wd1.myworkdayjobs.com/MedtronicCareers,workday
Meijer,workday,https://meijer.wd5.myworkdayjobs.com/fresh_thyme_stores_external_career_site,workday
Memorial Hermann,workday,https://memorialhermann.wd5.myworkdayjobs.com/external,workday
Menasha,workday,https://menasha.wd12.myworkdayjobs.com/menashacorp,workday
Meow Wolf,workday,https://meowwolf.wd1.myworkdayjobs.com/meowwolf,workday
Mercer University,workday,https://merceruniversity.wd1.myworkdayjobs.com/external,workday
Meredith,workday,https://meredith.wd5.myworkdayjobs.com/ext,workday
Meritage,workday,https://mhgi.wd1.myworkdayjobs.com/meritagecareers,workday
Methodist Health System,workday,https://methodisthealthsystem.wd1.myworkdayjobs.com/MHS_Careers,workday
Methodisthealth,workday,https://methodisthealth.wd5.myworkdayjobs.com/mlh,workday
Mets,workday,https://sterlingmets.wd5.myworkdayjobs.com/mets,workday
MFS Investment Management,workday,https://mfs.wd1.myworkdayjobs.com/MFS-Careers,workday
Mgc,workday,https://mccowngordon.wd1.myworkdayjobs.com/mgc,workday
Mh,workday,https://mymarinhealth.wd5.myworkdayjobs.com/mhcareers,workday
MHC,workday,https://mhctn.wd12.myworkdayjobs.com/mhc_careers,workday
Mhs,workday,https://mhs.wd1.myworkdayjobs.com/careers,workday
Mica,workday,https://mica.wd5.myworkdayjobs.com/faculty,workday
Michaels Companies Inc,workday,https://michaels.wd5.myworkdayjobs.com/external,workday
Micron Technology,workday,https://micron.wd1.myworkdayjobs.com/External,workday
Midtown,workday,https://midtown.wd1.myworkdayjobs.com/midtown_careers,workday
Mileone,workday,https://mileone.wd1.myworkdayjobs.com/external,workday
Mimecast,workday,https://mimecast.wd5.myworkdayjobs.com/mimecast-careers,workday
Mitel,workday,https://mitel.wd3.myworkdayjobs.com/mitelcareers,workday
Modivcare,workday,https://modivcare.wd1.myworkdayjobs.com/careers,workday
Moelis & Company (âMoelisâ),workday,https://moelis.wd1.myworkdayjobs.com/experienced-hires,workday
Monarch,workday,https://monarch.wd5.myworkdayjobs.com/monarch,workday
Mondelēz International,workday,https://mdlz.wd3.myworkdayjobs.com/external,workday
Montage Health,workday,https://montagehealth.wd5.myworkdayjobs.com/montage_health,workday
Morgan Lewis,workday,https://morganlewis.wd5.myworkdayjobs.com/morganlewis,workday
Morgan Stanley,workday,https://ms.wd5.myworkdayjobs.com/External,workday
Motorola Solutions,workday,https://motorolasolutions.wd5.myworkdayjobs.com/careers,workday
Movement,workday,https://movement.wd1.myworkdayjobs.com/careers,workday
Mpc,workday,https://mpc.wd1.myworkdayjobs.com/mpccareers,workday
Msigna,workday,https://msigna.wd5.myworkdayjobs.com/gbl,workday
Mtmus,workday,https://mtmus.wd5.myworkdayjobs.com/externalcareers,workday
Mueller Water Products,workday,https://muellerwaterproducts.wd5.myworkdayjobs.com/mueller,workday
MUFG Union Bank,workday,https://mufgub.wd3.myworkdayjobs.com/MUFG-Careers,workday
Multco,workday,https://multco.wd1.myworkdayjobs.com/multco_jobs,workday
Munters,workday,https://munters.wd3.myworkdayjobs.com/external_careers,workday
Muzinich & Co,workday,https://muzinich.wd5.myworkdayjobs.com/muzinichcareers,workday
Myhr,workday,https://myhr.wd3.myworkdayjobs.com/planseegroup_career,workday
Myhrabc,workday,https://myhrabc.wd5.myworkdayjobs.com/global,workday
Myhrhome,workday,https://myhrhome.wd1.myworkdayjobs.com/onemaincareers,workday
Mymoose,workday,https://mymoose.wd1.myworkdayjobs.com/careers,workday
Nasdaq,workday,https://nasdaq.wd1.myworkdayjobs.com/global_external_site,workday
National Education Association,workday,https://nea.wd1.myworkdayjobs.com/ExternalCareers,workday
Nationalchurchresidences,workday,https://nationalchurchresidences.wd5.myworkdayjobs.com/careers,workday
Nationalindemnity,workday,https://nationalindemnity.wd5.myworkdayjobs.com/nico,workday
"Nationally recognized, DePauw",workday,https://depauw.wd5.myworkdayjobs.com/depauw_university,workday
Nature Conservancy,workday,https://nature.wd108.myworkdayjobs.com/externalcareers,workday
Navigators,workday,https://navigators.wd1.myworkdayjobs.com/external,workday
Nc,workday,https://nc.wd108.myworkdayjobs.com/nc_careers,workday
Ncino,workday,https://ncino.wd5.myworkdayjobs.com/ncinocareers,workday
Nebraska Medicine includes two hospitals,workday,https://nebraskamed.wd5.myworkdayjobs.com/nm,workday
NEIU,workday,https://neiu.wd1.myworkdayjobs.com/neiu,workday
Neogen,workday,https://neogen.wd5.myworkdayjobs.com/neogencareers,workday
Netflix,workday,https://netflix.wd108.myworkdayjobs.com/Netflix,workday
New Charter Technologies,workday,https://newchartertech.wd12.myworkdayjobs.com/newchartertechnologies,workday
Newfold Digital,workday,https://web.wd1.myworkdayjobs.com/externalcareersite,workday
Nexperia,workday,https://nexperia.wd3.myworkdayjobs.com/careers,workday
Nexstar Media Group,workday,https://nexstar.wd5.myworkdayjobs.com/nexstar,workday
NextGen Healthcare,workday,https://nextgen.wd5.myworkdayjobs.com/NextGen_Careers,workday
Ngs,workday,https://ngs.wd1.myworkdayjobs.com/ngs_external_career_site,workday
Nike,workday,https://nike.wd1.myworkdayjobs.com/nke,workday
Nilfisk,workday,https://nilfisk.wd3.myworkdayjobs.com/nilfisk,workday
Nissan,workday,https://alliance.wd3.myworkdayjobs.com/nissanjobs,workday
Nordic,workday,https://nordic.wd1.myworkdayjobs.com/nordic,workday
Nordstrom,workday,https://nordstrom.wd501.myworkdayjobs.com/nordstrom_careers,workday
Northeast Georgia Health System (NGHS),workday,https://nghs.wd1.myworkdayjobs.com/external,workday
Northern Trust,workday,https://ntrs.wd1.myworkdayjobs.com/northerntrust,workday
NorthMark Strategies,workday,https://northmark.wd108.myworkdayjobs.com/nms,workday
NorthWest Arkansas Community College (NWACC),workday,https://nwacc.wd1.myworkdayjobs.com/nwacc_external_career_site,workday
Northwestern Mutual,workday,https://northwesternmutual.wd5.myworkdayjobs.com/corporate-careers,workday
Norwegian Cruise Line Holdings (NCLH),workday,https://nclh.wd108.myworkdayjobs.com/nclh_careers,workday
Nouria,workday,https://nouria.wd1.myworkdayjobs.com/nec,workday
Novanta,workday,https://novanta.wd5.myworkdayjobs.com/novanta-careers,workday
Novartis,workday,https://novartis.wd3.myworkdayjobs.com/Novartis_Careers,workday
Nreca,workday,https://nreca.wd1.myworkdayjobs.com/external,workday
Nrf,workday,https://nrf.wd3.myworkdayjobs.com/external,workday
NRP,workday,https://nrpgroup.wd1.myworkdayjobs.com/nrp,workday
Nttlimited,workday,https://nttlimited.wd3.myworkdayjobs.com/ntt_careers,workday
Nu Skin,workday,https://nuskin.wd5.myworkdayjobs.com/nuskin,workday
Nutreco,workday,https://nutreco.wd3.myworkdayjobs.com/nutreco_external,workday
Nvent,workday,https://nvent.wd5.myworkdayjobs.com/nvent,workday
NVIDIA,workday,https://nvidia.wd5.myworkdayjobs.com/NVIDIAExternalCareerSite,workday
Nwis,workday,https://nwis.wd12.myworkdayjobs.com/nw,workday
Nxp,workday,https://nxp.wd3.myworkdayjobs.com/careers,workday
Oaktree,workday,https://oaktree.wd1.myworkdayjobs.com/oaktree,workday
Oceanspray,workday,https://oceanspray.wd5.myworkdayjobs.com/oceansprayjobs,workday
Ochsner Health,workday,https://ochsner.wd1.myworkdayjobs.com/ochsneracq,workday
Oclc,workday,https://oclc.wd1.myworkdayjobs.com/oclc_careers,workday
Odfl,workday,https://odfl.wd1.myworkdayjobs.com/odfl_careers,workday
Ohiohealth,workday,https://ohiohealth.wd5.myworkdayjobs.com/ohiohealthjobs,workday
Omers,workday,https://omers.wd3.myworkdayjobs.com/omers_external,workday
Omnissa,workday,https://omnissa.wd501.myworkdayjobs.com/Omnissa_External_Career_Site,workday
OneDigital,workday,https://onedigital.wd5.myworkdayjobs.com/onedigital,workday
Onehealthineers,workday,https://onehealthineers.wd3.myworkdayjobs.com/shsjb,workday
Onelineage,workday,https://onelineage.wd1.myworkdayjobs.com/external,workday
ONEOK,workday,https://oneok.wd1.myworkdayjobs.com/ONEOK,workday
Ontario Teachers,workday,https://otppb.wd3.myworkdayjobs.com/ontarioteachers_careers,workday
Optiv,workday,https://optiv.wd5.myworkdayjobs.com/optiv_careers,workday
Oregon state government,workday,https://oregon.wd5.myworkdayjobs.com/sor_external_career_site,workday
Oshkoshcorporation,workday,https://oshkoshcorporation.wd5.myworkdayjobs.com/oshkosh,workday
Ossur,workday,https://ossur.wd3.myworkdayjobs.com/ossurcareersglobal,workday
OU Health,workday,https://oumedicine.wd5.myworkdayjobs.com/ouhealthcareers,workday
Ouryahoo,workday,https://ouryahoo.wd5.myworkdayjobs.com/careers,workday
OUTFRONT,workday,https://outfrontmedia.wd1.myworkdayjobs.com/outfrontmedia,workday
Outrigger,workday,https://outrigger.wd5.myworkdayjobs.com/outriggerenterprisesgroup,workday
Ovative Group,workday,https://ovative.wd12.myworkdayjobs.com/ovative,workday
Owens & Minor and Accendra Health,workday,https://owensminor.wd1.myworkdayjobs.com/omcareers,workday
Owensboro Health,workday,https://owensborohealth.wd1.myworkdayjobs.com/owensborohealth,workday
Oxy,workday,https://oxy.wd5.myworkdayjobs.com/corporate,workday
PacBio,workday,https://pacbio.wd12.myworkdayjobs.com/pacbio-,workday
Pacific Life,workday,https://pacificlife.wd1.myworkdayjobs.com/pacificlifecareers,workday
Pacourts,workday,https://pacourts.wd5.myworkdayjobs.com/pacourts,workday
Panerabread,workday,https://panerabread.wd5.myworkdayjobs.com/panera_careers,workday
Paper,workday,https://paper.wd3.myworkdayjobs.com/paper_careers,workday
PATH,workday,https://path.wd1.myworkdayjobs.com/External,workday
Patientfirst,workday,https://patientfirst.wd5.myworkdayjobs.com/patientfirst,workday
PayPal,workday,https://paypal.wd1.myworkdayjobs.com/jobs,workday
PCI Pharma Services,workday,https://pciservices.wd1.myworkdayjobs.com/External,workday
Pegasus,workday,https://pegasuslogistics.wd1.myworkdayjobs.com/plg,workday
Pentair,workday,https://pentair.wd5.myworkdayjobs.com/pentair_careers,workday
Permian Resources,workday,https://permianres.wd12.myworkdayjobs.com/permian_resources_careers,workday
Pernod Ricard,workday,https://pernodricard.wd3.myworkdayjobs.com/pernod-ricard,workday
Pet Supermarket,workday,https://petretailbrands.wd5.myworkdayjobs.com/external_career_site_pet_supermarket_inc,workday
Peter Millar,workday,https://petermillarllc.wd12.myworkdayjobs.com/pmi,workday
Pfizer,workday,https://pfizer.wd1.myworkdayjobs.com/pfizercareers,workday
PFM,workday,https://pfm.wd5.myworkdayjobs.com/pfm-ex,workday
PGA TOUR Superstore,workday,https://pgatoursuperstore.wd12.myworkdayjobs.com/pgat_ss,workday
Phfa,workday,https://phfa.wd5.myworkdayjobs.com/phfa,workday
Philips,workday,https://philips.wd3.myworkdayjobs.com/jobs-and-careers,workday
Photonics,workday,https://photonics.wd103.myworkdayjobs.com/photonics,workday
Pillsbury,workday,https://pillsburylaw.wd5.myworkdayjobs.com/external,workday
Pima County,workday,https://pimacounty.wd5.myworkdayjobs.com/pimacareers,workday
PineBridge Investments,workday,https://pinebridge.wd5.myworkdayjobs.com/pinebridge_career_site,workday
Piramal Pharma,workday,https://piramalpharma.wd102.myworkdayjobs.com/PIRAMAL_EXTERNAL_CAREERS,workday
Pjm,workday,https://pjm.wd5.myworkdayjobs.com/pjmcareers,workday
Pladis,workday,https://pladis.wd3.myworkdayjobs.com/pladis_careers,workday
Plmarketing,workday,https://plmarketing.wd12.myworkdayjobs.com/plm,workday
Plug Power,workday,https://plugpower.wd5.myworkdayjobs.com/plug_power_inc,workday
PM Pediatric Care,workday,https://pmpediatrics.wd5.myworkdayjobs.com/pmpeds,workday
PNC Financial,workday,https://pnc.wd5.myworkdayjobs.com/external,workday
Polaris,workday,https://polaris.wd5.myworkdayjobs.com/polarisjobs,workday
Porthouston,workday,https://porthouston.wd5.myworkdayjobs.com/external_careers,workday
Portland General Electric,workday,https://portlandgeneral.wd5.myworkdayjobs.com/pgn,workday
Power the World,workday,https://monolithicpower.wd12.myworkdayjobs.com/mps_careers,workday
Premier Research,workday,https://premierresearch.wd12.myworkdayjobs.com/PremierResearch,workday
Printpack,workday,https://printpack.wd1.myworkdayjobs.com/printpackcareers,workday
Procter & Gamble,workday,https://pg.wd5.myworkdayjobs.com/1000,workday
Progressive Leasing,workday,https://progleasing.wd5.myworkdayjobs.com/progleasingcareers,workday
Progyny,workday,https://progyny.wd5.myworkdayjobs.com/progyny,workday
Prologis,workday,https://prologis.wd5.myworkdayjobs.com/prologis_external_careers,workday
ProMedica,workday,https://promedica.wd12.myworkdayjobs.com/external_careers,workday
Proofpoint,workday,https://proofpoint.wd5.myworkdayjobs.com/proofpointcareers,workday
ProPharma Group,workday,https://propharmagroup.wd1.myworkdayjobs.com/ppgcareers,workday
"PROS, Inc",workday,https://pros.wd5.myworkdayjobs.com/pros_careers,workday
Protiviti (www.protiviti.com),workday,https://roberthalf.wd1.myworkdayjobs.com/protivitiexperiencedcareers,workday
Prudential Financial,workday,https://pru.wd5.myworkdayjobs.com/Careers,workday
Prysmian,workday,https://prysmiangroup.wd3.myworkdayjobs.com/careers,workday
PTC,workday,https://ptc.wd1.myworkdayjobs.com/ptc,workday
Public Consulting Group LLC (PCG),workday,https://pcg.wd1.myworkdayjobs.com/pcg_external_careers,workday
Pultegroup,workday,https://pultegroup.wd1.myworkdayjobs.com/pgi,workday
PURE,workday,https://pureinsurance.wd5.myworkdayjobs.com/pure,workday
Pvh,workday,https://pvh.wd1.myworkdayjobs.com/pvh_careers,workday
PwC,workday,https://pwc.wd3.myworkdayjobs.com/US_Experienced_Careers,workday
Q2Ebanking,workday,https://q2ebanking.wd5.myworkdayjobs.com/q2,workday
Qbe,workday,https://qbe.wd3.myworkdayjobs.com/qbe-careers,workday
QTS,workday,https://qtsdatacenters.wd5.myworkdayjobs.com/qts,workday
"Quality, Compassionate Care For All",workday,https://loganhealth.wd1.myworkdayjobs.com/logan_careers,workday
Qualys,workday,https://qualys.wd5.myworkdayjobs.com/careers,workday
Quirch Foods,workday,https://quirchfoods.wd12.myworkdayjobs.com/quirch_foods,workday
R1Rcm,workday,https://r1rcm.wd1.myworkdayjobs.com/r1rcm,workday
Rackspace,workday,https://rackspace.wd1.myworkdayjobs.com/external,workday
Radiancetech,workday,https://radiancetech.wd12.myworkdayjobs.com/radiance_external,workday
RAND,workday,https://rand.wd5.myworkdayjobs.com/external_career_site,workday
Raymond James Financial,workday,https://raymondjames.wd1.myworkdayjobs.com/RaymondJamesCareers,workday
Razer,workday,https://razer.wd3.myworkdayjobs.com/careers,workday
Rb,workday,https://rb.wd5.myworkdayjobs.com/frs,workday
Rbc,workday,https://rbc.wd3.myworkdayjobs.com/rbcearlytalent1,workday
Rbi,workday,https://rbi.wd3.myworkdayjobs.com/rbi_external_career_site,workday
Reasonable Accommodation Sabre,workday,https://sabre.wd1.myworkdayjobs.com/sabrejobs,workday
Red Hat,workday,https://redhat.wd5.myworkdayjobs.com/jobs,workday
Redrobin,workday,https://redrobin.wd1.myworkdayjobs.com/redrobin_careers,workday
Regal Rexnord,workday,https://regalrexnord.wd1.myworkdayjobs.com/careers,workday
Regeneron,workday,https://regeneron.wd1.myworkdayjobs.com/careers,workday
Regionalfinance,workday,https://regionalfinance.wd1.myworkdayjobs.com/rmc,workday
Regions Financial,workday,https://regions.wd5.myworkdayjobs.com/Regions_Careers,workday
Rehlko,workday,https://rehlko.wd12.myworkdayjobs.com/reh,workday
Relation Insurance Services,workday,https://relationinsurance.wd5.myworkdayjobs.com/relation,workday
ReliaQuest,workday,https://reliaquest.wd5.myworkdayjobs.com/reliaquest_careers,workday
Remitly,workday,https://remitly.wd5.myworkdayjobs.com/remitly_careers,workday
Republic,workday,https://republic.wd5.myworkdayjobs.com/republic,workday
Resilience,workday,https://resilience.wd1.myworkdayjobs.com/resilience_careers,workday
Resolution Life,workday,https://resolutionlife.wd5.myworkdayjobs.com/resolutionlife_jobs,workday
Revvity,workday,https://revvity.wd103.myworkdayjobs.com/external,workday
Reworld,workday,https://reworld.wd5.myworkdayjobs.com/external,workday
Rfcuny,workday,https://rfcuny.wd108.myworkdayjobs.com/rfcuny,workday
RGA,workday,https://rgare.wd1.myworkdayjobs.com/careers,workday
Rhodes,workday,https://rhodes.wd5.myworkdayjobs.com/rhodes_careers,workday
Richardson Our,workday,https://richardson.wd3.myworkdayjobs.com/richardson_our_careers,workday
Ringcentral,workday,https://ringcentral.wd1.myworkdayjobs.com/ringcentral_careers,workday
RISD (pronounced âRIZ-deeâ),workday,https://risd.wd5.myworkdayjobs.com/risd,workday
Rite-Hite,workday,https://ritehite.wd12.myworkdayjobs.com/rhh,workday
rkl,workday,https://rkl.wd1.myworkdayjobs.com/rkl,workday
Rmi,workday,https://rockymountain.wd1.myworkdayjobs.com/rmi,workday
Roche,workday,https://roche.wd3.myworkdayjobs.com/roche-ext,workday
Rochester,workday,https://rochester.wd5.myworkdayjobs.com/ur_staff,workday
Rock Dental Brands,workday,https://rockdentalbrands.wd5.myworkdayjobs.com/axpm-dental-management-llc,workday
Rocket,workday,https://quickenloans.wd5.myworkdayjobs.com/rocket_careers,workday
Rockpa,workday,https://rockpa.wd5.myworkdayjobs.com/rpa-careers,workday
Rockwellautomation,workday,https://rockwellautomation.wd1.myworkdayjobs.com/external_rockwell_automation,workday
ROCKWOOL Group,workday,https://rockwoolgroup.wd3.myworkdayjobs.com/rockwool,workday
Rogue Fitness,workday,https://roguefitness.wd1.myworkdayjobs.com/roguefitness_external_careers,workday
Rollsroyce,workday,https://rollsroyce.wd3.myworkdayjobs.com/professional,workday
Roquette,workday,https://roquette.wd3.myworkdayjobs.com/external,workday
Rosendin,workday,https://rosendin.wd1.myworkdayjobs.com/careers,workday
Rothschildandco,workday,https://rothschildandco.wd3.myworkdayjobs.com/rothschildandco_lateral,workday
Royal Vopak,workday,https://vopak.wd3.myworkdayjobs.com/careersatvopak,workday
Rsm,workday,https://rsm.wd1.myworkdayjobs.com/rsmcareers,workday
Ruder Finn,workday,https://ruderfinn.wd5.myworkdayjobs.com/ruderfinn,workday
Russell Investments,workday,https://russell.wd5.myworkdayjobs.com/russellinvestments,workday
Ryansg,workday,https://ryansg.wd5.myworkdayjobs.com/ryan_specialty_career_site,workday
Ryder,workday,https://ryder.wd5.myworkdayjobs.com/rydercareers,workday
Saabusa,workday,https://saabusa.wd1.myworkdayjobs.com/saab_careers,workday
Safeguard Global,workday,https://safeguardglobal.wd3.myworkdayjobs.com/external_careers,workday
Saia,workday,https://saia.wd1.myworkdayjobs.com/saiacareers,workday
SailPoint,workday,https://sailpoint.wd1.myworkdayjobs.com/sailpoint,workday
Saintlukes,workday,https://saintlukes.wd1.myworkdayjobs.com/saintlukeshealthcareers,workday
Salad and Go,workday,https://saladandgo.wd5.myworkdayjobs.com/salad-and-go-external-careers,workday
Salesforce,workday,https://salesforce.wd12.myworkdayjobs.com/External_Career_Site,workday
Salinasvalleyhealth,workday,https://salinasvalleyhealth.wd5.myworkdayjobs.com/salinasvalleyhealth,workday
Sandoz,workday,https://sandoz.wd103.myworkdayjobs.com/sandoz_careers,workday
Sands,workday,https://sands.wd1.myworkdayjobs.com/sands_careers,workday
Sanford,workday,https://sanford.wd5.myworkdayjobs.com/sanfordhealth,workday
Sanimax,workday,https://sanimax.wd3.myworkdayjobs.com/sanimaxext,workday
Sanofi,workday,https://sanofi.wd3.myworkdayjobs.com/SanofiCareers,workday
Santander,workday,https://santander.wd3.myworkdayjobs.com/santandercareers,workday
Saputo,workday,https://saputo.wd5.myworkdayjobs.com/saputo_external_careers,workday
Sauk Prairie Healthcare,workday,https://saukprairiehealthcare.wd12.myworkdayjobs.com/sauk_prairie_healthcare_careers,workday
Savista,workday,https://savista.wd1.myworkdayjobs.com/savista,workday
Sbasite,workday,https://sbasite.wd5.myworkdayjobs.com/sba_communications_careers,workday
Sbdinc,workday,https://sbdinc.wd1.myworkdayjobs.com/stanley_black_decker_career_site,workday
SBM,workday,https://sbmmanagement.wd108.myworkdayjobs.com/sbm,workday
Scholastic,workday,https://scholastic.wd5.myworkdayjobs.com/external,workday
Sci,workday,https://sci.wd5.myworkdayjobs.com/sci,workday
Scottish Rite for Children,workday,https://src.wd1.myworkdayjobs.com/scottishriteforchildren,workday
Scottsmiraclegro,workday,https://scottsmiraclegro.wd5.myworkdayjobs.com/smgexternal,workday
Sea Mar,workday,https://seamar.wd12.myworkdayjobs.com/sea_mar,workday
Sees,workday,https://sees.wd1.myworkdayjobs.com/sees_candies,workday
Sefl,workday,https://sefl.wd1.myworkdayjobs.com/sefl,workday
Sehinc,workday,https://sehinc.wd12.myworkdayjobs.com/seh,workday
Seic,workday,https://seic.wd1.myworkdayjobs.com/sei_global_services,workday
SEL,workday,https://selinc.wd1.myworkdayjobs.com/sel,workday
Semrush,workday,https://semrush.wd5.myworkdayjobs.com/semrushcareers,workday
Semtech,workday,https://semtech.wd1.myworkdayjobs.com/SemtechCareers,workday
Sensata,workday,https://sensata.wd1.myworkdayjobs.com/sensata-careers,workday
Sentara Health,workday,https://sentara.wd1.myworkdayjobs.com/scs,workday
Servco,workday,https://servco.wd5.myworkdayjobs.com/servco_careers,workday
ServiceTitan,workday,https://servicetitan.wd1.myworkdayjobs.com/servicetitan,workday
Seven Counties,workday,https://sevencounties.wd5.myworkdayjobs.com/sevencountiescareers,workday
Sgadental,workday,https://sgadental.wd5.myworkdayjobs.com/careers,workday
SGC,workday,https://senecacasinos.wd12.myworkdayjobs.com/sgc,workday
Sglottery,workday,https://sglottery.wd5.myworkdayjobs.com/scientificgamesexternalcareers,workday
Shakeshack,workday,https://shakeshack.wd5.myworkdayjobs.com/external,workday
Shell,workday,https://shell.wd3.myworkdayjobs.com/ShellCareers,workday
Shelter InsuranceÂ® group of companies,workday,https://shelterinsurance.wd5.myworkdayjobs.com/careers,workday
Shepherd,workday,https://shepherd.wd5.myworkdayjobs.com/shepherdcenter,workday
Shi,workday,https://shi.wd12.myworkdayjobs.com/shicareers,workday
Signet Jewelers,workday,https://signetjewelers.wd1.myworkdayjobs.com/signetcorporatecareers,workday
Silgan,workday,https://silgancontainers.wd1.myworkdayjobs.com/silgan,workday
Silicon Labs,workday,https://silabs.wd1.myworkdayjobs.com/siliconlabscareers,workday
Silver Cross,workday,https://silvercross.wd5.myworkdayjobs.com/silvercrosscareers,workday
Simmonsbank,workday,https://simmonsbank.wd5.myworkdayjobs.com/simmonscareers,workday
Sju,workday,https://sju.wd1.myworkdayjobs.com/sju,workday
Skadden,workday,https://skadden.wd5.myworkdayjobs.com/skadden_careers,workday
Skechers,workday,https://skechers.wd5.myworkdayjobs.com/one-career-site,workday
Skookum,workday,https://skookum.wd1.myworkdayjobs.com/careers,workday
Skyzone,workday,https://skyzone.wd12.myworkdayjobs.com/skyzone,workday
Slihrms,workday,https://slihrms.wd3.myworkdayjobs.com/careers,workday
Slrconsulting,workday,https://slrconsulting.wd103.myworkdayjobs.com/slrcareers,workday
Slu,workday,https://slu.wd5.myworkdayjobs.com/careers,workday
Smith+Nephew,workday,https://smithnephew.wd5.myworkdayjobs.com/external,workday
Smithfieldfoods,workday,https://smithfieldfoods.wd1.myworkdayjobs.com/careers,workday
Snapfinance,workday,https://snapfinance.wd1.myworkdayjobs.com/snap_external_careers,workday
Snyk,workday,https://snyk.wd103.myworkdayjobs.com/external,workday
Solera,workday,https://solera.wd5.myworkdayjobs.com/global_career_site,workday
SOLV Energy,workday,https://solvenergy.wd1.myworkdayjobs.com/solv_external_career,workday
Solventum,workday,https://healthcare.wd1.myworkdayjobs.com/Search,workday
Som,workday,https://som.wd5.myworkdayjobs.com/external,workday
Sonaca North America,workday,https://sonaca.wd103.myworkdayjobs.com/sonaca_careers,workday
Sonder,workday,https://sonder.wd1.myworkdayjobs.com/join_sonder,workday
Sonic Healthcare USA,workday,https://shusa.wd5.myworkdayjobs.com/external,workday
Sonoco,workday,https://sonoco.wd1.myworkdayjobs.com/corporatecareers,workday
Sony,workday,https://sonyglobal.wd1.myworkdayjobs.com/SonyGlobalCareers,workday
South Shore Health,workday,https://southshorehealth.wd5.myworkdayjobs.com/ssh_careers,workday
South Texas College,workday,https://southtexascollege.wd12.myworkdayjobs.com/stc,workday
Southwest Airlines,workday,https://swa.wd1.myworkdayjobs.com/external,workday
Spartannash,workday,https://spartannash.wd1.myworkdayjobs.com/spartannash_careers,workday
Specialized,workday,https://specialized.wd5.myworkdayjobs.com/specialized_external_career_site,workday
Spencer Stuart,workday,https://spencerstuart.wd5.myworkdayjobs.com/spencer_stuart_external_careers,workday
Spgi,workday,https://spgi.wd5.myworkdayjobs.com/spgi_careers,workday
Springernature,workday,https://springernature.wd3.myworkdayjobs.com/springernaturecareers,workday
Sprinklr,workday,https://sprinklr.wd1.myworkdayjobs.com/careers,workday
SPU,workday,https://spu.wd12.myworkdayjobs.com/spu,workday
SS&C,workday,https://ssctech.wd1.myworkdayjobs.com/ssctechnologies,workday
Ssmh,workday,https://ssmh.wd5.myworkdayjobs.com/ssmhealth,workday
St. Charles Health System,workday,https://stcharles.wd1.myworkdayjobs.com/external,workday
Staff Jobs at LU,workday,https://liberty.wd5.myworkdayjobs.com/lu_job_board_staff,workday
Staff Openings,workday,https://olemiss.wd12.myworkdayjobs.com/external__staff,workday
"Stand Out For Good, Inc",workday,https://standoutforgood.wd12.myworkdayjobs.com/standoutforgood,workday
Standard,workday,https://standard.wd1.myworkdayjobs.com/search,workday
Starr,workday,https://starrcompanies.wd1.myworkdayjobs.com/careers,workday
Stars,workday,https://stars.wd1.myworkdayjobs.com/search,workday
STEMCELL Technologies Inc,workday,https://stemcell.wd3.myworkdayjobs.com/external_careers,workday
Stewart,workday,https://stewart.wd1.myworkdayjobs.com/external,workday
Stibo Systems,workday,https://stibosystems.wd3.myworkdayjobs.com/careers-at-stibo-systems,workday
Stoel Rives,workday,https://stoel.wd1.myworkdayjobs.com/stoelrivescareers,workday
Stoneridge,workday,https://stoneridge.wd5.myworkdayjobs.com/careers,workday
Stord,workday,https://stord.wd503.myworkdayjobs.com/stord_external_career,workday
Stph,workday,https://stph.wd5.myworkdayjobs.com/stph,workday
Strada,workday,https://strada.wd12.myworkdayjobs.com/careers,workday
STRS Ohio associates,workday,https://strsoh.wd1.myworkdayjobs.com/strs_jobs,workday
Stryker,workday,https://stryker.wd1.myworkdayjobs.com/strykercareers,workday
Sturdymemorial,workday,https://sturdymemorial.wd5.myworkdayjobs.com/sturdy,workday
STV,workday,https://stvinc.wd5.myworkdayjobs.com/stv,workday
Suddath,workday,https://suddath.wd5.myworkdayjobs.com/suddath,workday
Suffolkcountyny,workday,https://suffolkcountyny.wd1.myworkdayjobs.com/suffolkcounty1,workday
"Sumitomo Pharma Co., Ltd",workday,https://sumitomopharma.wd5.myworkdayjobs.com/smpa,workday
Suncor,workday,https://suncor.wd1.myworkdayjobs.com/suncor_external,workday
Suse,workday,https://suse.wd3.myworkdayjobs.com/jobsatsuse,workday
Svh,workday,https://stormontvail.wd1.myworkdayjobs.com/svh,workday
Swarovski,workday,https://swarovski.wd3.myworkdayjobs.com/swarovski,workday
SWBC,workday,https://swbc.wd1.myworkdayjobs.com/swbccareers,workday
Swift,workday,https://swift.wd3.myworkdayjobs.com/join-swift,workday
Synechron,workday,https://synechron.wd1.myworkdayjobs.com/synechroncareers,workday
Syneoshealth,workday,https://syneoshealth.wd12.myworkdayjobs.com/syneos_health_external_site,workday
Sysco,workday,https://sysco.wd5.myworkdayjobs.com/syscocareers,workday
T-Mobile US,workday,https://tmobile.wd1.myworkdayjobs.com/External,workday
T. Rowe Price,workday,https://troweprice.wd5.myworkdayjobs.com/troweprice,workday
Takeda,workday,https://takeda.wd3.myworkdayjobs.com/external,workday
TAKRAF Group,workday,https://takraf.wd103.myworkdayjobs.com/takraf_external_careers,workday
Tandem Diabetes Care,workday,https://tandemdiabetes.wd12.myworkdayjobs.com/tandemdiabetes,workday
Tanger,workday,https://tanger.wd108.myworkdayjobs.com/tanger_external_careersite,workday
Target,workday,https://target.wd5.myworkdayjobs.com/targetcareers,workday
Tarkett,workday,https://tarkett.wd3.myworkdayjobs.com/tarkett_careers,workday
TaskUs,workday,https://taskus.wd1.myworkdayjobs.com/Careers,workday
Tbc,workday,https://tbc.wd12.myworkdayjobs.com/lyriccareers,workday
Tbinstitute,workday,https://tbinstitute.wd3.myworkdayjobs.com/tbi,workday
Tbkbank,workday,https://tbkbank.wd1.myworkdayjobs.com/tfin,workday
TC Energy,workday,https://tcenergy.wd3.myworkdayjobs.com/CAREER_SITE_TC,workday
TCGplayer,workday,https://ebay.wd5.myworkdayjobs.com/tcgplayer_external_career,workday
TD,workday,https://td.wd3.myworkdayjobs.com/td_bank_careers,workday
TD Synnex,workday,https://synnex.wd5.myworkdayjobs.com/tdsynnexcareers,workday
Teamwass,workday,https://teamwass.wd5.myworkdayjobs.com/wassermancareers,workday
TEL,workday,https://tel.wd3.myworkdayjobs.com/tel-careers,workday
TelevisaUnivision,workday,https://univision.wd1.myworkdayjobs.com/external,workday
Tempus,workday,https://tempus.wd5.myworkdayjobs.com/tempus_careers,workday
Terex,workday,https://terex.wd1.myworkdayjobs.com/terexcareers,workday
Thales,workday,https://thales.wd3.myworkdayjobs.com/careers,workday
The Aerospace Corporation,workday,https://aero.wd5.myworkdayjobs.com/External,workday
The Walt Disney Company,workday,https://disney.wd5.myworkdayjobs.com/disneycareer,workday
Thehartford,workday,https://thehartford.wd5.myworkdayjobs.com/careers_external,workday
Theocc,workday,https://theocc.wd5.myworkdayjobs.com/careers,workday
There's a reason why Fiserv,workday,https://fiserv.wd5.myworkdayjobs.com/ext,workday
Thinkbrg,workday,https://thinkbrg.wd5.myworkdayjobs.com/brg_external_career_site,workday
Thomson Reuters,workday,https://thomsonreuters.wd5.myworkdayjobs.com/External_Career_Site,workday
Thrivent,workday,https://thrivent.wd5.myworkdayjobs.com/external,workday
Thriveworks,workday,https://thriveworks.wd5.myworkdayjobs.com/thriveworks,workday
Tiaa,workday,https://tiaa.wd1.myworkdayjobs.com/search,workday
Tidelands Health,workday,https://tidelandshealth.wd12.myworkdayjobs.com/tidelands,workday
TigerConnect,workday,https://tigerconnect.wd1.myworkdayjobs.com/tc,workday
Tinuiti,workday,https://tinuiti.wd12.myworkdayjobs.com/tinuiti,workday
TJX Companies,workday,https://tjx.wd1.myworkdayjobs.com/TJX_EXTERNAL,workday
Tl,workday,https://tateandlyle.wd3.myworkdayjobs.com/tlcareers,workday
Tmx,workday,https://tmx.wd3.myworkdayjobs.com/tmx_careers,workday
Towne,workday,https://townepark.wd5.myworkdayjobs.com/ext,workday
Trade Desk,workday,https://thetradedesk.wd5.myworkdayjobs.com/ttdexternalsite,workday
Transforming Age,workday,https://transformingage.wd108.myworkdayjobs.com/joinus,workday
TransPerfect,workday,https://transperfect.wd5.myworkdayjobs.com/transperfect,workday
Transunion,workday,https://transunion.wd5.myworkdayjobs.com/transunion,workday
Travelers,workday,https://travelers.wd5.myworkdayjobs.com/external,workday
Travere Therapeutics,workday,https://travere.wd1.myworkdayjobs.com/traverecareers,workday
Tricentis,workday,https://tricentis.wd1.myworkdayjobs.com/tricentis_careers,workday
Tricon,workday,https://tricon.wd3.myworkdayjobs.com/tricon,workday
Trinity Health,workday,https://trinityhealth.wd1.myworkdayjobs.com/jobs,workday
Troutman,workday,https://troutman.wd5.myworkdayjobs.com/tprecruit1,workday
TRUMPF Graduates and Professionals,workday,https://trumpf.wd3.myworkdayjobs.com/trumpf_graduates_and_professionals,workday
Tsc,workday,https://tscfl.wd12.myworkdayjobs.com/tsc_external_career_site,workday
Ttc,workday,https://ttc.wd1.myworkdayjobs.com/toro_external_careers,workday
TTM,workday,https://ttmtech.wd5.myworkdayjobs.com/jobs,workday
"Tyson Foods, Inc",workday,https://tysonfoods.wd5.myworkdayjobs.com/tsn,workday
U.S. Bank,workday,https://usbank.wd1.myworkdayjobs.com/US_Bank_Careers,workday
UHS proudly,workday,https://nyuhs.wd12.myworkdayjobs.com/nyuhscareers1,workday
UHY,workday,https://uhyus.wd12.myworkdayjobs.com/uhy,workday
Uline,workday,https://uline.wd1.myworkdayjobs.com/Uline_Careers,workday
Ultra Electronics,workday,https://ultra.wd3.myworkdayjobs.com/ultra-careers,workday
Umassglobal,workday,https://umassglobal.wd5.myworkdayjobs.com/umassglobalcareers,workday
UMB,workday,https://umb.wd1.myworkdayjobs.com/umbexternal,workday
UMGC,workday,https://umgc.wd1.myworkdayjobs.com/umgc_careers,workday
Umiami,workday,https://umiami.wd1.myworkdayjobs.com/umcareerstaff,workday
Ummc,workday,https://ummc.wd5.myworkdayjobs.com/umccareers,workday
Ump,workday,https://umphysicians.wd1.myworkdayjobs.com/umpcareers,workday
Unf,workday,https://unf.wd5.myworkdayjobs.com/unfjobs,workday
Unhcr,workday,https://unhcr.wd3.myworkdayjobs.com/external,workday
Unilever,workday,https://unilever.wd3.myworkdayjobs.com/unilever_experienced_professionals,workday
Union College,workday,https://unioncollege.wd5.myworkdayjobs.com/unioncollegecareers,workday
Unisys,workday,https://unisys.wd5.myworkdayjobs.com/external,workday
Unitedtalent,workday,https://unitedtalent.wd5.myworkdayjobs.com/utaprivate,workday
University of Chicago,workday,https://uchicago.wd5.myworkdayjobs.com/external,workday
University of Kansas Health System,workday,https://kansashealthsystem.wd1.myworkdayjobs.com/careers,workday
University Of New Orleans,workday,https://ulsuno.wd1.myworkdayjobs.com/universityofneworleans,workday
University of Southern California,workday,https://usc.wd5.myworkdayjobs.com/externalusccareers,workday
University of Texas at Austin Staff,workday,https://utaustin.wd1.myworkdayjobs.com/utstaff,workday
UofL Health,workday,https://uoflhealth.wd1.myworkdayjobs.com/UofLHealthCareers,workday
Us Amynta Group,workday,https://amynta.wd5.myworkdayjobs.com/global,workday
Us Finning,workday,https://finning.wd3.myworkdayjobs.com/external,workday
US Foods,workday,https://usfoods.wd1.myworkdayjobs.com/usfoodscareersExternal,workday
Us Gutor,workday,https://gutor.wd3.myworkdayjobs.com/gutor_career_site,workday
Us MTM Health,workday,https://mtminc.wd1.myworkdayjobs.com/mtm_external,workday
Us PTC Therapeutics,workday,https://ptcbio.wd5.myworkdayjobs.com/ptc_careers,workday
Us Retail,workday,https://maurices.wd5.myworkdayjobs.com/us_retail_jobs,workday
"Us Taymax Group, LP",workday,https://taymax.wd5.myworkdayjobs.com/external_careers,workday
Usjobs Gen Gfs,workday,https://gfs.wd5.myworkdayjobs.com/usjobs-gen-gfs,workday
Valeo,workday,https://valeo.wd3.myworkdayjobs.com/valeo_jobs,workday
Valmet,workday,https://valmet.wd103.myworkdayjobs.com/external,workday
Values and Culture Working at DuBois,workday,https://duboischemicals.wd1.myworkdayjobs.com/external,workday
Vanguard,workday,https://vanguard.wd5.myworkdayjobs.com/vanguard_external,workday
Varex,workday,https://vareximaging.wd103.myworkdayjobs.com/external_career_site,workday
Vb,workday,https://verabradley.wd5.myworkdayjobs.com/vbcareers,workday
Velera,workday,https://velera.wd5.myworkdayjobs.com/veleracareers,workday
Venbrook,workday,https://venbrook.wd5.myworkdayjobs.com/careers,workday
Venerable,workday,https://venerable.wd5.myworkdayjobs.com/venerablecareers,workday
Veradigm,workday,https://veradigm.wd12.myworkdayjobs.com/vr,workday
Vincitgroup,workday,https://vincitgroup.wd5.myworkdayjobs.com/vincit_external_1,workday
Visa,workday,https://visa.wd5.myworkdayjobs.com/Visa,workday
Visitcatalinaisland,workday,https://visitcatalinaisland.wd12.myworkdayjobs.com/ico,workday
Vossloh,workday,https://vossloh.wd3.myworkdayjobs.com/vossloh_external_careers,workday
Voya Financial,workday,https://godirect.wd5.myworkdayjobs.com/voya_jobs,workday
Vumc,workday,https://vumc.wd1.myworkdayjobs.com/vumccareers,workday
Walmart,workday,https://walmart.wd5.myworkdayjobs.com/WalmartExternal,workday
Walsh Group,workday,https://walshgroup.wd12.myworkdayjobs.com/walshgroup,workday
Warner Bros. Discovery,workday,https://warnerbros.wd5.myworkdayjobs.com/global,workday
Washington County,workday,https://wacounty.wd12.myworkdayjobs.com/careers,workday
Waste Connections,workday,https://wasteconnections.wd1.myworkdayjobs.com/careers,workday
Watts Water,workday,https://wattswater.wd5.myworkdayjobs.com/external,workday
Wawa,workday,https://wawa.wd1.myworkdayjobs.com/careers,workday
Websteronline,workday,https://websteronline.wd12.myworkdayjobs.com/websterexternalcareersite,workday
Weir,workday,https://weir.wd3.myworkdayjobs.com/weir_external_careers,workday
Weis Markets,workday,https://weis.wd108.myworkdayjobs.com/careers,workday
Wellington,workday,https://wellington.wd5.myworkdayjobs.com/external,workday
Wells Fargo,workday,https://wf.wd1.myworkdayjobs.com/WellsFargoJobs,workday
Western Union,workday,https://westernunion.wd5.myworkdayjobs.com/westernunionjobs,workday
Westlake,workday,https://westlake.wd1.myworkdayjobs.com/westlake,workday
WeWork,workday,https://wework.wd1.myworkdayjobs.com/wework,workday
WEX,workday,https://wexinc.wd5.myworkdayjobs.com/wexinc,workday
WGU,workday,https://wgu.wd5.myworkdayjobs.com/external,workday
Why Mizuho Mizuho,workday,https://mizuho.wd1.myworkdayjobs.com/mizuhoamericas,workday
Wilbur Ellis,workday,https://wilburellis.wd12.myworkdayjobs.com/wilbur-ellis,workday
Wiley,workday,https://wiley.wd1.myworkdayjobs.com/wiley_careers,workday
Wilhelmsen,workday,https://wilhelmsen.wd3.myworkdayjobs.com/wilhelmsen,workday
Williams Companies,workday,https://williams.wd5.myworkdayjobs.com/External,workday
Wintrust Financial,workday,https://wintrust.wd1.myworkdayjobs.com/search,workday
Wisconsin,workday,https://wisconsin.wd1.myworkdayjobs.com/uw_comprehensives,workday
Wisk,workday,https://wisk.wd108.myworkdayjobs.com/wisk_careers,workday
WittKieffer,workday,https://wittkieffer.wd12.myworkdayjobs.com/careers,workday
Wk,workday,https://wk.wd3.myworkdayjobs.com/external,workday
Wmg,workday,https://wmg.wd1.myworkdayjobs.com/wmgus,workday
Wofford,workday,https://wofford.wd5.myworkdayjobs.com/wofford,workday
WONDERBOX,workday,https://wonderbox.wd3.myworkdayjobs.com/wonderbox_group_careers,workday
Woodmac,workday,https://woodmac.wd3.myworkdayjobs.com/woodmaccareers,workday
Woodward,workday,https://woodward.wd5.myworkdayjobs.com/woodward,workday
Workday,workday,https://workday.wd5.myworkdayjobs.com/Workday,workday
Workhuman,workday,https://workhuman.wd1.myworkdayjobs.com/workhumancareers,workday
Working at Bozeman Health,workday,https://bozemanhealth.wd1.myworkdayjobs.com/bozemanhealthcareers,workday
World Finance,workday,https://worldacceptance.wd12.myworkdayjobs.com/world_finance,workday
Worldwide,workday,https://worldwide.wd1.myworkdayjobs.com/external,workday
WP Engine,workday,https://wpengine.wd1.myworkdayjobs.com/wp_engine,workday
WSU,workday,https://wsu.wd5.myworkdayjobs.com/wsu_jobs,workday
Wts,workday,https://wsc.wd1.myworkdayjobs.com/wts,workday
WW International,workday,https://ww.wd1.myworkdayjobs.com/careers,workday
WWE,workday,https://wwecorp.wd5.myworkdayjobs.com/wwecorp,workday
Wynd,workday,https://wynd.wd5.myworkdayjobs.com/external,workday
X-energy,workday,https://xenergy.wd5.myworkdayjobs.com/x-energyus,workday
Xcelenergy,workday,https://xcelenergy.wd1.myworkdayjobs.com/external,workday
YETI,workday,https://yeticoolers.wd5.myworkdayjobs.com/yeti,workday
Yougov,workday,https://yougov.wd103.myworkdayjobs.com/yougov_external_careers,workday
Zayo,workday,https://zayo.wd1.myworkdayjobs.com/zayo_careers,workday
Zeiss Group,workday,https://zeissgroup.wd3.myworkdayjobs.com/external,workday
Zekelman,workday,https://zekelman.wd12.myworkdayjobs.com/careers,workday
Zendesk,workday,https://zendesk.wd1.myworkdayjobs.com/zendesk,workday
Zillow,workday,https://zillow.wd5.myworkdayjobs.com/zillow_group_external,workday
Zoom,workday,https://zoom.wd5.myworkdayjobs.com/Zoom,workday
