name,ats,slug,source_url
11:FS Group Ltd,rippling,11fs-group-ltd,https://ats.rippling.com/11fs-group-ltd/jobs
15 lightyears,rippling,15-lightyears-careers,https://ats.rippling.com/15-lightyears-careers/jobs
1823 Partners,rippling,1823-partners,https://ats.rippling.com/1823-partners/jobs
"1nHealth, Inc.",rippling,1nhealth,https://ats.rippling.com/1nhealth/jobs
3MS Services LLC,rippling,3msservicesllc,https://ats.rippling.com/3msservicesllc/jobs
3rd Street Youth Center & Clinic,rippling,3rd-street-youth-center-clinic,https://ats.rippling.com/3rd-street-youth-center-clinic/jobs
4AG Robotics Inc.,rippling,4ag,https://ats.rippling.com/4ag/jobs
606 Supply Co.,rippling,internal,https://ats.rippling.com/internal/jobs
"650 Industries, Inc. (""Expo"")",rippling,expo,https://ats.rippling.com/expo/jobs
7Factor Software,rippling,7factor-software,https://ats.rippling.com/7factor-software/jobs
A Parent Media Co. Inc.,rippling,apmc,https://ats.rippling.com/apmc/jobs
AACA,rippling,aaca,https://ats.rippling.com/aaca/jobs
Aalo Atomics,rippling,aalo-atomics,https://ats.rippling.com/aalo-atomics/jobs
Aalyria,rippling,aalyria-careers,https://ats.rippling.com/aalyria-careers/jobs
AB Spectrum,rippling,ab-spectrum,https://ats.rippling.com/ab-spectrum/jobs
abad,rippling,abad,https://ats.rippling.com/abad/jobs
ABF Security,rippling,abf-security,https://ats.rippling.com/abf-security/jobs
Able Cleaning LLC,rippling,ablefs,https://ats.rippling.com/ablefs/jobs
Able Insurance Brokers Ltd.,rippling,able-insurance-job-board,https://ats.rippling.com/able-insurance-job-board/jobs
Abstract Developments (2021) Ltd,rippling,abstract,https://ats.rippling.com/abstract/jobs
ABW Appliances,rippling,abw-appliances,https://ats.rippling.com/abw-appliances/jobs
"Academy of Creative Technology, Antelope Valley",rippling,academy-of-creative-technology-antelope-valley,https://ats.rippling.com/academy-of-creative-technology-antelope-valley/jobs
Accelerant,rippling,accelerant,https://ats.rippling.com/accelerant/jobs
Acceleration Academies,rippling,acceleration-academies,https://ats.rippling.com/acceleration-academies/jobs
Accountability Counsel,rippling,accountability-counsel,https://ats.rippling.com/accountability-counsel/jobs
Accruity,rippling,accruity-careers,https://ats.rippling.com/accruity-careers/jobs
ACORN PLMS PTY LTD,rippling,acorn-works,https://ats.rippling.com/acorn-works/jobs
Acres.com,rippling,acretrader-jobs,https://ats.rippling.com/acretrader-jobs/jobs
Act Build Change,rippling,actbuildchange,https://ats.rippling.com/actbuildchange/jobs
Actionist Consulting,rippling,actionist-consulting,https://ats.rippling.com/actionist-consulting/jobs
Active Start Childcare,rippling,active-start-childcare,https://ats.rippling.com/active-start-childcare/jobs
actnano,rippling,actnano,https://ats.rippling.com/actnano/jobs
ACTS,rippling,acts,https://ats.rippling.com/acts/jobs
Adams Sanitation,rippling,adams-sanitation,https://ats.rippling.com/adams-sanitation/jobs
Adapt,rippling,adapt,https://ats.rippling.com/adapt/jobs
ADDFORCE LLC,rippling,temp,https://ats.rippling.com/temp/jobs
Adelaide,rippling,adelaide,https://ats.rippling.com/adelaide/jobs
Adiabatic Materials,rippling,adiabatic,https://ats.rippling.com/adiabatic/jobs
"Advanced Energy United, Inc.",rippling,advanced-energy-united-career-opportunities,https://ats.rippling.com/advanced-energy-united-career-opportunities/jobs
Advanced Medical Strategies,rippling,advanced-medical-strategies,https://ats.rippling.com/advanced-medical-strategies/jobs
Advanced Navigation,rippling,advanced-navigation,https://ats.rippling.com/advanced-navigation/jobs
Advancement Project Education Fund,rippling,advancementproject,https://ats.rippling.com/advancementproject/jobs
Advision Development,rippling,advision-development-careers,https://ats.rippling.com/advision-development-careers/jobs
"Advisor360°, LLC",rippling,advisor360-llc,https://ats.rippling.com/advisor360-llc/jobs
Advocate Accounting,rippling,advocate-accounting,https://ats.rippling.com/advocate-accounting/jobs
Advocate Technologies Inc.,rippling,advocate-technologies-inc,https://ats.rippling.com/advocate-technologies-inc/jobs
Aegis Project Controls,rippling,aegis,https://ats.rippling.com/aegis/jobs
Aeris Communications Inc.,rippling,aeris-communications-inc,https://ats.rippling.com/aeris-communications-inc/jobs
Aerwave,rippling,aerwavecareers,https://ats.rippling.com/aerwavecareers/jobs
"Aery Aviation, LLC",rippling,aery-aviation-llc,https://ats.rippling.com/aery-aviation-llc/jobs
AFC Urgent Care,rippling,afc,https://ats.rippling.com/afc/jobs
Africa Clinical Research Network,rippling,acrn,https://ats.rippling.com/acrn/jobs
Afton Partners,rippling,aftonpartners,https://ats.rippling.com/aftonpartners/jobs
Afton Scientific. LLC,rippling,aftons-job-board,https://ats.rippling.com/aftons-job-board/jobs
AgAmerica,rippling,agamerica-careers,https://ats.rippling.com/agamerica-careers/jobs
AgelessRx,rippling,agelessrx,https://ats.rippling.com/agelessrx/jobs
Agency,rippling,agencycyber,https://ats.rippling.com/agencycyber/jobs
Agent Energy,rippling,aigent-energy,https://ats.rippling.com/aigent-energy/jobs
AgentSync,rippling,agentsync-careers,https://ats.rippling.com/agentsync-careers/jobs
"Aggressive Hydraulics, Inc.",rippling,aggressive-hydraulics-inc,https://ats.rippling.com/aggressive-hydraulics-inc/jobs
Agility PR Solutions,rippling,agilitypr,https://ats.rippling.com/agilitypr/jobs
Agital,rippling,agital-careers,https://ats.rippling.com/agital-careers/jobs
"AGNT, Inc.",rippling,exp-jobs,https://ats.rippling.com/exp-jobs/jobs
Ahava Care Group,rippling,acg,https://ats.rippling.com/acg/jobs
"AI Technology Partners, Inc.",rippling,aitp,https://ats.rippling.com/aitp/jobs
Ai2iO,rippling,ai2io,https://ats.rippling.com/ai2io/jobs
Aimtal LLC,rippling,aimtal,https://ats.rippling.com/aimtal/jobs
AIQ,rippling,aiq-careers,https://ats.rippling.com/aiq-careers/jobs
Airbox Fulfilment,rippling,airbox,https://ats.rippling.com/airbox/jobs
Airline Coach Service,rippling,acs,https://ats.rippling.com/acs/jobs
Airloom Energy,rippling,airloom-open-roles,https://ats.rippling.com/airloom-open-roles/jobs
Airo Mechanical,rippling,airo-mechanical-job-board,https://ats.rippling.com/airo-mechanical-job-board/jobs
Akash Homes Ltd.,rippling,akash-homes-ltd,https://ats.rippling.com/akash-homes-ltd/jobs
"Al Warren Oil Company, Inc.",rippling,al-warren-oil-jobs,https://ats.rippling.com/al-warren-oil-jobs/jobs
AlaanPay Technology FZCO,rippling,alaan-careers,https://ats.rippling.com/alaan-careers/jobs
Albers Aerospace,rippling,albers-aersopace,https://ats.rippling.com/albers-aersopace/jobs
Albert Invent Corp.,rippling,albert-invent-corp,https://ats.rippling.com/albert-invent-corp/jobs
Aldea Inc,rippling,subquadratic,https://ats.rippling.com/subquadratic/jobs
Alder,rippling,lcacareers,https://ats.rippling.com/lcacareers/jobs
ALFRED COFFEE,rippling,alfred,https://ats.rippling.com/alfred/jobs
Algo Communication Products,rippling,algo-communication-products,https://ats.rippling.com/algo-communication-products/jobs
Alias Intelligence,rippling,aliasintelligence,https://ats.rippling.com/aliasintelligence/jobs
Aligned Technology Group,rippling,alignedtg,https://ats.rippling.com/alignedtg/jobs
All Above All,rippling,allaboveall,https://ats.rippling.com/allaboveall/jobs
Alleyoop,rippling,alleyoop,https://ats.rippling.com/alleyoop/jobs
Alliance For Youth Organizing,rippling,alliance-for-youth-organizing,https://ats.rippling.com/alliance-for-youth-organizing/jobs
"Alliance Solutions Group, LLC",rippling,alliance-solutions-group,https://ats.rippling.com/alliance-solutions-group/jobs
"Allsup, LLC",rippling,allsup,https://ats.rippling.com/allsup/jobs
Alluvium Health,rippling,alluviumhealth,https://ats.rippling.com/alluviumhealth/jobs
AllVoices,rippling,allvoices,https://ats.rippling.com/allvoices/jobs
AllWater Aquatic Resource Management,rippling,allwater,https://ats.rippling.com/allwater/jobs
Aman at Sea,rippling,aman-at-sea,https://ats.rippling.com/aman-at-sea/jobs
Amberflo.io Inc.,rippling,open-positions-at-amberflo,https://ats.rippling.com/open-positions-at-amberflo/jobs
Ambition,rippling,ambition,https://ats.rippling.com/ambition/jobs
Ambyint,rippling,ambyint-careers,https://ats.rippling.com/ambyint-careers/jobs
"America West Medical Transportation, Inc.",rippling,america-west-medical-transport-careers,https://ats.rippling.com/america-west-medical-transport-careers/jobs
American Association of People With Disabilities,rippling,aapd-jobs,https://ats.rippling.com/aapd-jobs/jobs
American Bankruptcy Institute,rippling,abi,https://ats.rippling.com/abi/jobs
American College of Education,rippling,ace,https://ats.rippling.com/ace/jobs
American Federation of Musicians and Employers Pension Fund,rippling,careers-american-federation-of-musicians-employers-pension-fund,https://ats.rippling.com/careers-american-federation-of-musicians-employers-pension-fund/jobs
American Global,rippling,american-global-career-opportunities,https://ats.rippling.com/american-global-career-opportunities/jobs
American Technology Services LLC,rippling,american-technology-services,https://ats.rippling.com/american-technology-services/jobs
Ami,rippling,w00w00-inc,https://ats.rippling.com/w00w00-inc/jobs
amika,rippling,amika-careers,https://ats.rippling.com/amika-careers/jobs
AMOpportunities,rippling,amopportunities,https://ats.rippling.com/amopportunities/jobs
Amp,rippling,amp,https://ats.rippling.com/amp/jobs
Ampa,rippling,ampa,https://ats.rippling.com/ampa/jobs
Amplify,rippling,amplify,https://ats.rippling.com/amplify/jobs
"Ampliwork, Inc",rippling,ampliwork-inc,https://ats.rippling.com/ampliwork-inc/jobs
"amplo, Inc.",rippling,amplo,https://ats.rippling.com/amplo/jobs
AMS,rippling,ams,https://ats.rippling.com/ams/jobs
Amyloidosis Research Consortium,rippling,arc,https://ats.rippling.com/arc/jobs
Analyte Health,rippling,analyte-health-careers,https://ats.rippling.com/analyte-health-careers/jobs
Analyticsmart,rippling,analyticsmart,https://ats.rippling.com/analyticsmart/jobs
Anchor Home,rippling,anchorhome,https://ats.rippling.com/anchorhome/jobs
Anderson Injury Lawyers,rippling,anderson-injury-lawyers-jobs,https://ats.rippling.com/anderson-injury-lawyers-jobs/jobs
"Andesa Services, Inc.",rippling,andesa-services,https://ats.rippling.com/andesa-services/jobs
Andium Inc.,rippling,andium-careers,https://ats.rippling.com/andium-careers/jobs
Andros Technologies Inc.,rippling,androscareers,https://ats.rippling.com/androscareers/jobs
"Anew Behavioral Health, New Hampshire",rippling,abh-newhampshire-careers,https://ats.rippling.com/abh-newhampshire-careers/jobs
"Anew Behavioral Health, Ohio",rippling,abh-ohio-careers,https://ats.rippling.com/abh-ohio-careers/jobs
Animal Farm Family LLC,rippling,animal-farm-family-llc,https://ats.rippling.com/animal-farm-family-llc/jobs
Anna Health Incorporated,rippling,anna,https://ats.rippling.com/anna/jobs
"Annovex Pharma, Inc",rippling,annovex-careers,https://ats.rippling.com/annovex-careers/jobs
"Anovaeon, LLC",rippling,anovaeon,https://ats.rippling.com/anovaeon/jobs
Answering Service Care,rippling,answering-service-care,https://ats.rippling.com/answering-service-care/jobs
"Anthologic, Inc.",rippling,anthologic,https://ats.rippling.com/anthologic/jobs
Anthony & Sylvan Pools,rippling,anthony-sylvan-pools,https://ats.rippling.com/anthony-sylvan-pools/jobs
Anza Mortgage Insurance Corporation,rippling,anza-mortgage-insurance-company,https://ats.rippling.com/anza-mortgage-insurance-company/jobs
Anza Renewables,rippling,anza-re-llc,https://ats.rippling.com/anza-re-llc/jobs
Apeel Sciences,rippling,apeelsciences,https://ats.rippling.com/apeelsciences/jobs
Apex Order Pickup Solutions,rippling,apexorderpickupsolutions,https://ats.rippling.com/apexorderpickupsolutions/jobs
Apex Trader Funding,rippling,apextraderfunding,https://ats.rippling.com/apextraderfunding/jobs
apexanalytix,rippling,apexanalytix-careers,https://ats.rippling.com/apexanalytix-careers/jobs
Apoha,rippling,apoha,https://ats.rippling.com/apoha/jobs
"Applied Business Software, Inc.",rippling,the-mortgage-office,https://ats.rippling.com/the-mortgage-office/jobs
Apprenti,rippling,apprenticareers,https://ats.rippling.com/apprenticareers/jobs
Appriss Retail,rippling,appriss-retail,https://ats.rippling.com/appriss-retail/jobs
Apptega,rippling,apptega,https://ats.rippling.com/apptega/jobs
AppWork,rippling,appwork,https://ats.rippling.com/appwork/jobs
Apres Nail,rippling,apres-nail,https://ats.rippling.com/apres-nail/jobs
"Aptemiz, Inc.",rippling,aptemiz-inc,https://ats.rippling.com/aptemiz-inc/jobs
Aptera Motors Corp.,rippling,aptera,https://ats.rippling.com/aptera/jobs
APTNEXUS,rippling,aptnexus,https://ats.rippling.com/aptnexus/jobs
Arbor Biotechnologies,rippling,arbor,https://ats.rippling.com/arbor/jobs
ArborXR,rippling,arborxr,https://ats.rippling.com/arborxr/jobs
Arc of Greater New Orleans,rippling,arcgno-jobs,https://ats.rippling.com/arcgno-jobs/jobs
Archer Review,rippling,archer,https://ats.rippling.com/archer/jobs
Architect,rippling,architect,https://ats.rippling.com/architect/jobs
"Ares Technology Consultants, LLC",rippling,ares-technology-consultants-llc,https://ats.rippling.com/ares-technology-consultants-llc/jobs
Argyle,rippling,argyle,https://ats.rippling.com/argyle/jobs
Arine,rippling,arine,https://ats.rippling.com/arine/jobs
Arion Care Solutions,rippling,arion-care-careers,https://ats.rippling.com/arion-care-careers/jobs
"Arizona Foundation Repair, LLC",rippling,azfs,https://ats.rippling.com/azfs/jobs
Arkeus,rippling,arkeuscareer,https://ats.rippling.com/arkeuscareer/jobs
Arlo Services Inc.,rippling,arlo,https://ats.rippling.com/arlo/jobs
Armada,rippling,armada-careers,https://ats.rippling.com/armada-careers/jobs
Armilla AI,rippling,armilla-ai,https://ats.rippling.com/armilla-ai/jobs
Arnold and Sons,rippling,job,https://ats.rippling.com/job/jobs
Aropa Consulting,rippling,aropa-consulting,https://ats.rippling.com/aropa-consulting/jobs
Arrive Health,rippling,arrive-health-careers,https://ats.rippling.com/arrive-health-careers/jobs
Arrow Electric,rippling,arrow-electric,https://ats.rippling.com/arrow-electric/jobs
Artemis Consulting,rippling,artemis-careers,https://ats.rippling.com/artemis-careers/jobs
ArtHaus Properties,rippling,arthaus,https://ats.rippling.com/arthaus/jobs
Arthrex San Diego,rippling,elevate-surgical,https://ats.rippling.com/elevate-surgical/jobs
Artisan Management Group,rippling,artisan-management-group,https://ats.rippling.com/artisan-management-group/jobs
Ascension Coffee Concepts LLC,rippling,ascension-coffee-careers,https://ats.rippling.com/ascension-coffee-careers/jobs
Ascentt,rippling,ascentt,https://ats.rippling.com/ascentt/jobs
ASH People LLC,rippling,ash-people,https://ats.rippling.com/ash-people/jobs
Ashling Partners,rippling,ashlingpartners,https://ats.rippling.com/ashlingpartners/jobs
Asian Pacific Environmental Network,rippling,apen-job-opportunities,https://ats.rippling.com/apen-job-opportunities/jobs
ASICS Apps,rippling,asics-apps,https://ats.rippling.com/asics-apps/jobs
Asite,rippling,asite,https://ats.rippling.com/asite/jobs
"Aspen Custom Electronics, Inc.",rippling,aspen-custom-electronics-inc,https://ats.rippling.com/aspen-custom-electronics-inc/jobs
"AspenView Technology Partners, Inc.",rippling,aspenview,https://ats.rippling.com/aspenview/jobs
Aspire,rippling,aspire,https://ats.rippling.com/aspire/jobs
Aspire General Insurance Services LLC,rippling,aspire-general-insurance-careers,https://ats.rippling.com/aspire-general-insurance-careers/jobs
Association of Asian Pacific Community Health Organizations,rippling,aapcho,https://ats.rippling.com/aapcho/jobs
Association of Professional Builders,rippling,apb,https://ats.rippling.com/apb/jobs
Astra,rippling,astra,https://ats.rippling.com/astra/jobs
Astraea Foundation Inc.,rippling,astraea-lesbian-foundation-for-justice,https://ats.rippling.com/astraea-lesbian-foundation-for-justice/jobs
ATA,rippling,ata,https://ats.rippling.com/ata/jobs
"Athena Global Advisors, LLC",rippling,athena-careers,https://ats.rippling.com/athena-careers/jobs
Athennian,rippling,athennian,https://ats.rippling.com/athennian/jobs
Athos Commerce,rippling,athos-commerce-careers,https://ats.rippling.com/athos-commerce-careers/jobs
"Atlantic Coast Mortgage, LLC",rippling,atlantic-coast-mortgage,https://ats.rippling.com/atlantic-coast-mortgage/jobs
AtlasBase,rippling,atlas-data-storage,https://ats.rippling.com/atlas-data-storage/jobs
AtmosZero,rippling,atmoszero-careers,https://ats.rippling.com/atmoszero-careers/jobs
Atom Power,rippling,private,https://ats.rippling.com/private/jobs
Atreides,rippling,atreides,https://ats.rippling.com/atreides/jobs
Aubrant Digital,rippling,epic-software,https://ats.rippling.com/epic-software/jobs
Audien Hearing,rippling,audien-hearing,https://ats.rippling.com/audien-hearing/jobs
"Audiense, LLC",rippling,buxtoncocareers,https://ats.rippling.com/buxtoncocareers/jobs
Audyence,rippling,audyence,https://ats.rippling.com/audyence/jobs
Augment Risk Services LLC,rippling,augment-risk-services-llc,https://ats.rippling.com/augment-risk-services-llc/jobs
"augustwenty, llc",rippling,a20-opportunities-page,https://ats.rippling.com/a20-opportunities-page/jobs
"Auris Practice Solutions, LLC",rippling,auris-practice-solutions,https://ats.rippling.com/auris-practice-solutions/jobs
Austin Sunshine Camps,rippling,asc-careers,https://ats.rippling.com/asc-careers/jobs
Australian Missile Corporation,rippling,amc,https://ats.rippling.com/amc/jobs
"Automated Tire, Inc.",rippling,ati,https://ats.rippling.com/ati/jobs
auxi Inc.,rippling,auxi,https://ats.rippling.com/auxi/jobs
"Avenue Z, Inc.",rippling,avenue-z-careers,https://ats.rippling.com/avenue-z-careers/jobs
Avtal,rippling,avtal,https://ats.rippling.com/avtal/jobs
Axio,rippling,axio,https://ats.rippling.com/axio/jobs
Axiom Innovations Inc.,rippling,axiom,https://ats.rippling.com/axiom/jobs
Axis Portable Air LLC,rippling,axisair-careers,https://ats.rippling.com/axisair-careers/jobs
Axle Logistics,rippling,axlelogistics,https://ats.rippling.com/axlelogistics/jobs
Azira LLC,rippling,azira-careers-page,https://ats.rippling.com/azira-careers-page/jobs
Azzip Pizza,rippling,azzip-pizza,https://ats.rippling.com/azzip-pizza/jobs
B Street Collision,rippling,b-street-collision,https://ats.rippling.com/b-street-collision/jobs
Backwoods,rippling,backwoodscareers,https://ats.rippling.com/backwoodscareers/jobs
Bad Birdie,rippling,bad-birdie,https://ats.rippling.com/bad-birdie/jobs
Ball Body Shop,rippling,ball-body-shop,https://ats.rippling.com/ball-body-shop/jobs
Ballentine Partners,rippling,ballentine-partners,https://ats.rippling.com/ballentine-partners/jobs
Baltic Born,rippling,baltic-born,https://ats.rippling.com/baltic-born/jobs
Balto,rippling,balto,https://ats.rippling.com/balto/jobs
Bamboo Health,rippling,bamboo-health-careers,https://ats.rippling.com/bamboo-health-careers/jobs
Banks-Price,rippling,recruiting,https://ats.rippling.com/recruiting/jobs
Banner House at T Bar M,rippling,banner-house-at-t-bar-m,https://ats.rippling.com/banner-house-at-t-bar-m/jobs
BAO Consulting Group,rippling,bao-consulting,https://ats.rippling.com/bao-consulting/jobs
BarnTools,rippling,barntools,https://ats.rippling.com/barntools/jobs
"Barrett Firearms Manufacturing, Inc.",rippling,barrett,https://ats.rippling.com/barrett/jobs
Barron Lighting Group,rippling,barron-career-board,https://ats.rippling.com/barron-career-board/jobs
Barry's,rippling,barrys-careers,https://ats.rippling.com/barrys-careers/jobs
Baseball Lifestyle 101,rippling,baseball-lifestyle-101,https://ats.rippling.com/baseball-lifestyle-101/jobs
Bastion Security Services,rippling,bastion-careers,https://ats.rippling.com/bastion-careers/jobs
BattleCreek Church,rippling,battlecreekchurch,https://ats.rippling.com/battlecreekchurch/jobs
Bay FC,rippling,bay-fc-jobs,https://ats.rippling.com/bay-fc-jobs/jobs
Bayaud Works,rippling,bayaud-works,https://ats.rippling.com/bayaud-works/jobs
Bayland Pro Solutions LLC,rippling,baylandhealth,https://ats.rippling.com/baylandhealth/jobs
BayRock Labs,rippling,bayrock-labs,https://ats.rippling.com/bayrock-labs/jobs
Beacon Global Strategies,rippling,beacon-global-strategies,https://ats.rippling.com/beacon-global-strategies/jobs
Beam Benefits,rippling,beam-benefits,https://ats.rippling.com/beam-benefits/jobs
Beauty Manufacturing Solutions Corp,rippling,bmsc-careers,https://ats.rippling.com/bmsc-careers/jobs
Bedrock Data,rippling,bedrock-data,https://ats.rippling.com/bedrock-data/jobs
"Beehive Industries, LLC",rippling,beehive-industries,https://ats.rippling.com/beehive-industries/jobs
BEGiN,rippling,begin-careers,https://ats.rippling.com/begin-careers/jobs
Bellhop,rippling,bellhop,https://ats.rippling.com/bellhop/jobs
Bender Companies,rippling,bender-companies,https://ats.rippling.com/bender-companies/jobs
Benevolent Family Services,rippling,benevolent-family-services,https://ats.rippling.com/benevolent-family-services/jobs
Bespin Global,rippling,bgus-job,https://ats.rippling.com/bgus-job/jobs
Bethel University,rippling,bethel-university-faculty,https://ats.rippling.com/bethel-university-faculty/jobs
Better Cotton,rippling,better-cotton-careers,https://ats.rippling.com/better-cotton-careers/jobs
Bettercomp,rippling,bettercomp,https://ats.rippling.com/bettercomp/jobs
Bibiyan Law Group (DBA Tomorrow Law),rippling,tomorrowlaw,https://ats.rippling.com/tomorrowlaw/jobs
Big Com,rippling,big-com,https://ats.rippling.com/big-com/jobs
BigMarker,rippling,bigmarker,https://ats.rippling.com/bigmarker/jobs
Billingsley Company,rippling,billingsleycareers,https://ats.rippling.com/billingsleycareers/jobs
Binarly Inc,rippling,binarly,https://ats.rippling.com/binarly/jobs
BIOLYTE,rippling,biolyte,https://ats.rippling.com/biolyte/jobs
Biomedical Statistical Consulting LLC,rippling,bsc,https://ats.rippling.com/bsc/jobs
Bipsync Ltd,rippling,careers-at-bipsync,https://ats.rippling.com/careers-at-bipsync/jobs
Bishop-Mccormick,rippling,xyz,https://ats.rippling.com/xyz/jobs
Bitkernel Technology Inc,rippling,bitkernel,https://ats.rippling.com/bitkernel/jobs
"Bitwise Asset Management, Inc.",rippling,bitwise-asset-management-inc,https://ats.rippling.com/bitwise-asset-management-inc/jobs
BizzyCar,rippling,bizzycar,https://ats.rippling.com/bizzycar/jobs
Black Diamond Advisory,rippling,black-diamond-advisory,https://ats.rippling.com/black-diamond-advisory/jobs
Blanchard,rippling,blanchard,https://ats.rippling.com/blanchard/jobs
Blitzy,rippling,blitzy-jobs,https://ats.rippling.com/blitzy-jobs/jobs
blockit,rippling,blockit,https://ats.rippling.com/blockit/jobs
Bloom Growth,rippling,bloomgrowth,https://ats.rippling.com/bloomgrowth/jobs
Blue Chip Building Maintenance LLC,rippling,bcbm,https://ats.rippling.com/bcbm/jobs
Blue Earth Capital,rippling,blueearth-careers,https://ats.rippling.com/blueearth-careers/jobs
"Blue Ridge Solutions, Inc",rippling,blueridge,https://ats.rippling.com/blueridge/jobs
Blue Robotics,rippling,blue-robotics,https://ats.rippling.com/blue-robotics/jobs
Blue Water Autonomy,rippling,blue-water-autonomy,https://ats.rippling.com/blue-water-autonomy/jobs
Bluefin Payment Systems,rippling,bluefin-payment-systems,https://ats.rippling.com/bluefin-payment-systems/jobs
"Blueprint Healthcare Real Estate Advisors, LLC",rippling,blueprint,https://ats.rippling.com/blueprint/jobs
Bluetree Practice Services,rippling,bluetree,https://ats.rippling.com/bluetree/jobs
BlueWave,rippling,bluewave,https://ats.rippling.com/bluewave/jobs
BlytzPay,rippling,blytzpay,https://ats.rippling.com/blytzpay/jobs
Boast AI,rippling,boast-capital-careers,https://ats.rippling.com/boast-capital-careers/jobs
"Bodwe Professional Services, LLC",rippling,bodwe-professional-services-group-companies,https://ats.rippling.com/bodwe-professional-services-group-companies/jobs
Bold Hat Productions,rippling,bold-hat-productions,https://ats.rippling.com/bold-hat-productions/jobs
Bolt Graphics,rippling,bolt-graphics,https://ats.rippling.com/bolt-graphics/jobs
Bonsai Robotics,rippling,bonsairoboticsmain,https://ats.rippling.com/bonsairoboticsmain/jobs
Bonusly,rippling,bonusly,https://ats.rippling.com/bonusly/jobs
Bookmans Entertainment Exchange,rippling,bookmans-careers,https://ats.rippling.com/bookmans-careers/jobs
"BookNook, Inc",rippling,booknook-inc,https://ats.rippling.com/booknook-inc/jobs
Books Are Fun & Collective Goods,rippling,collective-goods-holdings-inc,https://ats.rippling.com/collective-goods-holdings-inc/jobs
"Boom Technology, Inc.",rippling,boom-supersonic,https://ats.rippling.com/boom-supersonic/jobs
"BoomPop, Inc.",rippling,boompop,https://ats.rippling.com/boompop/jobs
Boosted Technology,rippling,boosted,https://ats.rippling.com/boosted/jobs
Booster Juice,rippling,booster-juice-corporate-office,https://ats.rippling.com/booster-juice-corporate-office/jobs
Born Primitive,rippling,bornprimitive-careers,https://ats.rippling.com/bornprimitive-careers/jobs
Boston Bioprocess,rippling,open-jobs,https://ats.rippling.com/open-jobs/jobs
Boston Legacy FC,rippling,nwsl-boston-open-positions,https://ats.rippling.com/nwsl-boston-open-positions/jobs
BotBuilt Inc.,rippling,botbuilt,https://ats.rippling.com/botbuilt/jobs
Bound,rippling,bound,https://ats.rippling.com/bound/jobs
Bowery Valuation,rippling,bowery-valuation,https://ats.rippling.com/bowery-valuation/jobs
Bradley Company,rippling,bradleycocareers,https://ats.rippling.com/bradleycocareers/jobs
Brainrider,rippling,brainrider,https://ats.rippling.com/brainrider/jobs
"Branch Metrics, Inc.",rippling,branch,https://ats.rippling.com/branch/jobs
Brand Junkie,rippling,brand-junkie,https://ats.rippling.com/brand-junkie/jobs
Brand Revolt,rippling,relicekr-jobs,https://ats.rippling.com/relicekr-jobs/jobs
Bravo Ordnance,rippling,bravo,https://ats.rippling.com/bravo/jobs
Breef Inc.,rippling,breef-careers,https://ats.rippling.com/breef-careers/jobs
BREVIAN,rippling,brevian-careers,https://ats.rippling.com/brevian-careers/jobs
Bridge Defense,rippling,bridge-defense,https://ats.rippling.com/bridge-defense/jobs
Bridges Trust,rippling,bridges-trust,https://ats.rippling.com/bridges-trust/jobs
BridgeWay Global Group,rippling,bwgg,https://ats.rippling.com/bwgg/jobs
BrightBridge ABA,rippling,brightbridge-aba,https://ats.rippling.com/brightbridge-aba/jobs
BRIGHTSCOUT,rippling,brightscout,https://ats.rippling.com/brightscout/jobs
Brightside Benefit Inc.,rippling,brightside,https://ats.rippling.com/brightside/jobs
Brightside Health,rippling,brightside-health-jobs,https://ats.rippling.com/brightside-health-jobs/jobs
BrightSpan Health,rippling,brightspanhealth,https://ats.rippling.com/brightspanhealth/jobs
Brillian,rippling,brillian,https://ats.rippling.com/brillian/jobs
Brite Nites,rippling,brite-nites,https://ats.rippling.com/brite-nites/jobs
Broadvoice,rippling,broadvoice,https://ats.rippling.com/broadvoice/jobs
"Bronco AI, Inc.",rippling,bronco-ai,https://ats.rippling.com/bronco-ai/jobs
Bronson AI LLC,rippling,bronson-ai-llc,https://ats.rippling.com/bronson-ai-llc/jobs
Brook Inc,rippling,brook-health,https://ats.rippling.com/brook-health/jobs
BRUNSWICK VIRTUAL HEALTHCARE PC,rippling,brunswick,https://ats.rippling.com/brunswick/jobs
Bryson Gillette,rippling,bryson-gillette,https://ats.rippling.com/bryson-gillette/jobs
BSR,rippling,bsr,https://ats.rippling.com/bsr/jobs
BTC Inc.,rippling,btc-inc,https://ats.rippling.com/btc-inc/jobs
BTS Bioenergy USA,rippling,bts-bioenergy-usa-careers,https://ats.rippling.com/bts-bioenergy-usa-careers/jobs
Bubba Gump Shrimp Co.,rippling,dunder-mifflin2b318e3b-60f0-4d80-98c0-8f70fa8cccf6,https://ats.rippling.com/dunder-mifflin2b318e3b-60f0-4d80-98c0-8f70fa8cccf6/jobs
Buckeye Power Sales,rippling,buckeye-power-sales,https://ats.rippling.com/buckeye-power-sales/jobs
Bullet Labs,rippling,bullet-labs-career,https://ats.rippling.com/bullet-labs-career/jobs
Burnt,rippling,burnt,https://ats.rippling.com/burnt/jobs
Butler Plus,rippling,tbcareers,https://ats.rippling.com/tbcareers/jobs
Button,rippling,button,https://ats.rippling.com/button/jobs
böhme,rippling,bohme,https://ats.rippling.com/bohme/jobs
C2MG Builders,rippling,c2mg-builders,https://ats.rippling.com/c2mg-builders/jobs
Cable Hill Partners,rippling,cable-hill-partners,https://ats.rippling.com/cable-hill-partners/jobs
Cabrini Care,rippling,cabrini-care,https://ats.rippling.com/cabrini-care/jobs
Cabrini Green Legal Aid,rippling,cgla,https://ats.rippling.com/cgla/jobs
Caddy,rippling,caddy,https://ats.rippling.com/caddy/jobs
Caffeinated Coffee Repairs,rippling,ccr,https://ats.rippling.com/ccr/jobs
"Calibrate Health, Inc.",rippling,calibrate,https://ats.rippling.com/calibrate/jobs
Calico Energy,rippling,calico-energy,https://ats.rippling.com/calico-energy/jobs
"Caliza Financial Technologies, Inc",rippling,caliza,https://ats.rippling.com/caliza/jobs
CallRevu,rippling,callrevu,https://ats.rippling.com/callrevu/jobs
Cambridge Naturals,rippling,cambridge-naturals-jobs,https://ats.rippling.com/cambridge-naturals-jobs/jobs
Camlin Energy Ltd,rippling,camlin-careers,https://ats.rippling.com/camlin-careers/jobs
Campspot,rippling,campspot,https://ats.rippling.com/campspot/jobs
Canada Rocket Company,rippling,canada-rocket-company,https://ats.rippling.com/canada-rocket-company/jobs
Cancer Research Institute Inc,rippling,cancer-research-institute-inc,https://ats.rippling.com/cancer-research-institute-inc/jobs
Capacity,rippling,capacity,https://ats.rippling.com/capacity/jobs
Capital B News,rippling,capital-b,https://ats.rippling.com/capital-b/jobs
Capitalize Analytics,rippling,capitalize-data-analytics-llc,https://ats.rippling.com/capitalize-data-analytics-llc/jobs
Capitol Advisors on Technology,rippling,capitol-advisors-on-technology,https://ats.rippling.com/capitol-advisors-on-technology/jobs
Capitol Engineering Co.,rippling,capitolengineering,https://ats.rippling.com/capitolengineering/jobs
Captur,rippling,captur,https://ats.rippling.com/captur/jobs
Carbon Health,rippling,carbon-health,https://ats.rippling.com/carbon-health/jobs
Carbonova,rippling,carbonovajobs,https://ats.rippling.com/carbonovajobs/jobs
Cardamom,rippling,cardamom,https://ats.rippling.com/cardamom/jobs
CareChoice,rippling,carechoice,https://ats.rippling.com/carechoice/jobs
CareCollab,rippling,carecollab,https://ats.rippling.com/carecollab/jobs
Carey,rippling,carey,https://ats.rippling.com/carey/jobs
CargoSprint,rippling,cargosprint,https://ats.rippling.com/cargosprint/jobs
Caribou Thunder,rippling,caribou-thunder-careers,https://ats.rippling.com/caribou-thunder-careers/jobs
"Carisk Partners, Inc.",rippling,cariskpartners,https://ats.rippling.com/cariskpartners/jobs
Cars & Bids,rippling,cars-and-bids-job-board,https://ats.rippling.com/cars-and-bids-job-board/jobs
Cartography Biosciences,rippling,cartography-biosciences,https://ats.rippling.com/cartography-biosciences/jobs
Casa Esperanza,rippling,casa-esperanza,https://ats.rippling.com/casa-esperanza/jobs
Cast Finance,rippling,cast-finance,https://ats.rippling.com/cast-finance/jobs
Catalyst Clinical Research LLC,rippling,catalystcr-careers,https://ats.rippling.com/catalystcr-careers/jobs
"Catalyst, Inc.",rippling,catalyst-careers,https://ats.rippling.com/catalyst-careers/jobs
Cathedral Roofing Innovations,rippling,cathedral-roofing-innovations,https://ats.rippling.com/cathedral-roofing-innovations/jobs
Catholic Charities,rippling,catholic-charities,https://ats.rippling.com/catholic-charities/jobs
Catlin Gabel School,rippling,catlin-gabel-school,https://ats.rippling.com/catlin-gabel-school/jobs
"CAVH of Central Florida, LLC.",rippling,cavh,https://ats.rippling.com/cavh/jobs
CBTS,rippling,cbts,https://ats.rippling.com/cbts/jobs
CCCx - CEQEL Critical Commissioning,rippling,cccx,https://ats.rippling.com/cccx/jobs
CD Peacock,rippling,cdpeacock,https://ats.rippling.com/cdpeacock/jobs
"CData Software, Inc.",rippling,cdata-software,https://ats.rippling.com/cdata-software/jobs
CE Fast LLC (Fast Signs),rippling,fastsigns,https://ats.rippling.com/fastsigns/jobs
CelerData,rippling,celerdataopenroles,https://ats.rippling.com/celerdataopenroles/jobs
CEM,rippling,cem-benchmarking,https://ats.rippling.com/cem-benchmarking/jobs
Cental Engineering Limited,rippling,cental-engineering-limited,https://ats.rippling.com/cental-engineering-limited/jobs
Centennial Hospitality Group,rippling,chg,https://ats.rippling.com/chg/jobs
Center for Food Safety,rippling,center-for-food-safety,https://ats.rippling.com/center-for-food-safety/jobs
"Center For New Beginnings, INC",rippling,center-for-new-beginnings-inc,https://ats.rippling.com/center-for-new-beginnings-inc/jobs
Center for Open Science,rippling,cos-careers,https://ats.rippling.com/cos-careers/jobs
Centil,rippling,centil-jobs,https://ats.rippling.com/centil-jobs/jobs
Centr,rippling,centr,https://ats.rippling.com/centr/jobs
Central Florida Traffic Control,rippling,cftc,https://ats.rippling.com/cftc/jobs
Central New York Feeds Inc,rippling,cnyf,https://ats.rippling.com/cnyf/jobs
Centricity Research,rippling,centricity-research,https://ats.rippling.com/centricity-research/jobs
CEO Lawyer,rippling,ceo-lawyer,https://ats.rippling.com/ceo-lawyer/jobs
Cerby,rippling,cerby,https://ats.rippling.com/cerby/jobs
CFI Tire,rippling,cfi-solutions,https://ats.rippling.com/cfi-solutions/jobs
Chad Jones Law,rippling,chad-jones-law,https://ats.rippling.com/chad-jones-law/jobs
Chapman Management Group,rippling,chapman-management-group,https://ats.rippling.com/chapman-management-group/jobs
Character Biosciences,rippling,character-biosciences,https://ats.rippling.com/character-biosciences/jobs
Charlie,rippling,charlie,https://ats.rippling.com/charlie/jobs
Chartis Interactive,rippling,chartis-interactive,https://ats.rippling.com/chartis-interactive/jobs
Chartmetric,rippling,chartmetric,https://ats.rippling.com/chartmetric/jobs
Checkfront Inc.,rippling,checkfront-canada,https://ats.rippling.com/checkfront-canada/jobs
"Cheetah Technologies, Inc.",rippling,cheetah-careers,https://ats.rippling.com/cheetah-careers/jobs
Chemtron Supply LLC,rippling,crbwater,https://ats.rippling.com/crbwater/jobs
Chess.com,rippling,chess,https://ats.rippling.com/chess/jobs
Children's Council of San Francisco,rippling,childrenscouncilsf,https://ats.rippling.com/childrenscouncilsf/jobs
Children's Ground,rippling,childrensground,https://ats.rippling.com/childrensground/jobs
Choice Schools Associates,rippling,ivywoodclassicalacademy,https://ats.rippling.com/ivywoodclassicalacademy/jobs
Christ Covenant,rippling,christ-covenant-church,https://ats.rippling.com/christ-covenant-church/jobs
Chrome Hearts,rippling,chrome-hearts-careers,https://ats.rippling.com/chrome-hearts-careers/jobs
Chronicler Games,rippling,chronicler-games,https://ats.rippling.com/chronicler-games/jobs
"Churnkey, Inc",rippling,churnkey,https://ats.rippling.com/churnkey/jobs
Cincinnati School of Music,rippling,cincinnati-school-of-music,https://ats.rippling.com/cincinnati-school-of-music/jobs
"Circle U Foods, Inc.",rippling,circle-u-foods-inc,https://ats.rippling.com/circle-u-foods-inc/jobs
"CircleBlack, Inc.",rippling,career-opportunities,https://ats.rippling.com/career-opportunities/jobs
Citrine Informatics,rippling,citrine-informatics,https://ats.rippling.com/citrine-informatics/jobs
Citylogix Inc.,rippling,citylogix,https://ats.rippling.com/citylogix/jobs
Clara Analytics,rippling,clara-analytics,https://ats.rippling.com/clara-analytics/jobs
"ClariMed, Inc.",rippling,clarimed,https://ats.rippling.com/clarimed/jobs
Clarity Clinic,rippling,clarity-clinic,https://ats.rippling.com/clarity-clinic/jobs
Clean Energy Services,rippling,clean-energy-services-careers,https://ats.rippling.com/clean-energy-services-careers/jobs
ClearEstate,rippling,clearestate,https://ats.rippling.com/clearestate/jobs
ClearPath,rippling,clearpath,https://ats.rippling.com/clearpath/jobs
ClearStar,rippling,clearstar,https://ats.rippling.com/clearstar/jobs
Clearsulting,rippling,clearsultingcareers,https://ats.rippling.com/clearsultingcareers/jobs
Cleo Robotics Inc,rippling,cleo-robotics,https://ats.rippling.com/cleo-robotics/jobs
Clicklease,rippling,clicklease,https://ats.rippling.com/clicklease/jobs
Climate Jobs National Resource Center,rippling,cjnrc,https://ats.rippling.com/cjnrc/jobs
Climate Power,rippling,climatepower,https://ats.rippling.com/climatepower/jobs
Closer To Home Community Services,rippling,closer-to-home-community-services-society,https://ats.rippling.com/closer-to-home-community-services-society/jobs
Closinglock,rippling,closinglock,https://ats.rippling.com/closinglock/jobs
Cloud SynApps Inc.,rippling,cloud-synapps-inc,https://ats.rippling.com/cloud-synapps-inc/jobs
Cloudpoint Geospatial,rippling,cloudpoint-geospatial,https://ats.rippling.com/cloudpoint-geospatial/jobs
Cloudtech,rippling,cloudtech,https://ats.rippling.com/cloudtech/jobs
ClowdCover,rippling,clowdcover,https://ats.rippling.com/clowdcover/jobs
Clubessential,rippling,clubessential,https://ats.rippling.com/clubessential/jobs
"Clubessential Holdings, LLC",rippling,clubessential-holdings-cjb,https://ats.rippling.com/clubessential-holdings-cjb/jobs
ClubReady,rippling,clubready,https://ats.rippling.com/clubready/jobs
CMLS,rippling,cmls,https://ats.rippling.com/cmls/jobs
CNC Management Solutions LLC,rippling,crane-center-careers-page,https://ats.rippling.com/crane-center-careers-page/jobs
Coalition for Christian Outreach,rippling,cco-careers,https://ats.rippling.com/cco-careers/jobs
Coast Community Health Center,rippling,cchcjobs,https://ats.rippling.com/cchcjobs/jobs
"CodeHS, Inc.",rippling,codehs,https://ats.rippling.com/codehs/jobs
Coffee Meets Bagel,rippling,coffee-meets-bagel-job-board,https://ats.rippling.com/coffee-meets-bagel-job-board/jobs
Collabware,rippling,collabware,https://ats.rippling.com/collabware/jobs
Collegewise,rippling,collegewise,https://ats.rippling.com/collegewise/jobs
Collier Aerospace,rippling,collieraerospace,https://ats.rippling.com/collieraerospace/jobs
"Columbia Helicopters, Inc.",rippling,colheli,https://ats.rippling.com/colheli/jobs
COMBASE USA,rippling,combase-usa,https://ats.rippling.com/combase-usa/jobs
ComboCurve Inc.,rippling,combocurve,https://ats.rippling.com/combocurve/jobs
COMMAND,rippling,command,https://ats.rippling.com/command/jobs
CommandLink,rippling,commandlink,https://ats.rippling.com/commandlink/jobs
Communities in Schools of The Dallas Region,rippling,communities-in-schools-of-the-dallas-region,https://ats.rippling.com/communities-in-schools-of-the-dallas-region/jobs
Community Action Marin,rippling,community-action-marin-careers,https://ats.rippling.com/community-action-marin-careers/jobs
Community Bankshares Inc.,rippling,community-bankshares,https://ats.rippling.com/community-bankshares/jobs
Community Intersections Denver,rippling,ci-denver,https://ats.rippling.com/ci-denver/jobs
Community Phone Company,rippling,community-phone-careers,https://ats.rippling.com/community-phone-careers/jobs
Community Physicians,rippling,community-physicians,https://ats.rippling.com/community-physicians/jobs
Community Resources for Justice,rippling,crjcareers,https://ats.rippling.com/crjcareers/jobs
Compass Coffee,rippling,compass-coffee,https://ats.rippling.com/compass-coffee/jobs
"COMPASS MINING, INC.",rippling,compass-mining,https://ats.rippling.com/compass-mining/jobs
Complexly,rippling,complexly,https://ats.rippling.com/complexly/jobs
Comprehensive Prosthetics & Orthotics,rippling,comprehensive-prosthetics-orthotics,https://ats.rippling.com/comprehensive-prosthetics-orthotics/jobs
ConceiveAbilities,rippling,conab-job-board,https://ats.rippling.com/conab-job-board/jobs
Concept Plus,rippling,conceptplus,https://ats.rippling.com/conceptplus/jobs
Concord,rippling,concord,https://ats.rippling.com/concord/jobs
Concord Technologies,rippling,concord-technologies,https://ats.rippling.com/concord-technologies/jobs
Concordare Trials,rippling,concordare-trials,https://ats.rippling.com/concordare-trials/jobs
Conduce Health,rippling,conduce-inc,https://ats.rippling.com/conduce-inc/jobs
Conductor LLC,rippling,conductor,https://ats.rippling.com/conductor/jobs
Conference Catalysts,rippling,conferencecatalysts,https://ats.rippling.com/conferencecatalysts/jobs
Consciousabraxas,rippling,mentalhealthjobs,https://ats.rippling.com/mentalhealthjobs/jobs
"Consensus Sales, LLC",rippling,consensus,https://ats.rippling.com/consensus/jobs
Conservation Northwest,rippling,conservation-northwest,https://ats.rippling.com/conservation-northwest/jobs
Consolidated Analytics Private Limited,rippling,consolidated-analytics-inc,https://ats.rippling.com/consolidated-analytics-inc/jobs
Constantinople Operating Company Pty Ltd,rippling,constantinople,https://ats.rippling.com/constantinople/jobs
Contextual.io,rippling,contextual-careers,https://ats.rippling.com/contextual-careers/jobs
Continu,rippling,continu-careers,https://ats.rippling.com/continu-careers/jobs
Contour Education,rippling,contour-education,https://ats.rippling.com/contour-education/jobs
Contour MedPrep,rippling,contour-medprep,https://ats.rippling.com/contour-medprep/jobs
Contrast,rippling,contrast-open-roles,https://ats.rippling.com/contrast-open-roles/jobs
Convo Communications,rippling,convo-communications-llc,https://ats.rippling.com/convo-communications-llc/jobs
Convo Communications Canada,rippling,convo-communications-ca,https://ats.rippling.com/convo-communications-ca/jobs
Cooper-Haley,rippling,service,https://ats.rippling.com/service/jobs
Copado,rippling,copado,https://ats.rippling.com/copado/jobs
COR,rippling,cor,https://ats.rippling.com/cor/jobs
CORD Financial Services,rippling,cord-careers,https://ats.rippling.com/cord-careers/jobs
Core Education,rippling,core-education-services-pbc,https://ats.rippling.com/core-education-services-pbc/jobs
Core Group Restorations,rippling,core-group-restorations,https://ats.rippling.com/core-group-restorations/jobs
Cornerstone Energy Services,rippling,cornerstone-energy-services,https://ats.rippling.com/cornerstone-energy-services/jobs
Cornerstone Foot and Ankle,rippling,cornerstonefootandankle,https://ats.rippling.com/cornerstonefootandankle/jobs
Cosmetic Physician Partners,rippling,cpp-careers,https://ats.rippling.com/cpp-careers/jobs
Coterie Applications Inc.,rippling,coterie-careers,https://ats.rippling.com/coterie-careers/jobs
CounselFi,rippling,counselfi,https://ats.rippling.com/counselfi/jobs
COUR,rippling,cour,https://ats.rippling.com/cour/jobs
Courtyard Inc.,rippling,courtyard,https://ats.rippling.com/courtyard/jobs
cove,rippling,cove,https://ats.rippling.com/cove/jobs
Covenant House New York,rippling,covenant-house-new-york,https://ats.rippling.com/covenant-house-new-york/jobs
CoVet,rippling,covetcareers,https://ats.rippling.com/covetcareers/jobs
Cozeva,rippling,cozeva,https://ats.rippling.com/cozeva/jobs
Cozey,rippling,cozey,https://ats.rippling.com/cozey/jobs
CPP UK,rippling,cpp-uk,https://ats.rippling.com/cpp-uk/jobs
"CPRS, Inc.",rippling,cprs,https://ats.rippling.com/cprs/jobs
Craft3,rippling,craft3,https://ats.rippling.com/craft3/jobs
Crafty,rippling,crafty,https://ats.rippling.com/crafty/jobs
Crawford Mechanical Services,rippling,crawford-mechanical-services,https://ats.rippling.com/crawford-mechanical-services/jobs
Crazy Mountain,rippling,project-zero-enterprises-llc,https://ats.rippling.com/project-zero-enterprises-llc/jobs
Create Music Group,rippling,flighthouse,https://ats.rippling.com/flighthouse/jobs
CRED,rippling,cred,https://ats.rippling.com/cred/jobs
Crenn Dining Group,rippling,crenndininggroup,https://ats.rippling.com/crenndininggroup/jobs
Crescent Communities,rippling,crescent-communities,https://ats.rippling.com/crescent-communities/jobs
Cressy Commercial Real Estate LLC,rippling,cressy,https://ats.rippling.com/cressy/jobs
"Crio, Inc",rippling,crio,https://ats.rippling.com/crio/jobs
Crisp,rippling,crisp-careers,https://ats.rippling.com/crisp-careers/jobs
Cristcot Inc.,rippling,cristcot,https://ats.rippling.com/cristcot/jobs
Cristcot Management Company Inc,rippling,cristcot-management-company-inc,https://ats.rippling.com/cristcot-management-company-inc/jobs
Critical Response Group,rippling,critical-response-group,https://ats.rippling.com/critical-response-group/jobs
Crossroads,rippling,crossroads,https://ats.rippling.com/crossroads/jobs
"Crosswalk Health, Inc.",rippling,crosswalk-health-inc,https://ats.rippling.com/crosswalk-health-inc/jobs
Crowe BGK,rippling,crowe-bgk,https://ats.rippling.com/crowe-bgk/jobs
CrucialLogics Inc.,rippling,cruciallogics,https://ats.rippling.com/cruciallogics/jobs
Cruise Planners,rippling,cruiseplanners,https://ats.rippling.com/cruiseplanners/jobs
Crunchafi LLC,rippling,crunchafi-llc,https://ats.rippling.com/crunchafi-llc/jobs
CS Erickson,rippling,cs-erickson-careers,https://ats.rippling.com/cs-erickson-careers/jobs
Curiosity,rippling,curiosity-current-openings,https://ats.rippling.com/curiosity-current-openings/jobs
Current Clinic,rippling,current-clinic,https://ats.rippling.com/current-clinic/jobs
Current Energy Group,rippling,current-energy-group,https://ats.rippling.com/current-energy-group/jobs
Curve Dental,rippling,flex-dental,https://ats.rippling.com/flex-dental/jobs
Custer Inc.,rippling,custer-inc,https://ats.rippling.com/custer-inc/jobs
Cutcher & Neale,rippling,cutcher,https://ats.rippling.com/cutcher/jobs
CXponent,rippling,cxponent,https://ats.rippling.com/cxponent/jobs
"CYCLONE LAND DEVELOPMENT CO, INC",rippling,cyclonecareers,https://ats.rippling.com/cyclonecareers/jobs
Cygnus Payments Solutions,rippling,cygnuspay,https://ats.rippling.com/cygnuspay/jobs
D-Wave Quantum,rippling,d-wave-quantum,https://ats.rippling.com/d-wave-quantum/jobs
DAAXIT,rippling,daaxit-hiring,https://ats.rippling.com/daaxit-hiring/jobs
Dadosfera Brasil,rippling,dadosfera-carreiras,https://ats.rippling.com/dadosfera-carreiras/jobs
Daily Journal,rippling,dailyjournal,https://ats.rippling.com/dailyjournal/jobs
"Daloopa, Inc.",rippling,daloopa,https://ats.rippling.com/daloopa/jobs
Daniels Fund,rippling,daniels-fund,https://ats.rippling.com/daniels-fund/jobs
Daphne,rippling,daphne-jobs,https://ats.rippling.com/daphne-jobs/jobs
Darkroom,rippling,darkroom-careers,https://ats.rippling.com/darkroom-careers/jobs
Darksaber Labs,rippling,darksaber-labs,https://ats.rippling.com/darksaber-labs/jobs
Darwin Homes Inc.,rippling,darwin-homes,https://ats.rippling.com/darwin-homes/jobs
Dashdot,rippling,dashdot,https://ats.rippling.com/dashdot/jobs
DASTAN,rippling,dastan,https://ats.rippling.com/dastan/jobs
DataBahn,rippling,databahn,https://ats.rippling.com/databahn/jobs
DataSpring,rippling,dataspring,https://ats.rippling.com/dataspring/jobs
Daversa,rippling,kinder,https://ats.rippling.com/kinder/jobs
DBHW Wealth Partners,rippling,dbhw-wealth-partners,https://ats.rippling.com/dbhw-wealth-partners/jobs
DC BLOX,rippling,dc-blox-careers,https://ats.rippling.com/dc-blox-careers/jobs
DealerOn,rippling,dealeron,https://ats.rippling.com/dealeron/jobs
"Decision Technologies, Inc.",rippling,decision-technologies-inc,https://ats.rippling.com/decision-technologies-inc/jobs
Decisions,rippling,decisions,https://ats.rippling.com/decisions/jobs
Deeply Digital,rippling,deeplydigital-careers,https://ats.rippling.com/deeplydigital-careers/jobs
Del Mar Vacations,rippling,del-mar-vacations,https://ats.rippling.com/del-mar-vacations/jobs
Delos Insurance Solutions,rippling,delos-careers,https://ats.rippling.com/delos-careers/jobs
Delta E Consulting,rippling,delta-e-careers,https://ats.rippling.com/delta-e-careers/jobs
Delve,rippling,delve,https://ats.rippling.com/delve/jobs
Demand Chain,rippling,demand-chain,https://ats.rippling.com/demand-chain/jobs
DemandPDX,rippling,demandpdx,https://ats.rippling.com/demandpdx/jobs
Democracy Docket,rippling,democracy-docket,https://ats.rippling.com/democracy-docket/jobs
Democratic Legislative Campaign Committee,rippling,dlcc,https://ats.rippling.com/dlcc/jobs
Democratic National Committee,rippling,democratic-national-committee,https://ats.rippling.com/democratic-national-committee/jobs
Democratic Party of Wisconsin,rippling,wisdems,https://ats.rippling.com/wisdems/jobs
Denari,rippling,denari,https://ats.rippling.com/denari/jobs
Dental Intelligence,rippling,dental-intelligence-careers,https://ats.rippling.com/dental-intelligence-careers/jobs
Deschutes River Amphitheater,rippling,deschutes-river-amphitheater,https://ats.rippling.com/deschutes-river-amphitheater/jobs
DESRI,rippling,desri-careers,https://ats.rippling.com/desri-careers/jobs
"DFTBA Records, LLC",rippling,dftba-jobs,https://ats.rippling.com/dftba-jobs/jobs
DGR Systems,rippling,dgrsystems,https://ats.rippling.com/dgrsystems/jobs
Dialogue,rippling,dialogue-en,https://ats.rippling.com/dialogue-en/jobs
Dias Geophysical Limited,rippling,dias-geophysical-limited,https://ats.rippling.com/dias-geophysical-limited/jobs
Dice Dermatology,rippling,bdc,https://ats.rippling.com/bdc/jobs
Digital SkyNet,rippling,digital-skynet,https://ats.rippling.com/digital-skynet/jobs
Digs Dog Care,rippling,digsdogcare,https://ats.rippling.com/digsdogcare/jobs
Direct Meds,rippling,directmeds,https://ats.rippling.com/directmeds/jobs
Dirty Hands,rippling,dirty-hands,https://ats.rippling.com/dirty-hands/jobs
Disability Rights Wisconsin,rippling,disabilityrightswi,https://ats.rippling.com/disabilityrightswi/jobs
Disc Golf Pro Tour,rippling,dgpt,https://ats.rippling.com/dgpt/jobs
Disco Technology Inc,rippling,careers-at-disco,https://ats.rippling.com/careers-at-disco/jobs
Dispensed,rippling,dispensed-careers,https://ats.rippling.com/dispensed-careers/jobs
Distinction LLC,rippling,distinctionllc,https://ats.rippling.com/distinctionllc/jobs
Divcon,rippling,divcon-controls,https://ats.rippling.com/divcon-controls/jobs
Dizplai,rippling,dizplai,https://ats.rippling.com/dizplai/jobs
DK Law,rippling,dk-law,https://ats.rippling.com/dk-law/jobs
DLB Associates,rippling,dlb-associates,https://ats.rippling.com/dlb-associates/jobs
"DLS Engineering Associates, Inc.",rippling,dlsengineering,https://ats.rippling.com/dlsengineering/jobs
"DMR Technologies, Inc.",rippling,dmrtechnologies,https://ats.rippling.com/dmrtechnologies/jobs
Dockwa,rippling,dockwa,https://ats.rippling.com/dockwa/jobs
"Document Crunch, Inc.",rippling,document-crunch-inc,https://ats.rippling.com/document-crunch-inc/jobs
Domaine,rippling,code,https://ats.rippling.com/code/jobs
DominionX LLC,rippling,dominionx,https://ats.rippling.com/dominionx/jobs
Donum Dei Classical Academy,rippling,donum-dei-classical-academy,https://ats.rippling.com/donum-dei-classical-academy/jobs
DOOR,rippling,door,https://ats.rippling.com/door/jobs
Door Controls,rippling,door-controls-usa,https://ats.rippling.com/door-controls-usa/jobs
DrBalcony,rippling,drbalcony,https://ats.rippling.com/drbalcony/jobs
Dreww,rippling,dreww-jobs,https://ats.rippling.com/dreww-jobs/jobs
Drivepoint,rippling,drivepoint,https://ats.rippling.com/drivepoint/jobs
DroneShield Group Pty Ltd,rippling,droneshield,https://ats.rippling.com/droneshield/jobs
DroneUp,rippling,droneup,https://ats.rippling.com/droneup/jobs
"Dropzone AI, Inc",rippling,dropzone-ai,https://ats.rippling.com/dropzone-ai/jobs
drvn,rippling,drvn-jobs,https://ats.rippling.com/drvn-jobs/jobs
DTIQ Technologies,rippling,dtiq-careers,https://ats.rippling.com/dtiq-careers/jobs
"DTJ DESIGN, Inc.",rippling,dtj-design-inc,https://ats.rippling.com/dtj-design-inc/jobs
dub,rippling,dub,https://ats.rippling.com/dub/jobs
Duku AI,rippling,duku-ai,https://ats.rippling.com/duku-ai/jobs
Dunder Mifflin,rippling,dm,https://ats.rippling.com/dm/jobs
"Dunham & Jones, Attorneys at Law PC",rippling,dunham-jones-law-careers,https://ats.rippling.com/dunham-jones-law-careers/jobs
Dunmor,rippling,dunmor-careers,https://ats.rippling.com/dunmor-careers/jobs
DuploCloud,rippling,duplocloud,https://ats.rippling.com/duplocloud/jobs
"Dwell Design Studio, LLC",rippling,dwelldesignstudio,https://ats.rippling.com/dwelldesignstudio/jobs
Dyad Artificial Intelligence Limited,rippling,dyad,https://ats.rippling.com/dyad/jobs
Dyna Robotics Inc.,rippling,dyna-careers,https://ats.rippling.com/dyna-careers/jobs
DynaGen Lending,rippling,dynagenlending,https://ats.rippling.com/dynagenlending/jobs
Dynamic Eco Home,rippling,dynamic-slr,https://ats.rippling.com/dynamic-slr/jobs
D|Watts Construction,rippling,dwatts-construction,https://ats.rippling.com/dwatts-construction/jobs
e-notice,rippling,column,https://ats.rippling.com/column/jobs
e.Republic,rippling,erepublic,https://ats.rippling.com/erepublic/jobs
Eagle Point Software Corporation,rippling,eaglepointsoftware,https://ats.rippling.com/eaglepointsoftware/jobs
Earthadelic,rippling,earthadelic,https://ats.rippling.com/earthadelic/jobs
Eastern Builders,rippling,iugis-job-board,https://ats.rippling.com/iugis-job-board/jobs
Eastern College,rippling,eastern-college,https://ats.rippling.com/eastern-college/jobs
Eastern Companies,rippling,phi-open-jobs,https://ats.rippling.com/phi-open-jobs/jobs
Eastern Contractors Corporation,rippling,ecc-job-board,https://ats.rippling.com/ecc-job-board/jobs
Easy Dynamics Corporation,rippling,easy-dynamics-corporation,https://ats.rippling.com/easy-dynamics-corporation/jobs
"Eat Real Certified, Inc",rippling,eat-real,https://ats.rippling.com/eat-real/jobs
EBizCharge,rippling,ebizcharge,https://ats.rippling.com/ebizcharge/jobs
"ECC Exteriors, LLC",rippling,ecc,https://ats.rippling.com/ecc/jobs
Echelon Fitness,rippling,echeloncareers,https://ats.rippling.com/echeloncareers/jobs
Eclipse Consulting Group,rippling,consulting-careers,https://ats.rippling.com/consulting-careers/jobs
Eco Capital Inc,rippling,eco-battery,https://ats.rippling.com/eco-battery/jobs
ECOnorthwest,rippling,econorthwest,https://ats.rippling.com/econorthwest/jobs
Ecotone Renewables,rippling,careers-at-ecotone,https://ats.rippling.com/careers-at-ecotone/jobs
Ecotrak,rippling,ecotrak-careers,https://ats.rippling.com/ecotrak-careers/jobs
Ecotrust,rippling,ecotrust,https://ats.rippling.com/ecotrust/jobs
Ecowize North America,rippling,ecowize-careers,https://ats.rippling.com/ecowize-careers/jobs
Edgehog Trading,rippling,edgehog-trading,https://ats.rippling.com/edgehog-trading/jobs
Ediphi,rippling,ediphi,https://ats.rippling.com/ediphi/jobs
Edynsco Engineering & Construction,rippling,edynscocareers,https://ats.rippling.com/edynscocareers/jobs
eHouse Studio LLC,rippling,ehouse-studio-llc,https://ats.rippling.com/ehouse-studio-llc/jobs
"EHS Support, LLC",rippling,ehs-support-llc,https://ats.rippling.com/ehs-support-llc/jobs
Eleanor Health,rippling,eleanor-health-careers,https://ats.rippling.com/eleanor-health-careers/jobs
Electrosonic,rippling,electrosonic-careers,https://ats.rippling.com/electrosonic-careers/jobs
Element Risk Management,rippling,element-risk-management,https://ats.rippling.com/element-risk-management/jobs
elev8.io,rippling,elev8io,https://ats.rippling.com/elev8io/jobs
Elevate,rippling,elevate,https://ats.rippling.com/elevate/jobs
Elevate Consulting,rippling,elevate-consulting,https://ats.rippling.com/elevate-consulting/jobs
Elevate Fence Partners,rippling,peerlesscareers,https://ats.rippling.com/peerlesscareers/jobs
Elias Law Group LLP,rippling,elg-careers,https://ats.rippling.com/elg-careers/jobs
Ellit Groups LLC,rippling,ellit-groups-llc,https://ats.rippling.com/ellit-groups-llc/jobs
Emerald,rippling,emeraldx,https://ats.rippling.com/emeraldx/jobs
Emovis,rippling,emovis,https://ats.rippling.com/emovis/jobs
Encamp,rippling,encamp,https://ats.rippling.com/encamp/jobs
Encore Auctions,rippling,encore-auctions,https://ats.rippling.com/encore-auctions/jobs
"Endpoints News Media Company, LLC",rippling,endpointsnews,https://ats.rippling.com/endpointsnews/jobs
"EnergyCAP, LLC",rippling,energycap-external-career-page,https://ats.rippling.com/energycap-external-career-page/jobs
"Enertiv, Inc",rippling,enertiv-jobs,https://ats.rippling.com/enertiv-jobs/jobs
"EnerVenue, Inc.",rippling,enervenue-inc,https://ats.rippling.com/enervenue-inc/jobs
Engage,rippling,engage,https://ats.rippling.com/engage/jobs
"Engineered Medical Systems, LLC",rippling,engineered-medical-systems-careers,https://ats.rippling.com/engineered-medical-systems-careers/jobs
"Enludio, Inc",rippling,enludio-careers,https://ats.rippling.com/enludio-careers/jobs
EnsembleIQ,rippling,ensembleiq,https://ats.rippling.com/ensembleiq/jobs
Ensunet Technology Group,rippling,job-requisitions,https://ats.rippling.com/job-requisitions/jobs
Entropico,rippling,entropico,https://ats.rippling.com/entropico/jobs
Entrust Community Services,rippling,entrust-community-services-job-board,https://ats.rippling.com/entrust-community-services-job-board/jobs
Environmental Protection Network,rippling,epn,https://ats.rippling.com/epn/jobs
Envision Technology Advisors,rippling,envision-technology-advisors,https://ats.rippling.com/envision-technology-advisors/jobs
Enzo Health,rippling,enzo-health,https://ats.rippling.com/enzo-health/jobs
ePac Flexible Packaging,rippling,epac-careers,https://ats.rippling.com/epac-careers/jobs
Ephemeris Net,rippling,ephemeris-net,https://ats.rippling.com/ephemeris-net/jobs
Epic Gardening,rippling,epic-gardening,https://ats.rippling.com/epic-gardening/jobs
Epic IT,rippling,epic-it,https://ats.rippling.com/epic-it/jobs
Epiphany School,rippling,epiphany-school,https://ats.rippling.com/epiphany-school/jobs
"Equality Florida Institute, Inc.",rippling,equality-florida,https://ats.rippling.com/equality-florida/jobs
Era,rippling,era,https://ats.rippling.com/era/jobs
Era4,rippling,wwwcarbon3aicareers,https://ats.rippling.com/wwwcarbon3aicareers/jobs
Eridu AI,rippling,eridu-ai,https://ats.rippling.com/eridu-ai/jobs
Escalon Services,rippling,escalon-services,https://ats.rippling.com/escalon-services/jobs
eSkillz,rippling,eskillz,https://ats.rippling.com/eskillz/jobs
esp,rippling,esp,https://ats.rippling.com/esp/jobs
Esper,rippling,esper,https://ats.rippling.com/esper/jobs
Essor,rippling,essor,https://ats.rippling.com/essor/jobs
eternal.ag,rippling,eternal,https://ats.rippling.com/eternal/jobs
Ethermed,rippling,ethermed,https://ats.rippling.com/ethermed/jobs
"Etix, Inc.",rippling,etix,https://ats.rippling.com/etix/jobs
Eurasia Group,rippling,eurasia-group,https://ats.rippling.com/eurasia-group/jobs
EUV Tech,rippling,euvtech,https://ats.rippling.com/euvtech/jobs
Eva NYC,rippling,eva-nyc-careers,https://ats.rippling.com/eva-nyc-careers/jobs
Eventeny,rippling,eventeny,https://ats.rippling.com/eventeny/jobs
"EverCharge, Inc.",rippling,evercharge-careers,https://ats.rippling.com/evercharge-careers/jobs
Everfi LLC,rippling,everfi,https://ats.rippling.com/everfi/jobs
Everflow Technologies Inc.,rippling,everflow,https://ats.rippling.com/everflow/jobs
Everyday Speech,rippling,everyday-speech,https://ats.rippling.com/everyday-speech/jobs
Everything Bagel,rippling,everythingbagelcareers,https://ats.rippling.com/everythingbagelcareers/jobs
EVgo,rippling,evgo-careers,https://ats.rippling.com/evgo-careers/jobs
Evidation,rippling,evidation,https://ats.rippling.com/evidation/jobs
"Evommune, Inc.",rippling,evommune,https://ats.rippling.com/evommune/jobs
"Evosus, Inc.",rippling,evosus-inc,https://ats.rippling.com/evosus-inc/jobs
Evotix Limited,rippling,evotix-limited,https://ats.rippling.com/evotix-limited/jobs
exacare ai,rippling,exacare-inc,https://ats.rippling.com/exacare-inc/jobs
Exact Medicare,rippling,exact-careers,https://ats.rippling.com/exact-careers/jobs
Excel™,rippling,excel,https://ats.rippling.com/excel/jobs
Exploration Technology Corp.,rippling,etg,https://ats.rippling.com/etg/jobs
Extrity Services,rippling,extrityservices,https://ats.rippling.com/extrityservices/jobs
Exus Renewables North America,rippling,exus-renewables-north-america,https://ats.rippling.com/exus-renewables-north-america/jobs
EZ Edits,rippling,ez-hiring,https://ats.rippling.com/ez-hiring/jobs
EZ TEXTING,rippling,ez-texting,https://ats.rippling.com/ez-texting/jobs
fabric Inc,rippling,fabric-inc,https://ats.rippling.com/fabric-inc/jobs
"Fabric Labs, Inc.",rippling,fabric,https://ats.rippling.com/fabric/jobs
Face Reality,rippling,facereality,https://ats.rippling.com/facereality/jobs
Factory,rippling,factory,https://ats.rippling.com/factory/jobs
Farlinium,rippling,farlinium-careers,https://ats.rippling.com/farlinium-careers/jobs
Farm Frites Australia,rippling,farm-frites-australia,https://ats.rippling.com/farm-frites-australia/jobs
"FAROS AI, INC.",rippling,faros-ai-careers,https://ats.rippling.com/faros-ai-careers/jobs
Fears Law,rippling,fears-law,https://ats.rippling.com/fears-law/jobs
Feed Media Group,rippling,feed-media-group,https://ats.rippling.com/feed-media-group/jobs
Feefo,rippling,feefo,https://ats.rippling.com/feefo/jobs
"Fellers, LLC",rippling,fellers,https://ats.rippling.com/fellers/jobs
"Feon Energy, Inc.",rippling,feon,https://ats.rippling.com/feon/jobs
Fern,rippling,fern,https://ats.rippling.com/fern/jobs
FGC+,rippling,fgcplus,https://ats.rippling.com/fgcplus/jobs
FIA TECH,rippling,fia-technology-services,https://ats.rippling.com/fia-technology-services/jobs
FieldPulse,rippling,fieldpulse,https://ats.rippling.com/fieldpulse/jobs
Fields PLC,rippling,ss,https://ats.rippling.com/ss/jobs
FIFTH SEASON,rippling,fifth-season-careers,https://ats.rippling.com/fifth-season-careers/jobs
Find Your Role,rippling,forbestravelguide,https://ats.rippling.com/forbestravelguide/jobs
Findhelp,rippling,findhelp,https://ats.rippling.com/findhelp/jobs
Finisterre UK Limited,rippling,finisterre,https://ats.rippling.com/finisterre/jobs
"Finley Technologies, Inc.",rippling,finley-technologies,https://ats.rippling.com/finley-technologies/jobs
FINTRX,rippling,fintrx-careers,https://ats.rippling.com/fintrx-careers/jobs
Firegang Dental Marketing,rippling,firegang-dental-marketing,https://ats.rippling.com/firegang-dental-marketing/jobs
FireHydrant,rippling,firehydrant,https://ats.rippling.com/firehydrant/jobs
First Fed,rippling,firstfedcareers,https://ats.rippling.com/firstfedcareers/jobs
First Meridian Services,rippling,first-meridian-services,https://ats.rippling.com/first-meridian-services/jobs
First Responder Protective Services,rippling,frps,https://ats.rippling.com/frps/jobs
First Service Bank,rippling,firstservicebank,https://ats.rippling.com/firstservicebank/jobs
Flatiron School LLC,rippling,flatiron-school,https://ats.rippling.com/flatiron-school/jobs
Flatirons Recovery,rippling,flatirons-recovery,https://ats.rippling.com/flatirons-recovery/jobs
Fleet Data Centers,rippling,fleet-data-centers,https://ats.rippling.com/fleet-data-centers/jobs
FlexAI,rippling,flexai,https://ats.rippling.com/flexai/jobs
FlexGen,rippling,external-job-board,https://ats.rippling.com/external-job-board/jobs
Flo Energy,rippling,flo-energy,https://ats.rippling.com/flo-energy/jobs
Flock DC,rippling,nest,https://ats.rippling.com/nest/jobs
"Flooring Services, LLC",rippling,fs-builder-resources,https://ats.rippling.com/fs-builder-resources/jobs
Flourish and Thrive Labs,rippling,flourish-and-thrive-labs,https://ats.rippling.com/flourish-and-thrive-labs/jobs
"FluidLogic, Inc.",rippling,fluidlogic,https://ats.rippling.com/fluidlogic/jobs
Flybits Inc.,rippling,flybits,https://ats.rippling.com/flybits/jobs
"Flyover Vancouver, Inc.",rippling,flyover-vancouver-inc,https://ats.rippling.com/flyover-vancouver-inc/jobs
Focaldata,rippling,focaldata,https://ats.rippling.com/focaldata/jobs
FOCUS Learning Corporation,rippling,focus-learning-corporation,https://ats.rippling.com/focus-learning-corporation/jobs
Fogsphere,rippling,fogsphere,https://ats.rippling.com/fogsphere/jobs
"Fold, Inc.",rippling,fold-inc,https://ats.rippling.com/fold-inc/jobs
FoodCorps Inc.,rippling,foodcorps,https://ats.rippling.com/foodcorps/jobs
FoodShare Toronto,rippling,foodshare-careers,https://ats.rippling.com/foodshare-careers/jobs
ForceMultiply,rippling,forcemultiply-jobs,https://ats.rippling.com/forcemultiply-jobs/jobs
Foremost Fence,rippling,foremostcareers,https://ats.rippling.com/foremostcareers/jobs
Foresight Construction Group,rippling,foresight,https://ats.rippling.com/foresight/jobs
Forest Family Dentistry,rippling,forest-family-dentistry,https://ats.rippling.com/forest-family-dentistry/jobs
foreUP,rippling,foreup,https://ats.rippling.com/foreup/jobs
"Formant, Inc.",rippling,formant-careers,https://ats.rippling.com/formant-careers/jobs
Fortellar,rippling,fortellar,https://ats.rippling.com/fortellar/jobs
Forterra,rippling,forterra,https://ats.rippling.com/forterra/jobs
Forum Financial Management,rippling,forum-financial-management,https://ats.rippling.com/forum-financial-management/jobs
Forum Solutions LLC,rippling,forum-solutions-llc,https://ats.rippling.com/forum-solutions-llc/jobs
Forward Creative Inc.,rippling,forward-creative-inc,https://ats.rippling.com/forward-creative-inc/jobs
Foundant Technologies + SmartSimple Software,rippling,foundant-careers,https://ats.rippling.com/foundant-careers/jobs
Foundation,rippling,foundation-robotics,https://ats.rippling.com/foundation-robotics/jobs
Foundation for Black Communities,rippling,ffbc,https://ats.rippling.com/ffbc/jobs
Fountain Life,rippling,fountainlife,https://ats.rippling.com/fountainlife/jobs
"Four Sea Group, Inc.",rippling,fsg,https://ats.rippling.com/fsg/jobs
Fox Pest Control (Business Development),rippling,fdsdba-fox-pest,https://ats.rippling.com/fdsdba-fox-pest/jobs
Foxleigh Management Pty Ltd,rippling,foxleigh-mine-careers,https://ats.rippling.com/foxleigh-mine-careers/jobs
Framework,rippling,framework,https://ats.rippling.com/framework/jobs
Frank & Eileen,rippling,frank-and-eileen,https://ats.rippling.com/frank-and-eileen/jobs
Franki,rippling,franki,https://ats.rippling.com/franki/jobs
Free Market Health,rippling,free-market-health,https://ats.rippling.com/free-market-health/jobs
"Freedman Consulting, LLC",rippling,job-opportunities,https://ats.rippling.com/job-opportunities/jobs
Freedom AFI,rippling,freedomafi,https://ats.rippling.com/freedomafi/jobs
Freedom House,rippling,freedom-house,https://ats.rippling.com/freedom-house/jobs
FreeWorld,rippling,freeworld,https://ats.rippling.com/freeworld/jobs
Fresh Clinics,rippling,fresh-careers,https://ats.rippling.com/fresh-careers/jobs
Friends of the Forest Preserves,rippling,fotfp,https://ats.rippling.com/fotfp/jobs
Frogslayer,rippling,frogslayer,https://ats.rippling.com/frogslayer/jobs
Front Line Mobile Health,rippling,front-line-mobile-health,https://ats.rippling.com/front-line-mobile-health/jobs
Frontier Innovation Group,rippling,elmwood-institute-llc,https://ats.rippling.com/elmwood-institute-llc/jobs
Fuku,rippling,eatfuku,https://ats.rippling.com/eatfuku/jobs
"Fulcrum Technologies, Inc.",rippling,fulcrumtechnologies,https://ats.rippling.com/fulcrumtechnologies/jobs
"Fullcast, Inc",rippling,fullcast-job-board,https://ats.rippling.com/fullcast-job-board/jobs
Fullmind,rippling,fullmind,https://ats.rippling.com/fullmind/jobs
Fusion Health,rippling,fusion-health,https://ats.rippling.com/fusion-health/jobs
FusionSleep,rippling,fusionsleep,https://ats.rippling.com/fusionsleep/jobs
Futuri Media,rippling,futuri-careers,https://ats.rippling.com/futuri-careers/jobs
Félix Technologies Inc,rippling,felix,https://ats.rippling.com/felix/jobs
GAA,rippling,gaajobs,https://ats.rippling.com/gaajobs/jobs
GAIA,rippling,gaia,https://ats.rippling.com/gaia/jobs
gaiia,rippling,gaiias-open-positions,https://ats.rippling.com/gaiias-open-positions/jobs
Gains Intermediate,rippling,gains-intermediate,https://ats.rippling.com/gains-intermediate/jobs
Gakino’amaage: Teach For Canada,rippling,gakinoamaagetfc,https://ats.rippling.com/gakinoamaagetfc/jobs
"GALILEO TECHNOLOGIES, INC.",rippling,galileo,https://ats.rippling.com/galileo/jobs
Galvanize Therapeutics,rippling,galvanizetherapeutics,https://ats.rippling.com/galvanizetherapeutics/jobs
Gamers Choice,rippling,gamerschoice,https://ats.rippling.com/gamerschoice/jobs
Gamesight,rippling,gamesight,https://ats.rippling.com/gamesight/jobs
Gannett Trust Company,rippling,gannett,https://ats.rippling.com/gannett/jobs
"Garden State Laboratories, Inc.",rippling,garden-state-labs-careers,https://ats.rippling.com/garden-state-labs-careers/jobs
Gaspar's Construction,rippling,gaspars-construction,https://ats.rippling.com/gaspars-construction/jobs
Gather,rippling,gather,https://ats.rippling.com/gather/jobs
Gearhead Outfitters,rippling,gearhead-outfitters-careers,https://ats.rippling.com/gearhead-outfitters-careers/jobs
Genesis Family Inc.,rippling,genesis-family,https://ats.rippling.com/genesis-family/jobs
Genios AI Inc,rippling,genios-ai,https://ats.rippling.com/genios-ai/jobs
GenLogs Corporation,rippling,genlogs-corporation,https://ats.rippling.com/genlogs-corporation/jobs
GenVault,rippling,docuvault-genvault,https://ats.rippling.com/docuvault-genvault/jobs
Geological Society of America,rippling,geological-society-of-america,https://ats.rippling.com/geological-society-of-america/jobs
George Salinas Injury Lawyers,rippling,salinastriallawcareers,https://ats.rippling.com/salinastriallawcareers/jobs
Georgetown Hill Early School,rippling,georgetownhill,https://ats.rippling.com/georgetownhill/jobs
Gersh Autism,rippling,gershautism,https://ats.rippling.com/gershautism/jobs
Get Covered LLC,rippling,get-covered-insurance,https://ats.rippling.com/get-covered-insurance/jobs
Get Engaged Media,rippling,get-engaged,https://ats.rippling.com/get-engaged/jobs
GetSetUp,rippling,getsetup-job-board,https://ats.rippling.com/getsetup-job-board/jobs
"Gevo, Inc.",rippling,gevo-careers,https://ats.rippling.com/gevo-careers/jobs
GFF,rippling,gffinternships,https://ats.rippling.com/gffinternships/jobs
GFF Design,rippling,gff-careers,https://ats.rippling.com/gff-careers/jobs
Gierd Inc,rippling,jobs-gierd-inc,https://ats.rippling.com/jobs-gierd-inc/jobs
Giftbit,rippling,giftbit,https://ats.rippling.com/giftbit/jobs
Gifted Savings,rippling,giftedsavings,https://ats.rippling.com/giftedsavings/jobs
Gigawatt AI,rippling,gigawatt-ai,https://ats.rippling.com/gigawatt-ai/jobs
Girl Scouts of Hawai'i,rippling,gshawaii,https://ats.rippling.com/gshawaii/jobs
"Gitar, Inc.",rippling,gitar-careers,https://ats.rippling.com/gitar-careers/jobs
"Givebacks, Inc.",rippling,givebacks,https://ats.rippling.com/givebacks/jobs
"Glass Roots Construction, LLC",rippling,glass-roots-construction-llc,https://ats.rippling.com/glass-roots-construction-llc/jobs
GlassHouse,rippling,glasshouse,https://ats.rippling.com/glasshouse/jobs
GLEN GROUP,rippling,glen-group-v2,https://ats.rippling.com/glen-group-v2/jobs
Global G.L.O.W./Global Girls Glow,rippling,global-glow,https://ats.rippling.com/global-glow/jobs
Global Gates Network of Canada,rippling,ggnc,https://ats.rippling.com/ggnc/jobs
Global Greengrants Fund (US),rippling,career_opportunities,https://ats.rippling.com/career_opportunities/jobs
Global Health Action,rippling,global-health-action,https://ats.rippling.com/global-health-action/jobs
"Global Sticks Express, LLC",rippling,ship-sticks,https://ats.rippling.com/ship-sticks/jobs
Globall Soccer Consulting Inc,rippling,long-island-rough-riders,https://ats.rippling.com/long-island-rough-riders/jobs
Globalternative Solutions,rippling,gs,https://ats.rippling.com/gs/jobs
"Gloo, LLC",rippling,gloo-llc,https://ats.rippling.com/gloo-llc/jobs
Go Fish Digital,rippling,gofishdigital,https://ats.rippling.com/gofishdigital/jobs
GoalPoint Behavior Group,rippling,goalpoint-behavior-group,https://ats.rippling.com/goalpoint-behavior-group/jobs
GoBolt,rippling,gobolt,https://ats.rippling.com/gobolt/jobs
"Goddard Technologies, Inc.",rippling,goddard-technologies,https://ats.rippling.com/goddard-technologies/jobs
Golden State Orthopedics & Spine,rippling,gsos,https://ats.rippling.com/gsos/jobs
Good Health Distribution Partners,rippling,ghdp,https://ats.rippling.com/ghdp/jobs
Good Roots,rippling,good-roots-hiring-fy-2025,https://ats.rippling.com/good-roots-hiring-fy-2025/jobs
GoTab,rippling,gotab,https://ats.rippling.com/gotab/jobs
"GoTu Technology, Inc.",rippling,gotu-careers,https://ats.rippling.com/gotu-careers/jobs
"Govly, Inc.",rippling,govly,https://ats.rippling.com/govly/jobs
GovPilot,rippling,sdl,https://ats.rippling.com/sdl/jobs
GradGuard,rippling,gradguard,https://ats.rippling.com/gradguard/jobs
GrandBridge Corporation,rippling,grandbridge-corporation-students,https://ats.rippling.com/grandbridge-corporation-students/jobs
"GrandBridge Corporation, Energy & Group",rippling,grandbridge-corporation-careers,https://ats.rippling.com/grandbridge-corporation-careers/jobs
"Granite State Gaming & Hospitality, LLC",rippling,gsgh,https://ats.rippling.com/gsgh/jobs
GrapevineAI,rippling,grapevineai,https://ats.rippling.com/grapevineai/jobs
"Graphite Financial Group,LLC",rippling,gfg-career-page,https://ats.rippling.com/gfg-career-page/jobs
Gravity,rippling,gravity,https://ats.rippling.com/gravity/jobs
Gray Design Group,rippling,graydesigngroup,https://ats.rippling.com/graydesigngroup/jobs
"Greater Austin Performing Arts Center, Inc. DBA Long Center",rippling,long-center,https://ats.rippling.com/long-center/jobs
Green Impact Exchange,rippling,green-impact-exchange,https://ats.rippling.com/green-impact-exchange/jobs
Greenhouse,rippling,greenhouse,https://ats.rippling.com/greenhouse/jobs
Greenpixie,rippling,work-at-greenpixie,https://ats.rippling.com/work-at-greenpixie/jobs
Greenpoint Psychotherapy,rippling,greenpoint-psychotherapy-careers,https://ats.rippling.com/greenpoint-psychotherapy-careers/jobs
Greentown Labs,rippling,greentown-labs,https://ats.rippling.com/greentown-labs/jobs
Gridsight,rippling,gridsight,https://ats.rippling.com/gridsight/jobs
grifin,rippling,grifin,https://ats.rippling.com/grifin/jobs
Grit Marketing,rippling,grit-marketing,https://ats.rippling.com/grit-marketing/jobs
Growth Signals,rippling,growth-signals,https://ats.rippling.com/growth-signals/jobs
GSM Services,rippling,gsm-jobs,https://ats.rippling.com/gsm-jobs/jobs
GTS Transportation,rippling,gts-transportation,https://ats.rippling.com/gts-transportation/jobs
Guardian Bikes,rippling,assembly,https://ats.rippling.com/assembly/jobs
Guru,rippling,guru-careers,https://ats.rippling.com/guru-careers/jobs
H/L Agency,rippling,hl-agency,https://ats.rippling.com/hl-agency/jobs
Hacksmith,rippling,hacksmith,https://ats.rippling.com/hacksmith/jobs
Halborn,rippling,halborn-inc,https://ats.rippling.com/halborn-inc/jobs
Halker Consulting,rippling,halker-consulting,https://ats.rippling.com/halker-consulting/jobs
Hammerspace,rippling,hammerspace,https://ats.rippling.com/hammerspace/jobs
Hampton Roads Pediatric Dentistry,rippling,careershrpd,https://ats.rippling.com/careershrpd/jobs
Hancock Processing LLC,rippling,hancock-processing,https://ats.rippling.com/hancock-processing/jobs
Handle.com,rippling,handle,https://ats.rippling.com/handle/jobs
"HANDS Center for Autism, LLC",rippling,handscareers,https://ats.rippling.com/handscareers/jobs
Harbor,rippling,noynim,https://ats.rippling.com/noynim/jobs
Harbor Compliance,rippling,harborcompliance,https://ats.rippling.com/harborcompliance/jobs
"Harbor IT, LLC",rippling,harbor-it,https://ats.rippling.com/harbor-it/jobs
Harness,rippling,harness-careers,https://ats.rippling.com/harness-careers/jobs
Harrison Group General,rippling,harrison-group,https://ats.rippling.com/harrison-group/jobs
Harvest Christian Fellowship,rippling,harvest,https://ats.rippling.com/harvest/jobs
Hashtag Our Stories Inc.,rippling,seentvhiring,https://ats.rippling.com/seentvhiring/jobs
"Havenly, Inc.",rippling,havenlybrands,https://ats.rippling.com/havenlybrands/jobs
HawkCell,rippling,hawkcell-careers,https://ats.rippling.com/hawkcell-careers/jobs
Heads Up Technologies,rippling,heads-up-technologies,https://ats.rippling.com/heads-up-technologies/jobs
Health iPASS,rippling,health-ipass,https://ats.rippling.com/health-ipass/jobs
HealthBar,rippling,healthbar-careers,https://ats.rippling.com/healthbar-careers/jobs
Healthcare Provider Solutions,rippling,healthcare-provider-solutions,https://ats.rippling.com/healthcare-provider-solutions/jobs
HealthLink Dimensions,rippling,healthlink-dimensions,https://ats.rippling.com/healthlink-dimensions/jobs
HealthSnap,rippling,healthsnapcareers,https://ats.rippling.com/healthsnapcareers/jobs
Healthwarehouse.com,rippling,healthwarehouse-careers,https://ats.rippling.com/healthwarehouse-careers/jobs
Heart Rhythm Clinical Research Solutions,rippling,hrcrs_careers,https://ats.rippling.com/hrcrs_careers/jobs
Heartfelt Technologies,rippling,heartfelt-technologies,https://ats.rippling.com/heartfelt-technologies/jobs
Heggerty,rippling,heggerty-careers,https://ats.rippling.com/heggerty-careers/jobs
"Hei-Tek Automation, LLC",rippling,heitekautomation,https://ats.rippling.com/heitekautomation/jobs
Helix Scribe Solutions,rippling,hss,https://ats.rippling.com/hss/jobs
hello82,rippling,hello82-careers,https://ats.rippling.com/hello82-careers/jobs
HelloHero,rippling,helloherojobboard,https://ats.rippling.com/helloherojobboard/jobs
Helping Hand for Relief and Development,rippling,hhrd-careers,https://ats.rippling.com/hhrd-careers/jobs
Helping Hands Reentry Outreach Centers,rippling,hhrocjobs,https://ats.rippling.com/hhrocjobs/jobs
"hep energy USA holdings, Inc",rippling,hep-north-america-careers,https://ats.rippling.com/hep-north-america-careers/jobs
"Hercules Systems, Inc",rippling,hercules-careers,https://ats.rippling.com/hercules-careers/jobs
High Speed Training,rippling,highspeedtraining,https://ats.rippling.com/highspeedtraining/jobs
"Highlight Insights, Inc",rippling,highlight-careers,https://ats.rippling.com/highlight-careers/jobs
Hiive,rippling,hiive,https://ats.rippling.com/hiive/jobs
Hingham Institution for Savings,rippling,hinghamsavings,https://ats.rippling.com/hinghamsavings/jobs
Hipcamp Inc.,rippling,join-the-hipcamp-team,https://ats.rippling.com/join-the-hipcamp-team/jobs
HLTHX Care,rippling,hlthxcareers,https://ats.rippling.com/hlthxcareers/jobs
HOEM Management Inc.,rippling,workathoem,https://ats.rippling.com/workathoem/jobs
Holly,rippling,holly,https://ats.rippling.com/holly/jobs
Holocene,rippling,holocene,https://ats.rippling.com/holocene/jobs
Home Carpet One,rippling,home-carpet-one,https://ats.rippling.com/home-carpet-one/jobs
Homestead,rippling,digital-experience-holdings-llc,https://ats.rippling.com/digital-experience-holdings-llc/jobs
HomeWAV,rippling,homewav,https://ats.rippling.com/homewav/jobs
Honeymoon,rippling,honeymoon,https://ats.rippling.com/honeymoon/jobs
Hook Hall,rippling,hook-hall-jobs,https://ats.rippling.com/hook-hall-jobs/jobs
HOPO Therapeutics,rippling,hopotx,https://ats.rippling.com/hopotx/jobs
Horizon Contracting Group,rippling,teamhorizon,https://ats.rippling.com/teamhorizon/jobs
Hosmer Chiropractic Health,rippling,hosmer-chiropractic-health,https://ats.rippling.com/hosmer-chiropractic-health/jobs
Hot 8 Yoga,rippling,hot-8-yoga-careers,https://ats.rippling.com/hot-8-yoga-careers/jobs
Hotel Bardo Savannah,rippling,left-lane-hospitality-group-llc,https://ats.rippling.com/left-lane-hospitality-group-llc/jobs
HouseCallMD Inc.,rippling,weightsimple,https://ats.rippling.com/weightsimple/jobs
HPL Yamalova & Plewka FZCO,rippling,lylaw-recruitment,https://ats.rippling.com/lylaw-recruitment/jobs
"HqO, Inc.",rippling,hqo,https://ats.rippling.com/hqo/jobs
HTX Labs,rippling,htx-labs-careers,https://ats.rippling.com/htx-labs-careers/jobs
Humanity HR,rippling,humanity-hr-careers,https://ats.rippling.com/humanity-hr-careers/jobs
Hunter Strategy,rippling,hunterstrategy,https://ats.rippling.com/hunterstrategy/jobs
"Huntridge Labs, LLC",rippling,huntridge-labs-careers,https://ats.rippling.com/huntridge-labs-careers/jobs
Hutch Advertising LLC,rippling,hutch-ads-job-board,https://ats.rippling.com/hutch-ads-job-board/jobs
HyperFi,rippling,hyperfi,https://ats.rippling.com/hyperfi/jobs
Hypervision Surgical,rippling,hypervision-surgical,https://ats.rippling.com/hypervision-surgical/jobs
Hypervolt Limited,rippling,hypervolt,https://ats.rippling.com/hypervolt/jobs
ICANotes LLC,rippling,icanotes-llc,https://ats.rippling.com/icanotes-llc/jobs
"Ice Castles, LLC",rippling,ice-castles-llc,https://ats.rippling.com/ice-castles-llc/jobs
ICL Academy,rippling,iclacademy,https://ats.rippling.com/iclacademy/jobs
Icon Property Management,rippling,icon-property-management,https://ats.rippling.com/icon-property-management/jobs
Iconic,rippling,iconic,https://ats.rippling.com/iconic/jobs
Ideal Building Solutions,rippling,join-team-ideal,https://ats.rippling.com/join-team-ideal/jobs
iEducate,rippling,ieducate,https://ats.rippling.com/ieducate/jobs
iFrog Marketing Solutions,rippling,ifrog-marketing-solutions,https://ats.rippling.com/ifrog-marketing-solutions/jobs
IGL Logistics Inc.,rippling,igl,https://ats.rippling.com/igl/jobs
In Time Tec,rippling,in-time-tec,https://ats.rippling.com/in-time-tec/jobs
InAir,rippling,inair,https://ats.rippling.com/inair/jobs
Incline P&C Group,rippling,incline-pc-group,https://ats.rippling.com/incline-pc-group/jobs
Inclusive Prosperity Capital,rippling,ipc,https://ats.rippling.com/ipc/jobs
Incredible Health,rippling,incredible-health,https://ats.rippling.com/incredible-health/jobs
Indigo Physiotherapy,rippling,indigo-careers,https://ats.rippling.com/indigo-careers/jobs
Indivisible Project,rippling,indivisible-project-careers,https://ats.rippling.com/indivisible-project-careers/jobs
"Infinitus Systems, Inc.",rippling,infinitus,https://ats.rippling.com/infinitus/jobs
"Infinity Group US, LLC",rippling,infinitygroup,https://ats.rippling.com/infinitygroup/jobs
Infodash,rippling,infodash,https://ats.rippling.com/infodash/jobs
InfoTrack,rippling,infotrack-careers,https://ats.rippling.com/infotrack-careers/jobs
INFRA,rippling,infra,https://ats.rippling.com/infra/jobs
Infusion,rippling,infusion,https://ats.rippling.com/infusion/jobs
Inkit,rippling,inkit-careers,https://ats.rippling.com/inkit-careers/jobs
Inlyte Energy,rippling,inlyte-energy,https://ats.rippling.com/inlyte-energy/jobs
"Innovas, Inc.",rippling,nstxl,https://ats.rippling.com/nstxl/jobs
inquirED,rippling,inquired-careers,https://ats.rippling.com/inquired-careers/jobs
Inseego,rippling,inseego,https://ats.rippling.com/inseego/jobs
Inspectorio,rippling,inspectoriocareers,https://ats.rippling.com/inspectoriocareers/jobs
"InSpectre Solutions, Inc",rippling,isi-careers,https://ats.rippling.com/isi-careers/jobs
Inspiration Mobility,rippling,inspiration-mobility,https://ats.rippling.com/inspiration-mobility/jobs
Integral,rippling,integral,https://ats.rippling.com/integral/jobs
"Integrate.com, Inc.",rippling,integratecom-inc,https://ats.rippling.com/integratecom-inc/jobs
"Integrated Behavioral Technologies, Inc.",rippling,ibt,https://ats.rippling.com/ibt/jobs
"Integrated Community Options, Inc",rippling,integrated-community-options,https://ats.rippling.com/integrated-community-options/jobs
Integrated Management Strategies,rippling,imstrat,https://ats.rippling.com/imstrat/jobs
Integrated Proteins careers,rippling,resourceone-global-llc,https://ats.rippling.com/resourceone-global-llc/jobs
Integrity Advocate,rippling,integrity-advocate-careers,https://ats.rippling.com/integrity-advocate-careers/jobs
Integrity Automotive Scanning and Calibration Solutions,rippling,integrity-automotive-scanning-and-calibration-solutions,https://ats.rippling.com/integrity-automotive-scanning-and-calibration-solutions/jobs
Integrity Traffic,rippling,integrity-corps-careers,https://ats.rippling.com/integrity-corps-careers/jobs
"Intelliguard Group, LLC",rippling,intelliguard,https://ats.rippling.com/intelliguard/jobs
Inter Technologies Corporation,rippling,itc-jobs,https://ats.rippling.com/itc-jobs/jobs
International Center for Research on Women,rippling,international-center-for-research-on-women,https://ats.rippling.com/international-center-for-research-on-women/jobs
Interplay Learning Inc.,rippling,interplaylearning,https://ats.rippling.com/interplaylearning/jobs
Intersection,rippling,intersection,https://ats.rippling.com/intersection/jobs
Interstate Renewable Energy Co,rippling,irecjobs,https://ats.rippling.com/irecjobs/jobs
Invaio Sciences Inc.,rippling,invaio-job-board,https://ats.rippling.com/invaio-job-board/jobs
Investible,rippling,investible,https://ats.rippling.com/investible/jobs
InvestorKit,rippling,investorkit,https://ats.rippling.com/investorkit/jobs
Invictus Management Solutions LLC,rippling,ims,https://ats.rippling.com/ims/jobs
Invictus Strategy & Solutions,rippling,invictus-strategy-solutions,https://ats.rippling.com/invictus-strategy-solutions/jobs
Invision Communications,rippling,invision,https://ats.rippling.com/invision/jobs
Invita Healthcare Technologies,rippling,invita-healthcare-technologies,https://ats.rippling.com/invita-healthcare-technologies/jobs
"IOActive, Inc.",rippling,ioactive-tc,https://ats.rippling.com/ioactive-tc/jobs
IOI Solutions LLC,rippling,ioi,https://ats.rippling.com/ioi/jobs
IP House,rippling,ip-house,https://ats.rippling.com/ip-house/jobs
iSono Health Inc.,rippling,isonohealth,https://ats.rippling.com/isonohealth/jobs
ISSA,rippling,issa,https://ats.rippling.com/issa/jobs
IT Voice,rippling,it-voice-careers,https://ats.rippling.com/it-voice-careers/jobs
It's a Secret Medspa,rippling,ias-careers,https://ats.rippling.com/ias-careers/jobs
iT1,rippling,it1,https://ats.rippling.com/it1/jobs
IXIS,rippling,ixis-career-board,https://ats.rippling.com/ixis-career-board/jobs
J. R. Martin & Associates,rippling,jrmartincpa,https://ats.rippling.com/jrmartincpa/jobs
J2 Interactive,rippling,j2-interactive,https://ats.rippling.com/j2-interactive/jobs
J4 Commercial Services,rippling,j4,https://ats.rippling.com/j4/jobs
Jampack,rippling,jampack,https://ats.rippling.com/jampack/jobs
Jan Fence,rippling,janfencecareers,https://ats.rippling.com/janfencecareers/jobs
Janus Health,rippling,janus,https://ats.rippling.com/janus/jobs
Japanese Friendship Garden of Phoenix,rippling,japanese-friendship-garden-of-phoenix,https://ats.rippling.com/japanese-friendship-garden-of-phoenix/jobs
Javvy Coffee Company,rippling,javvy-coffee-company,https://ats.rippling.com/javvy-coffee-company/jobs
Jaxen Grey,rippling,jaxen-grey,https://ats.rippling.com/jaxen-grey/jobs
JayWay Travel Inc.,rippling,jayway-travel-inc-openroles,https://ats.rippling.com/jayway-travel-inc-openroles/jobs
Jitsu,rippling,jitsu,https://ats.rippling.com/jitsu/jobs
JM Pet Resort & Veterinary Clinic,rippling,jm-pet-resort-veterinary-clinic,https://ats.rippling.com/jm-pet-resort-veterinary-clinic/jobs
"JMARK Business Solutions, Inc.",rippling,jmark-careers,https://ats.rippling.com/jmark-careers/jobs
Johnson Lambert LLP,rippling,johnson-lambert-careers,https://ats.rippling.com/johnson-lambert-careers/jobs
Jome,rippling,jome,https://ats.rippling.com/jome/jobs
Jones Road Beauty,rippling,jones-road-beauty-careers,https://ats.rippling.com/jones-road-beauty-careers/jobs
"Joshua Peck & Associates, LLC",rippling,jpa,https://ats.rippling.com/jpa/jobs
Journal Technologies,rippling,journaltech,https://ats.rippling.com/journaltech/jobs
JPGS,rippling,jpgs,https://ats.rippling.com/jpgs/jobs
JSM Living,rippling,jsm-careers,https://ats.rippling.com/jsm-careers/jobs
JTG Consulting Group,rippling,jtg,https://ats.rippling.com/jtg/jobs
Jubilee Housing,rippling,jubilee-housing,https://ats.rippling.com/jubilee-housing/jobs
Jumper Capital,rippling,sales-hub-careers,https://ats.rippling.com/sales-hub-careers/jobs
"JumpstartMD, Inc",rippling,jumpstartmd-careers,https://ats.rippling.com/jumpstartmd-careers/jobs
Jus Mundi SAS,rippling,jus-mundi-careers,https://ats.rippling.com/jus-mundi-careers/jobs
Just Appraised Inc.,rippling,just-appraised-jobs,https://ats.rippling.com/just-appraised-jobs/jobs
JustFOIA,rippling,justfoia,https://ats.rippling.com/justfoia/jobs
Kaizo Health,rippling,kaizo-health,https://ats.rippling.com/kaizo-health/jobs
Kajabi,rippling,kajabi,https://ats.rippling.com/kajabi/jobs
Kalamazoo Gospel Ministries,rippling,kalamazoo-gospel-ministries,https://ats.rippling.com/kalamazoo-gospel-ministries/jobs
Kalkomey,rippling,kalkomey,https://ats.rippling.com/kalkomey/jobs
Kalustyan Corporation,rippling,kalustyan-career-board,https://ats.rippling.com/kalustyan-career-board/jobs
"Kapor Capital Management Company, LLC",rippling,kaporcapital,https://ats.rippling.com/kaporcapital/jobs
"Kapor Enterprises, Inc.",rippling,kaporcenter,https://ats.rippling.com/kaporcenter/jobs
Karoo Health,rippling,karoo-health,https://ats.rippling.com/karoo-health/jobs
Karta,rippling,karta,https://ats.rippling.com/karta/jobs
Keebler Health,rippling,keeblerhealth,https://ats.rippling.com/keeblerhealth/jobs
Keel Labs Inc.,rippling,keel-labs-careers,https://ats.rippling.com/keel-labs-careers/jobs
Kelco Industries,rippling,kelcoindustries,https://ats.rippling.com/kelcoindustries/jobs
Kellen,rippling,kellen,https://ats.rippling.com/kellen/jobs
Kevel,rippling,kevel-careers,https://ats.rippling.com/kevel-careers/jobs
Keystone Experts + Engineers,rippling,keystoneexperts,https://ats.rippling.com/keystoneexperts/jobs
Kick,rippling,kick,https://ats.rippling.com/kick/jobs
Kidspace Children's Museum,rippling,kidspacemuseum,https://ats.rippling.com/kidspacemuseum/jobs
Kielo Research,rippling,kielo,https://ats.rippling.com/kielo/jobs
Kii Health (Santé) Canada Inc.,rippling,kii-health,https://ats.rippling.com/kii-health/jobs
Kimber Labs,rippling,plume-network,https://ats.rippling.com/plume-network/jobs
Kin Health,rippling,kin,https://ats.rippling.com/kin/jobs
Kinetic Automation Inc.,rippling,kinetic,https://ats.rippling.com/kinetic/jobs
Kinetic Custom Trailers,rippling,kinetic-custom-trailers,https://ats.rippling.com/kinetic-custom-trailers/jobs
Kinetic Games,rippling,kinetic-games-careers,https://ats.rippling.com/kinetic-games-careers/jobs
Kinsmen Group,rippling,kinsmen-group-job-board,https://ats.rippling.com/kinsmen-group-job-board/jobs
Kisi,rippling,kisi-jobs,https://ats.rippling.com/kisi-jobs/jobs
Kitchen Hub,rippling,kitchen-hub,https://ats.rippling.com/kitchen-hub/jobs
Klen Space Inc.,rippling,klen-space-inc,https://ats.rippling.com/klen-space-inc/jobs
KlientBoost,rippling,klientboost-careers,https://ats.rippling.com/klientboost-careers/jobs
Kline + Company Inc.,rippling,kline-company-inc,https://ats.rippling.com/kline-company-inc/jobs
Klir,rippling,klir,https://ats.rippling.com/klir/jobs
Knexus Research LLC,rippling,knexus,https://ats.rippling.com/knexus/jobs
"knk SOFTWARE, LP",rippling,knksoftware,https://ats.rippling.com/knksoftware/jobs
Knode.ai,rippling,knodeai,https://ats.rippling.com/knodeai/jobs
"Knotch, Inc.",rippling,knotch-inc,https://ats.rippling.com/knotch-inc/jobs
KodeKloud,rippling,kodekloud,https://ats.rippling.com/kodekloud/jobs
Kolar Design,rippling,kolar-design-career-opportunities,https://ats.rippling.com/kolar-design-career-opportunities/jobs
Kolme Group,rippling,kolme-group,https://ats.rippling.com/kolme-group/jobs
KOMSTAR (USA) LTD.,rippling,tiens-america-careers,https://ats.rippling.com/tiens-america-careers/jobs
Kona Brewing Hawaii,rippling,konabrewinghawaii,https://ats.rippling.com/konabrewinghawaii/jobs
Korvest Ltd,rippling,korvest,https://ats.rippling.com/korvest/jobs
Kraken Robotics Inc.,rippling,kraken-robotics-inc,https://ats.rippling.com/kraken-robotics-inc/jobs
Kraken-Bryant Street,rippling,krakenbryantst,https://ats.rippling.com/krakenbryantst/jobs
KREWE,rippling,krewe,https://ats.rippling.com/krewe/jobs
Kubota & Basol LLP,rippling,kubota-basol-llp-job-board,https://ats.rippling.com/kubota-basol-llp-job-board/jobs
Kuvare,rippling,kuvare-jobs,https://ats.rippling.com/kuvare-jobs/jobs
Kwetta,rippling,kwetta,https://ats.rippling.com/kwetta/jobs
"L & E Research, Inc.",rippling,le-research-employment-opportunities,https://ats.rippling.com/le-research-employment-opportunities/jobs
L2L,rippling,l2l-openings,https://ats.rippling.com/l2l-openings/jobs
"Laborup, Inc",rippling,laborup,https://ats.rippling.com/laborup/jobs
Labric,rippling,labric,https://ats.rippling.com/labric/jobs
Lady Bird Atlanta LLC,rippling,ladybird,https://ats.rippling.com/ladybird/jobs
LAGOS,rippling,lagos,https://ats.rippling.com/lagos/jobs
Land & Sea,rippling,land-sea-career,https://ats.rippling.com/land-sea-career/jobs
Land Trust Of Santa Cruz County,rippling,landtrustsantacruz-careers,https://ats.rippling.com/landtrustsantacruz-careers/jobs
Latent AI,rippling,latentai-careers,https://ats.rippling.com/latentai-careers/jobs
Latitude.sh,rippling,latitudesh-jobs,https://ats.rippling.com/latitudesh-jobs/jobs
Lavender,rippling,lavender-careers,https://ats.rippling.com/lavender-careers/jobs
"Lavu, Inc.",rippling,lavu-inc,https://ats.rippling.com/lavu-inc/jobs
Lawfare Institute,rippling,lawfare-institute,https://ats.rippling.com/lawfare-institute/jobs
LawVu,rippling,lawvu-careers,https://ats.rippling.com/lawvu-careers/jobs
Layer,rippling,layer,https://ats.rippling.com/layer/jobs
Lead Surge,rippling,leadsurge,https://ats.rippling.com/leadsurge/jobs
LeafLabs,rippling,leaflabs,https://ats.rippling.com/leaflabs/jobs
"LeanDNA, Inc.",rippling,leandna,https://ats.rippling.com/leandna/jobs
Leap Group,rippling,leap-group,https://ats.rippling.com/leap-group/jobs
Leapfrog Product Development,rippling,leapfrog-careers,https://ats.rippling.com/leapfrog-careers/jobs
LEEO Insurance Services,rippling,leeo,https://ats.rippling.com/leeo/jobs
Legacy Engineering,rippling,legacy-engineering,https://ats.rippling.com/legacy-engineering/jobs
"LegalOn Technologies, Inc.",rippling,legalontech,https://ats.rippling.com/legalontech/jobs
LegitScript,rippling,legitscript-careers,https://ats.rippling.com/legitscript-careers/jobs
"Lending Science, DM",rippling,lsdm-jobs,https://ats.rippling.com/lsdm-jobs/jobs
Lendmarq Capital LLC,rippling,lendmarq-capital-llc,https://ats.rippling.com/lendmarq-capital-llc/jobs
Letterhead,rippling,letterhead,https://ats.rippling.com/letterhead/jobs
Lev,rippling,lev,https://ats.rippling.com/lev/jobs
Level,rippling,level,https://ats.rippling.com/level/jobs
Leverage Companies,rippling,leverage-companies,https://ats.rippling.com/leverage-companies/jobs
Levin & Nalbandyan LLP,rippling,levin-nalbandyan-llp,https://ats.rippling.com/levin-nalbandyan-llp/jobs
Lexitas Pharma Services,rippling,lexitas-open-positions,https://ats.rippling.com/lexitas-open-positions/jobs
Liberty in North Korea,rippling,liberty-in-north-korea,https://ats.rippling.com/liberty-in-north-korea/jobs
Lift Orlando,rippling,liftorlando,https://ats.rippling.com/liftorlando/jobs
"Liftoff Campaigns, LLC",rippling,liftoff-campaigns-llc,https://ats.rippling.com/liftoff-campaigns-llc/jobs
"LightGuide, Inc.",rippling,lightguide,https://ats.rippling.com/lightguide/jobs
Lighthouse Senior Living,rippling,lighthouse-senior-living,https://ats.rippling.com/lighthouse-senior-living/jobs
LighthouseAI,rippling,lighthouseai-careers,https://ats.rippling.com/lighthouseai-careers/jobs
Lilac Solutions,rippling,lilac-solutions,https://ats.rippling.com/lilac-solutions/jobs
Lime Technology,rippling,lime-technology,https://ats.rippling.com/lime-technology/jobs
Liminal Strategy,rippling,liminal,https://ats.rippling.com/liminal/jobs
Linea Energy,rippling,linea-energy,https://ats.rippling.com/linea-energy/jobs
LineLeap,rippling,lineleap,https://ats.rippling.com/lineleap/jobs
"LinenMaster, LLC",rippling,linenmaster,https://ats.rippling.com/linenmaster/jobs
LinqCare,rippling,linqcare-careers,https://ats.rippling.com/linqcare-careers/jobs
Linus Health,rippling,linus-health,https://ats.rippling.com/linus-health/jobs
Linville Team Partners | Xpand,rippling,ltp,https://ats.rippling.com/ltp/jobs
Linxup,rippling,linxup,https://ats.rippling.com/linxup/jobs
Liongard,rippling,liongard,https://ats.rippling.com/liongard/jobs
Liquid Agency,rippling,liquid-agency,https://ats.rippling.com/liquid-agency/jobs
Liquid Death,rippling,liquiddeath,https://ats.rippling.com/liquiddeath/jobs
"Liveops Agent Services, LLC",rippling,liveops,https://ats.rippling.com/liveops/jobs
Livewire,rippling,livewire,https://ats.rippling.com/livewire/jobs
"Living Security, Inc.",rippling,living-security-open-positions,https://ats.rippling.com/living-security-open-positions/jobs
Loam Bio,rippling,loam-bio,https://ats.rippling.com/loam-bio/jobs
loanDNA Private Limited,rippling,consulting-and-advisorytechnologyloandna,https://ats.rippling.com/consulting-and-advisorytechnologyloandna/jobs
Local Vacation Rentals,rippling,local-vacation-rentals,https://ats.rippling.com/local-vacation-rentals/jobs
Locate,rippling,locateai,https://ats.rippling.com/locateai/jobs
Loggerhead Risk Management LLC,rippling,loggerhead-risk-management-llc,https://ats.rippling.com/loggerhead-risk-management-llc/jobs
"LogixHealth, Inc.",rippling,logixhealth-inc,https://ats.rippling.com/logixhealth-inc/jobs
Lolli & Pops - Hammond's Candies,rippling,ampersandbrands,https://ats.rippling.com/ampersandbrands/jobs
Lolë Brands,rippling,lole-brands,https://ats.rippling.com/lole-brands/jobs
London Southend Airport,rippling,londonsouthendairport,https://ats.rippling.com/londonsouthendairport/jobs
Longevity Holdings,rippling,longevity-holdings,https://ats.rippling.com/longevity-holdings/jobs
"Longeye, Inc.",rippling,longeye,https://ats.rippling.com/longeye/jobs
Longshot,rippling,longshot,https://ats.rippling.com/longshot/jobs
LongView,rippling,sbdo-pm-holdings-pty-ltd,https://ats.rippling.com/sbdo-pm-holdings-pty-ltd/jobs
Loop,rippling,loopcareers,https://ats.rippling.com/loopcareers/jobs
Losa LLC,rippling,losa,https://ats.rippling.com/losa/jobs
"Loti AI, Inc",rippling,loti-ai-inc,https://ats.rippling.com/loti-ai-inc/jobs
Lucayan Technology Solutions LLC,rippling,lucayan-technology-solutions-llc,https://ats.rippling.com/lucayan-technology-solutions-llc/jobs
Lucid Bots,rippling,lucid-bots-jobs,https://ats.rippling.com/lucid-bots-jobs/jobs
Lucile Packard Foundation for Children's Health,rippling,lpfch,https://ats.rippling.com/lpfch/jobs
Luma Financial Technologies,rippling,luma-financial-technologies,https://ats.rippling.com/luma-financial-technologies/jobs
Luminary,rippling,luminarycloud,https://ats.rippling.com/luminarycloud/jobs
Luna's Tacos & Tequila,rippling,lunastacos,https://ats.rippling.com/lunastacos/jobs
Luther Seminary,rippling,luther-seminary-job-board,https://ats.rippling.com/luther-seminary-job-board/jobs
Luupli,rippling,luupli,https://ats.rippling.com/luupli/jobs
LuxGive,rippling,luxgive,https://ats.rippling.com/luxgive/jobs
Luxuria Vacations,rippling,luxuriavacations,https://ats.rippling.com/luxuriavacations/jobs
Lydian,rippling,lydian,https://ats.rippling.com/lydian/jobs
Lyntris,rippling,accelintjobboardtest,https://ats.rippling.com/accelintjobboardtest/jobs
"Lynx Software Technologies, Inc.",rippling,lynx-software-technologies,https://ats.rippling.com/lynx-software-technologies/jobs
Lyon Aviation Inc,rippling,lyon-aviation-careers,https://ats.rippling.com/lyon-aviation-careers/jobs
Lyte AI,rippling,lyte,https://ats.rippling.com/lyte/jobs
MadTree Brewing Company,rippling,madtree-careers,https://ats.rippling.com/madtree-careers/jobs
"Mainline, LLC",rippling,mainline,https://ats.rippling.com/mainline/jobs
Mainspring Recovery,rippling,mainspringrecovery,https://ats.rippling.com/mainspringrecovery/jobs
Mainstay Labs Inc,rippling,mainstay,https://ats.rippling.com/mainstay/jobs
Makers Inc.,rippling,makers,https://ats.rippling.com/makers/jobs
Malone Center,rippling,malone-center,https://ats.rippling.com/malone-center/jobs
Malwarebytes,rippling,malwarebytes,https://ats.rippling.com/malwarebytes/jobs
ManagePoint Technologies Inc,rippling,managepoint,https://ats.rippling.com/managepoint/jobs
Maneva,rippling,maneva,https://ats.rippling.com/maneva/jobs
Manhead,rippling,manhead-careers,https://ats.rippling.com/manhead-careers/jobs
Manly Bands,rippling,manly-bands,https://ats.rippling.com/manly-bands/jobs
Manly Man Co.,rippling,manlymanco,https://ats.rippling.com/manlymanco/jobs
Manta Health,rippling,manta-health,https://ats.rippling.com/manta-health/jobs
Manulift,rippling,manulift,https://ats.rippling.com/manulift/jobs
Maplesoft,rippling,maplesoft,https://ats.rippling.com/maplesoft/jobs
Mapped,rippling,mapped,https://ats.rippling.com/mapped/jobs
"Marcus Thomas, LLC",rippling,marcus-thomas-careers,https://ats.rippling.com/marcus-thomas-careers/jobs
"Market Once Holdings.com, LLC",rippling,marketonce,https://ats.rippling.com/marketonce/jobs
Martello Re,rippling,martello-re,https://ats.rippling.com/martello-re/jobs
Martin Brûlé Studio,rippling,martinbrulestudio,https://ats.rippling.com/martinbrulestudio/jobs
Mastery Logistics Systems,rippling,mastery-logistics-systems,https://ats.rippling.com/mastery-logistics-systems/jobs
Maven Roofing,rippling,maven-roofing,https://ats.rippling.com/maven-roofing/jobs
MaxHealth MSO,rippling,maxhealth-mso,https://ats.rippling.com/maxhealth-mso/jobs
Maya Angelou Schools See Forever Foundation,rippling,maya-angelou-schools-see-forever-foundation,https://ats.rippling.com/maya-angelou-schools-see-forever-foundation/jobs
MBRYONICS,rippling,mbryonics,https://ats.rippling.com/mbryonics/jobs
MC Turbo Acquistion LLC,rippling,mc-turbo-acquistion-llc,https://ats.rippling.com/mc-turbo-acquistion-llc/jobs
MCCi,rippling,mccicareers,https://ats.rippling.com/mccicareers/jobs
McCulley Optix Gallery,rippling,mcculley-optix-gallery,https://ats.rippling.com/mcculley-optix-gallery/jobs
Mcguire LTD,rippling,name,https://ats.rippling.com/name/jobs
MCM,rippling,mcmjobs,https://ats.rippling.com/mcmjobs/jobs
MD Integrations,rippling,mdintegrations,https://ats.rippling.com/mdintegrations/jobs
MDB Health Services,rippling,mdb-health-services,https://ats.rippling.com/mdb-health-services/jobs
Measurabl,rippling,measurabljobs,https://ats.rippling.com/measurabljobs/jobs
"MedCBO, Inc",rippling,medcbo-inc,https://ats.rippling.com/medcbo-inc/jobs
MEDDICC,rippling,meddicc,https://ats.rippling.com/meddicc/jobs
Medical Management Specialists,rippling,mms,https://ats.rippling.com/mms/jobs
Medicom,rippling,medicom-careers,https://ats.rippling.com/medicom-careers/jobs
Medifice,rippling,medifice,https://ats.rippling.com/medifice/jobs
MEMA,rippling,memacareers,https://ats.rippling.com/memacareers/jobs
Member Access Processing,rippling,member-access-processing,https://ats.rippling.com/member-access-processing/jobs
MemryX,rippling,memryx,https://ats.rippling.com/memryx/jobs
Menadier Engineering,rippling,menadier,https://ats.rippling.com/menadier/jobs
Menlo Church,rippling,menlochurch,https://ats.rippling.com/menlochurch/jobs
MEO Continuity,rippling,meo,https://ats.rippling.com/meo/jobs
Meridian,rippling,meridian,https://ats.rippling.com/meridian/jobs
Meridian Counseling,rippling,meridian-counseling-careers,https://ats.rippling.com/meridian-counseling-careers/jobs
Merit,rippling,merit,https://ats.rippling.com/merit/jobs
Meritus Property Group,rippling,meritus-property-group,https://ats.rippling.com/meritus-property-group/jobs
Meroka & Practice Partners,rippling,meroka,https://ats.rippling.com/meroka/jobs
MessageGears,rippling,messagegears-llc,https://ats.rippling.com/messagegears-llc/jobs
MeUndies,rippling,meundies-recruiting,https://ats.rippling.com/meundies-recruiting/jobs
"MFour Mobile Research, Inc.",rippling,mfourmobileresearch,https://ats.rippling.com/mfourmobileresearch/jobs
MicroTransponder,rippling,microtransponder,https://ats.rippling.com/microtransponder/jobs
Mid Hudson Energy Transition,rippling,careers-page,https://ats.rippling.com/careers-page/jobs
Middle East Institute,rippling,mei-employment,https://ats.rippling.com/mei-employment/jobs
Midpoint Technology LLC,rippling,midpoint,https://ats.rippling.com/midpoint/jobs
Miebach,rippling,miebach-northamerica-career-page,https://ats.rippling.com/miebach-northamerica-career-page/jobs
Mikata Health,rippling,mikata,https://ats.rippling.com/mikata/jobs
MiLa,rippling,mila-careers,https://ats.rippling.com/mila-careers/jobs
MILE MARKER,rippling,mile-marker,https://ats.rippling.com/mile-marker/jobs
Million Dollar Baby Co.,rippling,million-dollar-baby-co,https://ats.rippling.com/million-dollar-baby-co/jobs
Million.js,rippling,nothing,https://ats.rippling.com/nothing/jobs
Mills Properties,rippling,mills-current-openings,https://ats.rippling.com/mills-current-openings/jobs
"Mills Roofing, Inc.",rippling,millsroofinginc,https://ats.rippling.com/millsroofinginc/jobs
MindCare Solutions,rippling,mindcaresolutions-careers,https://ats.rippling.com/mindcaresolutions-careers/jobs
Mindful Health Solutions,rippling,mindfulhealthsolutions,https://ats.rippling.com/mindfulhealthsolutions/jobs
"Mindset Care, Inc.",rippling,career-opportunities-at-mindset,https://ats.rippling.com/career-opportunities-at-mindset/jobs
Mindstate Design Labs,rippling,mindstate-design-labs,https://ats.rippling.com/mindstate-design-labs/jobs
Minga,rippling,minga,https://ats.rippling.com/minga/jobs
Minlopro Partners,rippling,minlopro,https://ats.rippling.com/minlopro/jobs
Mira Home,rippling,mira-home,https://ats.rippling.com/mira-home/jobs
Mission Connect,rippling,mission-connect,https://ats.rippling.com/mission-connect/jobs
Mission Underwriting Services,rippling,mission-underwriting-services,https://ats.rippling.com/mission-underwriting-services/jobs
Mission Zero Technologies,rippling,mission-zero-technologies,https://ats.rippling.com/mission-zero-technologies/jobs
Mister P Express Inc,rippling,misterpexpress,https://ats.rippling.com/misterpexpress/jobs
Mitchell Kapor Foundation,rippling,kaporfoundation,https://ats.rippling.com/kaporfoundation/jobs
MNL,rippling,mnl,https://ats.rippling.com/mnl/jobs
Mno-Bmadsen,rippling,mno-bmadsen,https://ats.rippling.com/mno-bmadsen/jobs
Mobius Renewables,rippling,greengas,https://ats.rippling.com/greengas/jobs
Modern Campus,rippling,moderncampus,https://ats.rippling.com/moderncampus/jobs
Modern Executive Solutions,rippling,join-modern,https://ats.rippling.com/join-modern/jobs
Mojo Medical,rippling,aamedical,https://ats.rippling.com/aamedical/jobs
"Moleskine America, Inc.",rippling,moleskine,https://ats.rippling.com/moleskine/jobs
Moment Travel Group,rippling,mtg-opportunities,https://ats.rippling.com/mtg-opportunities/jobs
Momentum Behavior Services,rippling,momentum-behavior-services,https://ats.rippling.com/momentum-behavior-services/jobs
"Momentum Engineering, Inc.",rippling,momentumcareers,https://ats.rippling.com/momentumcareers/jobs
Momentum Indoor Climbing,rippling,momentum,https://ats.rippling.com/momentum/jobs
Mona Lee Inc.,rippling,mona-lee-inc,https://ats.rippling.com/mona-lee-inc/jobs
Monarch Door Company LLC,rippling,monarch,https://ats.rippling.com/monarch/jobs
Monevate,rippling,monevate-careers,https://ats.rippling.com/monevate-careers/jobs
"Montara Therapeutics, Inc.",rippling,montaratx,https://ats.rippling.com/montaratx/jobs
MONTECH INC.,rippling,montech-inc,https://ats.rippling.com/montech-inc/jobs
Monteith Construction,rippling,monteith,https://ats.rippling.com/monteith/jobs
Moon,rippling,moon,https://ats.rippling.com/moon/jobs
Moov,rippling,moov,https://ats.rippling.com/moov/jobs
Moov Pool Products,rippling,moov-pool-products,https://ats.rippling.com/moov-pool-products/jobs
Morales Beverage Group of Texas,rippling,mexcor,https://ats.rippling.com/mexcor/jobs
Morris & Dickson,rippling,mdjobboard,https://ats.rippling.com/mdjobboard/jobs
Morton Wealth,rippling,morton-wealth,https://ats.rippling.com/morton-wealth/jobs
Motion,rippling,motion,https://ats.rippling.com/motion/jobs
"Motive Power, Inc.",rippling,motive-power-careers,https://ats.rippling.com/motive-power-careers/jobs
Motivo,rippling,motivo,https://ats.rippling.com/motivo/jobs
MOTOWN HISTORICAL MUSEUM INC,rippling,motown-museum-employment,https://ats.rippling.com/motown-museum-employment/jobs
Moving Proz,rippling,moving-proz,https://ats.rippling.com/moving-proz/jobs
MoxiWorks,rippling,moxiworks-careers,https://ats.rippling.com/moxiworks-careers/jobs
Mozn,rippling,mozn-ai,https://ats.rippling.com/mozn-ai/jobs
MSM Inc.,rippling,msm,https://ats.rippling.com/msm/jobs
Mspark,rippling,mspark-careers,https://ats.rippling.com/mspark-careers/jobs
Muchacho,rippling,muchacho,https://ats.rippling.com/muchacho/jobs
Muir Tapes & Adhesives,rippling,opportunities,https://ats.rippling.com/opportunities/jobs
Multidisciplinary Association For Psychedelic Studies,rippling,maps,https://ats.rippling.com/maps/jobs
Multigate,rippling,multigate,https://ats.rippling.com/multigate/jobs
Multiplayer,rippling,multiplayer-studio,https://ats.rippling.com/multiplayer-studio/jobs
Muth Electric Inc,rippling,muth-electric-inc,https://ats.rippling.com/muth-electric-inc/jobs
MVL USA Inc,rippling,mvl-usa-inc,https://ats.rippling.com/mvl-usa-inc/jobs
MyBeacon Services Inc,rippling,mybeacon,https://ats.rippling.com/mybeacon/jobs
"myDNA, Inc.",rippling,mydnainc,https://ats.rippling.com/mydnainc/jobs
myKaarma,rippling,mykaarma,https://ats.rippling.com/mykaarma/jobs
MyMenopauseRx,rippling,mymenopauserx,https://ats.rippling.com/mymenopauserx/jobs
"MyndBridge, Inc.",rippling,mb-careers,https://ats.rippling.com/mb-careers/jobs
MyPlanAdvocate,rippling,myplanadvocate,https://ats.rippling.com/myplanadvocate/jobs
Mytra,rippling,mytra,https://ats.rippling.com/mytra/jobs
N3XT Inc.,rippling,n3xt-jobs,https://ats.rippling.com/n3xt-jobs/jobs
NACA Inspired Schools Network,rippling,nisn,https://ats.rippling.com/nisn/jobs
NanoVation Therapeutics,rippling,nanovation-careers,https://ats.rippling.com/nanovation-careers/jobs
Nassau County District Attorney,rippling,nassauda,https://ats.rippling.com/nassauda/jobs
National Academy for State Health Policy,rippling,national-academy-for-state-health-policy,https://ats.rippling.com/national-academy-for-state-health-policy/jobs
National Association for Healthcare Quality,rippling,nahq,https://ats.rippling.com/nahq/jobs
National Democratic Institute for International Affairs,rippling,ndi_careers,https://ats.rippling.com/ndi_careers/jobs
National Water Services,rippling,nws,https://ats.rippling.com/nws/jobs
National Women's Soccer League,rippling,nwsl,https://ats.rippling.com/nwsl/jobs
Native Village of Eyak,rippling,nve,https://ats.rippling.com/nve/jobs
NatureServe,rippling,natureservecareers,https://ats.rippling.com/natureservecareers/jobs
NAXO,rippling,naxo,https://ats.rippling.com/naxo/jobs
NCCO,rippling,ncco,https://ats.rippling.com/ncco/jobs
NCD,rippling,ncd,https://ats.rippling.com/ncd/jobs
NCheng LLP,rippling,ncheng,https://ats.rippling.com/ncheng/jobs
NCS Engineers,rippling,ncs-engineers,https://ats.rippling.com/ncs-engineers/jobs
Nectir,rippling,nectir,https://ats.rippling.com/nectir/jobs
NeonPixel,rippling,neonpixel,https://ats.rippling.com/neonpixel/jobs
NeoSigma,rippling,neosigma,https://ats.rippling.com/neosigma/jobs
Nerdio,rippling,nerdio-careers,https://ats.rippling.com/nerdio-careers/jobs
NERv Technology Inc. D.B.A. FluidAI Medical,rippling,fluidai-medical-careers,https://ats.rippling.com/fluidai-medical-careers/jobs
"Nest Collaborative Nursing and Lactation Services, PC",rippling,nest-collaborative-nursing,https://ats.rippling.com/nest-collaborative-nursing/jobs
nesto,rippling,nesto,https://ats.rippling.com/nesto/jobs
Nesto Cloud,rippling,nestocloud,https://ats.rippling.com/nestocloud/jobs
Nesto Group(e),rippling,nestogroup,https://ats.rippling.com/nestogroup/jobs
"Net at Work, LLC",rippling,netatwork,https://ats.rippling.com/netatwork/jobs
NetNut,rippling,netnut,https://ats.rippling.com/netnut/jobs
Netrality Data Centers,rippling,netrality-careers,https://ats.rippling.com/netrality-careers/jobs
Netrio,rippling,netrio,https://ats.rippling.com/netrio/jobs
Netwrix Corporation,rippling,netwrix-corporation,https://ats.rippling.com/netwrix-corporation/jobs
"Neuronetics, Inc. / Greenbrook Mental Wellness Centers",rippling,careers-neuronetics,https://ats.rippling.com/careers-neuronetics/jobs
New England Security,rippling,nesa,https://ats.rippling.com/nesa/jobs
New Left Accelerator and The Capacity Shop,rippling,nla-tcs,https://ats.rippling.com/nla-tcs/jobs
New Life Ranch,rippling,new-life-ranch,https://ats.rippling.com/new-life-ranch/jobs
"New Reach Careers, LLC",rippling,newreacheducation,https://ats.rippling.com/newreacheducation/jobs
Newbridge Marketing,rippling,newbridge-marketing,https://ats.rippling.com/newbridge-marketing/jobs
"NewUni, Inc.",rippling,newuni-careers,https://ats.rippling.com/newuni-careers/jobs
Nexcess,rippling,nexcess,https://ats.rippling.com/nexcess/jobs
Nextech,rippling,nextech,https://ats.rippling.com/nextech/jobs
Nice,rippling,nice,https://ats.rippling.com/nice/jobs
NikoHealth,rippling,nikohealth,https://ats.rippling.com/nikohealth/jobs
Ninety,rippling,ninety,https://ats.rippling.com/ninety/jobs
Niron Magnetics,rippling,niron,https://ats.rippling.com/niron/jobs
Nivo Solar LLC,rippling,nivo-solar,https://ats.rippling.com/nivo-solar/jobs
NOCD,rippling,nocd,https://ats.rippling.com/nocd/jobs
"Nodecraft, Inc.",rippling,nodecraft,https://ats.rippling.com/nodecraft/jobs
nok,rippling,nokrecommerce,https://ats.rippling.com/nokrecommerce/jobs
Nomad,rippling,nomad,https://ats.rippling.com/nomad/jobs
Nomad Transportable Power Systems,rippling,nomad-careers,https://ats.rippling.com/nomad-careers/jobs
Nomni,rippling,nomni,https://ats.rippling.com/nomni/jobs
Nookly,rippling,swe,https://ats.rippling.com/swe/jobs
North Point Hospitality,rippling,north-point-hospitality,https://ats.rippling.com/north-point-hospitality/jobs
Northeastern Aviation Corp.,rippling,neajets,https://ats.rippling.com/neajets/jobs
Northern Montana Hospital,rippling,northern-montana-hospital,https://ats.rippling.com/northern-montana-hospital/jobs
Northwest Portland Area Indian Health Board,rippling,npaihb,https://ats.rippling.com/npaihb/jobs
Norway Health Center,rippling,mhpmhrw,https://ats.rippling.com/mhpmhrw/jobs
Novata,rippling,novata,https://ats.rippling.com/novata/jobs
Novella,rippling,novella,https://ats.rippling.com/novella/jobs
Novellus Living LLC,rippling,novellus-careers,https://ats.rippling.com/novellus-careers/jobs
Noviam Inc.,rippling,noviam,https://ats.rippling.com/noviam/jobs
Nox Health,rippling,nox-health,https://ats.rippling.com/nox-health/jobs
Nox Medical,rippling,nox-medical,https://ats.rippling.com/nox-medical/jobs
"Noël Group, LLC",rippling,nomacoinc,https://ats.rippling.com/nomacoinc/jobs
Nucleus Biologics,rippling,nucleus-biologics-careers,https://ats.rippling.com/nucleus-biologics-careers/jobs
Nuovo Photography,rippling,nuovo,https://ats.rippling.com/nuovo/jobs
"Nylas, Inc.",rippling,nylas,https://ats.rippling.com/nylas/jobs
O(1) Labs Operating Corporation,rippling,o1-labs-operating-corporation,https://ats.rippling.com/o1-labs-operating-corporation/jobs
O3 Solutions,rippling,o3-solutions,https://ats.rippling.com/o3-solutions/jobs
Oasis Solutions,rippling,oasissolutions,https://ats.rippling.com/oasissolutions/jobs
Obie,rippling,obie,https://ats.rippling.com/obie/jobs
"OBR Cooling Towers, LLC",rippling,obr,https://ats.rippling.com/obr/jobs
"Occidental Roofing, LLC",rippling,occidentalroofing,https://ats.rippling.com/occidentalroofing/jobs
Ocean Discovery Institute,rippling,ocean-discovery-institute,https://ats.rippling.com/ocean-discovery-institute/jobs
Ocean Solutions,rippling,oceansls,https://ats.rippling.com/oceansls/jobs
Octasic Inc.,rippling,octasic-inc,https://ats.rippling.com/octasic-inc/jobs
"OddBytes, LLC",rippling,oddbytes-llc,https://ats.rippling.com/oddbytes-llc/jobs
Odyssey,rippling,odyssey,https://ats.rippling.com/odyssey/jobs
Oguz Law,rippling,oguz-law,https://ats.rippling.com/oguz-law/jobs
Ohio Ordnance Works,rippling,oow-careers,https://ats.rippling.com/oow-careers/jobs
"OMG Commerce, LLC",rippling,omg,https://ats.rippling.com/omg/jobs
Omninet Capital LLC,rippling,omninet-property-management,https://ats.rippling.com/omninet-property-management/jobs
On Belay Health Solutions,rippling,obhs-careers,https://ats.rippling.com/obhs-careers/jobs
"On Point Holdings, LLC",rippling,on-point-holdings-llc,https://ats.rippling.com/on-point-holdings-llc/jobs
ONE8T Wellness Basecamp,rippling,one8t-wellness-basecamp,https://ats.rippling.com/one8t-wellness-basecamp/jobs
OneOrigin,rippling,oneorigin,https://ats.rippling.com/oneorigin/jobs
"Onepak, Inc.",rippling,onepak-inc,https://ats.rippling.com/onepak-inc/jobs
OnePet,rippling,onepet,https://ats.rippling.com/onepet/jobs
Onescreen,rippling,onescreenai,https://ats.rippling.com/onescreenai/jobs
OneVest,rippling,onevest,https://ats.rippling.com/onevest/jobs
Onfleet,rippling,onfleet-careers,https://ats.rippling.com/onfleet-careers/jobs
OnSite Medical Solutions LLC,rippling,oms,https://ats.rippling.com/oms/jobs
OnTrack Communications LLC,rippling,ontrackcommunications,https://ats.rippling.com/ontrackcommunications/jobs
Onward,rippling,onward,https://ats.rippling.com/onward/jobs
Onware,rippling,onware,https://ats.rippling.com/onware/jobs
OnX,rippling,onx,https://ats.rippling.com/onx/jobs
Onyx CenterSource,rippling,onyxcentersource,https://ats.rippling.com/onyxcentersource/jobs
Open Government Partnership,rippling,ogp,https://ats.rippling.com/ogp/jobs
Opendoor,rippling,opendoor,https://ats.rippling.com/opendoor/jobs
OpenNetworks,rippling,opennetworks,https://ats.rippling.com/opennetworks/jobs
Opiniion,rippling,opiniion,https://ats.rippling.com/opiniion/jobs
Opinion Focus Panel LLC,rippling,ofp,https://ats.rippling.com/ofp/jobs
Opportunities with Joe Hill Consulting Engineers,rippling,jhcecareers,https://ats.rippling.com/jhcecareers/jobs
"Opportunities, Inc.",rippling,opportunities-inc,https://ats.rippling.com/opportunities-inc/jobs
Opportunity at Work,rippling,ow-careers,https://ats.rippling.com/ow-careers/jobs
Optigon,rippling,optigon,https://ats.rippling.com/optigon/jobs
Optilogic,rippling,optilogic,https://ats.rippling.com/optilogic/jobs
"Orange Barrel Media, LLC",rippling,orange-barrel-media,https://ats.rippling.com/orange-barrel-media/jobs
Orbit Fab,rippling,orbitfab,https://ats.rippling.com/orbitfab/jobs
Orbital Operations,rippling,orbital-operations,https://ats.rippling.com/orbital-operations/jobs
Orchestry Software,rippling,orchestry-software-inc,https://ats.rippling.com/orchestry-software-inc/jobs
Order.co,rippling,orderco,https://ats.rippling.com/orderco/jobs
Orderly Wellness Corp,rippling,orderly-wellness,https://ats.rippling.com/orderly-wellness/jobs
Origin Financial,rippling,useorigin,https://ats.rippling.com/useorigin/jobs
Orion180 Insurance Services LLC,rippling,orion180,https://ats.rippling.com/orion180/jobs
OrthoAtlanta,rippling,orthoatlanta,https://ats.rippling.com/orthoatlanta/jobs
Orthofeet Inc,rippling,orthofeet,https://ats.rippling.com/orthofeet/jobs
OrthoFi,rippling,orthofi-open-roles,https://ats.rippling.com/orthofi-open-roles/jobs
OrthoPediatrics,rippling,orthopediatrics,https://ats.rippling.com/orthopediatrics/jobs
OS National,rippling,osn,https://ats.rippling.com/osn/jobs
Outbuild Technologies Inc,rippling,outbuild-technologies-inc,https://ats.rippling.com/outbuild-technologies-inc/jobs
"OutMatch, Inc.",rippling,careers-at-harver,https://ats.rippling.com/careers-at-harver/jobs
Overland AI,rippling,overland-ai,https://ats.rippling.com/overland-ai/jobs
OWC,rippling,owc,https://ats.rippling.com/owc/jobs
Owlet,rippling,owlet,https://ats.rippling.com/owlet/jobs
Oxbridge Health,rippling,oxbridge-health,https://ats.rippling.com/oxbridge-health/jobs
Pace,rippling,pace,https://ats.rippling.com/pace/jobs
Pacific Exteriors LLC,rippling,pacific-exteriors-llc,https://ats.rippling.com/pacific-exteriors-llc/jobs
Pacifica Christian High School - Orange County,rippling,pacifica-christian,https://ats.rippling.com/pacifica-christian/jobs
Packback Inc,rippling,packback-careers,https://ats.rippling.com/packback-careers/jobs
Packetlabs,rippling,packetlabs,https://ats.rippling.com/packetlabs/jobs
Padel Haus,rippling,padel-haus,https://ats.rippling.com/padel-haus/jobs
Page Insurance,rippling,page-insurance-careers,https://ats.rippling.com/page-insurance-careers/jobs
"Palomar Holdings, Inc.",rippling,plmrcareers,https://ats.rippling.com/plmrcareers/jobs
Pani,rippling,pani,https://ats.rippling.com/pani/jobs
Panorama Insurance Associates,rippling,panorama,https://ats.rippling.com/panorama/jobs
Panthera Corporation,rippling,panthera-careers,https://ats.rippling.com/panthera-careers/jobs
Paper Education America Inc.,rippling,paper-careers,https://ats.rippling.com/paper-careers/jobs
Paradise Media LLC,rippling,paradise-media-recruitment,https://ats.rippling.com/paradise-media-recruitment/jobs
Parallax Strategic Services,rippling,parallax,https://ats.rippling.com/parallax/jobs
Paramount Recovery Service Inc,rippling,paramount,https://ats.rippling.com/paramount/jobs
"ParentSquare, Inc",rippling,parentsquare,https://ats.rippling.com/parentsquare/jobs
ParTee Shack | Battle & Birdie,rippling,pts-bb,https://ats.rippling.com/pts-bb/jobs
PartnerCo,rippling,partnerco,https://ats.rippling.com/partnerco/jobs
Partnership on AI,rippling,pai-job-board,https://ats.rippling.com/pai-job-board/jobs
"Pasona N A, Inc.",rippling,pna-internal,https://ats.rippling.com/pna-internal/jobs
Pathfinder Consultants LLC,rippling,pathfinder-consultants-llc,https://ats.rippling.com/pathfinder-consultants-llc/jobs
Pathos,rippling,pathos,https://ats.rippling.com/pathos/jobs
PatientFi,rippling,patientfi,https://ats.rippling.com/patientfi/jobs
PatientNow,rippling,patientnow,https://ats.rippling.com/patientnow/jobs
"Patriot Erectors, LLC.",rippling,patriot-erectors-llc,https://ats.rippling.com/patriot-erectors-llc/jobs
"Patriot Trinity, LLC.",rippling,patriot-trinity-llc,https://ats.rippling.com/patriot-trinity-llc/jobs
Paubox,rippling,paubox-careers,https://ats.rippling.com/paubox-careers/jobs
"Pax Andromeda, Inc.",rippling,board,https://ats.rippling.com/board/jobs
PAXAFE INC,rippling,paxafe,https://ats.rippling.com/paxafe/jobs
PDQ,rippling,pdq,https://ats.rippling.com/pdq/jobs
PDW,rippling,pdwcareers,https://ats.rippling.com/pdwcareers/jobs
Peach Finance,rippling,peach-finance,https://ats.rippling.com/peach-finance/jobs
Peak Power Inc.,rippling,peak-power-careers,https://ats.rippling.com/peak-power-careers/jobs
Peakhealth AI Inc,rippling,peakhealth-ai,https://ats.rippling.com/peakhealth-ai/jobs
Pear Suite,rippling,pear-suites-career-page,https://ats.rippling.com/pear-suites-career-page/jobs
Pearl,rippling,careers-at-pearl,https://ats.rippling.com/careers-at-pearl/jobs
Pearson Peterbilt Group,rippling,peterbilt-of-atlanta,https://ats.rippling.com/peterbilt-of-atlanta/jobs
Peel Addiction Assessment And Referral Centre,rippling,paarc-employment,https://ats.rippling.com/paarc-employment/jobs
Peer Supply,rippling,peer-supply,https://ats.rippling.com/peer-supply/jobs
Pen Manufacturing,rippling,pen-manufacturing,https://ats.rippling.com/pen-manufacturing/jobs
Pendulum Intelligence,rippling,pendulum-intelligence-jobs,https://ats.rippling.com/pendulum-intelligence-jobs/jobs
"Pendulum Systems, Inc",rippling,pendulum-jobs,https://ats.rippling.com/pendulum-jobs/jobs
Penguin Ai,rippling,penguin-ai,https://ats.rippling.com/penguin-ai/jobs
PeopleGrove Inc.,rippling,peoplegrove,https://ats.rippling.com/peoplegrove/jobs
Pepsi of Worcester & Windham,rippling,pepsi,https://ats.rippling.com/pepsi/jobs
PerchPeek,rippling,perchpeek-careers,https://ats.rippling.com/perchpeek-careers/jobs
Perfecting Peds,rippling,perfecting-peds,https://ats.rippling.com/perfecting-peds/jobs
"Performance Systems Development of NY, LLC",rippling,performance-systems-development-of-ny-llc,https://ats.rippling.com/performance-systems-development-of-ny-llc/jobs
Perle,rippling,perle,https://ats.rippling.com/perle/jobs
PersonalRX,rippling,personalrx,https://ats.rippling.com/personalrx/jobs
Personify,rippling,personifycorp,https://ats.rippling.com/personifycorp/jobs
Pet Screening,rippling,pet-screening-job-board,https://ats.rippling.com/pet-screening-job-board/jobs
"Peter Pennoyer Architects, D.P.C.",rippling,ppa,https://ats.rippling.com/ppa/jobs
Peterborough Utilities,rippling,pug-careers,https://ats.rippling.com/pug-careers/jobs
Petersen Automotive Museum,rippling,petersen-automotive-museum,https://ats.rippling.com/petersen-automotive-museum/jobs
Petfolk,rippling,petfolk,https://ats.rippling.com/petfolk/jobs
Petrelli Previtera,rippling,petrelli-previtera,https://ats.rippling.com/petrelli-previtera/jobs
Pets in Need,rippling,pets-in-need,https://ats.rippling.com/pets-in-need/jobs
"Phaedon, LLC",rippling,wearephaedon,https://ats.rippling.com/wearephaedon/jobs
Phase2,rippling,phase2-careers,https://ats.rippling.com/phase2-careers/jobs
Piedmont Global,rippling,pgcareers,https://ats.rippling.com/pgcareers/jobs
Pimlico Group LLC,rippling,pimlico-capital,https://ats.rippling.com/pimlico-capital/jobs
Piranha Games,rippling,pgicareers,https://ats.rippling.com/pgicareers/jobs
"PlanHub, Inc.",rippling,planhub-inc,https://ats.rippling.com/planhub-inc/jobs
Plantible Foods,rippling,plantiblefoods,https://ats.rippling.com/plantiblefoods/jobs
Plaquemines Community C.A.R.E. Centers Foundation,rippling,pcccf,https://ats.rippling.com/pcccf/jobs
Plexus,rippling,plexus,https://ats.rippling.com/plexus/jobs
pmtbox,rippling,pmtbox,https://ats.rippling.com/pmtbox/jobs
"Poggio Labs, Inc.",rippling,poggio,https://ats.rippling.com/poggio/jobs
PopStroke Holdings LLC,rippling,popstroke-job-board-1924,https://ats.rippling.com/popstroke-job-board-1924/jobs
Porter,rippling,porter,https://ats.rippling.com/porter/jobs
"Portside, Inc.",rippling,portside,https://ats.rippling.com/portside/jobs
Potomac,rippling,potomac,https://ats.rippling.com/potomac/jobs
"Power TakeOff, Inc.",rippling,power-takeoff-careers,https://ats.rippling.com/power-takeoff-careers/jobs
Powerhouse Recycling,rippling,powerhouse-recycling,https://ats.rippling.com/powerhouse-recycling/jobs
Pozez Jewish Community Center of Northern Virginia,rippling,pozez-jewish-community-center-of-northern-virginia,https://ats.rippling.com/pozez-jewish-community-center-of-northern-virginia/jobs
Practifi,rippling,practifi,https://ats.rippling.com/practifi/jobs
Pragma & FirstLook,rippling,pragma,https://ats.rippling.com/pragma/jobs
Praia Health,rippling,praia-health,https://ats.rippling.com/praia-health/jobs
Praos Smart Security,rippling,praos-smart-security,https://ats.rippling.com/praos-smart-security/jobs
"Precedent, LLC",rippling,precedent-llc,https://ats.rippling.com/precedent-llc/jobs
Predictive Text Labs,rippling,ptl,https://ats.rippling.com/ptl/jobs
Prepory Coaching Group LLC,rippling,prepory,https://ats.rippling.com/prepory/jobs
PreVeil Inc,rippling,preveil,https://ats.rippling.com/preveil/jobs
Preventive,rippling,preventive-medicine,https://ats.rippling.com/preventive-medicine/jobs
Primary.Health,rippling,primary-diagnostics-inc,https://ats.rippling.com/primary-diagnostics-inc/jobs
Primavera,rippling,primavera,https://ats.rippling.com/primavera/jobs
Primavera Foundation,rippling,primavera-careers,https://ats.rippling.com/primavera-careers/jobs
Prime Security,rippling,primesecurity,https://ats.rippling.com/primesecurity/jobs
PrimeRx,rippling,primerx,https://ats.rippling.com/primerx/jobs
Primrose Retirement Communities,rippling,prc,https://ats.rippling.com/prc/jobs
Princess Polly,rippling,princesspolly,https://ats.rippling.com/princesspolly/jobs
Priorities USA,rippling,priorities,https://ats.rippling.com/priorities/jobs
"Prisma Data, Inc.",rippling,prisma-careers,https://ats.rippling.com/prisma-careers/jobs
Pro-Vizion,rippling,pro-vizion,https://ats.rippling.com/pro-vizion/jobs
ProcessUnity,rippling,processunity,https://ats.rippling.com/processunity/jobs
ProCogia,rippling,procogia,https://ats.rippling.com/procogia/jobs
Product Insight,rippling,product-insight,https://ats.rippling.com/product-insight/jobs
ProFarm,rippling,profarm,https://ats.rippling.com/profarm/jobs
ProFormance Builder Solutions,rippling,proformance-builder-solutions,https://ats.rippling.com/proformance-builder-solutions/jobs
Programa,rippling,programa,https://ats.rippling.com/programa/jobs
Progressive Automations,rippling,progressive-automations,https://ats.rippling.com/progressive-automations/jobs
Project Access Inc,rippling,project-access-jobs,https://ats.rippling.com/project-access-jobs/jobs
"Project Resources Group, Inc.",rippling,prg,https://ats.rippling.com/prg/jobs
Prokeep,rippling,prokeep,https://ats.rippling.com/prokeep/jobs
Pronghorn Initiative Holdings LLC,rippling,pronghorn-careers,https://ats.rippling.com/pronghorn-careers/jobs
"Propelled Brands Franchising, LLC",rippling,propelledbrands,https://ats.rippling.com/propelledbrands/jobs
Propellic,rippling,propellic,https://ats.rippling.com/propellic/jobs
Proper Voltage,rippling,proper-voltage,https://ats.rippling.com/proper-voltage/jobs
ProShop ERP,rippling,proshop,https://ats.rippling.com/proshop/jobs
Protect Life Michigan,rippling,protect-life-careers,https://ats.rippling.com/protect-life-careers/jobs
"ProwlerPro, Inc.",rippling,prowler,https://ats.rippling.com/prowler/jobs
PRR,rippling,prr,https://ats.rippling.com/prr/jobs
Prudentia Sciences,rippling,prudentia-sciences,https://ats.rippling.com/prudentia-sciences/jobs
"Psomagen, Inc.",rippling,psomagen,https://ats.rippling.com/psomagen/jobs
PTMA Financial Solutions,rippling,ptmacareers,https://ats.rippling.com/ptmacareers/jobs
Public Servants,rippling,public-servants,https://ats.rippling.com/public-servants/jobs
Pulitzer Center on Crisis Reporting,rippling,the-pulitzer-center-on-crisis-reporting,https://ats.rippling.com/the-pulitzer-center-on-crisis-reporting/jobs
PurposeEnergy LLC,rippling,careers-with-purpose,https://ats.rippling.com/careers-with-purpose/jobs
Pythian,rippling,pythian,https://ats.rippling.com/pythian/jobs
Qalam,rippling,qalamcareers,https://ats.rippling.com/qalamcareers/jobs
QE Solar,rippling,qesolar,https://ats.rippling.com/qesolar/jobs
Qoria,rippling,qoria,https://ats.rippling.com/qoria/jobs
"Qu Pos, Inc.",rippling,qu-careers,https://ats.rippling.com/qu-careers/jobs
Quadrant Strategies,rippling,quadrant-strategies,https://ats.rippling.com/quadrant-strategies/jobs
Quality Tank Solutions,rippling,quality-tank-solutions,https://ats.rippling.com/quality-tank-solutions/jobs
QualSights,rippling,qualsights,https://ats.rippling.com/qualsights/jobs
Quantaco,rippling,quantaco,https://ats.rippling.com/quantaco/jobs
Quantum Fulfillment Services,rippling,quprod,https://ats.rippling.com/quprod/jobs
Quantum Industrial Services,rippling,vo-brothers-mechanical,https://ats.rippling.com/vo-brothers-mechanical/jobs
Quartermaster,rippling,quartermaster,https://ats.rippling.com/quartermaster/jobs
Quartile,rippling,careers-quartile,https://ats.rippling.com/careers-quartile/jobs
Quavo,rippling,quavo-inc,https://ats.rippling.com/quavo-inc/jobs
QuotaPath,rippling,quotapath,https://ats.rippling.com/quotapath/jobs
QUOTEWELL INC,rippling,quotewell,https://ats.rippling.com/quotewell/jobs
"R2 Technologies, Inc.",rippling,r2,https://ats.rippling.com/r2/jobs
Rabot Energy,rippling,rabot-energy,https://ats.rippling.com/rabot-energy/jobs
Radian Generation,rippling,radian-generation,https://ats.rippling.com/radian-generation/jobs
RADICL,rippling,radicl-defense,https://ats.rippling.com/radicl-defense/jobs
Rain AI,rippling,rain,https://ats.rippling.com/rain/jobs
Rainey Property Management,rippling,rainey-careers,https://ats.rippling.com/rainey-careers/jobs
RALLY,rippling,wearerally,https://ats.rippling.com/wearerally/jobs
Rally by Relentless,rippling,relentless,https://ats.rippling.com/relentless/jobs
Rallyware Inc.,rippling,rallyware-careers,https://ats.rippling.com/rallyware-careers/jobs
Ramona,rippling,ramona,https://ats.rippling.com/ramona/jobs
"Rancho BioSciences, LLC",rippling,rancho-biosciences,https://ats.rippling.com/rancho-biosciences/jobs
Range Printing,rippling,rangeprinting,https://ats.rippling.com/rangeprinting/jobs
Raptor Maps,rippling,raptor-maps-inc,https://ats.rippling.com/raptor-maps-inc/jobs
Rare Carat Inc,rippling,rarecarat-career,https://ats.rippling.com/rarecarat-career/jobs
Raydiant,rippling,raydiant-careers,https://ats.rippling.com/raydiant-careers/jobs
RBmedia,rippling,rbmediacareers,https://ats.rippling.com/rbmediacareers/jobs
RCX Sports,rippling,rcx-sports,https://ats.rippling.com/rcx-sports/jobs
RE Partners Consulting LLC,rippling,jobboard,https://ats.rippling.com/jobboard/jobs
Reailize,rippling,reailizecareers,https://ats.rippling.com/reailizecareers/jobs
Real Capital Solutions,rippling,real-capital-solutions-careers,https://ats.rippling.com/real-capital-solutions-careers/jobs
Realm Health,rippling,tvp,https://ats.rippling.com/tvp/jobs
RealWork,rippling,realwork,https://ats.rippling.com/realwork/jobs
Rearc,rippling,rearc,https://ats.rippling.com/rearc/jobs
Rebel Athletic LLC,rippling,rebel-athletic,https://ats.rippling.com/rebel-athletic/jobs
Rebound,rippling,rebound,https://ats.rippling.com/rebound/jobs
Rebrandly,rippling,rebrandly,https://ats.rippling.com/rebrandly/jobs
Recom,rippling,recom-careers,https://ats.rippling.com/recom-careers/jobs
Recompose,rippling,recompose,https://ats.rippling.com/recompose/jobs
Recycle Track Systems,rippling,rts-careers,https://ats.rippling.com/rts-careers/jobs
Red Aspen,rippling,redaspen-careers,https://ats.rippling.com/redaspen-careers/jobs
Red Bay Coffee Company,rippling,redbaycoffeecareers,https://ats.rippling.com/redbaycoffeecareers/jobs
RedBlack,rippling,redblack,https://ats.rippling.com/redblack/jobs
Redeemer Brooklyn,rippling,redeemer-presbyterian-church-brooklyn,https://ats.rippling.com/redeemer-presbyterian-church-brooklyn/jobs
Redeemer City to City,rippling,redeemer-city-to-city,https://ats.rippling.com/redeemer-city-to-city/jobs
Redeemer Counseling,rippling,redeemer-counseling,https://ats.rippling.com/redeemer-counseling/jobs
Redeemer Downtown,rippling,redeemer-presbyterian-church-downtown,https://ats.rippling.com/redeemer-presbyterian-church-downtown/jobs
Redeemer East Harlem,rippling,redeemer-presbyterian-church-east-harlem,https://ats.rippling.com/redeemer-presbyterian-church-east-harlem/jobs
Redeemer Presbyterian Church East Side,rippling,rpc_east_side,https://ats.rippling.com/rpc_east_side/jobs
Redeemer Presbyterian Church Lincoln Square,rippling,redeemer-presbyterian-church-lsq,https://ats.rippling.com/redeemer-presbyterian-church-lsq/jobs
Redeemer Presbyterian Church West Side,rippling,rpc_west_side,https://ats.rippling.com/rpc_west_side/jobs
"Redeemers Group, Inc.",rippling,careers-at-redeemers-group,https://ats.rippling.com/careers-at-redeemers-group/jobs
Redford Center,rippling,redford-center,https://ats.rippling.com/redford-center/jobs
Redirect Health Inc,rippling,redirect-health-careers,https://ats.rippling.com/redirect-health-careers/jobs
Redwood,rippling,redwood,https://ats.rippling.com/redwood/jobs
Reebelo,rippling,reebelo,https://ats.rippling.com/reebelo/jobs
Refine Labs,rippling,refine-labs,https://ats.rippling.com/refine-labs/jobs
Regent Surgical Health,rippling,regent-surgical-careers,https://ats.rippling.com/regent-surgical-careers/jobs
Reivernet Group of Companies,rippling,rgc-careers-page,https://ats.rippling.com/rgc-careers-page/jobs
Relo Metrics,rippling,relo-metrics-careers,https://ats.rippling.com/relo-metrics-careers/jobs
Rely Health,rippling,rely-health,https://ats.rippling.com/rely-health/jobs
Remedy Place,rippling,remedy-place-careers,https://ats.rippling.com/remedy-place-careers/jobs
Remember Me Senior Care,rippling,careers,https://ats.rippling.com/careers/jobs
Remote Legal,rippling,remote-legal,https://ats.rippling.com/remote-legal/jobs
RentSpree,rippling,rentspree,https://ats.rippling.com/rentspree/jobs
Rentsync,rippling,rentsync_careers,https://ats.rippling.com/rentsync_careers/jobs
Rentvine LLC,rippling,rentvine,https://ats.rippling.com/rentvine/jobs
Reperio Health,rippling,reperio,https://ats.rippling.com/reperio/jobs
Reserv,rippling,reserv,https://ats.rippling.com/reserv/jobs
ResiBrands,rippling,resibrands-careers,https://ats.rippling.com/resibrands-careers/jobs
Resident Interface,rippling,resident-interface,https://ats.rippling.com/resident-interface/jobs
Resource Monitor,rippling,resourcemonitor,https://ats.rippling.com/resourcemonitor/jobs
ResourceWise,rippling,resourcewise,https://ats.rippling.com/resourcewise/jobs
"Restart, Inc.",rippling,restart-inc,https://ats.rippling.com/restart-inc/jobs
Resulting Limited,rippling,resulting-careers,https://ats.rippling.com/resulting-careers/jobs
Resurety,rippling,resurety,https://ats.rippling.com/resurety/jobs
ReUp Education,rippling,reup-education,https://ats.rippling.com/reup-education/jobs
REV Robotics,rippling,rev-robotics,https://ats.rippling.com/rev-robotics/jobs
"Revalia Bio, Inc.",rippling,revalia,https://ats.rippling.com/revalia/jobs
"Reve Labs, Inc",rippling,revv,https://ats.rippling.com/revv/jobs
Reverb,rippling,reverb-careers,https://ats.rippling.com/reverb-careers/jobs
RevHealth,rippling,revhealth,https://ats.rippling.com/revhealth/jobs
Revive HQ Inc,rippling,revive-hq-inc,https://ats.rippling.com/revive-hq-inc/jobs
Revolution Prep,rippling,revolution-prep-careers,https://ats.rippling.com/revolution-prep-careers/jobs
Revolution Space,rippling,revolutionspace,https://ats.rippling.com/revolutionspace/jobs
RevOptimal,rippling,revoptimal,https://ats.rippling.com/revoptimal/jobs
Revyse,rippling,revyse,https://ats.rippling.com/revyse/jobs
Rewiring America,rippling,rewiring-america-careers,https://ats.rippling.com/rewiring-america-careers/jobs
"RheoSense, Inc.",rippling,rheosense-inc,https://ats.rippling.com/rheosense-inc/jobs
Rhino Federated Computing,rippling,rhino-federated-computing-jobs,https://ats.rippling.com/rhino-federated-computing-jobs/jobs
Rhodian Group,rippling,rhodiangroup,https://ats.rippling.com/rhodiangroup/jobs
Rhythms,rippling,rhythms,https://ats.rippling.com/rhythms/jobs
Richmond Aesthetic Surgery,rippling,richmond-aesthetic-surgery-and-dermlounge,https://ats.rippling.com/richmond-aesthetic-surgery-and-dermlounge/jobs
RightCrowd Software Inc.,rippling,rightcrowdcareers,https://ats.rippling.com/rightcrowdcareers/jobs
RingLogix,rippling,ringlogix,https://ats.rippling.com/ringlogix/jobs
"Riot Platforms, Inc.",rippling,riot-platforms-careers,https://ats.rippling.com/riot-platforms-careers/jobs
Riparian Construction LLC,rippling,riparian-construction-llc,https://ats.rippling.com/riparian-construction-llc/jobs
Rise Air,rippling,riseair,https://ats.rippling.com/riseair/jobs
Rising Sun Center For Opportunity,rippling,rising-sun-center-for-opportunity,https://ats.rippling.com/rising-sun-center-for-opportunity/jobs
Ritual,rippling,ritual,https://ats.rippling.com/ritual/jobs
Rivet,rippling,rivet,https://ats.rippling.com/rivet/jobs
"Rivet Industries, Inc.",rippling,rivet-industries,https://ats.rippling.com/rivet-industries/jobs
"Rivia Health, Inc",rippling,rivia-health-inc,https://ats.rippling.com/rivia-health-inc/jobs
RMA Worldwide Chauffeured Transportation,rippling,rma-worldwide-chauffeured-transportation-careers-page,https://ats.rippling.com/rma-worldwide-chauffeured-transportation-careers-page/jobs
RMC,rippling,rmc,https://ats.rippling.com/rmc/jobs
RNWBL,rippling,rnwbl,https://ats.rippling.com/rnwbl/jobs
Road Rebel Entertainment Touring,rippling,road-rebel-global,https://ats.rippling.com/road-rebel-global/jobs
ROAR,rippling,roar,https://ats.rippling.com/roar/jobs
"Robbins Research International, Inc.",rippling,robbins-research-international,https://ats.rippling.com/robbins-research-international/jobs
Roberts Civil Engineering,rippling,roberts-civil-engineering-careers,https://ats.rippling.com/roberts-civil-engineering-careers/jobs
Rocket Clicks,rippling,rocket-clicks-careers,https://ats.rippling.com/rocket-clicks-careers/jobs
Rockingham Harrisonburg SPCA,rippling,rockingham-harrisonburg-spca,https://ats.rippling.com/rockingham-harrisonburg-spca/jobs
"Rohirrim, Inc",rippling,rohirrim,https://ats.rippling.com/rohirrim/jobs
"RollKall Technologies, LLC",rippling,rollkall-technologies-llc,https://ats.rippling.com/rollkall-technologies-llc/jobs
Root Insurance,rippling,joinroot,https://ats.rippling.com/joinroot/jobs
RouteGenie,rippling,routegenie,https://ats.rippling.com/routegenie/jobs
"Routeware, Inc.",rippling,routeware-careers,https://ats.rippling.com/routeware-careers/jobs
Rovia Clinical Research,rippling,rovia,https://ats.rippling.com/rovia/jobs
ROWI,rippling,rowi,https://ats.rippling.com/rowi/jobs
Royal Brass and Hose,rippling,royalbrassandhose,https://ats.rippling.com/royalbrassandhose/jobs
Royse Partners Limited,rippling,royse-partners-limited,https://ats.rippling.com/royse-partners-limited/jobs
RSA Security,rippling,rsa-security,https://ats.rippling.com/rsa-security/jobs
RStudios Inc,rippling,rstudios-inc,https://ats.rippling.com/rstudios-inc/jobs
RTS,rippling,rts,https://ats.rippling.com/rts/jobs
Rubber & Gasket Company of America,rippling,rgausa,https://ats.rippling.com/rgausa/jobs
RudderStack,rippling,rudderstack-careers,https://ats.rippling.com/rudderstack-careers/jobs
RugsUSA,rippling,rugsusa,https://ats.rippling.com/rugsusa/jobs
Rural Communities Housing Development Corporation,rippling,rural-communities-housing-development-corporation,https://ats.rippling.com/rural-communities-housing-development-corporation/jobs
RX REDEFINED INC.,rippling,rxredefined,https://ats.rippling.com/rxredefined/jobs
S Wave International Corp,rippling,disco,https://ats.rippling.com/disco/jobs
S&You Specialist Recruitment,rippling,sandyou,https://ats.rippling.com/sandyou/jobs
Sabathani Community Center,rippling,scc,https://ats.rippling.com/scc/jobs
Sable International,rippling,sable-international,https://ats.rippling.com/sable-international/jobs
Sacramento LGBT Community Center,rippling,saclgbt,https://ats.rippling.com/saclgbt/jobs
Safety Radar Inc.,rippling,safety-radar-careers,https://ats.rippling.com/safety-radar-careers/jobs
SafetyIQ,rippling,safetyiq,https://ats.rippling.com/safetyiq/jobs
"Saffire, LLC",rippling,saffire,https://ats.rippling.com/saffire/jobs
SAG-AFTRA Federal Credit Union,rippling,sag-aftra-federal-credit-union,https://ats.rippling.com/sag-aftra-federal-credit-union/jobs
"SAGA Diagnostics, Inc.",rippling,saga-diagnostics-careers,https://ats.rippling.com/saga-diagnostics-careers/jobs
Sage Health,rippling,sage-health-careers,https://ats.rippling.com/sage-health-careers/jobs
Sagent,rippling,sagent,https://ats.rippling.com/sagent/jobs
Salad Technologies,rippling,salad,https://ats.rippling.com/salad/jobs
SalesAI,rippling,salesai,https://ats.rippling.com/salesai/jobs
Saliense LLC,rippling,saliense,https://ats.rippling.com/saliense/jobs
Salus,rippling,salus-careers,https://ats.rippling.com/salus-careers/jobs
SamaCare,rippling,samacare,https://ats.rippling.com/samacare/jobs
Samara Living Inc.,rippling,samara-living-inc,https://ats.rippling.com/samara-living-inc/jobs
Samtek Inc.,rippling,samtek,https://ats.rippling.com/samtek/jobs
Sanas,rippling,sanas,https://ats.rippling.com/sanas/jobs
Sandline Global,rippling,job-openings,https://ats.rippling.com/job-openings/jobs
"Sanguine Biosciences, Inc.",rippling,sanguine-biosciences-inc,https://ats.rippling.com/sanguine-biosciences-inc/jobs
Sapient Bioanalytics,rippling,sapient-bioanalytics,https://ats.rippling.com/sapient-bioanalytics/jobs
Sarasota Arthritis Center,rippling,sarasota-arthritis-center,https://ats.rippling.com/sarasota-arthritis-center/jobs
Satisfi Labs,rippling,satisfi-labs-inc,https://ats.rippling.com/satisfi-labs-inc/jobs
Satomic,rippling,satomic,https://ats.rippling.com/satomic/jobs
"Savant Labs, Inc",rippling,savant-labs-inc,https://ats.rippling.com/savant-labs-inc/jobs
Scene Health,rippling,scene-health,https://ats.rippling.com/scene-health/jobs
Scentbird Inc,rippling,scentbird,https://ats.rippling.com/scentbird/jobs
SchoolAI,rippling,schoolai,https://ats.rippling.com/schoolai/jobs
Schubring Global Solutions,rippling,sgs,https://ats.rippling.com/sgs/jobs
Sciens Logistics,rippling,sciens-logistics,https://ats.rippling.com/sciens-logistics/jobs
Scratch,rippling,scratch-financial,https://ats.rippling.com/scratch-financial/jobs
Seamless,rippling,seamless,https://ats.rippling.com/seamless/jobs
Search Leaders,rippling,search-leaders-llc,https://ats.rippling.com/search-leaders-llc/jobs
Searchbloom,rippling,searchbloom-careers,https://ats.rippling.com/searchbloom-careers/jobs
Season,rippling,seasoncareers,https://ats.rippling.com/seasoncareers/jobs
Season Health,rippling,season-health,https://ats.rippling.com/season-health/jobs
Seattle Credit Union,rippling,seattle-credit-union-careers,https://ats.rippling.com/seattle-credit-union-careers/jobs
SecondMuse LLC,rippling,secondmuse-llc,https://ats.rippling.com/secondmuse-llc/jobs
SecondShop,rippling,secondshopcareers,https://ats.rippling.com/secondshopcareers/jobs
Secura Bio,rippling,securabio,https://ats.rippling.com/securabio/jobs
selfpublishing.com,rippling,selfpublishingcom-careers,https://ats.rippling.com/selfpublishingcom-careers/jobs
"SenesTech, Inc.",rippling,senestechcareers,https://ats.rippling.com/senestechcareers/jobs
SENNÉ,rippling,senne-open-roles,https://ats.rippling.com/senne-open-roles/jobs
Sensiba Australia PTY LTD,rippling,assurancelab-open-roles,https://ats.rippling.com/assurancelab-open-roles/jobs
Sensity,rippling,sensity,https://ats.rippling.com/sensity/jobs
Sentient Foundation,rippling,sentient,https://ats.rippling.com/sentient/jobs
Sentry Fire Protection Services,rippling,sentry,https://ats.rippling.com/sentry/jobs
SeqMatic Careers,rippling,seqmatic-careers,https://ats.rippling.com/seqmatic-careers/jobs
Sequoia Riverlands Trust,rippling,srt,https://ats.rippling.com/srt/jobs
"Service Sanitation, Inc.",rippling,servicesanitation,https://ats.rippling.com/servicesanitation/jobs
ServiceUp,rippling,serviceupcareers,https://ats.rippling.com/serviceupcareers/jobs
Sev Laser,rippling,sevlaser,https://ats.rippling.com/sevlaser/jobs
Seven Starling,rippling,seven-starling-careers,https://ats.rippling.com/seven-starling-careers/jobs
SH/FT,rippling,shift,https://ats.rippling.com/shift/jobs
Shapiro+Raj,rippling,shapiroraj,https://ats.rippling.com/shapiroraj/jobs
Sharetown,rippling,sharetown-careers,https://ats.rippling.com/sharetown-careers/jobs
Sharp Performance,rippling,sharp-performance,https://ats.rippling.com/sharp-performance/jobs
SheerID,rippling,sheerid,https://ats.rippling.com/sheerid/jobs
"SHELTER, Inc",rippling,shelter-inc,https://ats.rippling.com/shelter-inc/jobs
Shelvz,rippling,shelvz,https://ats.rippling.com/shelvz/jobs
"Shiji, US Inc.",rippling,shiji-us-careers,https://ats.rippling.com/shiji-us-careers/jobs
Shine Residential LLC,rippling,shine,https://ats.rippling.com/shine/jobs
Shipium,rippling,shipium,https://ats.rippling.com/shipium/jobs
Shodh Consulting Services,rippling,scs-job-board,https://ats.rippling.com/scs-job-board/jobs
Shooster Holdings,rippling,shooster-holdings,https://ats.rippling.com/shooster-holdings/jobs
Shuttle,rippling,shuttle,https://ats.rippling.com/shuttle/jobs
Sifted,rippling,sifted-open-jobs,https://ats.rippling.com/sifted-open-jobs/jobs
"Sight Machine, Inc.",rippling,sightmachine,https://ats.rippling.com/sightmachine/jobs
Sightline Payments LLC,rippling,sightline-payments-careers,https://ats.rippling.com/sightline-payments-careers/jobs
Signal Advisors,rippling,signaladvisors,https://ats.rippling.com/signaladvisors/jobs
"Signwarehouse, Inc.",rippling,signwarehouse,https://ats.rippling.com/signwarehouse/jobs
Silo,rippling,silo,https://ats.rippling.com/silo/jobs
"Silvaco, Inc.",rippling,silvaco-careers,https://ats.rippling.com/silvaco-careers/jobs
Silver Corporate Holdings LLC,rippling,silverassist-jobs,https://ats.rippling.com/silverassist-jobs/jobs
"Silver Creek Materials, Inc.",rippling,scm-job-board,https://ats.rippling.com/scm-job-board/jobs
Silvercrest Asset Management Group,rippling,silvercrest-asset-management-group,https://ats.rippling.com/silvercrest-asset-management-group/jobs
Simeon Global Consulting,rippling,simeon-global-consulting,https://ats.rippling.com/simeon-global-consulting/jobs
Simplex Health,rippling,simplex-health,https://ats.rippling.com/simplex-health/jobs
Simplex Wellness,rippling,simplexwellness,https://ats.rippling.com/simplexwellness/jobs
Simply Solar,rippling,simply-solar,https://ats.rippling.com/simply-solar/jobs
Singularity Defense Corp.,rippling,singularity-defense,https://ats.rippling.com/singularity-defense/jobs
SIS,rippling,indeed,https://ats.rippling.com/indeed/jobs
Skeelo,rippling,skeelo,https://ats.rippling.com/skeelo/jobs
Sketchy,rippling,sketchy,https://ats.rippling.com/sketchy/jobs
"Skift, Inc.",rippling,skiftjobs,https://ats.rippling.com/skiftjobs/jobs
Skillable,rippling,skillable-careers,https://ats.rippling.com/skillable-careers/jobs
SkillsWave LLC,rippling,skillswave,https://ats.rippling.com/skillswave/jobs
Skipify,rippling,skipify-jobs,https://ats.rippling.com/skipify-jobs/jobs
SKUTOPIA,rippling,skutopia,https://ats.rippling.com/skutopia/jobs
Skyports Limited,rippling,skyports-limited,https://ats.rippling.com/skyports-limited/jobs
SKYTRAC,rippling,skytrac,https://ats.rippling.com/skytrac/jobs
Sleuth Insights,rippling,sleuth,https://ats.rippling.com/sleuth/jobs
Smart Tech Contracting,rippling,smart-tech-contracting,https://ats.rippling.com/smart-tech-contracting/jobs
Smarthost Design Technologies LLC,rippling,smarthostjobs,https://ats.rippling.com/smarthostjobs/jobs
Smartly Technologies,rippling,smartly,https://ats.rippling.com/smartly/jobs
Smarty,rippling,smarty,https://ats.rippling.com/smarty/jobs
SMASH,rippling,smash,https://ats.rippling.com/smash/jobs
SMC - Whitewater,rippling,summerset,https://ats.rippling.com/summerset/jobs
SMC National,rippling,smcnational-careers,https://ats.rippling.com/smcnational-careers/jobs
sMedia,rippling,smedia-job-board,https://ats.rippling.com/smedia-job-board/jobs
Smokeball,rippling,smokeballcareers,https://ats.rippling.com/smokeballcareers/jobs
Snappy Kraken,rippling,snappy-kraken-careers,https://ats.rippling.com/snappy-kraken-careers/jobs
"Snow Peak USA, Inc",rippling,snow-peak-usa,https://ats.rippling.com/snow-peak-usa/jobs
Snowbird Aviation Services,rippling,snowbirdas,https://ats.rippling.com/snowbirdas/jobs
Sofive,rippling,sofive,https://ats.rippling.com/sofive/jobs
Softengine,rippling,softengine,https://ats.rippling.com/softengine/jobs
Softline Solutions,rippling,softline-solutions,https://ats.rippling.com/softline-solutions/jobs
Soleno Therapeutics Inc,rippling,soleno,https://ats.rippling.com/soleno/jobs
Solidaritus Health,rippling,solidaritus-health,https://ats.rippling.com/solidaritus-health/jobs
SOLO World Partners LLC,rippling,solojobs,https://ats.rippling.com/solojobs/jobs
Soluna,rippling,soluna-us-services-llc,https://ats.rippling.com/soluna-us-services-llc/jobs
Solv Health,rippling,solv-health,https://ats.rippling.com/solv-health/jobs
Something & Nothing,rippling,something-nothing-jobs,https://ats.rippling.com/something-nothing-jobs/jobs
Sonar Software,rippling,sonar-software,https://ats.rippling.com/sonar-software/jobs
Sosuite Inc,rippling,sosuite-inc,https://ats.rippling.com/sosuite-inc/jobs
Soteria LLC,rippling,soteria,https://ats.rippling.com/soteria/jobs
Source,rippling,source,https://ats.rippling.com/source/jobs
South Street Designs,rippling,vts-global-careers,https://ats.rippling.com/vts-global-careers/jobs
Southeast Asian Development Center,rippling,seadc,https://ats.rippling.com/seadc/jobs
Southwest Accessory Group,rippling,swag,https://ats.rippling.com/swag/jobs
"SpaceRake, Inc.",rippling,spacerake,https://ats.rippling.com/spacerake/jobs
SpangleAI,rippling,spangleai,https://ats.rippling.com/spangleai/jobs
SPARK Business Works,rippling,sparkbusinessworks,https://ats.rippling.com/sparkbusinessworks/jobs
"Sparq Holdings, Inc.",rippling,sparq,https://ats.rippling.com/sparq/jobs
SpartanX LLC,rippling,spartanx-llc,https://ats.rippling.com/spartanx-llc/jobs
Sparx Solutions,rippling,sparx-careers,https://ats.rippling.com/sparx-careers/jobs
Spearhead,rippling,spearhead-careers,https://ats.rippling.com/spearhead-careers/jobs
Special Olympics Northern California,rippling,special-olympics-northern-california,https://ats.rippling.com/special-olympics-northern-california/jobs
Speer Technologies Inc.,rippling,speer-technologies-inc,https://ats.rippling.com/speer-technologies-inc/jobs
Sperra,rippling,sperra,https://ats.rippling.com/sperra/jobs
"Sphinx ML, Inc.",rippling,sphinx-ai,https://ats.rippling.com/sphinx-ai/jobs
Splash International,rippling,splash-international,https://ats.rippling.com/splash-international/jobs
SpreeAI,rippling,spreeai,https://ats.rippling.com/spreeai/jobs
Spreee Inc.,rippling,spreee-inc,https://ats.rippling.com/spreee-inc/jobs
Spring Discovery Inc.,rippling,spring,https://ats.rippling.com/spring/jobs
Springboard Collaborative,rippling,springboard-collaborative,https://ats.rippling.com/springboard-collaborative/jobs
Sprintlaw (UK) Ltd,rippling,sprintlaw-uk-careers,https://ats.rippling.com/sprintlaw-uk-careers/jobs
Sproose Holdings Inc,rippling,alchemy-43,https://ats.rippling.com/alchemy-43/jobs
Square Roots,rippling,sqr-careers,https://ats.rippling.com/sqr-careers/jobs
Squid,rippling,squid,https://ats.rippling.com/squid/jobs
StaffRight Careers,rippling,staffrightcareers,https://ats.rippling.com/staffrightcareers/jobs
STAG,rippling,stag-careers,https://ats.rippling.com/stag-careers/jobs
"Stage Analytics, Inc",rippling,stageanalytics,https://ats.rippling.com/stageanalytics/jobs
Stambaugh Ness,rippling,stambaughness,https://ats.rippling.com/stambaughness/jobs
Stamp,rippling,stamp,https://ats.rippling.com/stamp/jobs
Stampede Studios,rippling,stampede-studios,https://ats.rippling.com/stampede-studios/jobs
Stand.earth,rippling,standearth,https://ats.rippling.com/standearth/jobs
Starcloud,rippling,starcloud,https://ats.rippling.com/starcloud/jobs
STARK Carpet,rippling,stark-carpet-corp,https://ats.rippling.com/stark-carpet-corp/jobs
Stark Industries,rippling,freshworks,https://ats.rippling.com/freshworks/jobs
STARRY,rippling,starry,https://ats.rippling.com/starry/jobs
Stat,rippling,stat,https://ats.rippling.com/stat/jobs
Stayntouch,rippling,stayntouch,https://ats.rippling.com/stayntouch/jobs
Steamroller Animation,rippling,steamroller-animation,https://ats.rippling.com/steamroller-animation/jobs
Steamroller Technologies LLC,rippling,steamroller-technologies,https://ats.rippling.com/steamroller-technologies/jobs
"Stellaromics, Inc.",rippling,stellaromics-inc,https://ats.rippling.com/stellaromics-inc/jobs
Stem School Highlands Ranch,rippling,stem-school-highlands-ranch,https://ats.rippling.com/stem-school-highlands-ranch/jobs
"Stem, Inc.",rippling,stem-inc,https://ats.rippling.com/stem-inc/jobs
Steno,rippling,steno-careers-page,https://ats.rippling.com/steno-careers-page/jobs
Sterling Capital Brokers Ltd. o/a Sterling Brokers,rippling,sterling-careers,https://ats.rippling.com/sterling-careers/jobs
"Stewart, Garcia and Rodriguez",rippling,ssss,https://ats.rippling.com/ssss/jobs
Still Austin Whiskey Co,rippling,stillaustin,https://ats.rippling.com/stillaustin/jobs
Stocktwits Inc.,rippling,stocktwits,https://ats.rippling.com/stocktwits/jobs
Storage Scholars,rippling,storage-scholars,https://ats.rippling.com/storage-scholars/jobs
Storesight,rippling,storesight,https://ats.rippling.com/storesight/jobs
StormWater Pros LLC,rippling,stormwater-pros-llc-careers,https://ats.rippling.com/stormwater-pros-llc-careers/jobs
Strategic Analytix,rippling,strategic-analytix-careers,https://ats.rippling.com/strategic-analytix-careers/jobs
Strategic Association Solutions,rippling,sas,https://ats.rippling.com/sas/jobs
"Strategic Operations, Inc.",rippling,strategic-operations-inc,https://ats.rippling.com/strategic-operations-inc/jobs
Stratus,rippling,gtp-software-inc,https://ats.rippling.com/gtp-software-inc/jobs
Strivr,rippling,strivr,https://ats.rippling.com/strivr/jobs
"Strong Technical Services, Inc.",rippling,strong-technical-services-inc,https://ats.rippling.com/strong-technical-services-inc/jobs
StructureCraft,rippling,structurecraft,https://ats.rippling.com/structurecraft/jobs
Studio Museum in Harlem,rippling,studiomuseumcareers,https://ats.rippling.com/studiomuseumcareers/jobs
StudioXID,rippling,protopie-careers,https://ats.rippling.com/protopie-careers/jobs
Studyfetch,rippling,studyfetch,https://ats.rippling.com/studyfetch/jobs
STURDY.CO,rippling,sturdy,https://ats.rippling.com/sturdy/jobs
StyleSeat,rippling,styleseat,https://ats.rippling.com/styleseat/jobs
Stylitics,rippling,styliticscareers,https://ats.rippling.com/styliticscareers/jobs
SubBase,rippling,subbase,https://ats.rippling.com/subbase/jobs
Subduxion B.V.,rippling,subduxion,https://ats.rippling.com/subduxion/jobs
Subquadratic Inc.,rippling,subq,https://ats.rippling.com/subq/jobs
Succession Resource Group,rippling,srg-careers,https://ats.rippling.com/srg-careers/jobs
"Sugar23, Inc",rippling,sugar23-inc,https://ats.rippling.com/sugar23-inc/jobs
SUGARED + BRONZED LLC,rippling,sugaredandbronzed,https://ats.rippling.com/sugaredandbronzed/jobs
SumerSports LLC,rippling,sumersports,https://ats.rippling.com/sumersports/jobs
Summer Discovery,rippling,summer-discovery,https://ats.rippling.com/summer-discovery/jobs
Summit,rippling,summit,https://ats.rippling.com/summit/jobs
"Sunco Lighting, Inc.",rippling,sunco-lighting,https://ats.rippling.com/sunco-lighting/jobs
Sundays for Dogs,rippling,sundaysfordogs,https://ats.rippling.com/sundaysfordogs/jobs
Sunlight,rippling,sunlight,https://ats.rippling.com/sunlight/jobs
Sunnymac Solar,rippling,sunnymac-careers,https://ats.rippling.com/sunnymac-careers/jobs
Super Coffee,rippling,brewing-coach-opportunities,https://ats.rippling.com/brewing-coach-opportunities/jobs
Super Steel,rippling,super-steel,https://ats.rippling.com/super-steel/jobs
Superdigital,rippling,superdigital,https://ats.rippling.com/superdigital/jobs
Supernova Technology,rippling,supernova-technology,https://ats.rippling.com/supernova-technology/jobs
Supper,rippling,supper,https://ats.rippling.com/supper/jobs
Supplier.io,rippling,supplierio,https://ats.rippling.com/supplierio/jobs
SupportPay,rippling,supportpay,https://ats.rippling.com/supportpay/jobs
SurePath AI,rippling,surepath-ai,https://ats.rippling.com/surepath-ai/jobs
Surfline,rippling,surfline,https://ats.rippling.com/surfline/jobs
Surge,rippling,surge,https://ats.rippling.com/surge/jobs
Surgical Safety Technologies Inc,rippling,sst,https://ats.rippling.com/sst/jobs
Suvida Healthcare LLC,rippling,suvida-careers,https://ats.rippling.com/suvida-careers/jobs
Sway,rippling,sway,https://ats.rippling.com/sway/jobs
SwiftComply,rippling,swiftcomply,https://ats.rippling.com/swiftcomply/jobs
"Swimlane, Inc.",rippling,swimlane,https://ats.rippling.com/swimlane/jobs
SwimOutlet,rippling,swimoutlet,https://ats.rippling.com/swimoutlet/jobs
Swingtech,rippling,swingtech-careers,https://ats.rippling.com/swingtech-careers/jobs
Switchboard,rippling,switchboard,https://ats.rippling.com/switchboard/jobs
"Swoop.com, Inc.",rippling,swoopishiring,https://ats.rippling.com/swoopishiring/jobs
Syllable Corporation,rippling,syllable-corporation,https://ats.rippling.com/syllable-corporation/jobs
SYLVIA,rippling,sylvia-jobs,https://ats.rippling.com/sylvia-jobs/jobs
Symposia,rippling,symposia,https://ats.rippling.com/symposia/jobs
Synapse Therapy Group,rippling,synapse,https://ats.rippling.com/synapse/jobs
Synteq Digital,rippling,synteq-digital,https://ats.rippling.com/synteq-digital/jobs
T-Lazy-7 Snowmobiles,rippling,tlazy7snowmobiles,https://ats.rippling.com/tlazy7snowmobiles/jobs
T2 Group,rippling,t2-flex-force,https://ats.rippling.com/t2-flex-force/jobs
T2 Tea,rippling,t2tea,https://ats.rippling.com/t2tea/jobs
TA Realty LLC,rippling,ta-realty-llc,https://ats.rippling.com/ta-realty-llc/jobs
Tactibit Technologies,rippling,tactibit,https://ats.rippling.com/tactibit/jobs
Talent 101 Inc,rippling,talent-101-inc,https://ats.rippling.com/talent-101-inc/jobs
Talent Beyond Boundaries,rippling,talent-beyond-boundaries,https://ats.rippling.com/talent-beyond-boundaries/jobs
"TalentNeuron, LLC",rippling,talentneuroncareers,https://ats.rippling.com/talentneuroncareers/jobs
"Tangible Materials, Inc.",rippling,tangible-materials-inc,https://ats.rippling.com/tangible-materials-inc/jobs
Tank Payments,rippling,tank,https://ats.rippling.com/tank/jobs
Tapi,rippling,tapi,https://ats.rippling.com/tapi/jobs
Tarteel,rippling,tarteel,https://ats.rippling.com/tarteel/jobs
Tavern Research,rippling,tavernresearch,https://ats.rippling.com/tavernresearch/jobs
"TaxSolve, Inc.",rippling,taxsolve,https://ats.rippling.com/taxsolve/jobs
TCM,rippling,tcm,https://ats.rippling.com/tcm/jobs
Teaching.com,rippling,teachingcom,https://ats.rippling.com/teachingcom/jobs
Team 1 Plastics,rippling,team1plastics,https://ats.rippling.com/team1plastics/jobs
Team Outsider,rippling,team-outsider,https://ats.rippling.com/team-outsider/jobs
TEAM.XYZ LLC,rippling,xyz-careers,https://ats.rippling.com/xyz-careers/jobs
TeamSideline.com,rippling,teamsideline-job-board,https://ats.rippling.com/teamsideline-job-board/jobs
Tech Goes Home,rippling,tech-goes-home,https://ats.rippling.com/tech-goes-home/jobs
Teifi Digital,rippling,teifi-digital,https://ats.rippling.com/teifi-digital/jobs
Telespeech Therapy Inc.,rippling,telespeech-careers,https://ats.rippling.com/telespeech-careers/jobs
Telos Partners LLC,rippling,telos,https://ats.rippling.com/telos/jobs
Tembo,rippling,tembo,https://ats.rippling.com/tembo/jobs
Tenpoint Therapeutics,rippling,tenpointtx,https://ats.rippling.com/tenpointtx/jobs
TensorWave Inc.,rippling,tensorwave,https://ats.rippling.com/tensorwave/jobs
Tensure Consulting,rippling,tensure,https://ats.rippling.com/tensure/jobs
Tequila Works,rippling,krakenbaltimore,https://ats.rippling.com/krakenbaltimore/jobs
Terminal Technologies Inc.,rippling,terminal,https://ats.rippling.com/terminal/jobs
"Ternus Lending, LLC",rippling,ternus-lending-llc,https://ats.rippling.com/ternus-lending-llc/jobs
Terradot,rippling,terradot-careers,https://ats.rippling.com/terradot-careers/jobs
"Terray Therapeutics, Inc.",rippling,terraytx,https://ats.rippling.com/terraytx/jobs
Tersus Solutions,rippling,tersus-solutions,https://ats.rippling.com/tersus-solutions/jobs
TESOLIFE US INC,rippling,tesolife-us-inc,https://ats.rippling.com/tesolife-us-inc/jobs
TEVET,rippling,tevet,https://ats.rippling.com/tevet/jobs
Texas Democratic Party,rippling,texas-democratic-party,https://ats.rippling.com/texas-democratic-party/jobs
Texicare,rippling,texicare,https://ats.rippling.com/texicare/jobs
Thanks,rippling,thanks,https://ats.rippling.com/thanks/jobs
The 33rd Team,rippling,the-33rd-team,https://ats.rippling.com/the-33rd-team/jobs
The Accel Group,rippling,the-accel-group,https://ats.rippling.com/the-accel-group/jobs
The Ad Hoc Group,rippling,ad-hoc-group,https://ats.rippling.com/ad-hoc-group/jobs
The Alpine Club of Canada,rippling,alpineclubofcanada,https://ats.rippling.com/alpineclubofcanada/jobs
The Arena Group,rippling,the-arena-group,https://ats.rippling.com/the-arena-group/jobs
The Auctus Group LLC,rippling,jointheauctusteam,https://ats.rippling.com/jointheauctusteam/jobs
The Berlin Steel Construction Company,rippling,the-berlin-steel-construction-company,https://ats.rippling.com/the-berlin-steel-construction-company/jobs
The Block,rippling,the-block,https://ats.rippling.com/the-block/jobs
The Bright Hospitality Management,rippling,the-bright-hospitality-management,https://ats.rippling.com/the-bright-hospitality-management/jobs
The Bureau Adventure Games & The Underground Gameshow,rippling,the-bureau-adventure-games,https://ats.rippling.com/the-bureau-adventure-games/jobs
The Burgmann Anglican School,rippling,burgmann,https://ats.rippling.com/burgmann/jobs
The Channel Company,rippling,the-channel-company-careers,https://ats.rippling.com/the-channel-company-careers/jobs
The Climate Center,rippling,the-climate-center,https://ats.rippling.com/the-climate-center/jobs
The Commons Health Club,rippling,thecommonshealthclub,https://ats.rippling.com/thecommonshealthclub/jobs
The Dermatology Specialists,rippling,the-dermatology-specialists,https://ats.rippling.com/the-dermatology-specialists/jobs
"The Dermot Company, LP",rippling,the-dermot-company-lp,https://ats.rippling.com/the-dermot-company-lp/jobs
The Farm & Forge Club,rippling,farmandforgeclub,https://ats.rippling.com/farmandforgeclub/jobs
The Human Reach,rippling,thehumanreach,https://ats.rippling.com/thehumanreach/jobs
The Immune Co.,rippling,the-immune-co,https://ats.rippling.com/the-immune-co/jobs
The Information,rippling,theinformation-jobs,https://ats.rippling.com/theinformation-jobs/jobs
The Learning Lamp & Ignite Education Solutions,rippling,tllignitejobs,https://ats.rippling.com/tllignitejobs/jobs
The Leonardo,rippling,the-leonardo-careers,https://ats.rippling.com/the-leonardo-careers/jobs
The Lisinski Law Firm,rippling,lisinski-law-firm,https://ats.rippling.com/lisinski-law-firm/jobs
The National Bureau of Asian Research,rippling,nbr,https://ats.rippling.com/nbr/jobs
The National Society of Leadership and Success,rippling,the-nsls-job-board,https://ats.rippling.com/the-nsls-job-board/jobs
"The Origin Way, Inc.",rippling,the-origin-way-careers,https://ats.rippling.com/the-origin-way-careers/jobs
The Pennsylvania Institute of Certified Public Accountants,rippling,picpa-careers,https://ats.rippling.com/picpa-careers/jobs
The Publisher Desk Inc,rippling,tpd-careers,https://ats.rippling.com/tpd-careers/jobs
The Redesign Group,rippling,redesigncareers,https://ats.rippling.com/redesigncareers/jobs
The Risk Advisory Group,rippling,trag-careers,https://ats.rippling.com/trag-careers/jobs
The Road Home Dane County,rippling,the-road-home-dane-county,https://ats.rippling.com/the-road-home-dane-county/jobs
The Rockwell Museum,rippling,the-rockwell-museum,https://ats.rippling.com/the-rockwell-museum/jobs
The Samaritans Cape Cod and the Islands,rippling,the-samaritans-cape-cod-and-the-islands,https://ats.rippling.com/the-samaritans-cape-cod-and-the-islands/jobs
The Shade Room,rippling,theshaderoom,https://ats.rippling.com/theshaderoom/jobs
The Shelf,rippling,the-shelf-careers,https://ats.rippling.com/the-shelf-careers/jobs
The Studio North America,rippling,the-studio-north-america,https://ats.rippling.com/the-studio-north-america/jobs
The Tech Interactive,rippling,the-tech,https://ats.rippling.com/the-tech/jobs
The Vaan Group,rippling,vaan-group,https://ats.rippling.com/vaan-group/jobs
"The Villarreal Organization, Inc",rippling,tvo,https://ats.rippling.com/tvo/jobs
"The Wonder Project, Inc.",rippling,the-wonder-project,https://ats.rippling.com/the-wonder-project/jobs
theFinanceStack,rippling,thefinancestack,https://ats.rippling.com/thefinancestack/jobs
TheGuarantors,rippling,theguarantors-open-positions,https://ats.rippling.com/theguarantors-open-positions/jobs
Therabody,rippling,therabody,https://ats.rippling.com/therabody/jobs
"Third Way Health, Inc.",rippling,virtual-front-office,https://ats.rippling.com/virtual-front-office/jobs
"Thomas Creek Woodworks, LLC",rippling,thomas-creek,https://ats.rippling.com/thomas-creek/jobs
ThreatDown,rippling,threatdown,https://ats.rippling.com/threatdown/jobs
ThreeSixtyEight,rippling,threesixtyeight,https://ats.rippling.com/threesixtyeight/jobs
"Thrive Global Holdings, Inc.",rippling,thriveglobal,https://ats.rippling.com/thriveglobal/jobs
Thrive Scholars,rippling,thrive-scholars-jobs,https://ats.rippling.com/thrive-scholars-jobs/jobs
Ticketek Entertainment Group,rippling,teg,https://ats.rippling.com/teg/jobs
Tidal Financial Group,rippling,open-roles,https://ats.rippling.com/open-roles/jobs
Tidalwave Holdings,rippling,tidalwave-holdings,https://ats.rippling.com/tidalwave-holdings/jobs
"TIKI LABS, INC.",rippling,tiki-labs-inc,https://ats.rippling.com/tiki-labs-inc/jobs
"TileDB, Inc.",rippling,tiledb-careers,https://ats.rippling.com/tiledb-careers/jobs
"Tilled, Inc.",rippling,tilledcareers,https://ats.rippling.com/tilledcareers/jobs
Timberlake Church,rippling,timberlakechurch,https://ats.rippling.com/timberlakechurch/jobs
Timberline Veterinary Emergency and Specialty,rippling,timberline,https://ats.rippling.com/timberline/jobs
Ting Labs,rippling,whisker-labs-careers,https://ats.rippling.com/whisker-labs-careers/jobs
Titan Dealer Management Solutions (DMS),rippling,titandms,https://ats.rippling.com/titandms/jobs
"Titan Secure, Inc",rippling,titan-secure-inc-usa,https://ats.rippling.com/titan-secure-inc-usa/jobs
Tive Inc,rippling,tive-careers,https://ats.rippling.com/tive-careers/jobs
Tixr,rippling,tixr,https://ats.rippling.com/tixr/jobs
TMC Group LLC,rippling,tmc-hospitality,https://ats.rippling.com/tmc-hospitality/jobs
TMG LLC,rippling,tmg-llc,https://ats.rippling.com/tmg-llc/jobs
Tombras,rippling,tombrascareers,https://ats.rippling.com/tombrascareers/jobs
TOMIS,rippling,tomis-careers,https://ats.rippling.com/tomis-careers/jobs
Tomorrow Energy Partners,rippling,tomorrow-energy-partners,https://ats.rippling.com/tomorrow-energy-partners/jobs
Toon Boom Animation,rippling,toonboom,https://ats.rippling.com/toonboom/jobs
TopDog Law LLC,rippling,topdoglaw,https://ats.rippling.com/topdoglaw/jobs
Topicflow,rippling,topicflow,https://ats.rippling.com/topicflow/jobs
TopQuadrant,rippling,topquadrant,https://ats.rippling.com/topquadrant/jobs
Toro Steel Buildings,rippling,toro-steel-buildings,https://ats.rippling.com/toro-steel-buildings/jobs
Tort Experts,rippling,tort-experts,https://ats.rippling.com/tort-experts/jobs
Torus,rippling,torus,https://ats.rippling.com/torus/jobs
Total Ancillary,rippling,total-ancillary,https://ats.rippling.com/total-ancillary/jobs
Total Synergy AEC Pty Limited,rippling,totalsynergycareers,https://ats.rippling.com/totalsynergycareers/jobs
Totango,rippling,totango,https://ats.rippling.com/totango/jobs
Touchstone Climbing,rippling,touchstone-climbing,https://ats.rippling.com/touchstone-climbing/jobs
Tournesol Siteworks,rippling,tournesol-siteworks,https://ats.rippling.com/tournesol-siteworks/jobs
TPS Talent LLC,rippling,tpstalent,https://ats.rippling.com/tpstalent/jobs
Tract,rippling,tract,https://ats.rippling.com/tract/jobs
Tract Capital,rippling,tract-capital,https://ats.rippling.com/tract-capital/jobs
Trajectory,rippling,trajectory,https://ats.rippling.com/trajectory/jobs
Tread Technologies Inc.,rippling,tread,https://ats.rippling.com/tread/jobs
Treblle,rippling,careers-treblle,https://ats.rippling.com/careers-treblle/jobs
Treehouse,rippling,treehouse-job-board,https://ats.rippling.com/treehouse-job-board/jobs
Trees for the Future,rippling,trees,https://ats.rippling.com/trees/jobs
Trellis,rippling,trellis,https://ats.rippling.com/trellis/jobs
Tri-Merit,rippling,tri-merit-job-openings,https://ats.rippling.com/tri-merit-job-openings/jobs
Triad Partners,rippling,triad-partners,https://ats.rippling.com/triad-partners/jobs
triOS College,rippling,career-opportunities-at-trios-college,https://ats.rippling.com/career-opportunities-at-trios-college/jobs
Triple,rippling,triplecareers,https://ats.rippling.com/triplecareers/jobs
Triplemoon,rippling,triplemoon,https://ats.rippling.com/triplemoon/jobs
triSearch,rippling,trisearch,https://ats.rippling.com/trisearch/jobs
"Troost Cemeteries, Inc.",rippling,troost-management-llc,https://ats.rippling.com/troost-management-llc/jobs
Tropical Smoothie Cafe,rippling,serve-hospitality-group-careers_1,https://ats.rippling.com/serve-hospitality-group-careers_1/jobs
Trove Home Care,rippling,trove-home-care,https://ats.rippling.com/trove-home-care/jobs
Troy Medicare,rippling,troy-medicare-careers,https://ats.rippling.com/troy-medicare-careers/jobs
TruCut Incorporated,rippling,trucut-incorporated-careers,https://ats.rippling.com/trucut-incorporated-careers/jobs
True Legacy Homes,rippling,jobs-in-true-legacy-homes,https://ats.rippling.com/jobs-in-true-legacy-homes/jobs
"TrueCar, Inc.",rippling,truecar,https://ats.rippling.com/truecar/jobs
TrueComp,rippling,truecomp,https://ats.rippling.com/truecomp/jobs
Truepoint Wealth Counsel,rippling,truepointcareers,https://ats.rippling.com/truepointcareers/jobs
Truss Vet,rippling,trussvetcareers,https://ats.rippling.com/trussvetcareers/jobs
"Trust & Safety Laboratory, Inc.",rippling,trustlab-careers,https://ats.rippling.com/trustlab-careers/jobs
Trustible,rippling,trustible,https://ats.rippling.com/trustible/jobs
"TrustLayer, Inc",rippling,trustlayer-inc,https://ats.rippling.com/trustlayer-inc/jobs
ttcInnovations,rippling,ttcinnovations,https://ats.rippling.com/ttcinnovations/jobs
"Tucker, Hull and Gallegos",rippling,kt,https://ats.rippling.com/kt/jobs
Tuesday Health,rippling,jobs-at-tuesday-health,https://ats.rippling.com/jobs-at-tuesday-health/jobs
TuneIn,rippling,tunein,https://ats.rippling.com/tunein/jobs
Turf Tank,rippling,internal-postings,https://ats.rippling.com/internal-postings/jobs
Turning Point Center for Youth & Family Development,rippling,turning-point-center-for-youth-family-development,https://ats.rippling.com/turning-point-center-for-youth-family-development/jobs
Turntide Technologies Inc.,rippling,turntide-careers,https://ats.rippling.com/turntide-careers/jobs
Twang Partners,rippling,twang-partners,https://ats.rippling.com/twang-partners/jobs
Tyger Solutions Corporation,rippling,tsc,https://ats.rippling.com/tsc/jobs
U.S. LawShield,rippling,us-lawshield,https://ats.rippling.com/us-lawshield/jobs
UAP Productions LLC,rippling,uap-careers,https://ats.rippling.com/uap-careers/jobs
UG Solutions LLC,rippling,ugsolutions,https://ats.rippling.com/ugsolutions/jobs
UGA Finance,rippling,uga-finance,https://ats.rippling.com/uga-finance/jobs
UHIN,rippling,uhin-careers,https://ats.rippling.com/uhin-careers/jobs
UJV,rippling,ujv,https://ats.rippling.com/ujv/jobs
Umbrella Corp,rippling,umbrella,https://ats.rippling.com/umbrella/jobs
"Unchained Capital, Inc.",rippling,unchained,https://ats.rippling.com/unchained/jobs
Unily,rippling,unily,https://ats.rippling.com/unily/jobs
Unimarket,rippling,vendorpanel,https://ats.rippling.com/vendorpanel/jobs
Union Kitchen,rippling,union-kitchen,https://ats.rippling.com/union-kitchen/jobs
Uniqode,rippling,uniqode,https://ats.rippling.com/uniqode/jobs
UNITAS,rippling,clinical-consulting-solutions,https://ats.rippling.com/clinical-consulting-solutions/jobs
United Way Bay Area,rippling,united-way-bay-area-careers-board,https://ats.rippling.com/united-way-bay-area-careers-board/jobs
UnityAI,rippling,unityai-jobs,https://ats.rippling.com/unityai-jobs/jobs
UnityMSK,rippling,los-angeles-orthopedic-surgery-specialists,https://ats.rippling.com/los-angeles-orthopedic-surgery-specialists/jobs
UniUni,rippling,uniuni,https://ats.rippling.com/uniuni/jobs
University Medical Partners,rippling,universitymedicalpartners,https://ats.rippling.com/universitymedicalpartners/jobs
Unlimited Tech Solutions,rippling,unlimited-tech-solutions,https://ats.rippling.com/unlimited-tech-solutions/jobs
"unspun, Inc.",rippling,unspun,https://ats.rippling.com/unspun/jobs
Uplinq Inc,rippling,uplinq,https://ats.rippling.com/uplinq/jobs
Upper Crust Food Service,rippling,careers-ucfs,https://ats.rippling.com/careers-ucfs/jobs
Upstate Studios,rippling,upstate-studios,https://ats.rippling.com/upstate-studios/jobs
Urban SDK,rippling,urban-sdk,https://ats.rippling.com/urban-sdk/jobs
Uride Technologies Inc.,rippling,uride-careers,https://ats.rippling.com/uride-careers/jobs
Ursa Health,rippling,ursahealth,https://ats.rippling.com/ursahealth/jobs
USA Rare Earth LLC,rippling,usare,https://ats.rippling.com/usare/jobs
UTILITY,rippling,utility,https://ats.rippling.com/utility/jobs
UWorld,rippling,uworld,https://ats.rippling.com/uworld/jobs
Valens Global,rippling,valens-global-career-opportunities,https://ats.rippling.com/valens-global-career-opportunities/jobs
"Valentra, LLC",rippling,valentra-llc,https://ats.rippling.com/valentra-llc/jobs
Valkyrie,rippling,valkyrie,https://ats.rippling.com/valkyrie/jobs
Valle del Sol,rippling,valle-del-sol,https://ats.rippling.com/valle-del-sol/jobs
"Valmar Management, LLC",rippling,valmarholdings,https://ats.rippling.com/valmarholdings/jobs
Valor,rippling,onevalor,https://ats.rippling.com/onevalor/jobs
"Vantage Point Consulting, Inc.",rippling,vantagepoint,https://ats.rippling.com/vantagepoint/jobs
Vaya Adventures,rippling,vaya-adventures,https://ats.rippling.com/vaya-adventures/jobs
Vcheck,rippling,vcheck,https://ats.rippling.com/vcheck/jobs
Vector Health AI,rippling,vectorhealthai,https://ats.rippling.com/vectorhealthai/jobs
VeeFriends,rippling,veefriends-llc,https://ats.rippling.com/veefriends-llc/jobs
Velatura Services,rippling,velatura,https://ats.rippling.com/velatura/jobs
Vella,rippling,vella,https://ats.rippling.com/vella/jobs
Vendr,rippling,vendr,https://ats.rippling.com/vendr/jobs
Venn,rippling,venncareers,https://ats.rippling.com/venncareers/jobs
Venture Outdoors,rippling,venture-outdoors-careeropportunities,https://ats.rippling.com/venture-outdoors-careeropportunities/jobs
Ventus Executive Solutions Inc,rippling,careers-at-ves,https://ats.rippling.com/careers-at-ves/jobs
Veracity Insurance Solutions,rippling,veracityinsurance-careers,https://ats.rippling.com/veracityinsurance-careers/jobs
"Vergent LMS, Inc.",rippling,vergent-lms,https://ats.rippling.com/vergent-lms/jobs
Veridian Service Partners,rippling,veridian-service-partners,https://ats.rippling.com/veridian-service-partners/jobs
Vermeer Southeast,rippling,vse-careers,https://ats.rippling.com/vse-careers/jobs
Vermont Family Dental,rippling,roligo-dental,https://ats.rippling.com/roligo-dental/jobs
Vermont Systems,rippling,vermont-systems,https://ats.rippling.com/vermont-systems/jobs
Verra,rippling,verra-opportunities,https://ats.rippling.com/verra-opportunities/jobs
Veryable,rippling,veryable-careers,https://ats.rippling.com/veryable-careers/jobs
VES-Artex,rippling,ves-artex,https://ats.rippling.com/ves-artex/jobs
Vesta,rippling,vesta,https://ats.rippling.com/vesta/jobs
VetnCare,rippling,vetncare,https://ats.rippling.com/vetncare/jobs
Vheda Health,rippling,vheda-health,https://ats.rippling.com/vheda-health/jobs
Viamedia.ai,rippling,viamediaai,https://ats.rippling.com/viamediaai/jobs
VIDAA (Netherlands) International Holdings B.V.,rippling,vidaa_career,https://ats.rippling.com/vidaa_career/jobs
Village Voyager LLC DBA Kido International Preschool,rippling,kido-careers,https://ats.rippling.com/kido-careers/jobs
VIMACHEM - IIOT PHARMA 4.0 AI PLATFORM,rippling,vimachem,https://ats.rippling.com/vimachem/jobs
"Vintage Hill Consulting, LLC",rippling,vintage-hill-consulting-llc,https://ats.rippling.com/vintage-hill-consulting-llc/jobs
VIP Hospitality LLC,rippling,vip-hospitality-llc,https://ats.rippling.com/vip-hospitality-llc/jobs
Visio Lending,rippling,visio-lending-careers,https://ats.rippling.com/visio-lending-careers/jobs
Vision Quest Solutions Inc.,rippling,vision-quest-solutions-inc,https://ats.rippling.com/vision-quest-solutions-inc/jobs
VisionQuest,rippling,vq-career-page,https://ats.rippling.com/vq-career-page/jobs
Vital Biosciences Inc.,rippling,vital,https://ats.rippling.com/vital/jobs
Vizcom,rippling,vizcom,https://ats.rippling.com/vizcom/jobs
VMSC Emergency Medical Services,rippling,vmsc,https://ats.rippling.com/vmsc/jobs
Vodori,rippling,vodori-careers,https://ats.rippling.com/vodori-careers/jobs
Voiant,rippling,voiantcareers,https://ats.rippling.com/voiantcareers/jobs
Voltaiq,rippling,voltaiq-careers,https://ats.rippling.com/voltaiq-careers/jobs
Voop,rippling,voop,https://ats.rippling.com/voop/jobs
"Vouch, Inc",rippling,vouch-inc,https://ats.rippling.com/vouch-inc/jobs
VOZE,rippling,voze-careers,https://ats.rippling.com/voze-careers/jobs
VTDigger,rippling,vtdigger,https://ats.rippling.com/vtdigger/jobs
VulcanForms,rippling,vulcanforms,https://ats.rippling.com/vulcanforms/jobs
Vyne Medical,rippling,vynemedical,https://ats.rippling.com/vynemedical/jobs
Waggon LLC,rippling,hoponthewaggon,https://ats.rippling.com/hoponthewaggon/jobs
Waldorf School of the Peninsula,rippling,wsp,https://ats.rippling.com/wsp/jobs
Walker Advertising,rippling,wa-opportunities,https://ats.rippling.com/wa-opportunities/jobs
Walker Health Services,rippling,walker-health-services,https://ats.rippling.com/walker-health-services/jobs
Wanta Thome,rippling,wanta-thome,https://ats.rippling.com/wanta-thome/jobs
War Room,rippling,war-room-careers,https://ats.rippling.com/war-room-careers/jobs
WarriorBabe,rippling,warriorbabe-careers,https://ats.rippling.com/warriorbabe-careers/jobs
Washington Center For Equitable Growth,rippling,washington-center-for-equitable-growth,https://ats.rippling.com/washington-center-for-equitable-growth/jobs
"Waymaker Resource Group, LLC",rippling,waymaker-resource-group,https://ats.rippling.com/waymaker-resource-group/jobs
WDG,rippling,wdg,https://ats.rippling.com/wdg/jobs
Webull Financial,rippling,webull,https://ats.rippling.com/webull/jobs
Weekender,rippling,weekenderhotels,https://ats.rippling.com/weekenderhotels/jobs
Well Done Chemical LLC,rippling,well-done-chemical-llc,https://ats.rippling.com/well-done-chemical-llc/jobs
Wellinks,rippling,wellinkscareers,https://ats.rippling.com/wellinkscareers/jobs
"WELLNESS IQ, INC.",rippling,wiq-careers,https://ats.rippling.com/wiq-careers/jobs
"WellRight, Inc.",rippling,wellright,https://ats.rippling.com/wellright/jobs
Wellspring,rippling,wellspring,https://ats.rippling.com/wellspring/jobs
Wenrix,rippling,wenrix,https://ats.rippling.com/wenrix/jobs
Wesley,rippling,wesley,https://ats.rippling.com/wesley/jobs
"Western Camps, Inc.",rippling,western-camps-inc,https://ats.rippling.com/western-camps-inc/jobs
Westwin Elements,rippling,westwin-jobs,https://ats.rippling.com/westwin-jobs/jobs
When I Work,rippling,wheniwork,https://ats.rippling.com/wheniwork/jobs
When We First,rippling,when-we-first,https://ats.rippling.com/when-we-first/jobs
Whistic,rippling,whistic-careers,https://ats.rippling.com/whistic-careers/jobs
White Hat Gaming,rippling,whitehatgaming,https://ats.rippling.com/whitehatgaming/jobs
Widewail,rippling,widewail,https://ats.rippling.com/widewail/jobs
"Wildfire Defense Systems, Inc.",rippling,wdscareers,https://ats.rippling.com/wdscareers/jobs
Williams-Sheppard,rippling,abc,https://ats.rippling.com/abc/jobs
Willow Wealth Inc.,rippling,yieldstreet,https://ats.rippling.com/yieldstreet/jobs
Windwalker Group,rippling,windwalker-group,https://ats.rippling.com/windwalker-group/jobs
Wine Enthusiast,rippling,wineenthusiast,https://ats.rippling.com/wineenthusiast/jobs
Winston Artory Group,rippling,winston-artory-group,https://ats.rippling.com/winston-artory-group/jobs
Wired Messenger Inc.,rippling,wiredmessenger,https://ats.rippling.com/wiredmessenger/jobs
Within Health,rippling,within-health,https://ats.rippling.com/within-health/jobs
Within Health Provider Services,rippling,within-health-provider-services,https://ats.rippling.com/within-health-provider-services/jobs
Wolfjaw Studios,rippling,wolfjaw-careers,https://ats.rippling.com/wolfjaw-careers/jobs
Wolverine Advanced Materials LLC.,rippling,wam-global-careers,https://ats.rippling.com/wam-global-careers/jobs
Women's Coaching Alliance,rippling,womens-coaching-alliance,https://ats.rippling.com/womens-coaching-alliance/jobs
Wonderist Agency,rippling,wonderist-agency,https://ats.rippling.com/wonderist-agency/jobs
Working Wardrobes,rippling,ww-job-board,https://ats.rippling.com/ww-job-board/jobs
Workshop Digital,rippling,workshopdigital,https://ats.rippling.com/workshopdigital/jobs
WorkSpan,rippling,workspan-inc,https://ats.rippling.com/workspan-inc/jobs
Workstreet,rippling,workstreet,https://ats.rippling.com/workstreet/jobs
WWD,rippling,wwd,https://ats.rippling.com/wwd/jobs
Xcite Automotive,rippling,xcite,https://ats.rippling.com/xcite/jobs
Xenter,rippling,xenter,https://ats.rippling.com/xenter/jobs
"Xirgo Holdings, Inc",rippling,xirgo-technologies,https://ats.rippling.com/xirgo-technologies/jobs
Xplor Technologies,rippling,xplor,https://ats.rippling.com/xplor/jobs
XWP US LLC,rippling,xwp,https://ats.rippling.com/xwp/jobs
XY Planning Network,rippling,xypncareers,https://ats.rippling.com/xypncareers/jobs
Yappy Group,rippling,yappygroup,https://ats.rippling.com/yappygroup/jobs
Yaqeen Institute,rippling,yaqeencareers,https://ats.rippling.com/yaqeencareers/jobs
YBCA,rippling,ybca,https://ats.rippling.com/ybca/jobs
Yembo,rippling,yembo,https://ats.rippling.com/yembo/jobs
Yodlee,rippling,yodlee,https://ats.rippling.com/yodlee/jobs
Young Americans For Liberty,rippling,young-americans-for-liberty,https://ats.rippling.com/young-americans-for-liberty/jobs
Youth Civic Accelerator,rippling,yca,https://ats.rippling.com/yca/jobs
Youth Haven Inc.,rippling,youth-haven-inc,https://ats.rippling.com/youth-haven-inc/jobs
Youtooz,rippling,youtooz,https://ats.rippling.com/youtooz/jobs
"Zaden Technologies, Inc.",rippling,zadentech,https://ats.rippling.com/zadentech/jobs
Zap Energy,rippling,zap-energy-careers,https://ats.rippling.com/zap-energy-careers/jobs
Zapata Quantum,rippling,zapata-quantum,https://ats.rippling.com/zapata-quantum/jobs
ZEDEDA Inc,rippling,zededa,https://ats.rippling.com/zededa/jobs
Zeelo,rippling,zeelo-careers,https://ats.rippling.com/zeelo-careers/jobs
Zero Emission Transportation Association,rippling,zetacareers,https://ats.rippling.com/zetacareers/jobs
"Zevra Therapeutics, Inc.",rippling,zevra,https://ats.rippling.com/zevra/jobs
"Zivian Health, Inc.",rippling,zivian-health-inc,https://ats.rippling.com/zivian-health-inc/jobs
ZO Motors North America LLC,rippling,zo-motors-north-america-llc,https://ats.rippling.com/zo-motors-north-america-llc/jobs
Zoovu (USA) Inc,rippling,open-positions-zoovu,https://ats.rippling.com/open-positions-zoovu/jobs
ZRG Partners,rippling,zrg-partners-careers,https://ats.rippling.com/zrg-partners-careers/jobs
ZRG Partners LLC,rippling,zrg-partners-llc-talent-community,https://ats.rippling.com/zrg-partners-llc-talent-community/jobs
Zuckerman Investment Group,rippling,zuckerman-investment-group,https://ats.rippling.com/zuckerman-investment-group/jobs
ZwitterCo,rippling,zwitterco,https://ats.rippling.com/zwitterco/jobs
Zymeworks Inc.,rippling,zymeworks-careers,https://ats.rippling.com/zymeworks-careers/jobs
