name,ats,slug
0g Labs,ashby,0g
0x,ashby,0x
115 Ventures LLC,ashby,115ventures
1bios,ashby,1bios
1mind,ashby,1mind
1Password,ashby,1password
1X,ashby,1x
30 Minutes to President's Club,ashby,30mpc
3E,ashby,3e
3i Members,ashby,3imembers
3Y Health,ashby,3y-health
42dot,ashby,42dot
"80,000 Hours",ashby,80000hours
805Title,ashby,805title
829 Studios,ashby,829studios
8Fleet Inc.,ashby,8fleet-inc
8VC,ashby,8vc
9 Mothers,ashby,9-mothers
9amHealth,ashby,join9am
9fin,ashby,9fin
A Place for Mom,ashby,a-place-for-mom
A.Team,ashby,a-team
a16z,ashby,a16z
a16z New Media,ashby,a16z-new-media
"AACI Group, Inc.",ashby,aacigroup
Aaron School,ashby,aaron-school
Aaru,ashby,aaru
Abacum,ashby,abacum
Abby Care,ashby,abby-care
Abe,ashby,abe
Abound,ashby,abound
Abridge,ashby,abridge
Absentia Labs,ashby,absentia-labs
Absorb,ashby,absorblms
Abundant,ashby,abundant
Abusix,ashby,abusix
Academia.edu,ashby,academia
Access Destination Services,ashby,access
Accord,ashby,accord
Accurx,ashby,accurx
Ace 1 Media,ashby,ace-1-media
Achilles,ashby,achilleshr
Achira,ashby,achira
Acorns,ashby,acorns
Acquisition.com,ashby,acquisition
Active Site,ashby,activesite
Adapt API,ashby,adapt
adaption,ashby,adaption
Adaptive,ashby,adaptive
Adaptive Home Health,ashby,fira-health
Adaptive Innovations,ashby,adaptive-innovations
Adaptive Security,ashby,adaptivesecurity
Adaptyv,ashby,adaptyv
Addi,ashby,addi
Additive AI,ashby,additiveai
Adelphi,ashby,adelphi-ai
Aditude,ashby,aditude
Adonis,ashby,adonis
Adthena,ashby,adthena
Aduro Advisors,ashby,aduro-advisors
Aerotime,ashby,aerotime
AeroVect,ashby,aerovect
Aerovy,ashby,aerovy
Aescape,ashby,aescape
Afference Inc,ashby,afference
Affinity Analytics,ashby,affinity
Afresh,ashby,afresh
AfterQuery,ashby,afterquery
Agen,ashby,agen
Agentio,ashby,agentio
Agentis Capital Advisors,ashby,agentis-capital-advisors
AgentMail,ashby,agentmail
Aghanim,ashby,aghanim
"AGI, Inc.",ashby,agi-inc
"Agresta, Storms & O’Leary, PC",ashby,aso-careers
AgZen,ashby,agzen
AIA Contract Documents,ashby,acd
Aibidia,ashby,aibidia
Aida,ashby,aida
AidKit,ashby,aidkit
AIM,ashby,aim
Aim4Hire,ashby,aim4hire
AIOS (YC W20/S21),ashby,aios
AiPrise,ashby,aiprise
AIR,ashby,air
Air Apps,ashby,airapps
Airbyte,ashby,airbyte
AirGarage,ashby,airgarage
Airgoods,ashby,airgoods
AirOps,ashby,airops
Airspace Intelligence,ashby,airspace-intelligence.com
Airtable,ashby,airtable
Airtasker,ashby,airtasker
Airwallex,ashby,airwallex
Aisle,ashby,aisle
Aiwyn,ashby,aiwyn
Ajax,ashby,ajax
AKASA,ashby,akasa
Akur8,ashby,akur8
Alan,ashby,alan
Alaro,ashby,alaro
Alcazar Energy,ashby,alcazar-energy
Alchemy,ashby,alchemy
"Alden Labs, Inc.",ashby,alden
Alembic,ashby,alembic
Aleph,ashby,aleph
Aleph Alpha,ashby,alephalpha
Alex AI,ashby,alexai
All in Bits,ashby,allinbits
Allara,ashby,allarahealth
Allen Control Systems,ashby,allen-control-systems
Alleviate Health,ashby,alleviatehealth
Allica Bank,ashby,allica-bank
Allium,ashby,allium
Alljoined,ashby,alljoined
Allminds,ashby,allminds
Allocate,ashby,allocate
AllSpice,ashby,allspice
Alma,ashby,tryalma
Almedia,ashby,almedia
Alohi SA,ashby,alohi
Alpaca Health,ashby,alpacahealth
Alpen Labs,ashby,alpenlabs
Alpha,ashby,alpha
Alpic,ashby,alpic
ALSO,ashby,ridealso
AlterCall,ashby,altercall
Alternative Payments,ashby,alternativepayments
Altimate.ai,ashby,altimate
Altis,ashby,altis
Altura,ashby,altura
"Alva Energy, Inc",ashby,alva-energy
Ambience Healthcare,ashby,ambiencehealthcare
AMBOSS,ashby,amboss
Ambral,ashby,ambral
Ambrook,ashby,ambrook
Ameba,ashby,ameba
Amenitiz Solutions,ashby,amenitiz
American Operator,ashby,americanoperator
AMI,ashby,ami
Amigo,ashby,amigo
Amma Inc.,ashby,amma
amo,ashby,amo
Amperos,ashby,amperos
Ampersand,ashby,ampersand
Amplify,ashby,amplify
Amplitude,ashby,amplitude
amplo,ashby,amplo
Anagram,ashby,goanagram
Anagram,ashby,anagram
Anam AI,ashby,anam
Anara,ashby,anara
Andela,ashby,andela
Andercore,ashby,andercore
Ando,ashby,ando
"Ando Technologies, Inc",ashby,andotechnologies
Andromeda Cluster,ashby,andromeda
Angi,ashby,angi
Angle Health,ashby,anglehealth
Anima,ashby,anima
Ankar,ashby,ankar
Ankorstore,ashby,ankorstore
Anna Autism Care,ashby,annaautismcare
Anomaly,ashby,findanomaly
Anon,ashby,anon
Anrok,ashby,anrok
AnsibleHealth Inc.,ashby,ansiblehealth
AnswersNow Inc,ashby,answersnow
Antai Ventures,ashby,antaiventures
Antares,ashby,antares
Anterior,ashby,anterior
Anthelion Capital,ashby,anthelioncap
Antimetal,ashby,antimetal
Antioch,ashby,antioch
Antithesis,ashby,antithesis
Anuvaya Labs,ashby,anuvaya
Anyscale,ashby,anyscale
AnySignal,ashby,anysignal
Anything,ashby,anything
AnyVan,ashby,anyvan
Apella,ashby,apella
Apex Growth,ashby,apexgrowth
"Apex Technology, Inc.",ashby,apex-technology-inc
Aphex,ashby,aphex
Apify Technologies s.r.o.,ashby,apify
Apiphany,ashby,apiphany
Aplazo,ashby,aplazo
Apolink Communcations,ashby,apolink
Apollo GraphQL,ashby,apollo-graphql
Apollo Information Systems,ashby,apollo-information-systems
Apple Roofing,ashby,apple-roofing
Applied Behavioral Services,ashby,applied-behavioral-services
Applied Intuition,ashby,applied
Applied Labs,ashby,appliedlabs
AppSumo,ashby,appsumo
april,ashby,april
Apron,ashby,apron
Aptible,ashby,aptible
Aptura,ashby,aptura
Aquant,ashby,aquant
Aquarian,ashby,aquarianlp
Aquatic,ashby,aquatic
Arago,ashby,arago
ARB Interactive,ashby,arb-interactive
Arbiter AI,ashby,arbiter-ai
Arbor,ashby,arbor
Arbor,ashby,findarbor
Arcada Labs Incorporated,ashby,arcada
Arcade,ashby,arcade
Arcade,ashby,arcade-ai
Arcade,ashby,arcadeai
Arch,ashby,arch
Arch Solutions,ashby,arch-solutions
Archil,ashby,archil
Architect,ashby,architect
Archive,ashby,archive
Archy,ashby,archy
Arcturus,ashby,arcturus
Ardea Partners,ashby,ardea-partners
"Arena Intelligence, Inc.",ashby,arena
ArenaNet,ashby,arenanet
Arizent,ashby,arizent
Arketa,ashby,arketa
Arlo,ashby,arlo
Arlyn AI,ashby,quantilehealth
Armory,ashby,armory
ARQ,ashby,arq
Arrakis Finance,ashby,arrakis
Array Behavioral Care,ashby,array-behavioral-care
Arta Finance,ashby,artafinance
Artemis,ashby,artemis
Artemis,ashby,artemisanalytics
Arthur Robotics,ashby,arthur
Artian AI,ashby,artian
Articul8,ashby,articul8
"Artificial Analysis, Inc.",ashby,artificialanalysis
Artificial Intelligence Underwriting Company,ashby,aiuc
Artisan,ashby,artisan
Artsy,ashby,artsy
Ascertain,ashby,ascertain
Ashby,ashby,ashby
ashby-embed-demo-org,ashby,ashby-embed-demo-org
Asimov,ashby,asimov
Aspora,ashby,aspora
Assemble,ashby,assemble
Assembled,ashby,assembledhq
Assembly,ashby,assembly
Assort Health,ashby,assorthealth
Assured,ashby,assured
Assured,ashby,assured-health
Astera Institute,ashby,astera
"Asteri AI, Inc.",ashby,asteriai
Astra,ashby,astra
Astral,ashby,astral
Astro Mechanica,ashby,astro-mechanica
Astrocade,ashby,astrocade
Astronomer,ashby,astronomer
Atalanta,ashby,atalanta
Ataraxis AI,ashby,ataraxis-ai
ATG,ashby,atg
Athena Actuarial Consulting,ashby,athenaactuarial
AthenaHQ,ashby,athena-hq
Atlas,ashby,atlas
Atlas Oncology Partners,ashby,atlasonc
Atlas Privacy,ashby,atlas-privacy
Atlas Residential,ashby,atlasresidential
AtoB,ashby,atob
Atolio,ashby,atolio
Atomic,ashby,atomic
Atomic Fi,ashby,atomic-financial
Atomic Industries,ashby,atomicindustries
Atomic Invest,ashby,atomic-invest
Atominvest,ashby,atominvest
Atomos Systems,ashby,atomos
Atrix AI,ashby,atrix
Atropos Health,ashby,atroposhealth
Attention Engineering,ashby,attention
Atticus,ashby,atticus
Attio,ashby,attio
Auctor,ashby,auctor
Audacious Ventures,ashby,audacious
Audiohook,ashby,audiohook
Augmodo,ashby,augmodo
Augur Initiative Ltd,ashby,augur
August,ashby,august
August Health,ashby,august-health
Augustus,ashby,augustus
Aurelian,ashby,aurelian
Aurelius Systems,ashby,aureliussystems
Auror,ashby,auror
Aurora Solar,ashby,aurorasolar
Authorium,ashby,Authorium
AuthZed,ashby,authzed
"Automat, Inc.",ashby,automat
Autoscience,ashby,autoscience
Ava Labs,ashby,ava-labs
Avala,ashby,avala
Avantos AI,ashby,avantos
Aven,ashby,aven
Aviator,ashby,aviator
Avid4 Adventure,ashby,avid4
Avida,ashby,avida
Avoca,ashby,avoca
Away,ashby,away
Axel,ashby,axel
Axelera AI,ashby,axelera
Axiom,ashby,axiom
Axiom,ashby,axiom-co
Axiom,ashby,axiombio
Axion,ashby,axion
Axle Energy,ashby,axle-careers
Axle Health,ashby,axle-health
Axle Mobility,ashby,axle-mobility
Aztec Labs,ashby,aztec-labs
Baba,ashby,baba
Babbel,ashby,babbel
Back Market,ashby,backmarket
Backflip,ashby,backflip
Bad Robot Games,ashby,badrobotgames
Bankjoy,ashby,bankjoy
Bantam Communications,ashby,bantamcommunications
Barkbus,ashby,barkbus
Barnes & Thornburg LLP,ashby,barnes
Barti,ashby,barti
Basata Inc,ashby,basata
Base,ashby,base
Base Operations,ashby,base-operations
Base Power Company,ashby,base-power
Basecamp Research,ashby,basecamp-research
Baseten,ashby,baseten
Basic Capital,ashby,basiccapital
Basis AI,ashby,basis-ai
Basis Research Institute,ashby,basis-research
Bastion,ashby,bastion
Baton,ashby,baton
Baton Corporation Ltd,ashby,batoncorporation
Battle Creek Games,ashby,battle-creek-games
"Bayesian Health, Inc.",ashby,bayesianhealth
Beach Bum,ashby,beach-bum
Beacon AI,ashby,beaconai
Beacon Software,ashby,beaconsoftware
Beacons,ashby,beacons
Beam,ashby,beam-up
Beam Impact,ashby,beamimpact
Beamery,ashby,beamery
Bedford,ashby,learn-bedford
Bedrock Ocean Exploration,ashby,bedrockocean
Bedrock Robotics Inc,ashby,bedrock-robotics
Believer,ashby,believer
bem,ashby,bem
Ben,ashby,ben
Benchling,ashby,benchling
Benepass,ashby,benepass
Benevity,ashby,benevity
Bento Setup Sandbox,ashby,bento
Beside,ashby,beside
Bespoke Labs,ashby,bespokelabs
Bestow,ashby,bestow
Better Health,ashby,joinbetter
Better Mortgage,ashby,better-mortgage
Bettermile,ashby,bettermile
BetterUp,ashby,betterup
Bevel,ashby,bevel
Beyond Sports,ashby,wearebeyondsports
Bhblasted,ashby,bhblasted
Bicara Therapeutics,ashby,bicara-therapeutics
Biconomy,ashby,biconomy
Big Leap Health,ashby,big-leap-health
Bigger Games,ashby,biggergames
Bild AI,ashby,bild-ai
Billie,ashby,billie
billups,ashby,billups
Binalyze,ashby,binalyze
Binance,ashby,binance
Binti,ashby,binti
BIO,ashby,bio
Biofire,ashby,biofire
Biograph,ashby,biograph
BIOptimizers,ashby,bioptimizers
Birdie,ashby,birdie
Bitnomial,ashby,bitnomial
Bitstack,ashby,bitstack
Bitvavo,ashby,bitvavo
BiVACOR Inc,ashby,bivacor-inc
Bjak,ashby,bjakcareer
Blackbird Labs Inc,ashby,blackbird-labs-inc
BlackBox Strategies,ashby,blackbox-strategies
Blacksmith,ashby,blacksmith
"Blackstar Computers, Inc.",ashby,blackstar
Bland,ashby,bland
Blank Instance,ashby,blankexampleinstance
Blank Metal,ashby,blank-metal
Blaxel,ashby,blaxel
Blink Tech Inc,ashby,blink
Bliro GmbH,ashby,bliro
Blissway Inc.,ashby,blissway
Blitzy,ashby,blitzy
Blockdaemon,ashby,blockdaemon
Blockhouse,ashby,blockhouse
Blockit AI,ashby,blockit
Blockstream,ashby,blockstream
Blockworks,ashby,blockworks
Blooming Health,ashby,blooming-health
Blossom Health,ashby,blossom-health
Blowhammer,ashby,blowhammer
Bloxd,ashby,bloxd
Blue Energy,ashby,blue-energy
Blueberry Pediatrics,ashby,blueberrypediatrics
BlueDot Impact,ashby,bluedot
Bluenote,ashby,bluenote
Blumen Systems,ashby,blumen
Boam AI,ashby,boam
Bobyard,ashby,bobyard
Body & Soul Studios,ashby,bodysoul
Bold.org,ashby,bold
Bolt,ashby,bolt
Bolt Farm Treehouse,ashby,bolt-farm
Bookkeeper360,ashby,bookkeeper360
Boom,ashby,boom
Boom & Bucket Inc,ashby,boomandbucket
Boomi,ashby,boomi
"Boon Technologies, Inc.",ashby,boon
Boost,ashby,boost
Boosters,ashby,boosters
BootLoop,ashby,bootloop
Botanic Tonics,ashby,botanictonics
Bounce,ashby,bounce
Braiins,ashby,braiins
Brain Co.,ashby,brainco
Brainbase Labs,ashby,brainbaselabs
Brainly,ashby,brainly
Braintrust,ashby,braintrust
Brale,ashby,brale
"Branch Financial, LLC",ashby,branchinsurance
BranchLab,ashby,branchlab
Brandlight,ashby,brandlight
Brave Health,ashby,bravehealth
Breadcrumb,ashby,breadcrumb
Breadwinner,ashby,breadwinner
Breaker,ashby,breaker
Breakmark,ashby,breakmark
Bree,ashby,bree
Brelle,ashby,brelle
Brellium,ashby,brellium
Bretton AI,ashby,brettonai
Bridger,ashby,bridger
Brighterly,ashby,brighterly
Brightline,ashby,hellobrightline
Brightstar.AI,ashby,brightstar-ai
brightwheel,ashby,brightwheel
Brigit,ashby,brigit
Brimstone,ashby,brimstone
BRINC,ashby,brinc
Brisk Teaching,ashby,brisk-teaching
Broccoli AI,ashby,broccoli
Brookwood,ashby,brookwood
Browserbase,ashby,browserbase
Bubble,ashby,bubble
Buffer,ashby,buffer
Build Technologies,ashby,build
Builder Prime,ashby,builder-prime
Buildforce,ashby,buildforce
BuildingWorks,ashby,buildingworks
Buildlinx GmbH,ashby,buildlinx
Buildout,ashby,buildout
Built Robotics Inc,ashby,built-robotics
Bumble,ashby,bumble
bunch,ashby,bunch
Bunkerhill Health,ashby,bunkerhillhealth
Bunny,ashby,bunny
Bureau,ashby,bureau
Burkland Associates,ashby,burklandassociates
BusPatrol,ashby,buspatrol
ButterflyMX,ashby,butterflymx
Button Labs,ashby,button
Bynder,ashby,bynder
C1,ashby,c1
Cache,ashby,cache
Cadre,ashby,cadre
CADRE GOVERNMENT SOLUTIONS,ashby,cadregs
Calder,ashby,calder
Camber,ashby,camber
Cambio AI Inc.,ashby,cambio
Cambium,ashby,cambium
Cambly,ashby,cambly
Cambridge Boston Alignment Initiative,ashby,cbai
Campfire,ashby,campfire
Campus,ashby,campus
Camunda,ashby,camunda
CanadaVisa,ashby,canadavisa
Canals,ashby,canals
Candid Health,ashby,candidhealth
Candid Intelligence,ashby,candidintelligence
candidate fyi,ashby,candidate.fyi
Canopy,ashby,canopy
Cantina,ashby,cantina
Canvas Medical,ashby,canvas-medical
Capable Labs,ashby,capable
Capchase,ashby,capchase
Cape,ashby,cape
Capi Money,ashby,capimoney
Capital V Strategies,ashby,capital-v-strategies
Capsule,ashby,capsule
Capy,ashby,capy
Cara,ashby,cara-ai
Carbon Health,ashby,carbonhealth
Cardless,ashby,cardless
Careers,ashby,proto-town
CareSwift,ashby,careswift
Careway Health,ashby,careway
Cargado,ashby,cargado
CARIAN,ashby,carian
Caribou,ashby,caribou
Carolina Complete Health Network,ashby,cchn
Carrara,ashby,carrara
Cartesia,ashby,cartesia
Caruso,ashby,caruso
Carwow,ashby,carwow
Casa,ashby,casa
Casca,ashby,casca
Casdin Capital,ashby,casdin-capital
Casium,ashby,casium
Cassi Home,ashby,cassihome
Castle,ashby,castle
Castleton Tower,ashby,castletontower
Catalog,ashby,catalog
Catch,ashby,catch
Catchafire,ashby,catchafire
Category Labs,ashby,category-labs
Catena,ashby,catena
Catio,ashby,catio
Causal Labs,ashby,causal
Causaly,ashby,causaly
Ceartas,ashby,ceartas
Cedar,ashby,cedar
Cellular Intelligence,ashby,cellular-intelligence
Centari,ashby,centari
Centerfield,ashby,centerfield
Centivo,ashby,centivo
Cerebras,ashby,cerebras
"Certifid, Inc",ashby,certifid
CertifyOS,ashby,certifyos
Chai Discovery,ashby,chaidiscovery
Chainalysis,ashby,chainalysis-careers
Chakra Labs,ashby,chakra-labs
Chalice Custom Algorithms,ashby,chalice
Chalk,ashby,chalk
Chalkboard,ashby,chalkboard
Chamber,ashby,chamber
Chamber Cardio,ashby,chambercardio
Change.org,ashby,change
Chapter,ashby,chapter
Character.AI,ashby,character
Charge Robotics,ashby,charge-robotics
ChartHop,ashby,charthop
Chatbase,ashby,chatbase
Check Technologies,ashby,check-technologies
Checkatrade,ashby,checkatrade
Checkly,ashby,checkly
Cheiron,ashby,cheiron
Chestnut,ashby,chestnut
Chief,ashby,chief
Chili Piper,ashby,chilipiper
Chimera Investment Corporation,ashby,chimerareit
Choco,ashby,choco
Chord,ashby,chord
Chroma,ashby,trychroma
Chromatic,ashby,chromatic
Chronosphere,ashby,chronospherejobs
Cinder,ashby,cinder
Circleback,ashby,circleback
CircuitHub,ashby,circuithub
Circular Economy Systems,ashby,circulareconomysystems
Ciroos,ashby,ciroos
Citadel AI,ashby,citadel-ai
Citizen,ashby,citizen
CivicMarketplace,ashby,civicmarketplace
CivilGrid,ashby,civilgrid
Claim Health,ashby,claim-health
ClaimSorted,ashby,claimsorted
Clair,ashby,clair
Clarasight,ashby,clarasight
Clarify,ashby,clarify
Clarion,ashby,clarion
Clarity,ashby,clarity
Clarity Pediatrics,ashby,claritypediatrics
ClarityPay,ashby,claritypay
Clarium,ashby,clarium
Claryo,ashby,claryo
Clasp,ashby,clasp-group
Clasp,ashby,clasp
ClassDojo,ashby,classdojo
Clay Labs,ashby,claylabs
clearalpha,ashby,clearalpha
ClearBank,ashby,clearbank
Clearco,ashby,clearco
Clearly AI,ashby,clearly-ai
ClearVector,ashby,clearvector
Clera,ashby,clera
Cleric,ashby,cleric
Clerk,ashby,clerk
"Clerky, Inc.",ashby,clerky
Clever,ashby,clever
ClickUp,ashby,clickup
Climate Finance Solutions,ashby,climate-finance-solutions
Climatiq,ashby,climatiq
Clinically AI,ashby,clinicallyai
Clipboard,ashby,clipboard
Clipbook,ashby,clipbook
Cloaked,ashby,cloaked
Close,ashby,close
Closetamerica,ashby,closetamerica
Cloud Accountant Staffing,ashby,cas
CloudKitchens,ashby,cloudkitchens
Cloudscaler,ashby,cloudscaler
CloudTrucks,ashby,cloudtrucks
CloudZero,ashby,cloudzero
Clove,ashby,clove
Clover Sonoma,ashby,clover-sonoma
Clubhouse,ashby,clubhouse
Cluely,ashby,cluely
Clutch,ashby,withclutch
Coactive AI,ashby,coactive
Coalesce,ashby,coalesce
Coastal Community Bank,ashby,coastal
Cobot,ashby,cobot
Coco,ashby,cocodelivery
Cocoon,ashby,cocoon
CodaMetrix,ashby,codametrix
Codat,ashby,codat
Code Metal,ashby,code-metal
Coder,ashby,coder
CodeRabbit,ashby,coderabbit
Codes Health,ashby,codes-health
Codex,ashby,codex
Coefficient Giving,ashby,coefficientgiving
Coframe,ashby,coframe
Cogent Security,ashby,cogent-security
Cognition,ashby,cognition
Cohen Immigration Law,ashby,cohen-immigration-law
Cohere,ashby,cohere
Coinflow,ashby,coinflow
CoinTracker,ashby,cointracker
Cold Start Ventures,ashby,coldstartventures
Collective,ashby,collective
Colonist,ashby,colonist
Column,ashby,column
Column Tax,ashby,columntax
Comfy,ashby,comfy-org
Comity,ashby,comity
Common Room,ashby,commonroom
Commons,ashby,commons
Commonware,ashby,commonware
Commure,ashby,commure
Compa,ashby,compa
Company.ai,ashby,company-ai
Compass Surgical Partners,ashby,compass-surgical-partners
Complement,ashby,complement
Complete,ashby,complete
Composio,ashby,composio
Composite,ashby,composite
"Compound Planning, Inc.",ashby,compound
CompScience,ashby,compscience
comstruct ICT,ashby,comstruct
Comun,ashby,comun
Conception,ashby,conception
Concourse,ashby,concourse
Condor Software,ashby,condor-software
Conduct,ashby,conduct
Conductor,ashby,conductor
ConductorAI,ashby,conductorai
Conduit,ashby,conduit
Conduit Health,ashby,conduit-health
Confiant,ashby,confiant
Confido,ashby,confido
Confluent,ashby,confluent
Connectly Inc,ashby,connectly
Conquest,ashby,conquest
Conscious Talent,ashby,conscious-talent
Console,ashby,console
Constellation Space,ashby,constellationspace
Constructor,ashby,constructor
Context,ashby,context
Contoro Inc.,ashby,contoro
Contra,ashby,contra
Conveo.ai,ashby,conveo
Conversion,ashby,conversion
Convex,ashby,convex-dev
Convey (formerly Message Broadcast),ashby,convey
Coperniq Inc.,ashby,coperniq
Copilot Money,ashby,copilot-money
Coral AI,ashby,coralai
Coram AI,ashby,coram-ai
Core of the Heart,ashby,coreoftheheart
coreflow,ashby,coreflow
CorePlan,ashby,coreplan
Corgi Insurance,ashby,corgi
Corridor,ashby,corridor
Cortea AI,ashby,cortea
Corti,ashby,corti
Corvus Robotics,ashby,corvus-robotics
Cosine,ashby,cosine
Cosmic Robotics,ashby,cosmic-robotics
cosmos GmbH,ashby,cosmos
Costanoa Ventures,ashby,costanoavc
Council Capital,ashby,council-capital
Counsel Health,ashby,counsel
Count,ashby,count
Counterpart,ashby,counterpart
CourseCareers,ashby,coursecareers
Coverbase,ashby,coverbase
Coverdash,ashby,coverdash
CoW DAO,ashby,cow-dao
Cowboy Space Corp.,ashby,cowboyspace
Coworker.ai,ashby,coworker
CPOHQ + Knoetic AI,ashby,knoetic
Cracken,ashby,crackenagi
Cradle,ashby,cradlebio
Craze,ashby,craze
Creatify Lab Inc,ashby,creatify
CreatorIQ,ashby,creatoriq
Credal,ashby,credal
Credit Genie,ashby,creditgenie
Crisp,ashby,crispgrowth
Crisp,ashby,crisp
Critical Energy,ashby,critical-energy
Critical Loop,ashby,criticalloop
Crogl,ashby,crogl
Crosby,ashby,crosby
crossjoin-solutions,ashby,crossjoin-solutions
Crunchbase (Lever),ashby,crunchbase
Crusoe,ashby,crusoe
Cruva,ashby,cruva
Crux,ashby,cruxclimate
Cryptio,ashby,cryptio
Cside,ashby,cside
CTGT,ashby,ctgt
CUBE,ashby,cube
Cube,ashby,cubesoftware
Cubic³,ashby,cubic3
Cubist,ashby,cubist
Cuesta Partners,ashby,cuesta-partners
Curated,ashby,curated
Curri,ashby,curri
cursor,ashby,cursor
CuspAI,ashby,cuspai
Customuse,ashby,customuse
CyberCube,ashby,cybcube
Cyberhaven,ashby,cyberhaven
CYBRET AI,ashby,cybret
Cylake,ashby,cylake-inc
Cylinder Health,ashby,cylinderhealth
Cyvl,ashby,cyvl
d-Matrix,ashby,d-matrix
d/dx,ashby,ddx
DailyPay,ashby,dailypay
Dakota,ashby,dakota
Dandelion Energy,ashby,dandelion
Dandy,ashby,dandy
Dapster,ashby,dapster
Darkroom,ashby,darkroom
Darwin,ashby,darwin
Dash0,ashby,dash0
Datafold,ashby,datafold
DataGuard,ashby,dataguard
Datalab,ashby,datalab
Dataleap,ashby,dataleap
Datatonic,ashby,datatonic
DatologyAI,ashby,datologyai
Datum,ashby,datum
Dave,ashby,dave
David AI,ashby,david-ai
David Energy,ashby,davidenergy
Davis Technology Management,ashby,davistechnologymanagement
daydream,ashby,withdaydream
DayDream,ashby,daydream
Daydream,ashby,daydreamlive
Daydream,ashby,daydream-ai
dClimate,ashby,dclimate
DDN,ashby,ddn
DealMaker,ashby,dealmaker
Decagon,ashby,decagon
Decimal,ashby,decimal
Decoda Health,ashby,decodahealth
Dedale Intelligence,ashby,dedale-intelligence
Deductive AI,ashby,deductive
Deel,ashby,deel
Deepgram,ashby,deepgram
DeepJudge,ashby,deepjudge
DeepL,ashby,deepl
Deepnote,ashby,deepnote
DeepSource,ashby,deepsource
Deeptune,ashby,deeptune
DeepWalk,ashby,deepwalk
Deeter Analytics,ashby,deeter-analytics
Defense,ashby,defense
Defy Security,ashby,defy-security
Delian Alliance Industries,ashby,delian
Deligo,ashby,deligo
Delinea,ashby,delinea
Deliveroo,ashby,deliveroo
Delos Data Inc,ashby,delos-data
Delphi,ashby,delphi
Delphina,ashby,delphina
Demandbase,ashby,demandbase
Deposco,ashby,deposco
Deposely,ashby,deposely
Depot,ashby,depot
DepthFirst,ashby,depthfirst
Designworks Talent,ashby,designworkstalent
Detail,ashby,detail
Develop Health,ashby,develop-health
Dex,ashby,dex
Dexmate,ashby,dexmate
Diagrid,ashby,diagrid
Dialogue AI,ashby,dialogueai
digg,ashby,digg
Dimensional Inc.,ashby,dimensional
Dipper,ashby,dipper
Directive,ashby,directive
Dispatch,ashby,dispatch
Distributed Spectrum,ashby,distributed-spectrum
Distributor Wire & Cable,ashby,distributor-wire-cable
Distyl AI,ashby,distyl
Ditto,ashby,ditto
Ditto,ashby,dittoai
Diversified Botanics,ashby,diversified-botanics
Divine,ashby,divineresearch
Docebo,ashby,docebo
Docker,ashby,docker
Docplanner,ashby,docplanner
Doctolib,ashby,doctolib
Doctronic,ashby,doctronic
doinstruct,ashby,doinstruct
Doji,ashby,doji
DoktorTakvimi,ashby,doktortakvimi
Domu AI,ashby,domu
Don's Garage Doors,ashby,dons-garage-doors
Doppel,ashby,doppel
Doppler,ashby,doppler
DOSS,ashby,doss
"Dosu, Inc.",ashby,dosu
dottxt,ashby,dottxt
Double,ashby,double
Double the Donation,ashby,double-the-donation
DoubleZero,ashby,doublezero
Dovetail,ashby,dovetail
Dr. Comfort,ashby,drcomfort
Drata,ashby,drata
Dream Three,ashby,dreamthree
Dressly,ashby,dressly
Drogue,ashby,drogue
Droyd,ashby,droyd
Dryft,ashby,dryft
DualEntry,ashby,dualentry
DubClub,ashby,dubclub
Duckbill,ashby,duckbill
DuckDuckGo,ashby,duck-duck-go
Duet,ashby,duet
Duffel,ashby,duffel
Duna,ashby,duna
Dune,ashby,dune
Dusk,ashby,dusk
Dust,ashby,dust
Dusty,ashby,jobs
Duvo Inc,ashby,duvo
Dweet,ashby,dweet
Dwelling,ashby,dwelling
Dyna Robotics,ashby,dyna-robotics
Dynamic,ashby,dynamic
Dyneti,ashby,dyneti
E Source,ashby,e-source
E2B,ashby,e2b
Eagle,ashby,eagle
Earned,ashby,earnedwealth
Earth Force,ashby,earthforce
Eastwood & Cleef,ashby,eastwoodcleef
Easygenerator,ashby,easygenerator
Echo Neurotechnologies,ashby,echo
EchoMark,ashby,echomark
EchoTwin AI,ashby,echotwin
Edia,ashby,edia
Ediphi,ashby,ediphi
EDITED,ashby,edited
Edlink,ashby,edlink
Edra,ashby,edra
EdSights,ashby,edsights
EducationSuperHighway,ashby,educationsuperhighway
EdVisorly,ashby,edvisorly
Egra,ashby,egra
Eigen,ashby,teameigen
Eigen Labs,ashby,eigen-labs
Eight Sleep,ashby,eightsleep
Eisen,ashby,eisen
Eka,ashby,ekarobotics
Ekho,ashby,ekho
ElastixAI INC.,ashby,elastix
Electric,ashby,electric
Electric Air,ashby,electricair
ElectronX,ashby,electronx
Element 84,ashby,element84
Element451,ashby,element451
Eleos AI Research,ashby,eleos
ElevenLabs,ashby,elevenlabs
Eli Health,ashby,eli
Elicit,ashby,elicit
EliseAI,ashby,eliseai
Eliza,ashby,eliza
ellamind,ashby,ellamind
Ellipsis Labs,ashby,ellipsislabs
Elliptic,ashby,elliptic
Ello,ashby,ello
Eloquent AI,ashby,eloquentai
Elorian,ashby,elorian-ai-inc
Ema,ashby,ema
Emanate,ashby,emanate
Embeddable,ashby,embeddable
Embedding VC,ashby,embedding-vc
Emberos,ashby,emberos
Emerald AI,ashby,emerald-ai
Emergence Capital Partners,ashby,emergence-capital-partners
Emergence Software,ashby,emergence
Emora Health,ashby,emora-health
Empathic,ashby,empathic
Empirical,ashby,empirical
Empirical Security,ashby,empirical-security
Empora Title,ashby,empora
Encord,ashby,encord
Endeavor,ashby,endeavorflow
endeavorai.com,ashby,endeavorai
Endex,ashby,endex
Endgame,ashby,endgame
Endurance Energy,ashby,endurance-energy
EngFlow,ashby,engflow
Engram Lab,ashby,engram
Enpal,ashby,enpal
ENS Labs,ashby,ens-labs
Ent Security,ashby,ent-security
Envoy,ashby,envoy
ePayPolicy,ashby,epay-policy
Epia Neuro,ashby,epianeuro
Epidemic Sound,ashby,epidemic-sound
Epistemix,ashby,epistemix
"Epsilon Labs, Inc.",ashby,epsilon-health
Equal Ventures,ashby,equal-ventures
Equal1,ashby,equal1
Equall,ashby,equall
Equi,ashby,equi
Equip Health,ashby,equip
Ernest,ashby,ernest
Escape Technologies,ashby,escape
Espa Labs,ashby,espa
Espresso AI,ashby,espresso
Essential AI,ashby,essentialai
Etched,ashby,etched
Ethereum Foundation,ashby,ethereum-foundation
ETHGlobal Inc,ashby,ethglobal
Ethyca,ashby,ethyca
Euclid Power,ashby,euclid-power
Euphoric Global,ashby,euphoric
Eventual,ashby,eventualcomputing
Eventual,ashby,eventual
EverAI,ashby,everai
Everbridge,ashby,everbridge
Everfield,ashby,everfield
Everis,ashby,everis
EverOps,ashby,everops
Everself,ashby,everself
Everstar,ashby,everstar
Evertune,ashby,evertune
Evervault,ashby,evervault
Evolve AI Ltd,ashby,evolve
Evolve Tech LLC,ashby,evolve-tech-llc
Evvy,ashby,evvy
Exa,ashby,exa
Excelerate,ashby,excelerate
Exegy,ashby,exegy
Expa,ashby,expa
Expensify,ashby,expensify
Expressable,ashby,expressable
Extend,ashby,extend
Extend Your Team,ashby,eyt
Eye Security,ashby,eye-security
Eyebot,ashby,eyebot
"EyeTell, Inc.",ashby,eyetell
EZ Health,ashby,ezhealth
EZTexting,ashby,eztexting
F2,ashby,f2-ai
Fable Security,ashby,fable
Fabrion,ashby,fabrion
FacilityOS,ashby,facilityos
Faction,ashby,faction
Factor Eleven,ashby,factor-eleven
Factory,ashby,factory
Faculty,ashby,faculty
Falconer,ashby,falconer
Fama Technologies,ashby,fama-technologies-inc
Familiar Machines & Magic,ashby,familiarmachines
Farmers District 40,ashby,farmersd40
FarmRaise,ashby,farmraise
Faros,ashby,faros-ai
Farsight AI,ashby,farsight
fastino.ai,ashby,fastino-ai
Fathom,ashby,fathom
Fathom,ashby,fathom.video
Faves,ashby,faves
Favorited,ashby,favorited
Featherless AI,ashby,featherlessai
Feathery,ashby,feathery
Feathr,ashby,feathr
FeedbackFruits,ashby,feedbackfruits
Felix,ashby,felix
Fellow,ashby,fellow
Fencer,ashby,fencer
Ferry,ashby,ferryhealth
fhiaremodeling,ashby,fhiaremodeling
Fiddler AI,ashby,fiddler-ai
Fiducial,ashby,fiducial
Field Technologies FZCO,ashby,infinitefield
Fieldguide,ashby,fieldguide
Fig,ashby,fig
Figure,ashby,figure
Filigran,ashby,filigran
Filmhub,ashby,filmhub
Fin,ashby,fin
Finalis,ashby,finalis
Finary,ashby,finary
Finch Care,ashby,finch
Finch Legal,ashby,finch-legal
Finni Health,ashby,finni-health
FINNY,ashby,finny
Finout,ashby,finout
Finvari,ashby,finvari
Finvest,ashby,finvest
Firebird Music,ashby,firebirdmusic
Firecrawl,ashby,firecrawl
Firetiger,ashby,firetiger
First Resonance,ashby,first-resonance
First Round Capital,ashby,firstround
First Street,ashby,firststreet
Firsthand,ashby,firsthand
Fitt Talent Partners,ashby,fitt
Fizz,ashby,fizz
Flagler Health,ashby,flaglerhealth
Flagstone,ashby,flagstone
Flai,ashby,flai
Flashpoint,ashby,flashpoint.io
Fleek,ashby,fleek
Fleetline,ashby,fleetline
FleetPulse,ashby,fleetpulse
FleetWorks,ashby,fleetworks
Flex,ashby,withflex
Flink Robotics,ashby,flink
Flint,ashby,flint
Flipper,ashby,flipper
Flipturn,ashby,flipturn
FloatMe,ashby,floatme
Flock,ashby,flock
FLORA,ashby,flora
"FloSports, Inc.",ashby,flosports
Flow Engineering,ashby,flowengineering
Flowhub,ashby,flowhub
Flox,ashby,flox
Fluency,ashby,fluency
Fluidstack,ashby,fluidstack
FlutterFlow,ashby,flutterflow
Flux,ashby,flux
Fnatic,ashby,fnatic
Focal,ashby,focal
Focus,ashby,focus
Focused,ashby,focused
Foley,ashby,foley
Folio,ashby,folio
Fonoa,ashby,fonoa
Footprint,ashby,footprint
Forerunner,ashby,forerunner
Foresight Data,ashby,foresight
Foresight Health,ashby,foresight-health
Foresite Labs (Stealth Co),ashby,foresite-labs-fl2024-006
Forma,ashby,forma
Formal,ashby,formal
Formance,ashby,formance
Formenergy,ashby,formenergy
Formula,ashby,formula
Fortreum,ashby,fortreum
Fortuna Health,ashby,fortuna-health
Forum Ventures,ashby,forum-ventures
Forus,ashby,forus
Found,ashby,found
Foundation,ashby,foundation
Foundation Health,ashby,foundationhealthcareers
Foundational,ashby,foundational
Founders Factory,ashby,founders-factory
Foundry Robotics Inc.,ashby,foundry-robotics
Fourier,ashby,fourier
Foursquare,ashby,foursquare
FourTwoThree,ashby,fourtwothree
Foxglove,ashby,foxglove
Fractional AI,ashby,fractional-ai
"Frec Markets, Inc.",ashby,frec
Freckle,ashby,freckle
Freed,ashby,freed
Freetrade,ashby,freetrade
FreeWill,ashby,freewill
Freshpaint,ashby,freshpaint
Fresno Summit Advisors,ashby,fresnosummit
FriendliAI,ashby,friendliai
Front,ashby,frontcareers
Front Analytics,ashby,frontapp
Frontier Audio,ashby,frontier
Fruitist,ashby,fruitist
FS Studio,ashby,fs-studio
ftmo,ashby,ftmo
Fuel Cycle,ashby,fuel-cycle
Fulcrum,ashby,fulcrum-inc
Fulcrum,ashby,fulcrum
Fullstory,ashby,fullstory
Fundamental,ashby,fundamental
Fundamental Research Labs,ashby,fundamentalresearchlabs
Funding Circle,ashby,fundingcircle
Fundwell,ashby,fundwell
FuriosaAI,ashby,furiosa-ai
FURTHER,ashby,further
FurtherAI,ashby,furtherai
Fuse,ashby,fuse
Fuser,ashby,fuser
Future Works,ashby,futureworks
FutureFit AI,ashby,futurefitai
FWD People,ashby,fwd-people
Fyxer,ashby,fyxer
G2,ashby,g2
G2i Inc.,ashby,g2i
Gadget,ashby,gadget
Gaia Family Inc,ashby,gaiafamily
Gainsight,ashby,gainsight
Gallatin,ashby,gallatin
GameChanger,ashby,gamechanger
Gamma,ashby,gamma
Garage,ashby,garage
Garage Door Doctor,ashby,garage-door-doctor
Gardens Interactive,ashby,gardens
GC AI,ashby,gc-ai
Gearset,ashby,gearset
Gecko Robotics,ashby,gecko-robotics
Gelato,ashby,gelato
"GEM Technologies, Inc.",ashby,gem-technologies
Gen Digital Inc.,ashby,gen-digital
General Context,ashby,general-context
General Intuition & Medal,ashby,generalintuition
General Medicine,ashby,general-medicine
General Robotics,ashby,generalrobotics
General Translation,ashby,generaltranslation
Generalist,ashby,generalist
Generate,ashby,generate
Generator Health,ashby,generatorhealth
Genesis Molecular AI,ashby,genesis-molecular-ai
Genies,ashby,genies
Genmo,ashby,genmo
Genomics,ashby,genomics
GenPeach AI,ashby,genpeach
Genspark Inc,ashby,genspark
Geoforce,ashby,geoforce
Geordie AI,ashby,geordieai
GetGround,ashby,getground
Ghost,ashby,ghost
Giga,ashby,gigaml
Gimlet Labs,ashby,gimlet
Givebutter,ashby,givebutter
Glacier,ashby,glacier
Glacis,ashby,glacis-ai
Glade,ashby,glade
Gladia,ashby,gladia
Glia,ashby,glia
Glide,ashby,glide
Glimpse,ashby,glimpse
Glimpse,ashby,glimp-se
Global X ETFs,ashby,global-x-etfs
Glomopay,ashby,glomo
Glow,ashby,glow
Go Nimbly,ashby,go-nimbly
GoHenry,ashby,gohenry
Going,ashby,going
GoLinks,ashby,golinks
Good Maven,ashby,goodmaven
GoodData,ashby,gooddata
Goodie AI,ashby,goodie-ai
Goodlord,ashby,goodlord
GoodParty.org,ashby,goodparty
GoodShip,ashby,goodship
Goodstack,ashby,goodstack
Goody,ashby,goody
Gorgias,ashby,gorgias
GotPhoto,ashby,gotphoto
GovDash,ashby,govdash
GovEagle,ashby,goveagle
GovSignals,ashby,govsignals
GovWell,ashby,govwell
GovWorx,ashby,govworx
GPTZero,ashby,gptzero
GrabAGun,ashby,grabagun
Gradera Inc.,ashby,gradera
gradient,ashby,gradient
Gradient Labs,ashby,gradient-labs
GRAI Inc.,ashby,grai
Grand Intelligence,ashby,grand
Granica,ashby,granica
Granola,ashby,granola
Granted,ashby,granted
Grapevine,ashby,grapevine
Graphite,ashby,graphite
Graphite,ashby,graphitehq
Gratia,ashby,gratia
Gravity,ashby,gravityclimate
Gravity,ashby,gravity
Gravity Sketch,ashby,gravitysketch
GrayMatter Robotics,ashby,graymatter-robotics
Green Tree School & Services,ashby,green-tree-school-and-services
Greenlight,ashby,greenlight
GreenLight Workforce Solutions Inc,ashby,greenlight-workforce-solutions
GreenLite,ashby,greenlitecareers
Grepr,ashby,grepr
Greptile,ashby,greptile
Grid,ashby,gridverify
GridCARE,ashby,gridcare
Gridium,ashby,gridium
GridUnity,ashby,gridunity
Gritt Robotics Inc,ashby,gritt
Grotto AI,ashby,grotto
Ground News,ashby,groundnews
Grow Therapy,ashby,grow-therapy
Gruntwork,ashby,gruntwork
GT,ashby,gt-hq
GT Bio,ashby,gt-bio
Guild.ai,ashby,guild
Gumloop,ashby,gumloop
H Company,ashby,hcompany
H3X Technologies,ashby,h3x-technologies
Haast,ashby,haast
HackerOne,ashby,hackerone
Hadrian Automation,ashby,hadrian-automation
Halliday,ashby,halliday
Halo,ashby,halo-cures
HaloBraid,ashby,halobraid
Halter,ashby,halter
Hamilton AI,ashby,hamilton-ai
Hamster,ashby,hamster
Handshake,ashby,handshake
Handspring,ashby,handspring
Hang,ashby,hang
Hanover Park,ashby,hanover-park
happyhotel,ashby,happyhotel
Harmattan AI,ashby,harmattan-ai
Harmonic,ashby,harmonic
"Harmonic Security, Inc",ashby,harmonic-security-inc
Harmony,ashby,harmony
Harper,ashby,harperinsure
Hartbeat,ashby,hartbeat
Harvey,ashby,harvey
Hatch,ashby,hatch
Hauler Hero Inc.,ashby,hauler-hero
Haus Analytics,ashby,haus
haven-headache,ashby,haven-headache
HavocAI,ashby,havocai
Hawk,ashby,hawk
Hawk-Eye Innovations (HEI),ashby,hawkeyeinnovations
Hayden AI,ashby,haydenai
Hayla,ashby,hayla
Haystack News,ashby,haystacknews
Hazel,ashby,hazel
Headstart,ashby,headstart
Headway,ashby,headway
Health Progress Hub,ashby,healthprogresshub
"HealthAxis Group, LLC",ashby,healthaxis
HealthLeap,ashby,healthleap
HealthMatch,ashby,healthmatch
HealthSherpa,ashby,healthsherpa
Hebbia AI,ashby,hebbia-ai
Hedra,ashby,hedra
Heirloom Carbon,ashby,heirloomcarbon
Helion,ashby,helion
Helius,ashby,helius
Heliux Inc.,ashby,heliux
Hello Patient,ashby,hellopatient
Hellyeah AI,ashby,hellyeah
Helm.ai,ashby,helm-ai
Help Scout,ashby,helpscout
Hera,ashby,hellohera
Hercules,ashby,hercules
Heritage Holding,ashby,heritage-holding
Heron Data,ashby,herondata
Heron Power,ashby,heron-power
Hex,ashby,hex
Hexa,ashby,hexa
HeyJobs,ashby,heyjobs
HeyMilo,ashby,heymilo
HIFI,ashby,hifi
Higgsfield,ashby,higgsfieldai
Higharc,ashby,higharc
Highbeam,ashby,highbeam
Highlight AI,ashby,highlightai
HighlightTA,ashby,highlightta
Hightop Health,ashby,hightop-health
Hightouch,ashby,hightouch
Hiive,ashby,hiive
Hike Medical,ashby,hike-medical
Hilbert's AI,ashby,hilberts
Hims & Hers,ashby,hims-and-hers
Hinge Health,ashby,hinge-health
Hinoki Security,ashby,hinoki
Hipp Health,ashby,hipp
Hire Hangar,ashby,hirehangar
hirehire,ashby,hirehire
Hiring Pros,ashby,hiring-pros
Hive Health,ashby,hivehealth
HiveMQ GmbH,ashby,hivemq
Hiverge Ltd,ashby,hiverge
HiveSmart Consulting,ashby,hivesmart-consulting
Hiya,ashby,hiya
Hobbes,ashby,hobbes
HockeyStack,ashby,hockeystack
Homebase,ashby,homebase
Homebot,ashby,homebot
Homebound,ashby,homebound
Homera Health,ashby,homera-health
HomeVision,ashby,homevision
HoneyBook,ashby,honeybook
Honeydew,ashby,honeydew
Hook,ashby,hook
Hook Music,ashby,hookmusic
Hooli,ashby,hooli
Hopae,ashby,hopae
Hopper,ashby,hopper
Horizon Institute for Public Service,ashby,horizon
Horizon3 AI,ashby,horizon3ai
Hostinger,ashby,hostinger
Hotplate,ashby,hotplate
Hotspex Media,ashby,hotspexmedia
Hoxhunt,ashby,hoxhunt
HRS,ashby,hrs
HTTPie,ashby,httpie
Hubstaff,ashby,hubstaff
HUD,ashby,hud
Hudson River Trading,ashby,hrt
Hudu,ashby,hudu
hum.ai,ashby,hum-ai
Humaans,ashby,humaans
HUMAN,ashby,human
Human Archive,ashby,humanarchive
Human Computer Lab,ashby,human-computer-lab
Humanly,ashby,humanly
Humanoid,ashby,humanoid
humans&,ashby,humans-and
"Humata Health, Inc",ashby,humatahealth
Hutora,ashby,hutora
HV Capital Manager,ashby,hv
Hyde,ashby,hyde
Hyperbolic Labs,ashby,hyperbolic
Hyperbound,ashby,hyperbound
Hypercore Inc.,ashby,hypercore
Hypercubic,ashby,hypercubic
hyperexponential,ashby,hyperexponential
HyperHug,ashby,hyperhug
Hyperscale,ashby,hyperscale
Hyperscience,ashby,hyperscience
Hyperspell,ashby,hyperspell
Hypha,ashby,hypha
i3D.net,ashby,i3d
IA Collaborative,ashby,iacollaborative
"Iambic Therapeutics, Inc",ashby,iambic-therapeutics
Ibotta,ashby,ibotta
ICEYE,ashby,iceye
Icon,ashby,icon
Ideals,ashby,ideals
Ideogram,ashby,ideogram
Idler,ashby,idler
Ignite Reading,ashby,ignite-reading
Ignition,ashby,ignition
ILLUIN Technology,ashby,illuin
Illumio,ashby,illumio
ImagineArt,ashby,imagineart
Immersive,ashby,immersivelabs
imper.ai,ashby,imper
Imprint,ashby,imprint
Improbable,ashby,improbable
Impulse Labs,ashby,impulse
Inato,ashby,inato
Incandescent,ashby,incandescent
Incard,ashby,incard
incident.io,ashby,incident
Inclined,ashby,inclined
Indent,ashby,indent
Inductive Bio,ashby,inductive-bio
Industrious,ashby,industrious
Ineffable Intelligence,ashby,ineffable
Inertia,ashby,inertia
Inferact,ashby,inferact
Inference,ashby,inference
Infinite,ashby,infinite
Infinite Machine,ashby,infinite-machine
Infinitus Systems,ashby,infinitus
Infinity,ashby,infinity-constellation
Infisical,ashby,infisical
Inflection.io,ashby,inflectionio
InfluxData,ashby,influxdata
Infracost,ashby,infracost
Injective,ashby,injective
Injective Labs,ashby,injective-labs
Inkeep,ashby,inkeep
Innate,ashby,innate
Innatera Nanosystems,ashby,innatera
Inngest,ashby,inngest
Inscribe,ashby,inscribeai
insitro,ashby,insitro
Inspiration Commerce Group,ashby,inspiration-commerce-group
Inspiren,ashby,inspiren
Instil Software Ltd,ashby,instil
"Instructure, Inc.",ashby,instructure
Intellistack,ashby,intellistack
Interaction,ashby,interaction
Interface,ashby,interface
Interplay,ashby,interplay
Interra Health,ashby,interrahealth
Intology,ashby,intology
Intrinsic,ashby,intrinsic
Intro,ashby,intro
IntusCare,ashby,intus
Inversion,ashby,inversion-cap
Invert,ashby,invert
Investors Heritage,ashby,investorsheritage
Inworld,ashby,inworld-ai
Iridium Consulting Ltd,ashby,iridiumc
Ironclad,ashby,ironcladhq
Irreducible,ashby,irreducible
Isometric,ashby,isometric
iVerify,ashby,iverify
Ivo Inc.,ashby,ivo-inc
iyo,ashby,iyo
Jack & Jill,ashby,jack-jill-external-ats
Jameda,ashby,jameda
Jampack AI,ashby,jampack-ai
Jane,ashby,jane
January,ashby,january
JBS Dev,ashby,jbs-dev
Jellyfish,ashby,jellyfish
Jellyfish,ashby,jellyfishcareers
Jerry,ashby,jerry.ai
Jigsaw Tech,ashby,jigsaw
Jinba.io,ashby,carnot-ai
Jitter,ashby,jitter
Jobber,ashby,jobber
Joko,ashby,joko
Jordan Digital Marketing,ashby,jordandigitalmarketing
Josys,ashby,josys
Joyful Health,ashby,joyfulhealth
Jua,ashby,jua
Judgment Labs,ashby,judgmentlabs
Juicebox,ashby,juicebox
Julius AI,ashby,julius
Jump,ashby,jump
Jump,ashby,jump-app
Junction,ashby,junction
Junior AI,ashby,junior
Juniper Square,ashby,junipersquare
Juno,ashby,juno
JUPUS,ashby,jupus
Juro,ashby,juro
JustPlay GmbH,ashby,justplay-gmbh
k-ID,ashby,k-id
KAANNAN & Associates,ashby,kaannan
Kafene,ashby,kafene
Kairon Health,ashby,kairon-health
Kaizen Labs,ashby,kaizenlabs
Kale,ashby,kale
Kalibri Labs,ashby,kalibri-labs
Kallikor,ashby,kallikor
Kalshi,ashby,kalshi
Kamiwaza AI,ashby,kamiwaza
Kastle,ashby,kastle
Katana,ashby,katana
Katapult Labs,ashby,katapult-labs
KAYAK,ashby,kayak
Keel,ashby,keel
Keep,ashby,keep
KeepTruckin,ashby,keeptruckin
Kepler,ashby,kepler-ai
Kepler,ashby,kepler
Keragon Inc,ashby,keragon
Kernel,ashby,usekernel
Kernel,ashby,kernel
Kestra Technologies,ashby,kestra
Kevin's Natural Foods,ashby,kevins-natural-foods
Keycard Labs,ashby,keycard-labs
Keyrock,ashby,keyrock
Kiddom,ashby,kiddom
Kilo Code,ashby,kilocode
Kiloforge,ashby,kiloforge
Kin Insurance,ashby,kin
Kindred,ashby,kindred
Kinetic,ashby,kinetic
Kingdom,ashby,kingdom
Kins,ashby,kins
Kinship,ashby,kinship
Kinstead,ashby,kinsteadhealth
Kira,ashby,kira
Kirin,ashby,kirin
Kiso Technology,ashby,kiso-technology
Kit,ashby,kit
Kittl,ashby,kittl
Kiwi Financial Inc,ashby,kiwi
Klarity,ashby,klarity-ai
Kled AI,ashby,kled-ai
Klue,ashby,klue
Knock,ashby,knock
Knot,ashby,knot
Knowledge Road,ashby,knowledge-road
Known,ashby,known
knownwell,ashby,knownwell
Knowtex,ashby,knowtex
Knowunity GmbH,ashby,knowunity
Knox Systems,ashby,knox-systems
Koah,ashby,koahlabs
Kodex,ashby,kodex
Kognitos,ashby,kognitos
Kognity,ashby,kognity
KOHO,ashby,koho
Kojo,ashby,kojo
Kombo,ashby,kombo
Kong,ashby,kong
Kontakt.io,ashby,kontakt
Konvu,ashby,konvu
kos.ai,ashby,kos.ai
Kota,ashby,kota
Kovari,ashby,kovari
Kovo,ashby,kovo
Koyfin,ashby,koyfin
KP Reddy Co.,ashby,kpr
Kraken (Analytics Only),ashby,kraken
Kraken Kinetics,ashby,kraken-kinetics
Krea,ashby,krea
Krew,ashby,krew
Kueski,ashby,kueski
Kunin Technologies,ashby,kunin
Kustomer,ashby,kustomer
Kyan Health,ashby,kyanhealth
KYP Holding B.V.,ashby,kyp
Kyra,ashby,kyra
LABHOUSE,ashby,labhouse
Ladder,ashby,ladder
Lambda,ashby,lambda
Lanai,ashby,lanai
Lance,ashby,lance
LanceDB,ashby,lancedb
LangChain,ashby,langchain
Langdock,ashby,langdock
Langfuse,ashby,langfuse
LAP Coffee,ashby,lap
Lapel,ashby,lapel
Lark Health,ashby,lark
Lassie,ashby,lassie
LAT Aerospace Private,ashby,lat
LatamCent,ashby,latamcent
LatchBio,ashby,latchbio
Latent,ashby,latent
Latent Labs,ashby,latentlabs
Latitude,ashby,latitude
Latitude,ashby,latitude-global
LaunchDarkly,ashby,launchdarkly
LaunchWell Group,ashby,launchwellgroup
Laurel,ashby,laurel
Lavendo,ashby,lavendo
LawDepot,ashby,lawdepot
Lawhive,ashby,lawhive
Layer,ashby,layerfi
Lazer,ashby,lazer
Lead,ashby,leadbank
Lead Allies Inc,ashby,lai
Lean Layer,ashby,leanlayer
Lean TECHniques,ashby,leantechniques
LeanData,ashby,leandata
LeanScale,ashby,leanscale
Leap,ashby,leap
Leapsome,ashby,leapsome
Learn Ashby (Google Workspace),ashby,learn-ashby
Learner,ashby,learner
Leavitt Group,ashby,leavitt
Ledge,ashby,ledge
Ledger,ashby,ledger
"Legend Labs, Inc.",ashby,legend-xyz
Legion Health,ashby,legionhealth
Legora AB,ashby,legora
Leland,ashby,leland
LemFi,ashby,lemfi
lemlist,ashby,lemlist
lemon.markets,ashby,lemon-markets
lemonade,ashby,lemonade
Lendable,ashby,lendable
LENS Inc.,ashby,lens
Leona Health,ashby,leona
"Leopard, Inc.",ashby,leopard
Leopards,ashby,leopards
Letta,ashby,letta
Level,ashby,level
Levelpath,ashby,levelpath
Leveraged Media,ashby,leveragedmedia
Lexroom,ashby,lexroom
LG Ad Solutions,ashby,lgads
Life Space Digital,ashby,life-space-digital
Lifen,ashby,lifen
LifeStance Health,ashby,lifestance
Lifetime Quality,ashby,lifetime-quality-roofing-storm-restoration
Liftoff,ashby,liftoff
Light,ashby,light
Lightdash,ashby,lightdash
Lightfield,ashby,lightfield
Lightning Labs,ashby,lightning
LightSource,ashby,lightsource
Lightspark,ashby,lightspark
"Lightspeed Commerce, Inc.",ashby,lightspeedhq
LILT,ashby,lilt-corporate
LILT (Production),ashby,lilt-production
Limbic,ashby,limbic
Limble,ashby,limble
"Limelight Steel, Inc.",ashby,limelight-steel
Linda AI,ashby,linda
Lindus,ashby,lindus
Linear,ashby,linear
Linero,ashby,linero
Links Academy,ashby,links-academy
Linkup,ashby,linkup
LINQ,ashby,linqapp
Lio,ashby,lio
Liquid,ashby,liquid
Liquid AI,ashby,liquid-ai
Listen Labs,ashby,listenlabs
LiteLLM,ashby,litellm
Literati,ashby,literati
Litmus,ashby,litmus
LIV Golf,ashby,liv-golf
Live it Up,ashby,liveitup
LiveFlow,ashby,liveflow
LiveKit,ashby,livekit
livingHR,ashby,livinghr
LlamaIndex,ashby,llamaindex
LM Studio,ashby,lm-studio
Loadshare,ashby,loadshare
Loancrate,ashby,loancrate
Loft,ashby,loft
Logiqal,ashby,logiqal
Loki Robotics,ashby,loki
Long Lake,ashby,long-lake
Longitude Labs,ashby,meridian-ai
Loom,ashby,loom
Loopio Inc.,ashby,loopio
Loot Labs,ashby,loot-labs
Lorikeet,ashby,lorikeet
Lottie,ashby,lottie
Lotus Health AI,ashby,lotushealth
Loula,ashby,loula
Lovable,ashby,lovable
loveholidays,ashby,loveholidays
Lovelace AI,ashby,lovelace
"LPA, Inc.",ashby,lpadesignstudios
LTV,ashby,ltv
LucidLink,ashby,lucidlink
Lumana,ashby,lumana
Lumbra,ashby,lumbra
Lumen,ashby,lumen
Lumilens,ashby,lumilens
Luminai,ashby,luminai
Luminary,ashby,luminary
Luminovo,ashby,luminovo
Lumos,ashby,lumos
Lunar,ashby,lunar
Lunar Solar Group,ashby,lunar-solar-group
Lunon,ashby,Lunon
Luxor Technology Corporation,ashby,luxor
Lydian,ashby,lydian
Lynk,ashby,lynk
Lyra Health,ashby,lyrahealth
Lyric,ashby,lyric
M-KOPA,ashby,m-kopa
M13,ashby,m13
Mach Industries,ashby,mach
Mach9,ashby,mach9
Machine Intelligence Research Institute,ashby,miri
Macroscope,ashby,macroscope
Made Card,ashby,madecard
Madhive,ashby,madhive
Magentic,ashby,magentic
Magic Eden,ashby,magiceden
Magic Patterns,ashby,magicpatterns
Magical,ashby,magical
MagicSchool AI,ashby,magicschool
MAI,ashby,mai
Maincode,ashby,maincode
Mainstay Labs Inc.,ashby,mainstay
MaintainX,ashby,maintainx
Makai Labs,ashby,makai-labs
MakiPeople,ashby,maki
Mandolin,ashby,mandolin
Mandrel,ashby,mandrel
Maneuver Marketing,ashby,maneuver-marketing
Mangomint,ashby,mangomint
Manifest Law,ashby,manifest-law
Manifest OS,ashby,manifest-os
Manus AI,ashby,manusai
Mapbox,ashby,mapbox
Maple,ashby,maple
Marble,ashby,marble
Marble Health,ashby,marblehealth
Marco,ashby,marcohire
Mariana Minerals,ashby,marianaminerals
Mariner,ashby,mariner-careers
Marketing Architects,ashby,markarch
Marloo,ashby,marloo
Marqeta,ashby,marqeta
marshmallow,ashby,marshmallow
Marvin Behavioral Health,ashby,meetmarvin
Masabi,ashby,masabi
Matchnode,ashby,matchnode
Material Group,ashby,material
Material Security,ashby,materialsecurity
Materialize,ashby,materialize
MathGPT,ashby,mathgpt
Matia,ashby,matia
Matic,ashby,maticrobots
Matter Intelligence,ashby,matter-intelligence
Matter Labs,ashby,matter-labs
"Matterworks, Inc.",ashby,matterworks
Maven,ashby,maven
Maven AGI,ashby,maven-agi
Mavericks,ashby,mavericks
Maxhome,ashby,maxhome
Maxima,ashby,maxima
Maxima Consulting,ashby,maxima-consulting
"Maximus Health, Inc.",ashby,maximustribe
MaxRewards,ashby,maxrewards
Maybern,ashby,maybern
Maze,ashby,mazedesign
Maze,ashby,mazehq
MDCalc,ashby,mdcalc
Meadow,ashby,meadow
MeBe,ashby,mebe
Mechanism Ventures,ashby,mechanism-ventures
"Mechanize, Inc.",ashby,mechanize
Medallion,ashby,medallion
Medely,ashby,medely
MediCircle,ashby,medicircle
"Mednet, Inc.",ashby,mednet
Medra,ashby,medraai
MedScout,ashby,medscout
Megazone Cloud US,ashby,megazone
Meliora Academy,ashby,meliora-academy
Melius,ashby,melius
Melotech,ashby,melotech
Mem0,ashby,mem0
Memfault,ashby,memfault
Memora Health,ashby,memora
Mend.io,ashby,mend-io
Menlo Security,ashby,menlosecurity
Ment,ashby,ment
Mento,ashby,mento
Meow,ashby,meow
Mercator,ashby,mercator
Merciv,ashby,merciv
Mercor,ashby,mercor
Mercura,ashby,mercura
Mercury,ashby,mercury
Merge,ashby,merge
MeridianLink,ashby,meridianlink
Meridio,ashby,meridio
Meshy LLC,ashby,meshy
Metaforms,ashby,metaforms
Metal,ashby,metal
Metalenz,ashby,metalenz
Metaview,ashby,metaview
Meter,ashby,meter
Method Financial,ashby,method
Method Integration Inc.,ashby,method-crm
Meticulous,ashby,meticulous
Metriport,ashby,metriport
"Mia Labs, Inc.",ashby,mia-labs
Miaplaza,ashby,miaplaza
Middesk,ashby,middesk
Midjourney,ashby,midjourney
Midnite,ashby,midnite
Midstream Health,ashby,midstream
Migaku,ashby,migaku
MikMak,ashby,mikmak
Mimica,ashby,mimica
Mind Robotics,ashby,mindrobotics
Mindbeam,ashby,mindbeam
Minerva,ashby,minerva-ai
Mintlify,ashby,mintlify
MintMCP,ashby,mintmcp
MioDottore,ashby,miodottore
Miovision,ashby,miovision
Mira Mace,ashby,miramace
Mirage,ashby,mirage
Mirelo AI,ashby,mirelo
Mirendil,ashby,mirendil
Miro,ashby,miro
Miter,ashby,miter
Mithrl,ashby,mithrl
Moab,ashby,moab
Mobasi,ashby,mobasi
Modal,ashby,modal
Modelyst,ashby,modelyst
Modern Treasury,ashby,moderntreasury
ModernFi,ashby,modernfi
Modus,ashby,modus
MoeGo,ashby,moego
Mogul & Co.,ashby,media-mogul
molecule.xyz,ashby,molecule
Molg,ashby,molg
Mollie,ashby,mollie
Moment Technology,ashby,moment
Momentic,ashby,momentic
Mona,ashby,mona
Monaco,ashby,monaco
Monarch,ashby,monarchcrops
Monarch,ashby,monarch-md
Monarch Money,ashby,monarchmoney
Mondoo,ashby,mondoo
Monk,ashby,monk
Monogram,ashby,monogram
Montauk Capital,ashby,montauk-capital
Monte Carlo,ashby,montecarlodata
Monterra,ashby,monterra
Montu UK,ashby,montu-uk
Monumental,ashby,monumental
Moon Active,ashby,moonactive
Moonlake,ashby,moonlake
Moonshot,ashby,moonshot
Moonshot AI,ashby,moonshot-ai
Moonvalley AI,ashby,moonvalley-ai
Morning Consult,ashby,morningconsult
Morpho,ashby,morpho
Morse Micro,ashby,morse-micro
Mosaic,ashby,mosaic
Mosey,ashby,mosey
Moss,ashby,moss
MotherDuck,ashby,motherduck
Motorway,ashby,motorway
MOXFIVE,ashby,moxfive
Moxie,ashby,moxie
MSquared,ashby,msquared
MUBI,ashby,mubi
Mudflap,ashby,mudflap
MUI,ashby,mui
Multiply,ashby,multiply
Multiverse,ashby,multiverse
Munich Electrification,ashby,munich-electrification
Mural,ashby,mural
Mutiny,ashby,mutiny
Muun,ashby,muun
Mux,ashby,mux
MyCase,ashby,mycase
MyEdSpace,ashby,myedspacecareers
Mysten Labs,ashby,mystenlabs
myTomorrows,ashby,mytomorrows
N1,ashby,n1
n8n,ashby,n8n
Nabi,ashby,nabihealth
Nabla,ashby,nabla
Nabr,ashby,nabr
Nabu Casa,ashby,nabucasa
Namespace,ashby,namespace
Nango,ashby,nango
Nanonets,ashby,nanonets
Nascent,ashby,nascent
Nash,ashby,nash
NationGraph,ashby,nationgraph
Natter,ashby,natter
Nava Benefits,ashby,nava-benefits
Navattic,ashby,navattic
Navi AI,ashby,navi
Ncontracts,ashby,ncontracts
NDEAVOUR CONSULTING,ashby,ndeavour
Neara,ashby,neara
Nebulock,ashby,nebulock
Nectar,ashby,nectar-social
Need,ashby,need
NegotiateAI,ashby,negotiate-ai
Neko Health,ashby,neko-health
Nell,ashby,nell
Nelly Solutions,ashby,nelly
Nelo,ashby,nelo
Nen,ashby,nen
Nen Creative,ashby,nen-creative
Neo Financial,ashby,neofinancial
Neo.Tax,ashby,neo-tax
Neon,ashby,neon
Neon Health,ashby,neon-health
Neon Redwood,ashby,neonredwood
NeoTaste,ashby,neotaste
NerdWallet,ashby,nerdwallet
Nesso Labs,ashby,nessolabs
Nest Health,ashby,nest-health
Nest Veterinary,ashby,nestveterinary
Nestmed,ashby,nestmed
NetBox Labs,ashby,netboxlabs
NetEase,ashby,netease
NETGEAR,ashby,netgear
Nethermind,ashby,nethermind
Netic,ashby,netic
Netpreme,ashby,netpreme
Netwealth,ashby,netwealth
Network Right,ashby,networkright
Neural Concept,ashby,neuralconcept
Neurophos,ashby,neurophos
Neuroscale AI,ashby,neuroscale
Nevis Wealth,ashby,nevis
Nevoya,ashby,nevoya
New Culture,ashby,new-culture
New Lantern,ashby,newlantern
New Story,ashby,new-story
New Story Schools (OH),ashby,new-story-schools-oh
New Story Schools (PA),ashby,new-story-schools-pa
Newform,ashby,newform
Newfront,ashby,newfront
NewOrbit Space,ashby,neworbit
Nextdata,ashby,nextdata
NextLink Labs,ashby,nextlinklabs
NextPatient,ashby,nextpatient
NextRoll,ashby,nextroll
Nexus Cognitive Technologies,ashby,nexus-cognitive
Nexus Marketing,ashby,nexus-marketing
Nexxa.AI,ashby,nexxa
Nexxen,ashby,nexxen
Niantic Spatial,ashby,niantic-spatial
Nidus Technologies,ashby,nidus-technologies
Nightfall AI,ashby,nightfall-ai
Nira Medical,ashby,niramedical
Nirvana Insurance,ashby,nirvana
Niural,ashby,niural
Niva,ashby,niva
Nivoda,ashby,nivoda
NODA AI,ashby,noda-ai
Noetic Global Corp.,ashby,noetic
Noetica,ashby,noetica
Noise Labs,ashby,noise-labs
Nolla Health,ashby,nollahealth
Nomad Labs Inc,ashby,nomad
nomic,ashby,nomic
Nomos,ashby,nomos
Nooks,ashby,nooks
nord-security,ashby,nord-security
Norm Ai,ashby,norm-ai
Norm Law,ashby,normlaw
Normal Computing Corporation,ashby,normalcomputing
Northslope,ashby,northslope-technologies
northwoodspace,ashby,northwoodspace
Nory,ashby,nory
NORY,ashby,nory-co
Nosis Bio,ashby,nosisbio
Notabene,ashby,notabene
Notable,ashby,notable
Notch,ashby,notch
Notion,ashby,notion
Noto,ashby,noto
Nous,ashby,nous
Nova Intelligence,ashby,novaintelligence
Novel,ashby,novel
Novellia,ashby,novellia
Novig,ashby,novig
Novita AI,ashby,novita-ai
Novo,ashby,novo
NOX METALS,ashby,nox-metals
Noyo,ashby,noyo
Nubank,ashby,nubank
Nuclear Promise X,ashby,npx
Nucleus Genomics,ashby,nucleus
Nudge,ashby,nudge
Numeral,ashby,numeral
Numeric,ashby,numeric
NumerixS Quant,ashby,numerixs-quant
"Numos AI, inc.",ashby,numosai
Nuna,ashby,nuna
"Nuon, Inc.",ashby,nuon
Nursa,ashby,nursa
Nusano,ashby,nusano
Nylas,ashby,nylas
Oak,ashby,oak
Oakland Feather River Camp,ashby,oakland-feather-river-camp
Observable Space,ashby,observable-space
Obsidian Systems,ashby,obsidiansystems
Obviant,ashby,obviant
Obvio,ashby,obvio
Obvious,ashby,obvious
Oceanus Marine Technologies,ashby,oceanus
Ocra,ashby,ocra
Oden Technologies,ashby,oden-technologies
Odin,ashby,odin
Odys Aviation,ashby,odys-aviation
Odyssey,ashby,odyssey
Odyssey,ashby,odysseyml
OffDeal,ashby,offdeal
Office Hours,ashby,office-hours
OKTOBER,ashby,oktoberagency
Old Well Labs,ashby,old-well-labs
Oligo Space,ashby,oligo
OLIX,ashby,olix
Olly Olly,ashby,olly-olly
Oma Fertility,ashby,omafertility
Oma Robotics,ashby,omarobotics
Omada.ai,ashby,omadaai
Omaze,ashby,omaze
Omen,ashby,omen
Omi,ashby,omi
Omnea,ashby,omnea
Omni,ashby,omni
Omniscient,ashby,omniscient
On Deck,ashby,ondeck
On Me Gifting,ashby,onme
Ona,ashby,ona
One Pass Solutions,ashby,one-pass-solutions
Onebrief,ashby,onebrief
OneCrew,ashby,onecrew
OneHealth Tech Corp,ashby,onehealth
Oneleet,ashby,oneleet
OnePay,ashby,oneapp
OneSchema,ashby,oneschema
OnHires,ashby,onhires
Onos Health,ashby,onoshealth
OnRamp,ashby,onramp
Ontic,ashby,ontic
Ontologize,ashby,ontologize
Onton,ashby,onton
Onyx,ashby,onyx
Onyx Bio,ashby,onyx-bio
OP Labs,ashby,oplabs
Opal,ashby,opal-os
Opal Security,ashby,opal
OpenAI,ashby,openai
OpenArt AI,ashby,openart
OpenCoreOS,ashby,opencoreos
OpenEvidence,ashby,openevidence
OpenGov,ashby,opengov
OpenHands,ashby,openhands
OpenLoop Health,ashby,openloophealth
OpenLoop Health Partners,ashby,openlooppartners
Openly,ashby,openly
OpenObserve Inc.,ashby,openobserve-careers
OpenRouter,ashby,openrouter
OpenSea,ashby,opensea
OpsMill,ashby,opsmill
Optimum,ashby,optimum
Optro,ashby,optro
Opus Medical,ashby,opus-medical
Opus Training Inc.,ashby,opus-training
OpusClip,ashby,opusclip
Orb,ashby,orb
Orbit Neuro Co.,ashby,orbit
Orbital,ashby,orbital
Orbital,ashby,orbitalindustries
Orca,ashby,orca
Orchard Robotics,ashby,orchard
Orchestra Bio,ashby,orchestra-bio
Orderful,ashby,orderful
Orita,ashby,orita
Orum,ashby,orum
Oscilar,ashby,oscilar
Osmo,ashby,osmo
Oso,ashby,oso
Ostium Labs,ashby,ostium
Oumi,ashby,oumi
OurRitual,ashby,ourritual
OuterSignal,ashby,outersignal
Outmarket AI,ashby,outmarket
Outpost,ashby,outpost
Outpost Technologies,ashby,outpostnow
Output Biosciences,ashby,output
Output Inc,ashby,outputinc
Outset,ashby,outset
Outsmart,ashby,outsmart
Outtake,ashby,outtake
Overflow,ashby,overflow
Overjet,ashby,overjet
Overtone,ashby,overtone
Overview Corporation,ashby,overview
Overview Energy,ashby,overviewenergy
Owkin,ashby,owkin
Owner.com,ashby,owner
Oxeon,ashby,oxeon
OXIO Corporation,ashby,oxio
OXMAN,ashby,oxman
Oxo,ashby,oxo
Oyster,ashby,oyster
PACE Loan Group,ashby,paceloangroup
PactFi,ashby,pactfi
Paddle,ashby,paddle
Padlet,ashby,padlet
"Pair Eyewear, Inc.",ashby,paireyewear
Palette Media,ashby,palette-media
Palladio AI,ashby,palladio
Palmstreet,ashby,palmstreet
Pandektes,ashby,pandektes
Pangram Labs,ashby,pangramlabs
Pano AI,ashby,pano-ai
Panoptyc,ashby,panoptyc
Panther Life Sciences,ashby,panther-life-sciences
Parabola,ashby,parabola-io
Paradigm,ashby,myparadigm
Paradigm,ashby,paradigmai
Paradigm,ashby,paradigm
Paradigm Health,ashby,paradigm-health
Paradox,ashby,paradox
Parafin,ashby,parafin
Paraform,ashby,paraform
Paragon,ashby,paragon
Parallel Bio,ashby,parallel-bio
"Parallel Fluidics, Inc.",ashby,parallel-fluidics
Parallel Web Systems,ashby,parallel
Pareto.AI,ashby,pareto-ai
Parity,ashby,parity
Pariveda,ashby,pariveda
Parkade,ashby,parkade
Parker Group Inc,ashby,parker
Parspec,ashby,parspec
Partiful,ashby,partiful
PartsBase Inc.,ashby,partsbase
Passage,ashby,passage
Passes,ashby,passes
Passport,ashby,passport
Passthrough,ashby,passthrough
Patch,ashby,patch.io
Pathwork,ashby,pathwork
"Patlytics, Inc.",ashby,patlytics
Patreon,ashby,patreon
Pave (Lever),ashby,pave
Pave Bank,ashby,pavebank
Pawp,ashby,pawp
Paxos,ashby,paxos
Paxos Labs,ashby,paxoslabs
Payabli,ashby,payabli
Payrails GmbH,ashby,payrails
Payscale,ashby,payscale
PayZen,ashby,payzen-inc
PCH Digital LLC,ashby,pch-digital
PeakMetrics,ashby,peakmetrics
Pear VC,ashby,pear-vc
Pearl,ashby,pearl
Pearl Health,ashby,pearlhealth
Pearly,ashby,pearlyplan
Pearmill,ashby,pearmill
Pearpop,ashby,pearpop
Pebl,ashby,pebl
Peec AI,ashby,peec
Peek,ashby,peek
Pennylane SAS,ashby,pennylane
Pensive,ashby,pensive
People Culture Talent,ashby,people-culture-talent
People Data Labs,ashby,people-data-labs
PeopleLoop,ashby,peopleloop
Percepta,ashby,percepta
Perchwell,ashby,perchwell
Percona,ashby,percona
Perfect Venue,ashby,perfect-venue
Perfectly,ashby,perfectly
Pergolux,ashby,pergolux
Periodic Labs,ashby,periodic-labs
Perk,ashby,perk
PermitFlow,ashby,permitflow
Permutive,ashby,permutive
Perplexity,ashby,perplexity
"Perry Weather, Inc.",ashby,perryweather
Persona,ashby,persona
Pesto,ashby,pesto
Petra Labs,ashby,petra-labs
Phantom,ashby,phantom
Pharos,ashby,pharos
Pharsalus Capital,ashby,pharsalus
Phia,ashby,phia
PHIL,ashby,phil
Phoenix,ashby,phoenix
Phonely,ashby,phonely
Phonic,ashby,phonic
Photoroom,ashby,photoroom
Phylax Systems,ashby,phylax
"Phylo, Inc.",ashby,phylo
Physical Intelligence,ashby,physicalintelligence
Physical Superintelligence,ashby,psi
PickNik Inc.,ashby,picknik
Picogrid,ashby,picogrid
Pika,ashby,pika
Pilgrim,ashby,pilgrim
Pilot Fiber,ashby,pilot-fiber
pineapple,ashby,pineapple
Pinecone,ashby,pinecone
Pinnacle,ashby,heypinnacle
Pioneer,ashby,pioneer
Pirros,ashby,pirros
Pivot,ashby,pivot
Pivot Robotics,ashby,pivotrobotics
Pivotal Health,ashby,pivotal-health
Pixaera,ashby,pixaera
Plaid,ashby,plaid
Plain,ashby,plain
"Plane Software, Inc.",ashby,plane
Planera,ashby,planera
Planet,ashby,planet
Planhat,ashby,planhat
Planteria Group,ashby,planteria
Plasma,ashby,plasma
Plasmidsaurus,ashby,plasmidsaurus
Platformed,ashby,platformed
Plaud,ashby,plaud
Playbook,ashby,playbook
"PlayerZero, Inc.",ashby,playerzero
Playground,ashby,playground
Playlab,ashby,playlab
Playson,ashby,playson
Pleo,ashby,pleo
Pliant,ashby,pliant
Plinth,ashby,plinth
Plot Pointe,ashby,plot-pointe
"Plot Technologies, Inc.",ashby,plot
Plotly,ashby,plotly
Plumerai,ashby,plumerai
Plural,ashby,pluralfinance
Pluralis Research,ashby,pluralis-research
Pluto Health,ashby,pluto-health
Pocket Prep,ashby,pocketprep
Podium,ashby,podium
Podium Automation,ashby,podium-automation
Poesis,ashby,poesis
Poetic,ashby,poetic
Poetiq,ashby,poetiq
Point,ashby,point
Point One Navigation Inc,ashby,point-one-navigation
PointFive,ashby,pointfive
PointOne,ashby,pointone
Pointr,ashby,pointr
Polar Analytics,ashby,polaranalytics
Polarsteps,ashby,polarsteps
Polly,ashby,polly
Polygon Labs,ashby,polygon-labs
Polymarket,ashby,polymarket
Polymath,ashby,polymath
Polène Paris,ashby,polene-paris
Poolside,ashby,poolside
Poolside Infrastructure Company,ashby,pic
Popl Co,ashby,popl
Poseidon Aerospace,ashby,poseidonaero
Posh,ashby,posh
Posh,ashby,posh-ai
Poshmark,ashby,poshmark
Positive Development,ashby,positive-development
Post.,ashby,post
Posthog,ashby,posthog
PowerLattice Technologies Inc,ashby,powerlattice
Powerline,ashby,powerline
pplwise,ashby,pplwise
Praecipio Consulting,ashby,praecipio
Pragmatike,ashby,pragmatike
"PrairieLearn, Inc.",ashby,prairielearn
Pravāh,ashby,pravah
praxipal,ashby,praxipal
"Precharm, LLC",ashby,precharm
Prefect,ashby,prefect
Preference Model,ashby,preference-model
Prelim,ashby,prelim
Prelude,ashby,prelude
Preply,ashby,preply
Preql AI,ashby,preql
Prevail Fund,ashby,prevail-fund
Primary,ashby,primary
Prime Intellect,ashby,primeintellect
Primer,ashby,primer
Prior Labs,ashby,prior-labs
Probably Genetic,ashby,probablygenetic
Probook,ashby,probook
"ProCure, LLC",ashby,procure
Procurement Sciences,ashby,procurementsciences
Prodigy Education,ashby,prodigy-education
Product Hunt,ashby,producthunt
ProductNow,ashby,product-now
ProductWind,ashby,productwind
Profound,ashby,profound
Project Expedition,ashby,project-expedition
Project44,ashby,project44
Prokeep,ashby,prokeep
prometheus,ashby,prometheus
Promise,ashby,promise
Promise Studios,ashby,promise-studios
Prompt,ashby,prompt
Propel,ashby,propel
Propelus,ashby,propelus
Prophecy Gov,ashby,prophecygov
Prophet Security,ashby,prophet-security
ProRata.ai,ashby,prorata
Prose,ashby,prose
Prosper AI,ashby,prosper-ai
Prospyr,ashby,prospyr
Protege,ashby,protege
Protegrity,ashby,protegrity
Protocol Behavioral Health,ashby,protocol-cares
Protocol Labs,ashby,protocol
Provable,ashby,provable
Prox,ashby,prox
Proxima,ashby,proximaai
Proxima,ashby,proxima
Proxima Fusion,ashby,proxima-fusion
Proximal,ashby,proximal
Pryzm,ashby,pryzm
Pulley,ashby,withpulley
Pulse,ashby,pulse
Punchh,ashby,punchh
Pure,ashby,pure
PureStorage,ashby,purestorage
Pursuit,ashby,pursuit
Puzzle Consulting Services,ashby,puzzle-consulting-services
Pylon,ashby,pylon
Pylon,ashby,pylon-labs
Pytho AI,ashby,pytho-ai
QA Wolf,ashby,qawolf
QED.ai,ashby,qed-ai
Quadrivia,ashby,quadrivia
Qualified,ashby,qualified
Qualified Health PBC,ashby,qualified-health-pbc
Qualitate,ashby,qualitate
Qualtrics,ashby,qualtrics
Qualytics,ashby,qualytics
Quanta,ashby,quanta
QuantAQ,ashby,quant-aq
Quantcast,ashby,quantcast
Quantexa,ashby,quantexa
Quantstamp,ashby,quantstamp
Quantum,ashby,quantum
QuantWare,ashby,quantware
Quarks,ashby,quarks-tech
Quartermaster,ashby,quartermaster
Quicknode,ashby,quicknode
Quilter,ashby,quilter
Quindar,ashby,quindar
Quintess AI,ashby,quintess-ai
Quora,ashby,quora
Quorum,ashby,quorum
QuoteWell,ashby,quotewell
Qwilr,ashby,qwilr
"R37 Lab, R1 RCM",ashby,phare-r1-r37
Rad AI,ashby,radai
RAD Amplify,ashby,rad-intel
Radar,ashby,radar
Radiant,ashby,radiant
Radiant Industries,ashby,radiant-industries
"RadiantGraph, Inc",ashby,radiantgraph
Radical Numerics,ashby,radical-numerics
Raft,ashby,raft
Raiku,ashby,raiku
Railway,ashby,railway
Rain,ashby,rain
Rain Technologies Inc.,ashby,rain-technologies
Rainfall Health,ashby,rainfallhealth
Rainforest,ashby,rainforest-pay
Ramp,ashby,ramp
Range,ashby,range
RapDev,ashby,rapdev
Raptive,ashby,raptive
Rare Candy,ashby,rarecandy
Rasa,ashby,rasa
Raspberry AI,ashby,raspberry
Ravenna,ashby,ravenna
Ravio,ashby,ravio
Raycast,ashby,raycast
Raylu AI,ashby,raylu-ai
Reach Security,ashby,reach
Reacher,ashby,reacher
"Read AI, Inc.",ashby,read-ai
ReadMe,ashby,readme
Ready,ashby,ready
Reaktor,ashby,reaktor
Real,ashby,real
Reality Defender,ashby,realitydefender
Realm,ashby,realmalliance
Rebar,ashby,rebar
Rebecca School,ashby,rebecca-school
Rebel Space Technologies,ashby,rebel-space-technologies
"Rebuy, Inc.",ashby,rebuy
Rec Technologies,ashby,rec
Recall,ashby,recall
Receptive,ashby,receptive
Recharge,ashby,recharge
Recraft,ashby,recraft
Recruiting School,ashby,recruitingschool
Recurrency,ashby,recurrency
Red 6,ashby,red6
Red Metals,ashby,redmetals
Red Oak,ashby,red-oak
Reddit,ashby,reddit
Redgate,ashby,red-gate
Redis,ashby,redis
Reducto,ashby,reducto
Reedsy,ashby,reedsy
Reevo,ashby,reevo
Reflect Orbital,ashby,reflect-orbital
Reflection,ashby,reflectionai
Reflex Robotics,ashby,reflexrobotics
Reflow,ashby,reflow
Reframe Systems,ashby,reframesystems
Regard,ashby,regard
REGENT,ashby,regent
Rehire,ashby,rehire
"Reimagine Robotics, Inc.",ashby,r2
Reindeer,ashby,reindeer-ai
"Reinforce Labs, Inc.",ashby,reinforce-labs-inc
Reka,ashby,reka
Reklame Health,ashby,reklamehealth
Reku,ashby,reku
Relace,ashby,relace
relationrx,ashby,relationrx
Relay,ashby,relayfi
Relay,ashby,relayprotocol
Relay Technologies,ashby,relay
Relevance AI,ashby,relevanceai
Reliable Robotics Corporation,ashby,reliable-robotics
"Remarcable, Inc.",ashby,remarcable-inc
Remedy Robotics,ashby,remedyrobotics
Remilia Corporation,ashby,remilia
Remo Health,ashby,remo
Render,ashby,render
Rennscot MFG,ashby,rennscotmfg
Renterra,ashby,renterra
Renuity,ashby,renuity
Reonic,ashby,reonic
Replicant,ashby,replicant
Replimune,ashby,replimune
Replit,ashby,replit
Replo,ashby,replo
RepRally,ashby,reprally
Reprise,ashby,reprise
Rerun,ashby,rerun
Rescale,ashby,rescale
Resend,ashby,resend
Reserve,ashby,reserve
Reservoir,ashby,reservoir
Reset,ashby,reset
Reson8,ashby,reson8
ResQ,ashby,resq
Restate,ashby,restate
Restream,ashby,restream
Reteam,ashby,reteam
Retell AI,ashby,retell-ai
Rev,ashby,rev
Reve,ashby,reve
Revenue Vessel,ashby,revenuevessel
RevenueBase Inc,ashby,revenuebase-inc
RevenueCat,ashby,revenuecat
Revic,ashby,revic
Revin,ashby,revin
Revinate,ashby,revinate
Revise Robotics,ashby,reviserobotics
Revive,ashby,revive
Revv,ashby,revv-hq
Rewind,ashby,rewind
Rho,ashby,rho
Rhoda AI,ashby,rhoda-ai
Rhythms,ashby,rhythms
Ribbon AI,ashby,ribbon-ai
Riff,ashby,riff
Rightfoot,ashby,rightfoot
Rilla,ashby,rilla
Rillet,ashby,rillet
Rime Labs,ashby,rime
RiseGuide,ashby,riseguide
Risk Labs,ashby,risklabs
River,ashby,river
River Rock Academy,ashby,river-rock-academy
Rivermont Schools,ashby,rivermont-schools
Riveron,ashby,riveron
Rivet Industries,ashby,rivet
Rivian and Volkswagen Group Technologies,ashby,rivianvw.tech
Roadrunner,ashby,roadrunner
Roam,ashby,tryroam
RobCo,ashby,robco
Robin Radar,ashby,robin-radar
Roboflow,ashby,roboflow
Rocket Science Group,ashby,rocketsciencegg
Roger Healthcare,ashby,rogerhealthcare
Rogo,ashby,rogo
Rohlik,ashby,rohlik
Rollstack,ashby,rollstack
roobet,ashby,roobet
Root Access,ashby,root-access
Roots AI,ashby,roots-automation
Rothy's,ashby,rothys
Routefusion,ashby,routefusion
Rowan Digital Infrastructure,ashby,rowan
Rox Data Corp,ashby,rox-data-corp
Rubie,ashby,rubie
Rula,ashby,rula
Runa,ashby,runa
Rundoo,ashby,rundoo
Rune Technologies,ashby,runetech
Runlayer,ashby,runlayer
Runna,ashby,runna
RunSybil,ashby,runsybil-jobs
Runway,ashby,runway-ml
Runway Financial,ashby,runway
Rutter,ashby,rutter
"Rwazi, Inc.",ashby,rwazi
Rythm Health,ashby,rythm
Ryvn,ashby,ryvn
Sabi,ashby,sabi
Sable,ashby,sable
Safe Software,ashby,safe
SafeLease,ashby,safelease
Safety Cybersecurity,ashby,safety
SafetyKit,ashby,safetykit
Safi,ashby,safi
Sage Alliance Schools,ashby,sage-alliance-schools
Sage Care Inc,ashby,sagecare
Sahara,ashby,sahara
Sailor Health,ashby,sailorhealth
Sailpeak,ashby,sailpeak
Sainapse,ashby,sainapse
SalesAPE.ai,ashby,salesape-ai
SalesJack,ashby,salesjack
SalesLoft,ashby,salesloft
SalesPatriot,ashby,salespatriot
Salient,ashby,salient
Salonkee,ashby,salonkee
Saltz Marketplace,ashby,saltz
Samsung Next,ashby,samsungnext
San Francisco Tensor Company,ashby,sf-tensor
Sana,ashby,sana-roles
Sanctuary,ashby,sanctuary
Sandbar,ashby,sandbar
SandboxAQ,ashby,sandboxaq
Sandstone,ashby,sandstone
Sanity,ashby,sanity
Sapien,ashby,sapien
Sardine,ashby,sardine
Saris AI,ashby,saris-ai
Saronic Technologies,ashby,saronic
Saturn,ashby,saturn
Savvy Wealth,ashby,savvy
SavvyMoney,ashby,savvymoney
Sazabi,ashby,sazabi
"Scale to Win, Inc",ashby,scale-to-win-inc
Scaled Cognition,ashby,scaled-cognition
ScaleMath,ashby,scalemath
Scaler,ashby,scaler
Scan.com,ashby,scan-com
Scarlet,ashby,scarlet
Scholarly,ashby,scholarly
Schoolhouse,ashby,schoolhouse-world
Scientech Research LLC,ashby,scientech-research
Sciforium,ashby,sciforium
ScorePlay,ashby,scoreplay
Scout,ashby,scout
Screenverse,ashby,screenverse
"Scribd, Inc.",ashby,scribdinc
Scribe,ashby,scribe
Scrollmark,ashby,scrollmark
Scrunch,ashby,scrunch
SE3 Labs,ashby,se3
Sea12 Technologies,ashby,sea12
Sealed,ashby,sealed
Seamflow,ashby,seamflow
Searchable,ashby,searchable
SearchStax,ashby,searchstax
Seccl,ashby,seccl
Secfix,ashby,secfix
Second Dinner,ashby,seconddinner
Second Front Systems,ashby,second-front-systems
Second Nature,ashby,second-nature
SecureBio,ashby,securebio
Seekeasy,ashby,seekeasy
Sei Development Foundation,ashby,seifoundation
Sei Labs,ashby,sei-labs
Sekai,ashby,sekai
Sellfire,ashby,sellfire
Semgrep,ashby,semgrep
Semperis,ashby,semperis
Seneca,ashby,seneca
Sensmore,ashby,sensmore
Sensor Tower,ashby,sensor-tower
Sensorfact,ashby,sensorfact
"Sent, Inc.",ashby,sent
SentiLink,ashby,sentilink
Sentra,ashby,sentra
Sentry,ashby,sentry
Seon,ashby,seon
Sequence,ashby,sequence
Sequoia,ashby,sequoia
Sereact,ashby,sereact
Serval,ashby,serval
Serve Robotics,ashby,serverobotics
Served With Honor,ashby,servedwithhonor
Sesame,ashby,sesame
Sevaro,ashby,sevaro
Sevaro - Physician/Clinical Roles,ashby,brunswick
Seven AI,ashby,sevenai
SewerAI Corporation,ashby,sewer-ai
SFG20,ashby,sfg20
SGNL.ai,ashby,sgnlai
Shade.inc,ashby,shade-inc
Shapes,ashby,shapes
Share,ashby,share
Shasqi,ashby,shasqi
Sheer Health,ashby,sheerhealth
Shepherd,ashby,shepherd
sherpa°,ashby,joinsherpa
Shift,ashby,shift
ShiftKey,ashby,shiftkey
Shiftsmart,ashby,shiftsmart
Short Story,ashby,shortstory
Sidekick,ashby,sidekick
Siena AI,ashby,siena
Sierra,ashby,sierra
Sierra Studio,ashby,sierra-studio
Sieve,ashby,sieve
SIFFLET,ashby,sifflet
Sift,ashby,sift
"Sift Stack, Inc.",ashby,siftstack
SiftScience,ashby,siftscience
Siftwell Analytics,ashby,siftwell-analytics
Sigma Prime,ashby,sigp
Signal AI,ashby,signal-ai
SignalFire,ashby,signalfire
"SignalWire, Inc",ashby,signalwire
SigNoz,ashby,signoz
Silktide,ashby,silktide
Silna Health,ashby,silnahealth.com
Silver.dev,ashby,silver
Sim,ashby,sim
Simile,ashby,simile
Simon AI,ashby,simondata
Simon Lever,ashby,simon-lever
Simple AI,ashby,simple-ai
SimpleClosure,ashby,simpleclosure
Simplify,ashby,simplify
SimSpace Corporation,ashby,simspace-corporation
Simular,ashby,simular
Singular,ashby,singular
Singulate,ashby,singulate
SIO Logistics,ashby,sio-logistics
Sirius,ashby,thesirius
Siro,ashby,siro
Sisu,ashby,sisu
Sitemate,ashby,sitemate
SiteMinder,ashby,siteminder
Skalar,ashby,skalar
SKELAR,ashby,skelar
Skilljar,ashby,skilljar
Skimmer,ashby,skimmer
Skip,ashby,skip
Skip Loans,ashby,skip-loans
skipup,ashby,skipup
Sky Mavis,ashby,skymavis
Skydio,ashby,skydio
Skydropx - Frenet,ashby,skydropx
SkyLink,ashby,skylink
Skylo Technologies,ashby,skylo
SkyNRG,ashby,skynrg
Skyscanner,ashby,skyscanner
SkyWatch,ashby,skywatch
Slant,ashby,slant
Slash Financial,ashby,slash-financial
Slate,ashby,slate
Sleeper,ashby,sleeper
Slingshot AI,ashby,slingshotai
Slope,ashby,slope
Small Door Veterinary,ashby,small-door-veterinary
Smallest,ashby,smallest
smallpdf,ashby,smallpdf
Smalls,ashby,smalls
Smallstep,ashby,smallstep
Smarkets,ashby,smarkets
Smartleaf,ashby,smartleaf
Smith Engineering,ashby,smith-engineering
Snackpass,ashby,snackpass
Snapdocs,ashby,snapdocs
Snappy,ashby,snappy
Snowball,ashby,snowball
Snowflake,ashby,snowflake
Snyk,ashby,snyk
Sobek AI,ashby,sobek-ai
Social News Desk,ashby,snd
Socket,ashby,socket
Socotra,ashby,socotra
Socure,ashby,socure
Sofar Ocean,ashby,sofarocean
Sola,ashby,sola
Sola Insurance,ashby,sola-insurance
Solace,ashby,solace
Solana Labs,ashby,solanalabs
Solcoa Industries,ashby,solcoa
Solidgate,ashby,solidgate
Solidroad,ashby,solidroad
Solink,ashby,solink
Solstice,ashby,solstice
Solva Technology,ashby,solva
Solvd,ashby,solvd
Solve Intelligence,ashby,solveintelligence
Somethings,ashby,somethings
Somnia,ashby,somnia
Sona,ashby,sona
Sonar,ashby,sonar-us
SonderMind,ashby,sondermind
Sonio,ashby,sonio
Sorare,ashby,sorare
Sorcerer,ashby,sorcerer
SoSafe,ashby,sosafe
Source Multiplier,ashby,source-multiplier
Sourgum,ashby,sourgum
South Geeks,ashby,southgeeks
Spacecurve,ashby,spacecurve
Spacial AI,ashby,spacial
SPAICE,ashby,spaice-tech
SPAN,ashby,span
Spara,ashby,spara
Sparrow,ashby,sparrow
Sparta,ashby,sparta-commodities
Speak,ashby,speak
Speakeasy,ashby,speakeasy
Spear AI,ashby,spear-ai
Spear Bio,ashby,spearbio
Speckle,ashby,speckle
Specter,ashby,specter
Spector.ai,ashby,spector-ai
Spekit,ashby,spekit
Spellbrush,ashby,spellbrush
spendesk,ashby,spendesk
Spexi,ashby,spexi
"Sphere, Inc.",ashby,sphere
Spherical,ashby,spherical
Sphinx,ashby,sphinx
Spike Labs,ashby,spikelabs
Spiral,ashby,spiral
Splitwise,ashby,splitwise
Spotlight Media,ashby,spotlight
SpotOn,ashby,spoton
Spreetail,ashby,spreetail
Sprig,ashby,sprig
Sprinter Health,ashby,sprinter-health
Spruce,ashby,spruce
"Spruce Systems, Inc.",ashby,spruceid
Squad,ashby,squadai
Squads,ashby,squads
Squint,ashby,squint.ai
Stable,ashby,stable
StackAI,ashby,stack-ai
StackedSP,ashby,stackedsp
Stacker,ashby,stacker
StackOne,ashby,stackone
Stacks,ashby,stacks
Stainless,ashby,stainlessapi
Stand,ashby,stand
Stand Insurance,ashby,standinsurance
Standard Bots,ashby,standardbots
Standard Fleet,ashby,standardfleet
Standard Subsea,ashby,standardsubsea
Standard Template Labs,ashby,st-labs
Starbridge,ashby,starbridge
Starfish Space Inc.,ashby,starfish-space-inc
Starknet Foundation,ashby,starknetfoundation
Starpath Robotics,ashby,starpath.space
Stash,ashby,stash
Statewide,ashby,statewide
Statista,ashby,statista
Stay AI,ashby,stayai
Stay22,ashby,stay22
Steadily,ashby,steadily
Stealth HC,ashby,stealthhc
Stealth HealthTech Startup,ashby,stealth-healthtech-startup
Stealth-mode Battery Startup,ashby,company
Stedi,ashby,stedi
Steel,ashby,steel
Stellar Development Foundation,ashby,stellar
Stellar Entertainment Software Ltd,ashby,stellarentertainment
Stellar Health,ashby,stellar-health
Stellic,ashby,stellic
Stensul,ashby,stensul
Stepful,ashby,stepful
Sticker Mule,ashby,stickermule
Stigg,ashby,stigg
Still Bright,ashby,stillbright
STNDRD,ashby,stndrd
Stork Labs,ashby,stork
Stout,ashby,stout
Strada,ashby,stradahq
Straia,ashby,straia
"Strala Group, Inc.",ashby,strala-ai
Strange Loop Labs,ashby,strange-loop-labs
Strategic Growth Partners,ashby,strategic-growth-partners
Strava,ashby,strava
Stream,ashby,stream
Street Group,ashby,streetgroup
Strella,ashby,strella
Strider Technologies,ashby,strider-technologies
StrongDM,ashby,strongdm
Stronghold,ashby,stronghold
"Studson, Inc.",ashby,studson
Stuut,ashby,stuut-ai
Stweart Firm,ashby,jaxs
Stytch,ashby,stytch
Sublime Security,ashby,sublime-security
Subsets,ashby,subsets
Subspace,ashby,subspace
Substack,ashby,substack
Substrate,ashby,substrate
Subzero Labs,ashby,subzero
Succinct,ashby,succinct
Suite Studios,ashby,suite-studios
Summation,ashby,summation
Summer Health,ashby,summerhealth
Sunday Robotics,ashby,sunday
Sunflower Sober,ashby,sunflower-sober
SunnyData,ashby,sunnydata
Suno,ashby,suno
Sunrise Robotics Corporation,ashby,sunrise
Sunset,ashby,sunset
Supabase,ashby,supabase
supercell,ashby,supercell
Superconductor,ashby,superconductor
SuperDial,ashby,superdial
Superhuman,ashby,superhuman
Superpower,ashby,superpower
Surfshark,ashby,surfshark
Surgical Data Science Collective,ashby,sdsc
Surgimate,ashby,surgimate
SurveyMonkey,ashby,surveymonkey
Susteon Inc.,ashby,susteon
Suzy,ashby,suzy
Svix,ashby,svix
swan,ashby,swan
Swans,ashby,swans
Swap,ashby,swap
Swarm Aero,ashby,swarmaero
Swarmer,ashby,swarmer
Swarmia,ashby,swarmia
Sweatpals,ashby,sweatpals
Sweep,ashby,sweep
Switchboard,ashby,switchboard
Swoop Technologies,ashby,swoop
Sxaler,ashby,sxaler
Sybill AI,ashby,sybill-ai
Sydecar,ashby,sydecar
Sygaldry Technologies,ashby,sygaldry-technologies
Sylvera,ashby,sylvera
Symbiotic,ashby,symbiotic
Symmetry AI,ashby,symmetry
Synctera,ashby,synctera
Syndica,ashby,syndica
Synquery,ashby,synquery
Synthesia,ashby,synthesia
Synthetic,ashby,synthetic
Synthflow AI,ashby,synthflow
Syro,ashby,syro
T1 Energy,ashby,t1energy
Taara,ashby,taaraconnect
Tabs,ashby,tabs
Tabz,ashby,tabz
Tacit,ashby,tacit
Tactiq,ashby,tactiq
Tacto,ashby,tacto
Taekus,ashby,taekus
Tailor,ashby,tailor
Tailwind,ashby,tailwind
Take2,ashby,take2
Tako,ashby,tako
Taktile,ashby,taktile
Talent Safari,ashby,talentsafari
Talentful,ashby,talentful
Talkdesk,ashby,talkdesk
Talkiatry,ashby,talkiatry
Talos,ashby,talos-trading
Tamarind Bio,ashby,tamarindbio
Tamr,ashby,tamr
Tandem Health,ashby,tandem-health
Tandem PV,ashby,tandempv
Tango,ashby,tango
TapBlaze,ashby,tapblaze
Tapcart Inc.,ashby,tapcart
Tapcheck,ashby,tapcheck
Taptap Send,ashby,taptapsend
TARGAN,ashby,targan
Tarro,ashby,tarro
Tasman Analytics,ashby,tasman
Tava Health,ashby,tavahealth
Tavily,ashby,tavily
Tavrn.ai,ashby,tavrn
Tavus,ashby,tavus
Taxo,ashby,taxo
Teal Health,ashby,teal-health
Teal HQ,ashby,tealhq
Teambridge,ashby,teambridge
TeamDynamix,ashby,teamdynamix
Teamworks,ashby,teamworks
Tebi,ashby,tebi
Technitask,ashby,technitask
Techtorch,ashby,techtorch
Teero,ashby,teero
Teleport,ashby,goteleport
Teleskope,ashby,teleskope
telli,ashby,telli
"Tellos, Inc.",ashby,tellos
TELUS Digital,ashby,telus-digital
Tembo Health,ashby,tembo-health
Tempo,ashby,tempo-xyz
Tempo,ashby,tempo-io
Tempo,ashby,tempo
Temporal Technologies,ashby,temporal
Tenex,ashby,tenexlabs
TENEX.AI,ashby,tenex
Tennr,ashby,tennr
Tenor,ashby,tenor
Tensec,ashby,tensec
TensorWave,ashby,tensorwave
Terac,ashby,terac
Teraswitch,ashby,teraswitch
Terminal,ashby,terminal
Terminal Industries,ashby,terminal-industries
Tern Travel,ashby,tern
Ternary,ashby,ternary
TERRA,ashby,terra
Terra AI,ashby,terraai
TerraFirma Robotics,ashby,terrafirma
Terranova,ashby,terranova
Terrarium,ashby,terrarium
Tessera Labs,ashby,tessera-labs
Tessl,ashby,tesslcareers
TestGorilla,ashby,testgorilla
Teton.ai,ashby,teton
Tetrix,ashby,tetrix
Tetsuwan,ashby,tetsuwan
Texture,ashby,texture
Teya,ashby,teya
Teza Technologies,ashby,teza-technologies
That 1 Detailer,ashby,that1detailer
thatgamecompany,ashby,thatgamecompany
The American Housing Corporation,ashby,american-housing
The Better Money Company,ashby,bettermoney
The Bot Company,ashby,thebotcompany
The Deep View,ashby,tdv
The Exploration Company,ashby,the-exploration-company
The Flex,ashby,the-flex
The Flex,ashby,theflex
The General Intelligence Company of New York,ashby,generalintelligencecompany
The Generalist Company Ltd,ashby,tgc
The Global Talent Co.,ashby,the-global-talent-co
The L Suite,ashby,jobs-page-4dc2685b-eb82-46d1-a3f9-1f0764dba814
The Learning Spectrum,ashby,the-learning-spectrum
The Lumber Manufactory,ashby,lumbermanufactory
The Mind Company,ashby,themindcompany
The Mobile-First Company,ashby,mobilefirst
The Path,ashby,pathos
The Pinnacle School,ashby,the-pinnacle-school
The San Francisco Compute Company,ashby,sfcompute
The Spire School,ashby,the-spire-school
The Utopia Venture Platform,ashby,the-studio
The Virga Law Firm,ashby,the-virga-law-firm
The Voleon Group,ashby,voleon
Theori,ashby,theori
Thera,ashby,thera
Thesis Inc.,ashby,thesis
TheyDo,ashby,theydo
Thinkific,ashby,thinkific
Third Space,ashby,third-space-therapy
Thndr,ashby,thndr
Thorit,ashby,thorit
Thought Machine,ashby,thought-machine
Thread AI,ashby,thread-ai
Thrill Labs,ashby,thrill-labs
Thrive Alliance Group,ashby,thrive-alliance-group
Thumbtack,ashby,thumbtack
Tides Network,ashby,tides
Tiger,ashby,tiger
Tiger Data,ashby,tigerdata
Tight,ashby,tight
Tilde Research,ashby,tilderesearch
Tillo,ashby,tillo
Tillster,ashby,tillster
Tilt,ashby,tilt
Tilt Finance,ashby,tilthq
Timely,ashby,timely
Tin Can,ashby,tin-can
Titan,ashby,titan
Titan,ashby,titan-msp
Titan AI,ashby,titan-ai
tldraw,ashby,tldraw
todyl,ashby,todyl
Togal AI,ashby,togal-ai
Tolan,ashby,tolan
Toma,ashby,toma
Tomo Mortgage,ashby,tomo
TOMS,ashby,toms
Tonal,ashby,tonal
Tonic AI,ashby,tonicai
tonies,ashby,tonies
Toogeza,ashby,toogeza
Top Hat,ashby,top-hat
Topline Pro,ashby,topline-pro
TORTUS,ashby,tortus
Tourlane,ashby,tourlane
"Town.com, Inc.",ashby,town
Traba,ashby,traba
Trace,ashby,tracelabs
Tracebit,ashby,tracebit
Tracer Cloud Inc,ashby,tracer
Tractable,ashby,tractable
Traction Wellness Group,ashby,traction-wellness-group
Tradeify,ashby,tradeify
Trading212,ashby,trading212
TradingHub,ashby,tradinghub
Trainline,ashby,trainline
Trajectory,ashby,trajectory
Transform,ashby,transform
Transfr,ashby,transfr
TransGrid Energy,ashby,transgrid-energy
Traversal,ashby,traversal
Tray.ai,ashby,tray-ai
Traysar,ashby,traysar
Tread,ashby,tread
Treefera,ashby,treefera
Treeswift Inc,ashby,treeswift
Trellis Technologies,ashby,savvyinsurance-trellis
Tremendous,ashby,tremendous
Trenchant,ashby,trenchant
TrendMD,ashby,trendmd
Trener,ashby,trener-robotics
Trengo,ashby,careerstrengo
Tribe AI,ashby,tribe-ai
TriEdge Investments,ashby,triedge-investments
Trig,ashby,trig
Trilitech,ashby,trilitech
Triomics,ashby,triomics
TripActions,ashby,tripactions
Triumph,ashby,triumph-arcade
TRM Labs,ashby,trm-labs
Trove,ashby,trove
Troveo AI,ashby,troveo
Trovy,ashby,trovy
TruckSmarter,ashby,trucksmarter
True Link Financial,ashby,truelinkfinancial
Truelogic,ashby,truelogic
Truemed,ashby,truemed
TrueShort,ashby,trueshort
Trulioo,ashby,trulioo
Trust Wallet,ashby,trust-wallet
Truth Systems,ashby,truthsystems
Truvo,ashby,truvo
Tryp,ashby,tryp
turbopuffer,ashby,turbopuffer
Turion Space,ashby,turion-space
Turnkey,ashby,turnkey
Turnstile,ashby,turnstile
Turquoise,ashby,turquoise-health
Twelve,ashby,twelve
TwelveLabs,ashby,twelve-labs
Twenty,ashby,twenty
Two Dots,ashby,two-dots
TwoStep Therapeutics,ashby,twosteptx
Tyba,ashby,tyba
Tycho.AI,ashby,tycho-ai
Tzafon,ashby,tzafon
Uberall,ashby,uberall
UDisc,ashby,udisc
UHP (Unlock Human Potential),ashby,uhp-unlockhumanpotential
UiPath,ashby,uipath
Ultra Pouches,ashby,ultra
Ultralytics,ashby,ultralytics
Umbrel,ashby,umbrel
Unblocked,ashby,unblocked
Uncountable Inc.,ashby,uncountable
UniCourt Inc,ashby,unicourt
Unify,ashby,unify
Union Technologies,ashby,union-tech
Union.ai,ashby,union
Uniswap Labs,ashby,uniswap
Unit,ashby,unit
United Talent Agency,ashby,united-talent-agency
Uniti AI,ashby,uniti
UnitX,ashby,unitxlabs
Unity Advisory,ashby,unity-advisory
UniversalAGI,ashby,universalagi
Unlearn,ashby,unlearn
UnlikelyAI,ashby,unlikelyai
Unlimited,ashby,unlimitedindustries
Unmind,ashby,unmind
Unstructured Technologies Inc.,ashby,unstructured
Unto Labs,ashby,unto-labs
Unwrap,ashby,unwrap
Upchurch,ashby,upchurch
UpCodes,ashby,upcodes
Upflow,ashby,upflow
UpGuard Inc.,ashby,upguard
Uplane,ashby,uplane
Upside,ashby,upside
Upside,ashby,upside-tech
UptimeAI,ashby,uptimeai
Upvest,ashby,upvest
Usul,ashby,usul
Valence,ashby,jobs-valence
Valence Discovery,ashby,valence
Valency Systems Inc.,ashby,valency
Valerie Health,ashby,valeriehealth
"Valinor Enterprises, Inc.",ashby,valinor
Valius Sciences,ashby,valiussciences
Valkai,ashby,valkai
Valon Mortgage,ashby,valonvm
Valon Tech,ashby,valon
Valthos,ashby,valthos
van den Boom & Associates,ashby,vandenboomassociates
Vanilla Technologies,ashby,vanilla
VanishID,ashby,vanishid
Vanta,ashby,vanta
Vantage,ashby,vantage
Vantage,ashby,vantageanalytics
Vapi,ashby,vapi
Variance,ashby,intrinsic-safety
Vast,ashby,vast
Vast.ai,ashby,vastai
Vaulted Deep,ashby,vaulted-deep
vCluster Labs,ashby,vclusterlabs
VEA Connect,ashby,vea-connect
Vector,ashby,vector
Vega,ashby,vega
Veliu,ashby,veliu
Vellum,ashby,vellum
Velocity,ashby,velocity
Velotio,ashby,velotio
Vend Park,ashby,vend-park
Vendelux,ashby,vendelux
Venn,ashby,venn
Venti Technologies,ashby,goventi
Ventuals,ashby,ventuals
Vercel,ashby,vercel
Verge Genomics,ashby,verge-genomics
Verisoul,ashby,verisoul
Verkada (Lever),ashby,verkada
Verse Medical,ashby,versemedical
Vertical Aerospace,ashby,vertical-aerospace
Vertical Semiconductor,ashby,verticalsemi
Vertice,ashby,vertice
Verto,ashby,verto
Vesta Innovations Inc.,ashby,vesta
Vetcove,ashby,vetcove
Vibe,ashby,vibe
VibeCode,ashby,vibecode
Victorious,ashby,victorious
Videowise,ashby,videowise
Vidmob,ashby,vidmob
Viessmann Generations Group,ashby,viessmann
Viggle AI,ashby,viggle
Vigil Markets,ashby,vigil-markets
Viktor,ashby,viktor
Vinci4d,ashby,vinci4d
Vio,ashby,vio
VIOLET,ashby,violet
Virta Health,ashby,virtahealth
Virtuous,ashby,virtuous
Vistar Media,ashby,vistar
Vital Lyfe,ashby,vital-lyfe
Vitalize,ashby,vitalize
Vitally,ashby,vitally
VITL,ashby,vitl
VitVio,ashby,vitvio
Vivian Health,ashby,vivian-health
Vivid,ashby,vivid
Vivun Inc.,ashby,vivun
Vizcom,ashby,vizcom
Vizzia,ashby,vizzia
VLogic,ashby,vlogic
Vogel,ashby,vogel
Voicemod,ashby,voicemod
voize,ashby,voize
Vola Dynamics,ashby,voladynamics
Voldex Games,ashby,voldex
Volition Capital,ashby,volition-capital
Volley Automation,ashby,volley-automation
VoltAI,ashby,voltai.careers
Voltrac S.L.,ashby,voltrac
Voodoo,ashby,voodoo
Vooma,ashby,vooma
Vori,ashby,vori
Vorticity Inc.,ashby,vorticity
Vorto,ashby,vorto
Vow,ashby,vow
Voxel,ashby,voxel
Voyant Photonics,ashby,voyant-photonics
Voyfai,ashby,voyfai
VREY,ashby,vrey
Vultr,ashby,vultr
Vyn,ashby,vyn
Vynca,ashby,vynca
"Wabi, Inc.",ashby,wabi
Wagmo,ashby,wagmo
Walrus,ashby,walrusfi
Walrus Foundation,ashby,walrus
Warp,ashby,warp
Watershed,ashby,watershed
Watney,ashby,watney
Wayflyer,ashby,wayflyer
Wealth.com,ashby,wealth-com
Wealthsimple Technologies,ashby,wealthsimple
Weave,ashby,weave
Weave,ashby,workweave
"WeaveGrid, Inc.",ashby,weave-grid
webAI,ashby,webai
WebFX,ashby,webfx
Weekend,ashby,weekend
Wellsheet,ashby,wellsheet
Welltech,ashby,welltech
Wellth,ashby,wellth
WellTheory,ashby,welltheory
Wemolo,ashby,wemolo
WeScale,ashby,wescale
WeTravel,ashby,wetravel
Wheel,ashby,wheel
Whetstone Research,ashby,whetstoneresearch
Whippy,ashby,whippy
Whisk,ashby,whisk
White Circle,ashby,whitecircle
Whoop,ashby,whoop
Widget Factory,ashby,widgetfactory
Willow Health,ashby,willow-health
WilsonAI,ashby,wilson
Wincent,ashby,wincent
WindBorne Systems,ashby,windborne-systems
Windmill,ashby,windmill
Windranger Labs,ashby,windranger
Winona,ashby,winona
WireScreen,ashby,wirescreen
Wisdom,ashby,withwisdom
Wisp,ashby,wisp
Wispr Flow,ashby,wispr-flow
Wistia,ashby,wistia
withco,ashby,withco
Witness AI,ashby,witnessai
Wiz,ashby,wiz
WJB,ashby,wjb
Woflow,ashby,woflow
Wolfjaw Studios,ashby,wolfjaw-careers
Wonderly,ashby,wonderly
Woodhouse Academy,ashby,woodhouse-academy
Wordsmith AI,ashby,wordsmith
WORKERBASE,ashby,workerbase
WorkOS,ashby,workos
WorkWhile,ashby,workwhilejobs
Workyard,ashby,workyard
World Foundation,ashby,world-foundation
Worldly,ashby,worldly
Wormhole Labs,ashby,wormholelabs
Wraithwatch Corporation,ashby,wraithwatch
Wrapbook,ashby,wrapbook
WRITER,ashby,writer
"WunderGraph, Inc.",ashby,wundergraph
Wursta,ashby,wursta
Wynd Labs,ashby,wynd-labs
XBOW,ashby,xbowcareers
XDOF,ashby,xdof
XDS,ashby,xds
Xenon Pharmaceuticals,ashby,xenon
Xephyr,ashby,xephyr
Xero,ashby,xero
XNRGY Climate Systems,ashby,xnrgy-climate-systems
Xona Space Systems,ashby,xona-space
Xyme,ashby,xyme
XYZ Reality,ashby,xyz-reality
Y Combinator,ashby,ycombinator
Yazio,ashby,yazio
yeet,ashby,yeet
Yendo,ashby,yendo
Yepoda,ashby,yepoda
Yobi,ashby,yobi
Yondr,ashby,yondr
Yotta Labs,ashby,yotta
You Health,ashby,you-health
"Yourco, Inc.",ashby,yourco
Yovo,ashby,yovo
Yuma AI,ashby,yumaai
Yutori,ashby,yutori
Zania,ashby,zania
Zapier,ashby,zapier
ZayZoon,ashby,zayzoon
Zed,ashby,zed
Zed,ashby,zedfinancial
Zefir,ashby,zefir
Zefr,ashby,zefr
Zello,ashby,zello
Zencastr,ashby,zencastr
Zenjob,ashby,zenjob
Zeno,ashby,zeno
Zero RFI,ashby,zero
Zeromark,ashby,zeromark
ZeroRFI,ashby,zerorfi
Zettabyte,ashby,zettabyte-space
Ziina,ashby,ziina
Zip,ashby,zip
"Ziplines, Inc.",ashby,ziplines
Zippy,ashby,zippymh
ZnanyLekarz,ashby,znanylekarz
Zoomlogi,ashby,zoomlogi
ZURU,ashby,zuru
Zyphra,ashby,zyphra
-ASG-,greenhouse,asgjobs
1-800 Contacts,greenhouse,1800contacts
1-800-GOT-JUNK?,greenhouse,1800gotjunk
1021 Creative,greenhouse,1021creative
10a Labs,greenhouse,10alabs
10Beauty,greenhouse,10beauty
10Pearls - UK,greenhouse,10pearlsuk
10x Genomics,greenhouse,10xgenomics
12twenty,greenhouse,12twenty
143 Studios LLC,greenhouse,143studiosinc
1910,greenhouse,1910genetics
1stdibs.com,greenhouse,1stdibscom
1upHealth,greenhouse,1uphealth
21Shares,greenhouse,21shares
2K,greenhouse,2k
2U,greenhouse,2u
3 Day Blinds (Corporate),greenhouse,3dayblindscorporate
3 Day Blinds (Sales),greenhouse,3dayblindssales
30th Street Animal Hospital,greenhouse,30thstreetanimalhospital
31st Union,greenhouse,31stunion
3Cloud,greenhouse,3cloud
3Cloud - Client Interviews,greenhouse,client
3MG Roofing & Solar,greenhouse,3mgroofing
3Red Partners,greenhouse,3redpartners
4D Molecular Therapeutics,greenhouse,4dmoleculartherapeutics
5280 Veterinary Care,greenhouse,5280
540,greenhouse,540
5minlab,greenhouse,5minlab
5WPR,greenhouse,5wpr
615 Ventures,greenhouse,615ventures
617MediaGroup,greenhouse,617mediagroup
66degrees,greenhouse,66degrees
6sense,greenhouse,6sense
7shifts,greenhouse,7shifts
84.51°,greenhouse,8451
84.51° University Programs / Early Career Paths,greenhouse,8451university
8am,greenhouse,affinipay1
8AM Golf,greenhouse,8amgolf
8th Light,greenhouse,8thlightrebuild
9th Way Insignia,greenhouse,9thwayinsignia
A Bright Beginning Childcare,greenhouse,abrightbeginnings
A Plus Garage Doors - Utah,greenhouse,aputah
A Thinking Ape,greenhouse,athinkingape
A&C Plastics,greenhouse,acplastics
A-LIGN External,greenhouse,align
A-TEK Inc.,greenhouse,atek
A11,greenhouse,projectaservicesgmbhcokg
a16z,greenhouse,a16z
a16z crypto portfolio,greenhouse,a16zcryptoteam
A1M Solutions,greenhouse,a1msolutions
A24,greenhouse,a24
AAVAA,greenhouse,aavaa
AB InBev | Growth Group,greenhouse,abinbev
ABACUS,greenhouse,abacus
Abacus Insights,greenhouse,abacusinsights
Abacus Learning Center,greenhouse,abacuslc
Abaka AI,greenhouse,abakaai
Abarca Health,greenhouse,abarca
ABBYY,greenhouse,abbyy
ABC Labs,greenhouse,abclabs
ABC Legal Services,greenhouse,abclegalservices
AbCellera,greenhouse,abcellera
AbelsonTaylor Group,greenhouse,abelsontaylor
Able,greenhouse,able
Abnormal,greenhouse,abnormalsecurity
"Abricare, Inc.",greenhouse,abricareinc
Absci,greenhouse,absci
Absher Construction,greenhouse,absherconstruction
Absolics Inc,greenhouse,absolicsinc
Absurd Ventures,greenhouse,absurdventures
Acacia Animal Hospital - Pompano Beach,greenhouse,acaciavpp
Academy with Community Partners,greenhouse,acp
Acadia Pharmaceuticals Inc.,greenhouse,acadiapharmaceuticals
Acadian Asset Management LLC,greenhouse,acadianassetmanagementllc
ACCA,greenhouse,acca
ACCEL Schools,greenhouse,accelschools
ACCEL Schools Internal,greenhouse,accelschoolsinternal
Accela,greenhouse,accela
Acceleration Partners,greenhouse,accelerationpartners
Accenture Federal Services,greenhouse,accenturefederalservices
Accenture Federal Services Careers Marketplace,greenhouse,afscareersmarketplace
Access Holdings,greenhouse,accessholdingsmanagementfirm
Access Systems - Operations & Service,greenhouse,accesssystemsserviceops
Access Systems - Sales & Administration,greenhouse,accesssystemsadminsales
Access Vascular,greenhouse,accessvascular
accessiBe,greenhouse,accessibe
accesso,greenhouse,accesso
Accordion,greenhouse,accordion
Accrue,greenhouse,accrue
AccuWeather Careers,greenhouse,accuweather
Aceable,greenhouse,aceable
Acentria Insurance,greenhouse,acentria
Achievement First Network Support,greenhouse,achievementfirstnetworksupportcareers
Achievers Early College Prep,greenhouse,achieversearlycollegeprep
ACI Learning,greenhouse,acilearning
Ackermann Group,greenhouse,ackermanngroup
ACLU - Internships,greenhouse,acluinternships
ACLU - National Office,greenhouse,aclu
ACLU of New Jersey,greenhouse,aclunj
ACLU of Northern California,greenhouse,aclunc
aCommerce,greenhouse,acommerce
Acorn Health,greenhouse,acornhealth
Acquia,greenhouse,acquia
Acrisure Innovation,greenhouse,acrisureinnovation
ACT Group,greenhouse,testendouble
ACT Power Services,greenhouse,actpowerservices
ActBlue,greenhouse,actblue
Action Garage Doors,greenhouse,action
"Activate Global, Inc",greenhouse,activate
AcuityMD,greenhouse,acuitymd
Acumen,greenhouse,acumen
"AcuTech Group, Inc.",greenhouse,acutechgroupinc
Ad Lightning,greenhouse,adlightning
Ada,greenhouse,ada18
Ada Health GmbH,greenhouse,adahealth
adam&eveDDB New York,greenhouse,adamevenyc
Adams Street Partners,greenhouse,adamsstreetpartners
Adapter,greenhouse,adapter
Adaptive Biotechnologies,greenhouse,adaptivebiotechnologies
Adaptive Financial Consulting,greenhouse,adaptivefinancialconsulting
Adapture Renewables,greenhouse,adapturerenewables
Adaugeo Healthcare Solutions,greenhouse,adaugeohealthcare
Addepar,greenhouse,addepar1
Adelphi Research,greenhouse,adelphiresearch
ADESA,greenhouse,adesa
ADF International,greenhouse,adfinternational
Adicet Bio,greenhouse,adicettherapeuticsinc
Aditum Bio,greenhouse,aditumbio
Adorama,greenhouse,creatorsworkhere
"Adswerve, Inc",greenhouse,adswerveinc
Advanced Dermatology and Skin Cancer Center,greenhouse,advancedderm
Advanced Space,greenhouse,advancedspace
Advanced Technology Services,greenhouse,advancedtechnologyservices
AdvancedMD,greenhouse,advancedmd
Advertising Specialty Institute,greenhouse,advertisingspecialtyinstitute
Advocate Construction,greenhouse,advocateconstruction
Advocates for Children of New York,greenhouse,advocatesforchildrenofnewyork
Adyen,greenhouse,adyen
AE Studio,greenhouse,aestudio
AEC,greenhouse,aec
Aechelon Technology,greenhouse,aechelontechnology
AEG Worldwide,greenhouse,aegworldwide
Aegis Ventures,greenhouse,aegisventures
Aer Lingus Technology Recruitment,greenhouse,aerlingus
Aerospike,greenhouse,aerospike
AEVEX,greenhouse,aevexaerospace
"AEye, Inc",greenhouse,aeyeinc
Affect,greenhouse,joinaffect
AffiniPay,greenhouse,affinipay
Affinitiv,greenhouse,affinitiv
Affinity.co,greenhouse,affinity
Affirm,greenhouse,affirm
"AffirmedRx, PBC",greenhouse,affirmedrxpbc
Afresh,greenhouse,afresh
AfterShip,greenhouse,aftership
AG1,greenhouse,ag1
Age Bold,greenhouse,agebold
AGE Solutions,greenhouse,agecareers
Agero,greenhouse,agero
Agile Six Applications,greenhouse,agilesix
Agilisys,greenhouse,agilisys
Agility Robotics,greenhouse,agilityrobotics
Agilysys,greenhouse,agilysys
Agoda,greenhouse,agoda
Agoda Sandbox,greenhouse,agodasandbox
AgWest Farm Credit,greenhouse,agwestfarmcredit
Ahrefs,greenhouse,ahrefsjobs
AI Alignment Foundation (AIAF),greenhouse,aiaf
AI Squared,greenhouse,aisquared
AIC Toronto @ Samsung Research America,greenhouse,saictoronto
"AiDASH, Inc.",greenhouse,aidashinc
AIFT,greenhouse,aift
Aimé Leon Dore,greenhouse,aimeleondore
AIP Publishing,greenhouse,aippublishing
Air North,greenhouse,airnorth
Airbnb,greenhouse,airbnb
Aircapture,greenhouse,aircapture
AIRCO,greenhouse,aircompany
Airia,greenhouse,airia
AirSculpt,greenhouse,airsculpt
Airship,greenhouse,airship
Airspace,greenhouse,airspace
Airtable,greenhouse,airtable
AirTrunk,greenhouse,airtrunk
Airwave,greenhouse,airwave
Aiven,greenhouse,aiven36
Aizer Health,greenhouse,aizerhealth
Akero Therapeutics,greenhouse,akerotherapeutics
Akido,greenhouse,akidolabs
AKKO,greenhouse,akko
Akoya,greenhouse,akoya
AKQA,greenhouse,akqa
AKQA Leap,greenhouse,leap
"AKS Engineering & Forestry, LLC",greenhouse,aksengineeringforestryllc
Aktos,greenhouse,applytoaktos
Akuity,greenhouse,akuity
Akuna Capital,greenhouse,akunacapital
Akuna Capital Options Trading 201 Course,greenhouse,optionstrading201course
"Alabama Title Loans, Inc",greenhouse,alabamatitleloansinc
Alamar Biosciences,greenhouse,alamarbiosciences
Alarm.com,greenhouse,alarmcom
AlayaCare,greenhouse,alayacare
Albedo,greenhouse,albedo
Alchemer,greenhouse,alchemer
AlertMedia,greenhouse,alertmedia
Alethea,greenhouse,alethea
Alexander Shunnarah Trial Attorneys,greenhouse,shunnarahcareers
Algolia,greenhouse,algolia
AlgoQuant,greenhouse,algoquant
Align Communications,greenhouse,align46
Aligned,greenhouse,aligned
AlixPartners,greenhouse,alixpartners
Alkeus Pharmaceuticals,greenhouse,alkeus
ALKU,greenhouse,alku
ALKU - Apply Today!,greenhouse,alkujobs
AllBooked,greenhouse,allbooked
Allegro,greenhouse,allegro
Allen Animal Hospital,greenhouse,allenanimalhospital
Allen Control Systems,greenhouse,allencontrolsystems
Allen Integrated Solutions,greenhouse,allenintegratedsolutions
Alliance,greenhouse,alliance
Alliance Defending Freedom,greenhouse,alliancedefendingfreedom
Allied Maker,greenhouse,alliedmaker
Allied Mechanical,greenhouse,allied
Alloy,greenhouse,alloy
Alltrna,greenhouse,alltrna
Allworth Financial,greenhouse,allworthfinancial
Ally Behavior Centers,greenhouse,allybehaviorcenters
ALO,greenhouse,aloyoga
ALOHA Collection Inc.,greenhouse,alohacollection
Alpaca,greenhouse,alpaca
Alpha Asset & Wealth Management Consulting - Early Careers Opportunities,greenhouse,alphaawmnaearlycareers
Alpha Financial Markets Consulting,greenhouse,alphafmcroles
Alpha Financial Markets Consulting - Early Careers,greenhouse,alphafmcrolesearlycareers
Alpha FMC - Asset and Wealth Management Consulting - Europe,greenhouse,alphaawmeur
Alpha FMC - Insurance Consulting,greenhouse,insurance
Alpha Public Schools,greenhouse,alphapublicschools
Alpha-9 Oncology,greenhouse,alpha9oncology
AlphaGrep Securities,greenhouse,alphagrepsecurities
Alphalion,greenhouse,alphalion
AlphaSense,greenhouse,alphasense
AlphaSense India,greenhouse,alphasenseindia
AlphaSights,greenhouse,alphasights
AlphaSights Campus Recruiting,greenhouse,alphasightsresumedrop
Alphazyme,greenhouse,alphazyme
Alpine Internships,greenhouse,alpineinternships
Alpine Investors,greenhouse,alpineinvestors
Alt,greenhouse,alt
"Alta Resource Technologies, Inc.",greenhouse,altaresourcetechnologiesinc
Altamira for freelancers,greenhouse,altamirafreelance
Altana,greenhouse,altanaai
ALTEN Technology USA,greenhouse,altentechnologyusa
Altium,greenhouse,altium
Altos Labs,greenhouse,altoslabs
Altruist,greenhouse,altruist
AltScore,greenhouse,altscore
ALU,greenhouse,alu
Alumni Ventures,greenhouse,alumniventures
Alveole,greenhouse,alveole
ALX Africa,greenhouse,alxafrica
Alzheimer's Disease Data Initiative,greenhouse,addatainitiative
Amae Health,greenhouse,amaehealth
AMAROK,greenhouse,amarok
Ambient Enterprises,greenhouse,ambiententerprises
Amca,greenhouse,amca
Ameelio,greenhouse,ameelio
AMEND Consulting,greenhouse,amendconsulting
Amenitiz,greenhouse,amenitiz
American Capital Group,greenhouse,americancapitalgroup
American College of Obstetricians and Gynecologists,greenhouse,acog
American Flood Coalition,greenhouse,americanfloodcoalition
American Institute,greenhouse,americaninstitute
American Institutes for Research,greenhouse,americaninstitutesforresearch
American Marketing Association,greenhouse,americanmarketingassociation
American Museum of Natural History,greenhouse,amnh
American Quick Lube,greenhouse,aql
Amity,greenhouse,amity
AMMEX Corporation,greenhouse,ammexcorporation
Amoria Group,greenhouse,amoriabond
AMP: AI-Powered Sortation for Waste and Recycling,greenhouse,ampsortation
Amperity,greenhouse,amperity
Amperon,greenhouse,amperon
Amplemarket,greenhouse,amplemarket
Ampliform LLC,greenhouse,ampliform
Amplitude,greenhouse,amplitude
Amtech Software,greenhouse,amtechsoftware
Amwell,greenhouse,amwell
Amwins Global Risks,greenhouse,agr
Amylyx Pharmaceuticals,greenhouse,amylyx
Analyst1,greenhouse,analyst1
Anaplan,greenhouse,anaplan
Anchanto,greenhouse,anchanto
Anchor Health CT,greenhouse,anchorhealthct
Anders,greenhouse,anderscpasadvisors
Andesite,greenhouse,andesite
Anduril Industries,greenhouse,andurilindustries
Anello Photonics,greenhouse,anellophotonics
Angel City,greenhouse,wfclainc
Animal Health Associates,greenhouse,aha
Animal Health Care Denver,greenhouse,denver
Animal Hospital of Dunedin,greenhouse,dunedin
Animal Hospital of O'Fallon,greenhouse,ahof
AniMed Animal Hospital,greenhouse,animed
ANINE BING,greenhouse,aninebing
Annexon Biosciences,greenhouse,annexonbioscience
Annexus Health,greenhouse,annexushealth
Anno.ai,greenhouse,annoai
Anodize,greenhouse,anodize
Ansa,greenhouse,ansa
Ansa Biotechnologies,greenhouse,ansabiotechnologies
AnswerRocket,greenhouse,answerrocket
Antares Therapeutics,greenhouse,antaresrx
Antenna,greenhouse,antenna
Anteriad,greenhouse,anteriad
Anteris Technologies,greenhouse,anteristech
Antheia,greenhouse,antheia
AnthroMed Education (School Services),greenhouse,anthromededucation
Anthropic,greenhouse,anthropic
Antigua Veterinary Practice,greenhouse,antigua
Antora Energy,greenhouse,antora
ANY,greenhouse,any
AnyDesk,greenhouse,anydesk
AnyMind Group,greenhouse,adasiaholdings
AOTI,greenhouse,aoti
Apaleo,greenhouse,apaleo
Apalon,greenhouse,apalon
Apartment Life,greenhouse,apartmentlife
Apartment Therapy Media,greenhouse,apartmenttherapymedia
APCCO,greenhouse,apcco
APCON,greenhouse,apcon
Apera AI Inc,greenhouse,aperaaiinc
Aperia,greenhouse,aperiasolutions
"Aperia Technologies, Inc",greenhouse,aperiatechnologies
Aperio Philanthropy,greenhouse,aperiophilanthropy
Aperture Labs,greenhouse,aperture
Apex Companies,greenhouse,apexcompanies
Apex Companies - CSW,greenhouse,apexcompaniescsw
Apex Eye,greenhouse,apex
Apiiro,greenhouse,apiiro
apiphani,greenhouse,apiphani
Apogee Therapeutics,greenhouse,apogeetherapeutics
Apollo Behavior,greenhouse,apollobehaviorservices
Apollo Education Systems,greenhouse,apollo
Apollo.io,greenhouse,apolloio
APPARATUS,greenhouse,apparatus
AppDirect,greenhouse,appdirect
Appfire,greenhouse,appfire
Appian Corporation,greenhouse,appian
Appier,greenhouse,appier
Appinio,greenhouse,appinio
AppleTree Prep,greenhouse,appletreeprep
Applicant Privacy Notice,greenhouse,apn
Applied Engineering,greenhouse,appliedengineering
AppliedVR,greenhouse,appliedvr
AppLovin,greenhouse,applovin
Appnovation Technologies,greenhouse,appnovation
Appodeal,greenhouse,appodeal
AppOmni,greenhouse,appomni
Apprentice,greenhouse,apprentice
AppsFlyer,greenhouse,appsflyer
Appspace,greenhouse,appspace
Appstar,greenhouse,appstarfinancial
Apptegy,greenhouse,apptegy
Apptronik,greenhouse,apptronik
AppViewX,greenhouse,appviewx
APT Research,greenhouse,aptportfolio
Aptos,greenhouse,aptoslabs
AQR,greenhouse,aqr
AQR India,greenhouse,india
Aquatic Capital Management,greenhouse,aquaticcapitalmanagement
Aquia,greenhouse,aquia
Aralez Bio,greenhouse,aralezbio
Arbital Health,greenhouse,arbitalhealth
Arbor Energy,greenhouse,arborenergy
Arc Boat Company,greenhouse,arcboatcompany
Arc Institute,greenhouse,arcinstitute
Arcadia,greenhouse,arcadiacareers
Arcaea,greenhouse,arcaea
Arcana Analytics,greenhouse,arcanaanalytics
arcee.ai,greenhouse,arceeai
Arcellx,greenhouse,arcellx
Arcesium LLC,greenhouse,arcesiumllc
Archer,greenhouse,archer56
Archer Veterinary Clinic,greenhouse,archer
Archera,greenhouse,archera
Archipelago Analytics Inc.,greenhouse,onarchipelago
Archrival,greenhouse,archrival
Archway Lawn Care,greenhouse,archway
Arco Educação,greenhouse,arcoeducacao
Ardent,greenhouse,ardentmc
Arena Club,greenhouse,arenaclub
Arevon,greenhouse,arevonenergyimpltest
Argmax,greenhouse,argmax
Ariel Alternatives,greenhouse,arielalternatives
Ariel Investments,greenhouse,arielinvestments
Arine,greenhouse,arine
ARIVE,greenhouse,arive
Arize AI,greenhouse,arizeai
Arizona Commerce Authority,greenhouse,arizonacommerceauthority
Arizona Eye Institute & Cosmetic Laser Center,greenhouse,azeyeinstitute
Arizona Liver Health,greenhouse,arizonaliverhealth
Ark Veterinary Hospital & Urgent Care,greenhouse,ark
Ark Workplace Risk,greenhouse,awr
Arkestro,greenhouse,arkestroinc
Arkose Labs,greenhouse,arkoselabs
Arkose Labs - India,greenhouse,arkoselabsindia
Arlington Cat Clinic,greenhouse,arlingtoncatclinic
Arlo Solutions LLC,greenhouse,arlosolutionsllc
Armada,greenhouse,armada
Armaments Research Company,greenhouse,armamentsresearchcompany
Armis Security,greenhouse,armissecurity
ArmorCode Inc.,greenhouse,armorcode
Armorous,greenhouse,armorous
ARMRA Colostrum,greenhouse,armracolostrum
Armstrong Transport Group,greenhouse,armstrongtransportgroup
Arnold Veterinary Hospital,greenhouse,arnoldveterinaryhospital
Array,greenhouse,array
Array Education,greenhouse,arrayeducation
Art of Problem Solving,greenhouse,artofproblemsolving
Artefact,greenhouse,artefact
Artefact US,greenhouse,artefactus
Article Group,greenhouse,articlegroup
ArtStation,greenhouse,artstation
Arva Intelligence,greenhouse,arvaintelligence
Arvinas,greenhouse,arvinas
Asana,greenhouse,asana
Ascend,greenhouse,ascend21
Ascend Analytics,greenhouse,ascendanalytics
Ascend Healthcare,greenhouse,ascendhealthcare
Ascend Partner Firms,greenhouse,ascendtogether
Ascent Developer Solutions,greenhouse,ascentds
Ascidian Therapeutics,greenhouse,ascidiantherapeutics
ASG,greenhouse,asg
Ashfield MedComms,greenhouse,ashfieldmedcomms
ASI Hastings,greenhouse,asi
ASM,greenhouse,asm
Aspect Biosystems,greenhouse,aspectbiosystems
Aspire Employment Opportunities,greenhouse,aspireinternaljobboard
Aspire Living & Learning,greenhouse,allinc
Assembly Health,greenhouse,assemblyhealth
AssemblyAI,greenhouse,assemblyai
Asset Living,greenhouse,assetliving
"AssetWatch, Inc.",greenhouse,assetwatch
Assured Guaranty,greenhouse,assuredguaranty
"ASSYST, Inc.",greenhouse,assystinc
AST SpaceMobile,greenhouse,astspacemobile
Astera Labs,greenhouse,asteralabs
Astranis,greenhouse,astranis
At Home Healthcare,greenhouse,athomehealth
At-Bay,greenhouse,atbayjobs
"Atari, Inc.",greenhouse,atariinc
Athena Club,greenhouse,athenaclub
Athena Group Advisors,greenhouse,athena
Athletics - Baseball Operations,greenhouse,athleticsbaseballops
Athletics - Business Operations,greenhouse,athleticsbusinessops
Athletics - Private,greenhouse,athletics
ATI Advisory,greenhouse,atiadvisory
Atlantic Valve Services,greenhouse,atlanticvalveservices
Atlas Air,greenhouse,atlasair
Atlas Energy Solutions,greenhouse,atlassand
Atlas HXM,greenhouse,atlasxhm
ATLAS SP,greenhouse,atlassp
Atolls,greenhouse,atolls
Atomic AI,greenhouse,atomai
Atomic Cartoons,greenhouse,atomiccartoons
"Atomic Industries, Inc.",greenhouse,atomicindustriesinc
Atomic Machines,greenhouse,atomicmachines
Atomico,greenhouse,atomico
Atomicwork Inc,greenhouse,atomicwork
Atoms,greenhouse,atoms
ATOMS Careers page,greenhouse,cssmerge
ATOSS Aloud GmbH - Crewmeister,greenhouse,crewmeister
Atrium Campus,greenhouse,atriumcampus
Atropos,greenhouse,atropos
Attain,greenhouse,attain
Attain Partners,greenhouse,attainpartners
Attain Talent,greenhouse,attaintalent
Attention Arc,greenhouse,attentionarc
Attentive,greenhouse,attentive
Attivo Partners,greenhouse,attivopartners
attn:,greenhouse,attn
Atto Trading,greenhouse,attotrading
Attune,greenhouse,attune
Atwell Internships,greenhouse,atwellinternships
"Atwell, LLC",greenhouse,atwellgroup
Auctane,greenhouse,auctane
Audax Group,greenhouse,audaxgroup
Audia,greenhouse,audia
audibene / hear.com,greenhouse,audibenehearcom
AudioEye,greenhouse,audioeye
Augment Code,greenhouse,augmentcomputing
Augury,greenhouse,augury
Auld & White Constructors,greenhouse,auldwhiteconstructors
Aura,greenhouse,aura
Aura,greenhouse,aura798
Aurora Innovation,greenhouse,aurorainnovation
Auros,greenhouse,aurosglobal
Auterion,greenhouse,auterion
Authentic,greenhouse,authenticinsurance
Authentic Brands Group,greenhouse,authenticbrandsgroup
Authenticx,greenhouse,authenticx
AutoDS,greenhouse,autods
Automattic Careers,greenhouse,automatticcareers
Automox,greenhouse,automox
Autotrader,greenhouse,autotrader
Autura,greenhouse,autura
Auvik Networks,greenhouse,auviknetworks
Avalyn Pharma,greenhouse,avalynpharma
Avani Media,greenhouse,avani
Avantium,greenhouse,avantium
Avantus,greenhouse,avantus
Avathon,greenhouse,avathon
Avathon Government,greenhouse,ag
Avela,greenhouse,avela
AvePoint,greenhouse,avepoint
"Avetta, LLC",greenhouse,avetta
Avi Medical,greenhouse,avimedical
Aviary,greenhouse,aviary
Aviation Institute of Maintenance,greenhouse,aviationinstituteofmaintenance
Aviator Nation,greenhouse,aviatornation
Aviatrix,greenhouse,aviatrix
"AvidXchange, Inc.",greenhouse,avidxchangeinc
Avnos,greenhouse,avnos
Avride,greenhouse,avride
Awardco,greenhouse,awardco
AWeber,greenhouse,aweber
Awetomaton,greenhouse,awetomaton
Awin,greenhouse,awin
AWL,greenhouse,allwebleads
Axi,greenhouse,axicorpfinancialservicesptyltd
Axial,greenhouse,axial
Axicom,greenhouse,axicom
Axiom,greenhouse,axiom
Axiom Talent Platform,greenhouse,axiomtalentplatform
Axios,greenhouse,axios
Axis Automation,greenhouse,axiscompany
AXIS Teletherapy,greenhouse,axisteletherapy
Axle,greenhouse,axle
Axogen,greenhouse,axogen
Axon,greenhouse,axon
Axonius,greenhouse,axonius
AXQ Capital,greenhouse,axq
AXS,greenhouse,axs
Axsome Therapeutics,greenhouse,axsometherapeutics
Axuall,greenhouse,axuall
Aya Healthcare,greenhouse,ayahealthcare
Aylo Careers,greenhouse,aylo
Aylo Health,greenhouse,eagleslandinghealth
Aypa Power,greenhouse,aypapower
Azra Games,greenhouse,azragames
Azra Games - Open Application,greenhouse,azragamesoa
Azurity Pharmaceuticals - India,greenhouse,azuritypharmaceuticalsindia
Azurity Pharmaceuticals - Switzerland,greenhouse,azuritypharmaceuticalsswitzerland
Azurity Pharmaceuticals - US,greenhouse,azuritypharmaceuticals
B Capital,greenhouse,bcapitalgroup54
B Lab,greenhouse,blab
B-Stock,greenhouse,bstocksolutions
B. Riley Securities,greenhouse,brileysecurities
B12,greenhouse,b12
B2C2,greenhouse,b2c2
Babel Street,greenhouse,babelstreet
Babylist,greenhouse,babylist
Backbase,greenhouse,workatbackbase
Backblaze External Website,greenhouse,backblaze
Backpack Healthcare,greenhouse,hellobackpack
Baidu USA,greenhouse,baidu
Bailiwick,greenhouse,bailiwick
BALT Group,greenhouse,baltgroup
Baltimore Orioles,greenhouse,baltimoreorioles
BambooHR,greenhouse,bamboohr17
Banco PAN,greenhouse,bancopan
Bandai Namco Entertainment America Inc.,greenhouse,bandainamco
Bandwidth,greenhouse,bandwidth
Bankrate,greenhouse,bankrate
Banks Power,greenhouse,bankspower
Banyan Infrastructure Corporation,greenhouse,banyaninfrastructure
Banyan Software,greenhouse,banyansoftware
Banza,greenhouse,banza
Barbarian,greenhouse,barbarian
Barbaricum,greenhouse,barbaricum
Baringa,greenhouse,baringa
BARK,greenhouse,bark
Baron Capital,greenhouse,baroncapital
Barr Foundation,greenhouse,barrfoundation
Base.org Careers Page,greenhouse,basejobs
Baselayer,greenhouse,baselayer
BASS ABA Therapy,greenhouse,bassabatherapy
Bath Fitter Corporate,greenhouse,bathfitterdistributinginc
BathWorks Michigan,greenhouse,bathworksmichigan
Baton (A Ryder Technology Lab),greenhouse,baton
Battery,greenhouse,batteryventures
BaubleBar,greenhouse,baublebar
Bauer Hockey/ Cascade Maverik Lacrosse,greenhouse,bauerhockeycascademaveriklacrosse
Baya Systems,greenhouse,bayasystems
BAYADA Home Health Care,greenhouse,bayada
BBPOS Limited,greenhouse,bbposlimited
BBYO,greenhouse,bbyo
BCC - LH,greenhouse,bccnihlh
BCC-NIH,greenhouse,bcc
BCom,greenhouse,bcomsolutions
BCS,greenhouse,bcscareers
BDA,greenhouse,bdainc
Beacon Biosignals,greenhouse,beaconbiosignals
BEAM for Summer Roles,greenhouse,beamsummer
Beam Healthcare,greenhouse,beamhealthcare
Beam Therapeutics,greenhouse,beamtherapeutics
Bearing,greenhouse,bearing
"Beatbox Beverages, LLC",greenhouse,beatboxbeveragesllc
Beauhurst,greenhouse,beauhurst
Beautiful.ai,greenhouse,beautifulai
Becket Community Services,greenhouse,bcs
BEDI Partnerships,greenhouse,udemybedi
Bedrock Academy,greenhouse,bedrockacademy
Bee Genius,greenhouse,beegenius
Beeline Medicines,greenhouse,beelinemedicines
BEES,greenhouse,bees
Behavox,greenhouse,behavox
BELLA+CANVAS,greenhouse,bellacanvas
Bellroy,greenhouse,bellroy
Belltower Fund Group,greenhouse,belltowerfundgroup
Belmont Charter Network,greenhouse,belmontcharternetwork
Beltsville Veterinary Hospital,greenhouse,beltsvilleveterinaryhospital
Benchmark Physical Therapy,greenhouse,benchmarkpt
BenchPrep,greenhouse,benchprep
Benesch,greenhouse,alfredbeneschco
Bennie,greenhouse,bennie
Berkadia,greenhouse,berkadia
Berlin Brands Group SK,greenhouse,berlinbrandssk
Berlin City Auto Group,greenhouse,berlincity
Berlin Packaging,greenhouse,berlinpackaging
BerlinRosen,greenhouse,berlinrosen
Bertke Electric,greenhouse,bertkeasp
Bertram Capital Management,greenhouse,bertramcapitalmanagement
BES Fellowship and School Leadership Opportunities,greenhouse,besfellowship
Bessemer Venture Partners,greenhouse,bessemerventurepartners
Bessemer Venture Partners - Analyst Program,greenhouse,bvpanalyst
Best Care Pet Hospital,greenhouse,bestcare
Best Version Media,greenhouse,bestversionmedia
BETA Technologies,greenhouse,betatechnologiesinc
Bethesda Health Group,greenhouse,bethesdahealthgroup
Bethesda Physical Therapy,greenhouse,bethesda
Betsson Group,greenhouse,betsson
Betsson Group Data Privacy,greenhouse,consent
BetterHelp,greenhouse,betterhelp
BetterHelp,greenhouse,betterhelpcom
Betterment,greenhouse,betterment
Betting Hero,greenhouse,bettinghero
Betty,greenhouse,bettyjobboard
Bevi,greenhouse,bevicareers
Bevlab Animal Hospital,greenhouse,bevlabvet
Beyond,greenhouse,beyond
Beyond Finance,greenhouse,beyondfinance
Beyond Mission Capable Solutions LLC,greenhouse,beyondmissioncapablesolutionsllc
BeyondTrust,greenhouse,beyondtrust
Bezos Academy,greenhouse,day1academies
BGBx,greenhouse,bgbx
BGE Inc.  Campus Recruiting,greenhouse,bgeinccampus
"BGE, Inc",greenhouse,bgeinc
BGW,greenhouse,bgw
Bicycle Health,greenhouse,bicyclehealth
Bidease,greenhouse,bidease
BidMachine,greenhouse,bidmachine
BiggsKofford,greenhouse,biggskofford
BigID,greenhouse,bigid
BILL,greenhouse,billcom
BillionToOne,greenhouse,billiontoone
Billtrust US Careers,greenhouse,billtrust
Biofourmis,greenhouse,biofourmis
Biohub,greenhouse,biohub
BioMed Realty,greenhouse,biomedrealty
biomodal,greenhouse,biomodal
Biosphere,greenhouse,biosphere
Birch Hill - Harvard University,greenhouse,harvard
Bird,greenhouse,bird
Birdy Grey,greenhouse,birdygrey
Birgo,greenhouse,birgo
Bishop Fox,greenhouse,bishopfox
Bitcoin Depot,greenhouse,bitcoindepot
Bitfocus,greenhouse,bitfocus
BitGo,greenhouse,bitgo
BitGo Campaigns,greenhouse,growth
BITKRAFT Ventures,greenhouse,bitkraft
Bitly Inc.,greenhouse,bitly
Bitmovin,greenhouse,bitmovin
Bitso,greenhouse,bitso
Bitwage,greenhouse,bitwage
Bitwarden,greenhouse,bitwarden
Black Canyon Consulting,greenhouse,blackcanyonconsulting
"Black Duck Software, Inc.",greenhouse,blackduck
Black Forest Labs,greenhouse,blackforestlabs
Blackbird Health,greenhouse,blackbirdhealth
BlackEdge Capital,greenhouse,blackedgecapital
BLACKLANE,greenhouse,blacklane
BlackSky,greenhouse,blacksky
Blackthorn.io,greenhouse,blackthorn
Blank Street,greenhouse,blankstreet
BlastPoint,greenhouse,blastpoint
Blend,greenhouse,blend
Blink Health,greenhouse,blinkhealth
Blip,greenhouse,blip
Block,greenhouse,block
Block Renovation,greenhouse,blockrenovation
Blockchain.com,greenhouse,blockchain
Blockgraph,greenhouse,blockgraph
Bloomberg Philanthropies,greenhouse,bloombergorg
Bloomerang,greenhouse,bloomerang
Bloomreach,greenhouse,bloomreach
Blue Current,greenhouse,bluecurrent
Blue Moon Metals,greenhouse,bluemoonmetals
Blue River Technology,greenhouse,bluerivertech
Blue Rose Research,greenhouse,blueroseresearch
Blue Sky Innovators,greenhouse,blueskyinnovators
Blue Star Families,greenhouse,bluestarfamilies
Blue State,greenhouse,bluestatedigital
"Blue Valley Heating, Cooling & Plumbing",greenhouse,bluevalley
Blue Water Thinking,greenhouse,bluewaterthinking
Blue Wireless,greenhouse,bluewireless
BlueConic,greenhouse,blueconic
Bluefish AI,greenhouse,bluefishai
"BlueLabs, Inc.",greenhouse,bluelabsanalyticsinc
Blueprint Internal,greenhouse,blueprintinternal
"Blueprint Medicines, a Sanofi company",greenhouse,blueprintmedicines
Blueprint Technologies,greenhouse,bpcs
BlueSky Telepsych,greenhouse,blueskytelepsych
Bluestaq US,greenhouse,bluestaq
Bluestone Physician Services,greenhouse,bluestone
Bluevine - India,greenhouse,bluevineindia
Bluevine - US,greenhouse,bluevineus
Blumira,greenhouse,blumira
Blytheco,greenhouse,blytheco
BME,greenhouse,bmeasp
BME Inc.,greenhouse,bme
BMG Money,greenhouse,bmgmoney
BMNT,greenhouse,bmnt
bob,greenhouse,bob
Bobbie,greenhouse,bobbie
Bobtail,greenhouse,bobtail
Boingo,greenhouse,boingo
Boku,greenhouse,boku
bol.com EN,greenhouse,bolcomen
Bold Careers,greenhouse,bold
Boldly,greenhouse,boldly
Bolo AI,greenhouse,boloai
Bolster,greenhouse,bolster
Bolt.new,greenhouse,stackblitz
BoltWise,greenhouse,applytoboltwise
Bombas,greenhouse,bombas
Bombora,greenhouse,bombora
Bond Vet,greenhouse,bondvet
Bondora,greenhouse,bondora
Boom Entertainment,greenhouse,boomentertainment
Boomi,greenhouse,boomilp
Boostlingo,greenhouse,boostlingo
Bosa Properties Inc.,greenhouse,bosapropertiesinc
Bot Auto,greenhouse,botauto
Bottomline,greenhouse,bottomlinetechnologies
Boulder Care,greenhouse,bouldercare
Boulevard,greenhouse,boulevard
Bovenizer & Baker Orthodontics,greenhouse,bovenizerandbakerorthodontics
BOWA,greenhouse,bowa
Box,greenhouse,boxinc
Boxxe Group,greenhouse,boxxe
Bozzuto,greenhouse,bozzuto
BPD,greenhouse,bpd
BR,greenhouse,independent
Bracebridge Capital,greenhouse,bracebridgecapital
Brady Services,greenhouse,brady
Braeburn,greenhouse,braeburn
Brain Corp,greenhouse,braincorporation
Brainlabs,greenhouse,brainlabs
Brainloop,greenhouse,brainloop
BrainPOP,greenhouse,brainpop
BrainRocket,greenhouse,brainrocketltd
BrainStation,greenhouse,brainstation
Braintrust Tutors,greenhouse,braintrusttutors
Branch,greenhouse,branch
Branch Metrics,greenhouse,branchmetrics
Brand New School,greenhouse,brandnewschool
Brandermill Animal Hospital,greenhouse,brandermillanimalhospital
Brandfolder,greenhouse,brandfolder
Brandon J. Broderick,greenhouse,brandonjbroderick
Brandtech+,greenhouse,brandtechplus
Brandwatch,greenhouse,brandwatch
Braskem,greenhouse,braskem
Brave,greenhouse,brave
BRAVO - A Cooperative Company,greenhouse,bravo
Braze,greenhouse,braze
Breakthrough Energy,greenhouse,breakthroughenergy
Breeze,greenhouse,breezecash
Breeze Airways™,greenhouse,breezeairways
Breezeway,greenhouse,breezeway
Brennan Industries,greenhouse,brennan
Brevium,greenhouse,brevium
Brex,greenhouse,brex
Brick,greenhouse,getbrick
Bridge to Enter Advanced Mathematics (BEAM),greenhouse,beam
BridgeBio Pharma,greenhouse,bridgebio
Bridgewater Associates,greenhouse,bridgewater89
Bridgewater Associates LP,greenhouse,bwaltpostings
Bright Network,greenhouse,brightnetwork
BrightAI,greenhouse,brightai1
BrightAI Corporation,greenhouse,brightai
Brightcore Energy,greenhouse,brightcoreenergy
Brighthaven,greenhouse,brighthavencommunities
BrightHire,greenhouse,brighthire
Brightidea,greenhouse,brightidea
Brightmode,greenhouse,brightmode
BrightSign,greenhouse,brightsign
Brightstone Therapy,greenhouse,brightstonetherapy
Brilla Schools,greenhouse,brillapubliccharterschools
Brilliant Earth,greenhouse,brilliantearth
Bringg,greenhouse,bringg
Brinqa,greenhouse,brinqa
Britive,greenhouse,britive
Broad River Animal Hospital,greenhouse,broadriver
Broadsign Careers,greenhouse,broadsign
Broadvoice,greenhouse,broadvoice
Broadway Ventures,greenhouse,broadwayventures
Broadway Veterinary Clinic,greenhouse,broadway
Brooke Charter Schools,greenhouse,brookecharterschools
Brooklinen,greenhouse,brooklinen
Brooklyn Sports & Entertainment,greenhouse,bseglobal
BRPH,greenhouse,brph
Brunswick Group,greenhouse,brunswickgroup
BRUNT Workwear,greenhouse,bruntworkwear
Bryant Park Consulting,greenhouse,bryantparkconsulting
bswift,greenhouse,bswift
BTG Pactual,greenhouse,btgpactual
BTIG,greenhouse,btig27
Bubble Skincare,greenhouse,bubbleskincare
Buck Creek Veterinary Clinic,greenhouse,buckcreekvet
Buckeystown Veterinary Hospital,greenhouse,buckeystownveterinaryhospital
Buckner International,greenhouse,bucknerinternational
Buckner Retirement Services,greenhouse,brscorporate
Budderfly,greenhouse,budderfly
Bugcrowd,greenhouse,bugcrowd
Builder.io,greenhouse,builder
Builders at Gigs,greenhouse,engineeringatgigs
Buildkite,greenhouse,buildkite
BuildOps,greenhouse,buildops
Built In,greenhouse,builtin
Built Technologies,greenhouse,getbuilt
BuiltIn Integration Sandbox,greenhouse,builtinintegrationsandbox
BuiltInBoston,greenhouse,builtinboston
Bullis Charter School,greenhouse,bullischarterschool
Buncha,greenhouse,buncha
Bungie,greenhouse,bungie
Burris Logistics,greenhouse,burrislogistics
Burson,greenhouse,bursonglobalcareers
Business Insider,greenhouse,insider
Businessolver,greenhouse,businessolver
Butlr,greenhouse,butlr
Butterfly Network,greenhouse,butterflynetwork
Butternut Box,greenhouse,butternutbox
Buutti CodeMatch,greenhouse,codematch
"Buyers Edge Platform, LLC",greenhouse,buyersedgeplatformrecruiting
Buynomics,greenhouse,buynomics
Buzz Solutions,greenhouse,buzzsolutions
BVNK,greenhouse,bvnk
BW,greenhouse,bw
By the Bay Health,greenhouse,bythebayhealth
Bybit,greenhouse,bybit
BYD North America,greenhouse,byd
ByHeart,greenhouse,byheart
C+C,greenhouse,colehourcoheninc
C. C. Veterinary Hospital,greenhouse,columbiacityvet
C.A. Fortune,greenhouse,cafortune
C3 AI,greenhouse,c3iot
C3 AI Ascend Internship Program: Summer 2026,greenhouse,c3ascend
C3 Integrated Solutions,greenhouse,c3integratedsolutions
C3EL,greenhouse,c3el
Cabify,greenhouse,cabify
Caddell Construction,greenhouse,caddellconstruction
Cadence Health,greenhouse,cadencehealth
Cadre Hospice,greenhouse,cadrehospice
Cadwell,greenhouse,cadwell
CAIS,greenhouse,cais
Cajal Therapeutics,greenhouse,cajal-tx
Cake,greenhouse,cakeai
Cala Health,greenhouse,calahealth
Calendly,greenhouse,calendly
Caliber,greenhouse,caliber
Caliber Healthcare Solutions,greenhouse,caliberhealth
Calico,greenhouse,calicolabs
Calif,greenhouse,calif
California Academy of Sciences,greenhouse,californiaacademyofsciences
CALIFORNIA AUTISM CENTER,greenhouse,californiaautismcenter
California Psychics,greenhouse,californiapsychics
CallRail,greenhouse,callrail
Calm.com,greenhouse,calm
Calusa Veterinary Center,greenhouse,calusavet
Calyxo,greenhouse,calyxo
Cambridge Mobile Telematics,greenhouse,cambridgemobiletelematics
Cameo,greenhouse,cameo
CAMP,greenhouse,camp
Campbell Ewald,greenhouse,ce
Campminder,greenhouse,campminder
Campus CTC - LinkedIn,greenhouse,chicagotradingcampushiring
Candid,greenhouse,candid
Candidaturas Direcionadas,greenhouse,candidaturasdirecionadasxpinc
Candidly,greenhouse,candidly
Cannabis & Glass,greenhouse,cannabisandglass
CannonDesign,greenhouse,cannondesign
Canonical,greenhouse,canonical
Canopy,greenhouse,canopytax
Canopy,greenhouse,canopycare
Canopy Connect,greenhouse,canopyconnect
Canto,greenhouse,canto
Capco,greenhouse,capco
Capella,greenhouse,capellaspace
Capgemini Invent,greenhouse,capgeminideutschlandgmbh
CapIntel,greenhouse,capintel
Capital on Tap,greenhouse,capitalontap
Capital Technology Group,greenhouse,capitaltg
Capitalize,greenhouse,capitalize
Capitolis,greenhouse,capitolis
capSpire - Canada,greenhouse,canada1
Capstone Investment Advisors,greenhouse,capstoneinvestmentadvisors
Captivation Software,greenhouse,captivation
CaptiveAire,greenhouse,captiveaire
Carbon Direct,greenhouse,carbondirect
Carbon Robotics,greenhouse,carbonrobotics
"Carbon, Inc.",greenhouse,carbon
CarbonChain,greenhouse,carbonchain
Carbonfuture,greenhouse,carbonfuture
Cardata,greenhouse,cardata
CardFlight,greenhouse,cardflight
Care Access,greenhouse,careaccess
Care Dimensions,greenhouse,caredimensions
"CareDx, Inc.",greenhouse,caredxinc
Career Team,greenhouse,careerteam
Career Team Enterprises,greenhouse,cteph
Careers at Eucalyptus,greenhouse,eucalyptus
Careers at GTCR,greenhouse,gtcr
Careers at Kokua,greenhouse,careersatkokua
Careers at Libra Group,greenhouse,thelibragroup
Careers at Lineate,greenhouse,lineate
CAREERS AT NLC,greenhouse,nlcventures
Careers at Tide,greenhouse,tide
CareerVillage.org,greenhouse,careervillage
Carefeed,greenhouse,carefeed
Cargomatic,greenhouse,cargomatic
Cargoo,greenhouse,cargoo
CarGurus,greenhouse,cargurus
"Caribou Biosciences, Inc.",greenhouse,cariboubiosciencesinc
Caribou Financial,greenhouse,caribou
Caring Hands Animal Hospital - Alexandria,greenhouse,chalexandria
Caring Hands Animal Hospital - Arlington,greenhouse,charlington
Caring Hands Animal Hospital - Ashburn,greenhouse,chashburn
Caring Hands Animal Hospital - Rockville,greenhouse,chrockville
"Carolina Title Loans, Inc",greenhouse,carolinatitleloansinc
CarOnSale,greenhouse,caronsale
Carr Allison,greenhouse,carrallison
Carrot,greenhouse,carrotfertility
Carta,greenhouse,carta
Carta Healthcare,greenhouse,cartahealthcare
Cartesian Systems,greenhouse,cartesiansystems
Carvana,greenhouse,carvana
Casa,greenhouse,casa
Casago,greenhouse,casago
Cascade Financial Services,greenhouse,cascadeloans
CASE Agency,greenhouse,caseagency
"CASE Management Consulting, LLC",greenhouse,casemanagementconsulting
Case Status,greenhouse,casestatus
Casechek,greenhouse,casechek
CaseGuard,greenhouse,caseguard
CASETiFY,greenhouse,casetify
Cash Cow - Louisiana,greenhouse,cashcowlouisiana
Cast AI,greenhouse,castaigroupinc
Castle Brook Academy,greenhouse,castlebrook
Castle Hill Academy,greenhouse,castlehill
Castlery,greenhouse,castlery
Cat Daddy,greenhouse,catdaddy
Catamount Constructors,greenhouse,catamountconstructors
Catapult Sports,greenhouse,catapultsports
Cataract Institute of Oklahoma,greenhouse,cio
"Catch Creation, LLC",greenhouse,catchcreationllc
Catena Clearing,greenhouse,catenaclearing
Cato Networks,greenhouse,catonetworks
Cattaneo Zanetto Pomposo Co.,greenhouse,cattaneozanetto
Caylent,greenhouse,caylent
Cayuse,greenhouse,cayuse
CB Insights,greenhouse,cbinsights
CB4,greenhouse,cb4
CBCS,greenhouse,cbcs
CBEM LLC,greenhouse,cbemllc
cBEYONData + SMX,greenhouse,ess
CCOF,greenhouse,ccof
"CCS, Corporate",greenhouse,ccscorpcareers
Cedar,greenhouse,careportalinc
Cedar Rapids Prep,greenhouse,cedarrapidsprep
Celigo,greenhouse,celigo
Cell Signaling Technology,greenhouse,cellsignalingtechnology79
Cellanome,greenhouse,cellanome
Celonis,greenhouse,celonis
Censys,greenhouse,censys
Centennial Real Estate Company LLC,greenhouse,centennial
Center for Audit Quality,greenhouse,centerforauditquality
Center for Employment Opportunities,greenhouse,centerforemploymentopportunities
Center for Physical Therapy and Exercise (CPTE),greenhouse,centerforphysicaltherapyandexercise
"Centessa Pharmaceuticals, LLC",greenhouse,centessapharmaceuticalsinc
Central California Alliance for Health,greenhouse,ccah
Central California Alliance for Health (Remote),greenhouse,ccahremote
CentralReach,greenhouse,centralreach
Centri Business Consulting,greenhouse,centribusinessconsulting
Centria Autism,greenhouse,centriaautism
Centria Healthcare,greenhouse,centriahealthcare
Centrum Health,greenhouse,centrumhealth
Cerebral,greenhouse,cerebral
"Ceribell, Inc",greenhouse,ceribell
Ceros,greenhouse,ceros
Cerula Care,greenhouse,cerulacare
CFM,greenhouse,cfm
CGC,greenhouse,cgc
CGS (Computer Generated Solutions Inc.),greenhouse,computergeneratedsolutions
Chainguard,greenhouse,chainguard
ChalkBooks,greenhouse,applytochalkbooks
Challenge Manufacturing,greenhouse,challengemfgcompany
Champion & Nash HVAC,greenhouse,championnashhvac
Chan Zuckerberg Initiative,greenhouse,chanzuckerberginitiative
CHAOS Industries,greenhouse,chaosindustries
Chaparral Medical Group,greenhouse,chaparralmedicalgroup
Char Network,greenhouse,charnetwork
ChargePoint,greenhouse,chargepoint
Chariot Energy,greenhouse,chariotenergy
charles,greenhouse,charles
Charles River Analytics,greenhouse,charlesriveranalytics90
Charles River Associates,greenhouse,charlesriverassociates
Charles River Associates - Private,greenhouse,mbarecruitingcra
Charleys,greenhouse,charleys
Charlie Health,greenhouse,charliehealth
Charlie Health Behavioral Health Operations,greenhouse,charliehealthbehavioralhealthoperations
"Charlie Health Engineering, Product & Design",greenhouse,charliehealthepd
Charlie Health Internal Candidates,greenhouse,charliehealthinternalcandidates
"Chartbeat, Inc.",greenhouse,chartbeatinc
Chartboost,greenhouse,chartboost
CharterUP,greenhouse,charterup
Chase Center,greenhouse,chasecenter
Checkbook,greenhouse,checkbook
Checkr,greenhouse,checkr
Cheddar,greenhouse,cheddar
Chefman,greenhouse,chefman
Cherry,greenhouse,cherry
Chessie Lane Animal Hospital,greenhouse,chessielanevet
Chester Community Charter School,greenhouse,chestercommunitycharterschool
Chicago Public Media,greenhouse,cpm
Children's World,greenhouse,childrensworld
"Chime Financial, Inc",greenhouse,chime
Chomps,greenhouse,chompscareers
Choreo,greenhouse,choreo
Chorus Innovations,greenhouse,chorusinnovations
Chowbus,greenhouse,chowbus
Christ Fellowship,greenhouse,christfellowship
Christian Care Ministry,greenhouse,christiancareministry
Chrome Industries,greenhouse,chromeindustries
Chronograph,greenhouse,chronograph
CI Azumano,greenhouse,ciazumano
Cialfo,greenhouse,cialfo
Cie,greenhouse,cie
Cincinnati Eye Institute,greenhouse,cei
CipherHealth,greenhouse,cipherhealth
CIQ,greenhouse,ciq
Circ,greenhouse,circ
Circa - IPG DXTRA,greenhouse,dxacirca
Circle.so,greenhouse,circleso
CircleCI,greenhouse,circleci
"Cirkul, Inc",greenhouse,cirkul
Cision,greenhouse,cision
Citian,greenhouse,citian
"Citrus Health Group, Inc",greenhouse,citrushealthgroup
City Beauty,greenhouse,citybeauty
CIV,greenhouse,civ
Civil Science,greenhouse,civilscience
Civis Analytics,greenhouse,civisanalytics
Civitas Learning,greenhouse,civitaslearning
Clariness,greenhouse,clariness
Claritas Rx,greenhouse,claritasrx
Clarity AI,greenhouse,clarityai
Clarity Innovations,greenhouse,clarityinnovates
Clarkson Eyecare,greenhouse,clarksoneyecare
Clarkson Eyecare Georgia,greenhouse,eyeelements
Claros,greenhouse,claros
ClassApp,greenhouse,classapp
ClassPass,greenhouse,classpass
Claude Corps,greenhouse,claudecorps
Clean Laundry,greenhouse,cleanlaundry
Clean Simple Eats,greenhouse,cleansimpleeats
CLEAR - Corporate,greenhouse,clear
CLEAR - Field,greenhouse,clearfield
Clear Path For Veterans,greenhouse,clearpathforveterans
Clear Street,greenhouse,clearstreet
Clear Tech,greenhouse,cleartech
"Clearlink Technologies, LLC",greenhouse,clearlinktechnologiesllc
ClearView Healthcare Partners,greenhouse,clearviewhealthcarepartners
Clearway Energy,greenhouse,clearwayjobs
Clearway Group,greenhouse,clearway
Cleerly,greenhouse,cleerlyhealth
Cleo (India),greenhouse,cleoindia
Cleo (US),greenhouse,cleo
Clerkie,greenhouse,clerkie
Cleveland Guardians - Baseball Operations,greenhouse,clevelandguardiansbops
Clever,greenhouse,clever
Click Therapeutics,greenhouse,clicktherapeutics
ClickHouse,greenhouse,clickhouse
Clickstop,greenhouse,clickstop
Climate Cabinet,greenhouse,climatecabinet
Climate Corps,greenhouse,cc
Climate First Bank,greenhouse,climatefirstbank
ClimateAi,greenhouse,climateai
ClimateBase,greenhouse,climatebase
ClinChoice,greenhouse,clinchoice
Cline,greenhouse,cline
Clinical Architecture,greenhouse,clinicalarchitecture
Clinical Careers Page,greenhouse,cerebralgoogle
Clinton Foundation,greenhouse,clintonfoundation
Clockwork.io,greenhouse,clockworksystems
Closure Technologies,greenhouse,closure-tech
Cloud Chamber,greenhouse,cloudchamberen
Cloud Chamber Montreal,greenhouse,cloudchamberfr
Cloudbeds,greenhouse,cloudbeds
Cloudflare,greenhouse,cloudflare
Cloudflare Events,greenhouse,careersday
CloudKitchens,greenhouse,css
CloudSEK,greenhouse,cloudsek
Clover Health,greenhouse,cloverhealth
Cloverly,greenhouse,cloverly
Club Monaco,greenhouse,clubmonaco
Clutch Technologies Inc.,greenhouse,clutch
CLV,greenhouse,clv
"Clēnera, LLC",greenhouse,clenera
cm4all,greenhouse,cm4all
CMF by Nothing,greenhouse,cmf
CMTelematics,greenhouse,cmt
Co-Active Training Institute,greenhouse,coactive
Co-Ops at New York ISO,greenhouse,nyisocoops
"Coalition, Inc.",greenhouse,coalition
Coast,greenhouse,coast
Coast Energy,greenhouse,coastenergy
Cobalt,greenhouse,cobaltio
Cobalt Service Partners,greenhouse,cobaltservicepartners
"Cobblestone Energy -  Dubai, UAE.",greenhouse,cobblestoneenergy4
"Cobblestone Energy,  Dubai - UAE.",greenhouse,cobblestoneenergy1
Cobre,greenhouse,cobre
Cochran,greenhouse,cochranengineering
Cockroach Labs,greenhouse,cockroachlabs
Cocoon,greenhouse,cocoon
Codal,greenhouse,codalinc
Code and Theory,greenhouse,codeandtheory
Code for America,greenhouse,codeforamerica
Code.org,greenhouse,codeorg
Code3,greenhouse,code3
CodeBlack,greenhouse,codeblack
CodePath,greenhouse,codepath
Coefficient,greenhouse,coefficient
Cofertility,greenhouse,cofertility
Cogent Biosciences,greenhouse,cogentbiosciences
Cognism,greenhouse,cognism
Cognite - AI for Industry,greenhouse,cognite
Cognitiv,greenhouse,cognitiv
Cognito Therapeutics,greenhouse,cognitotherapeutics
Cogstate,greenhouse,cogstateinc
Cohere Health,greenhouse,coherehealth
Coherent Solutions,greenhouse,coherentsolutions
Coherus Oncology,greenhouse,coherusbiosciences
Coinbase,greenhouse,coinbase
Coinme,greenhouse,coinme
CoLab Software,greenhouse,colabsoftware
Coldwater Veterinary Hospital,greenhouse,coldwater
Colla Health,greenhouse,collahealth
Collective Health,greenhouse,collectivehealth
Collectively,greenhouse,collectively
College Recruitment,greenhouse,hogwarts
College Track,greenhouse,collegetrack
Collegium Pharmaceutical,greenhouse,collegiumpharma
Collibra,greenhouse,collibra
Colombia,greenhouse,colombia
Colonial Gateway Veterinary Center,greenhouse,colonialgatewayveterinarycenter
Colorado,greenhouse,colorado
Colossal Biosciences,greenhouse,colossalbiosciences
Columbus Arts and Technology Academy,greenhouse,cata
Columbus Bilingual Academy North,greenhouse,columbusbilingualacademynorth
Columbus Bilingual West,greenhouse,columbusbilingualwest
"Columbus Humanities, Arts, and Technology Academy",greenhouse,chata
Columbus Ophthalmology Associates,greenhouse,coa
Comet,greenhouse,comet
CommerceIQ,greenhouse,commerceiq
commercetools,greenhouse,commercetools
Commercial Real Estate Company,greenhouse,commercialrealestatecompany
Common Thread Collective,greenhouse,commonthreadcollective
Communities United for Police Reform,greenhouse,changethenypd
Community Food Funders,greenhouse,cff
Commvault,greenhouse,commvault
Company,greenhouse,company
CompanyCam,greenhouse,companycam
Compass Health Center,greenhouse,compasshealthcenter
Compass Pathways,greenhouse,compasspathways
Compeer Financial,greenhouse,compeerfinancial
Compliancy Group LLC.,greenhouse,compliancygroupllc
ComplyAdvantage,greenhouse,complyadvantage
CompTech Computer Technologies,greenhouse,comptechcomputertechnologies
"CompuNet, Inc.",greenhouse,compunetinc
Comstock,greenhouse,comstock
Concentric,greenhouse,concentric
Concentric Advisors,greenhouse,concentricadvisors
Concert Health,greenhouse,concerthealth
Coney Island Prep,greenhouse,coneyislandprep
Conga,greenhouse,conga
Connecteam,greenhouse,connecteam
Connected Careers Page,greenhouse,connectedcannabis
Connected Internal Job Board,greenhouse,connectedcannabisco
Connections Health Solutions,greenhouse,connectionshealthsolutions
Conner Strong & Buckelew,greenhouse,connerstrongbuckelew
"Connor, Clark & Lunn Funds Inc.",greenhouse,funds
Conquer,greenhouse,conquer
Consensys,greenhouse,consensys
Constant Contact,greenhouse,constantcontact
Constellation Schools,greenhouse,constellationschools
"Constellation Software, Inc.",greenhouse,constellationsoftwareinc
Constrafor,greenhouse,constrafor
Construction Resources,greenhouse,constructionresources
Consumer Edge,greenhouse,consumeredge
Consumer Reports,greenhouse,consumerreports
ContactMonkey,greenhouse,contactmonkey
Contentful,greenhouse,contentful
Contentstack,greenhouse,contentstack
Contractor Jobs at Airbnb,greenhouse,contractorjobs
Convelo Insurance Group,greenhouse,convelocareers
Convene,greenhouse,convene
ConvenientMD,greenhouse,convenientmd
Convera,greenhouse,convera
Converted Board Dana,greenhouse,converted
Conviva,greenhouse,conviva
Convoso,greenhouse,convoso
Cook Systems,greenhouse,cooksys
CookUnity,greenhouse,cookunity
Cool Willy's,greenhouse,coolwillys
Copia Power,greenhouse,copiapower
Copper,greenhouse,copperhome
Copperstate Farms,greenhouse,copperstatefarms
Coras,greenhouse,corasps
Corcept Therapeutics,greenhouse,corcepttherapeutics
Cordance,greenhouse,cordance
Cordell & Cordell,greenhouse,cordellcordell
Cordial Experience Inc.,greenhouse,cordial81
Core One,greenhouse,coreone
CorePilot,greenhouse,corepilot
CoreStory,greenhouse,corestory
Coretelligent,greenhouse,coretelligent
CoreTrust Purchasing Group,greenhouse,coretrustpurchasinggroupllc
CoreWeave,greenhouse,coreweave
CoreWeave Europe,greenhouse,coreweaveu
"Cornerstone Wireless, LLC.",greenhouse,csw
Corporate Synergies,greenhouse,corpsyn
Correlation One,greenhouse,correlationone
Correlation One Expert Network,greenhouse,expertnetwork
Cortex,greenhouse,cortex
Cortica,greenhouse,cortica
Cortica - Neurodevelopmental,greenhouse,allcareers
Cortland,greenhouse,cortland
Corvee,greenhouse,corvee
"Corvias Corporate Services, LLC",greenhouse,corviascorporateservicesllc
Cosmos Labs,greenhouse,cosmoslabs
Cosse & Silmon Orthodontics,greenhouse,cosseandsilmonorthodontics
COTE Miami,greenhouse,cotemiami
COTE NYC,greenhouse,cotenyc
COTE Vegas,greenhouse,cotevegas
Coterie Insurance,greenhouse,coterieinsurance
Cottingham & Butler,greenhouse,cottinghambutlerinsuranceservicesinc
Cottonwood Residential,greenhouse,cottonwoodresidential
Cotulla Education,greenhouse,cotullaeducation
"Couchbase, Inc.",greenhouse,couchbaseinc
Counterpart,greenhouse,counterpart
Counterpart Health,greenhouse,counterparthealth
Countryside Veterinary Hospital,greenhouse,countryside
Coupang,greenhouse,coupang
Coupang Internal,greenhouse,coupanginternal
Courier Health,greenhouse,courierhealth
Course Hero,greenhouse,coursehero
Coursemojo,greenhouse,coursemojo
Coursera,greenhouse,coursera
Coursera Sourcing,greenhouse,sourcingcour
CoVar,greenhouse,covar
Covariance.ai,greenhouse,covariance
Coveo,greenhouse,coveoen
Covera Health,greenhouse,coverahealth
Cowbell Cyber Inc.,greenhouse,cowbellcyber
Co–Star,greenhouse,costar
CP Group,greenhouse,cpgroup
CPI Security,greenhouse,cpisecurity
Craftsman+,greenhouse,craftsman
Cranial Technologies,greenhouse,cranialtechnologies
Crayon,greenhouse,crayon
Creating Behavioral + Educational Momentum,greenhouse,cbem
Creation Kingdom,greenhouse,creationkingdom
Creative Fabrica,greenhouse,creativefabrica
CreativeX,greenhouse,creativex
Credible,greenhouse,credible
Credit Union of Colorado,greenhouse,creditunionofcolorado
Crescendo Health,greenhouse,crescendohealth
Crescent,greenhouse,crescent
Cresco Labs,greenhouse,crescolabs
Cresta,greenhouse,cresta
Crestwood Behavioral Health,greenhouse,crestwoodcareers
Crexi,greenhouse,crexi
Cribl,greenhouse,cribl
Crisp,greenhouse,crisp
Crisp Recruit,greenhouse,crisprecruit
Critical Innovations,greenhouse,criticalinnovations
Critical Mass,greenhouse,criticalmass
Crooked Media,greenhouse,crookedmedia
Cross River,greenhouse,crossriverbank
Crossbeam,greenhouse,crossbeam
Crossmedia Inc,greenhouse,crossmediainc
Crossroads Health,greenhouse,crossroadshealth
Crowd Street,greenhouse,crowdstreet
Crowell & Moring,greenhouse,crowellmoring
Crunchtime,greenhouse,zenput
"Crunchyroll, LLC",greenhouse,crunchyroll
CSCI Consulting,greenhouse,csciconsulting
"CTC Campus - External, Not Advertised",greenhouse,ctccampusboard
CTC Campus - Website,greenhouse,chicagotradingcampus
"CTC Lateral - External, Not Advertised",greenhouse,chicagotradingreferral
CTC Lateral - Website & LinkedIn,greenhouse,chicagotrading
CTI,greenhouse,cti
CTS,greenhouse,charterts
Cubic Motion,greenhouse,cubicmotion
CueBox,greenhouse,applytocuebox
Culture Amp,greenhouse,cultureamp
Culture Biosciences,greenhouse,culturebiosciences
Curaleaf,greenhouse,curaleaf
Curative,greenhouse,curative
Curi Capital,greenhouse,curicapital
Current,greenhouse,current81
Current,greenhouse,current
Current Global,greenhouse,currentglobal
Current Media Group,greenhouse,currentcatalog
Custom Computer Specialists,greenhouse,customcomputerspecialists
Customer.io,greenhouse,customerio
Cutover,greenhouse,cutover
Cuyana,greenhouse,cuyana
CVOnline,greenhouse,cvonline
CWE,greenhouse,cwe
CyberMedia Technologies,greenhouse,cybermediatechnologies
CyberSheath,greenhouse,cybersheath
Cycles,greenhouse,cycles
Cyclic Materials Inc.,greenhouse,cyclicmaterialsinc
CycloKinetics (CleanJoule),greenhouse,cyclokinetics
Cylus Cybersecurity,greenhouse,cyluscybersecurity
Cymulate,greenhouse,cymulate
Cypress.io,greenhouse,cypressio
Cyware,greenhouse,cyware
D2 Technical Services,greenhouse,d2consulting
D2L,greenhouse,d2l
D3,greenhouse,d3
Da Vinci,greenhouse,davinciderivatives
Dagger,greenhouse,dagger
Daggerwing Group,greenhouse,daggerwinggroup
Dagster Labs,greenhouse,dagsterlabs
Dalio Family Office,greenhouse,marinomanagementllc
Dante,greenhouse,dante
Dark Wolf Solutions,greenhouse,darkwolfsolutions
DAS42,greenhouse,das42
Dashlane,greenhouse,dashlane
DAT,greenhouse,datsolutions
Data & Society Research Institute,greenhouse,datasocietyresearchinstitute
"Data Systems Analysts, Inc.",greenhouse,datasystemsanalystsinc
Databento,greenhouse,databento
Databricks,greenhouse,databricks
DataCamp,greenhouse,datacamp
Datacor,greenhouse,datacor
Datadog,greenhouse,datadog
DataDome,greenhouse,ddome
DataGrail,greenhouse,datagrail
DataHub,greenhouse,acryldata
Dataiku,greenhouse,dataiku
Dataiku Misc Postings,greenhouse,dataikujobs
DataKind,greenhouse,datakindinc
Datarails,greenhouse,datarails
Datavant,greenhouse,datavant2
David Zwirner,greenhouse,davidzwirnergallery
Davis Development,greenhouse,davisdevelopment
Daybreak Health,greenhouse,daybreakhealth
Daylight,greenhouse,daylight
Daymark Health,greenhouse,daymarkhealth
DB E.C.O. North America,greenhouse,dbeconorthamerica
DBeaver,greenhouse,dbeaver
dbt Labs,greenhouse,dbtlabsinc
Dcard,greenhouse,dcard
DDB Chicago,greenhouse,ddbchicago
Dealpath,greenhouse,dealpath
Debt Relief Advocates,greenhouse,dra
DebtBook,greenhouse,debtbook
Debut Biotech,greenhouse,debutbiotech25
DeciBio Consulting,greenhouse,decibio
Decima International,greenhouse,decimainternational
Decisions,greenhouse,decisions
Dedicated IT,greenhouse,dedicatedit
DeepIntent,greenhouse,deepintent
Deeplocal,greenhouse,deeplocal
DeepMind,greenhouse,deepmind
Deepwatch,greenhouse,deepwatchinc
DEFCON AI,greenhouse,defcon
Defense News,greenhouse,defensenewscareers
Defense Unicorns,greenhouse,defenseunicorns
"Definitive Healthcare, US",greenhouse,definitivehc
Degreed,greenhouse,degreed
Delart,greenhouse,delartech
"Delaware Title Loans, Inc",greenhouse,delawaretitleloansinc
DelCor Technology Solutions,greenhouse,delcortechnologysolutions
Delfina,greenhouse,delfina
Delivery Associates,greenhouse,deliveryassociates
Delterra.org,greenhouse,delterra
Democorp,greenhouse,example
Democracy Forward,greenhouse,democracyforward
Democracy Prep Public Schools,greenhouse,democracypreppublicschools
DensityAI,greenhouse,densityai
Dental365,greenhouse,dental365
Denver Broncos and Stadium Management Company,greenhouse,denverbroncosteamllc
Deporvillage,greenhouse,deporvillage
DEPT®,greenhouse,dept
Des Moines Prep,greenhouse,desmoinesprep
Descope,greenhouse,descope
Descript,greenhouse,descript
"Desert Vista Eye Specialist, PC",greenhouse,desertvista
Design Pickle,greenhouse,designpickle
Designed Conveyor Systems,greenhouse,designedconveyorsystems
Destination Canada,greenhouse,destinationcanada
Destination Canada (français),greenhouse,destinationcanadafr
Detroit Lions,greenhouse,detroitlions
Dev Talent Network,greenhouse,devfuturetalent
Dev Technology,greenhouse,devtechnology
Dev Technology External Referrals,greenhouse,devreferrals
Development Seed,greenhouse,developmentseed
DevRev,greenhouse,devrev
DeVries,greenhouse,devries
Dexis,greenhouse,dexisconsultinggroup
Dexory,greenhouse,dexory
DFINITY,greenhouse,dfinity
DFM Development Services LLC,greenhouse,dfmdevelopmentservices
DFO Referrals,greenhouse,dforeferrals
DH Pace,greenhouse,dhpace
"DHI Group, Inc.",greenhouse,dhigroupinc
Di Rezze Family Office,greenhouse,dfo
Dialectic,greenhouse,dialecticch
Dialpad,greenhouse,dialpad
Diamondback Plumbing & Cooling,greenhouse,dpc
Diana Health,greenhouse,dianahealth94
Dianthus Therapeutics,greenhouse,dianthustherapeutics
DICE,greenhouse,dicefm-careers
DiDi Labs,greenhouse,didi
DIG INN Chefs-In-Training,greenhouse,diginnother
DIG INN Restaurant Teams,greenhouse,digrestaurants
DIG INN Support,greenhouse,diginn
Digi Security Systems,greenhouse,digisecuritysystems
Digible,greenhouse,digible
DigiCert,greenhouse,digicert
Digimarc,greenhouse,digimarc
Digit,greenhouse,digit
Digital Eclipse Entertainment Partners,greenhouse,digitaleclipse
Digital Extremes,greenhouse,digitalextremes
Digital Hands,greenhouse,digitalhands
DigitalBridge,greenhouse,digitalbridge
DigitalOcean,greenhouse,digitalocean98
Digs,greenhouse,digs
Diligent Corporation,greenhouse,diligentcorporation
Diligent Robotics,greenhouse,diligentrobotics
Diligent Services,greenhouse,diligent
DIM,greenhouse,dim
Dimagi,greenhouse,dimagi
Dinosaur Car Wash,greenhouse,dino
"Dirac, Inc.",greenhouse,diracinc
DISCO,greenhouse,disco
Discord,greenhouse,discord
"Dispatch Technologies, Inc",greenhouse,dispatch
DistantJob,greenhouse,distantjob
DistroKid,greenhouse,distrokid
DivcoWest,greenhouse,divcowest
Diverge Health,greenhouse,divergehealth
Divergent,greenhouse,divergent
Divergent (Confidential),greenhouse,dti
DiversityJobs,greenhouse,diversityjobs
DKatalis,greenhouse,dkatalislabs
DKatalis Singapore,greenhouse,dkatalissingapore
DLH,greenhouse,dlhcorporation
DLH - STRATEGIC OPENINGS,greenhouse,tacnet
DLP Bank,greenhouse,dlpbank
DLR Group,greenhouse,dlrgroup
DMC Engineering - Campus Recruiting,greenhouse,dmcengineering2024
dmg events,greenhouse,dmgevents
dmg::media,greenhouse,dmgmedia
DMSI,greenhouse,dmsi
DNSFilter,greenhouse,dnsfilter
DOC,greenhouse,danieloconnellssons
DocNetwork,greenhouse,docnetwork
Doctolib,greenhouse,doctolib
Docugami,greenhouse,docugami
Documo,greenhouse,documocareers
Dodgshun Medlin,greenhouse,dodgshunmedlin
DoiT,greenhouse,doitintl
Dollar Shave Club,greenhouse,dollarshaveclub
Doma Technology LLC,greenhouse,doma
Dome Construction Corporation,greenhouse,domeconstruction
Domino Data Lab,greenhouse,dominodatalab
DonorsChoose,greenhouse,donorschoose
DoorDash Australia,greenhouse,doordashaustralia
DoorDash Canada,greenhouse,doordashcanada
DoorDash High Volume,greenhouse,high-volume
DoorDash India,greenhouse,doordashindia
DoorDash Mexico,greenhouse,doordashmexico
DoorDash Quebec,greenhouse,doordashquebec
DoorDash USA,greenhouse,doordashusa
Doppel,greenhouse,doppel
Dorset Street Animal Hospital,greenhouse,dorset
Dorsia,greenhouse,dorsia
Dotmatics,greenhouse,dotmatics
Dots,greenhouse,dots
Double Good,greenhouse,doublegood
DoubleVerify,greenhouse,doubleverify
Downing Capital Group,greenhouse,downingcapitalgroup
Downtown Music,greenhouse,downtownmusic
Doxim,greenhouse,doxim
Doximity,greenhouse,doximity
DQ Technologies,greenhouse,dqt
Dr. Richard Izquierdo Health & Science Charter School,greenhouse,drizquierdocharterschools
Dr. Squatch,greenhouse,drsquatch
Dragos,greenhouse,dragos
DRC,greenhouse,drc
Dream Games,greenhouse,dreamgames
DreaMotion,greenhouse,dreamotion
Dreem Health,greenhouse,dreemhealth
Dremio,greenhouse,dremio
DriveWealth,greenhouse,drivewealth
Dropbox,greenhouse,dropbox
Droplet,greenhouse,droplet
Dropps,greenhouse,dropps
Druva,greenhouse,druva
DRW,greenhouse,drweng
DRW Montreal,greenhouse,drwfr
Drybar,greenhouse,drybar
Dscout,greenhouse,dscout
Dubber,greenhouse,dubber
Dublin Veterinary Hospital,greenhouse,dublin
Ducera Partners - Experienced Hires,greenhouse,ducerapartners
DuckWorks Millwork Solutions,greenhouse,duckworksmillworksolutions
Duda,greenhouse,duda
Dude Perfect,greenhouse,dudeperfect
Duetto Research,greenhouse,duettoresearch
Dunn Orthodontics,greenhouse,dunnorthodontics
dunnhumby,greenhouse,dunnhumby
Duolingo,greenhouse,duolingo
Duplicati Inc.,greenhouse,duplicati
Durable,greenhouse,durable
Dutchie,greenhouse,thedutchie
DV Trading,greenhouse,dvtrading
dv01,greenhouse,dv01
Dwelly,greenhouse,dwelly
Dynamic Air Solutions,greenhouse,dynamic-air-solutions
"Dynamis, Inc.",greenhouse,dynamisinc
Dyne Therapeutics,greenhouse,dynetherapeutics
Dyno Therapeutics,greenhouse,dynotherapeutics
DYOPATH,greenhouse,dyopath
E Tech Group,greenhouse,etechgroup
"E-gineering, Inc.",greenhouse,egineering
Eames Institute,greenhouse,eamesinstitute
"Earli, Inc.",greenhouse,earli
Early Learning Academies,greenhouse,ela
Early Talent Job Board - Penn Interactive,greenhouse,coop
Earnest,greenhouse,earnest
EarnIn,greenhouse,earnin
East Hampton Veterinary Group,greenhouse,easthampton
East Harlem Tutorial Program,greenhouse,eastharlemtutorialprogram
Eastern Pennsylvania Veterinary Medical Center,greenhouse,eastern-pennsylvania-veterinary-medical-center
Eastland Preparatory Academy,greenhouse,eastlandpreparatoryacademy
Easygo,greenhouse,easygo
Easyship,greenhouse,easyship
EBANX,greenhouse,ebanx
ECC,greenhouse,eccintegrator
Echodyne Corp,greenhouse,echodynecorp
eClinical Solutions,greenhouse,eclinicalsolutions
Eclipse,greenhouse,eclipse
Eclipse Trading,greenhouse,eclipsetrading
ecoATM | Gazelle,greenhouse,ecoatmgazelle
ecoworks,greenhouse,ecoworks
EDB,greenhouse,edb
EdgeConneX,greenhouse,edgeconnex
Edged Infrastructure,greenhouse,edged_infrastructure
Edgestream,greenhouse,edgestream
Edinburgh Animal Hospital,greenhouse,edinburgh
Edison,greenhouse,edison
Edmentum,greenhouse,edmentum
EDO,greenhouse,edo
EdReports,greenhouse,edreports
Educate!,greenhouse,educate
eduMe,greenhouse,edume
edX Bootcamps Instructional Engagement (Internal posts ONLY),greenhouse,bootcampinstructionalengagement
EEI,greenhouse,eei
Effective School Solutions,greenhouse,effectiveschoolsolutions
Effectual,greenhouse,effectual
Efficient Computer,greenhouse,efficientcomputer
Egress,greenhouse,egress
Eikon Therapeutics,greenhouse,eikontherapeutics
eko,greenhouse,eko
Elastic,greenhouse,elastic
Elation Health,greenhouse,elationhealth
Eldersburg Veterinary Hospital,greenhouse,eldersburgveterinaryhospital
Electra,greenhouse,electrasteel
Electreon,greenhouse,electreon
Electric Hydrogen,greenhouse,eh2
Electric Kiwi,greenhouse,electrickiwi
Electrosoft,greenhouse,electrosoft
Element Biosciences,greenhouse,elementbiosciences
Element Critical,greenhouse,elementcritical
Element451,greenhouse,element451jobs
eLEND,greenhouse,elend
Eleos Health,greenhouse,eleoshealth
ElevateBio,greenhouse,elevatebio
Elevations Credit Union,greenhouse,elevationscreditunion
ELEVI Associates,greenhouse,eleviassociates
Eliot Community Human Services,greenhouse,eliotcommunityhumanservices
Elite Dental Partners,greenhouse,elitedentalpartnersllc
"Elite Physical Therapy, Inc.",greenhouse,elite
Elite Technology,greenhouse,elitetechnology
Ellea Nursing,greenhouse,elleanursing
EllieMD,greenhouse,elliemd
Elligint Health,greenhouse,elliginthealth
elly,greenhouse,elly
Elo,greenhouse,elo
Elsevier,greenhouse,elsevier
Elwood Technologies,greenhouse,elwoodtechnologies
eMAG,greenhouse,emag
EMARKETER,greenhouse,emarketer
Embrace,greenhouse,embrace
Embrace our World Orthodontics,greenhouse,embraceourworldortho
Emendata,greenhouse,emendata
Emergency Veterinary Care Center,greenhouse,evcc
Emergent Labs,greenhouse,emergentlabsinc
EMI,greenhouse,emi
Emigrant Bank,greenhouse,emigrantbank
Emigrant Partners,greenhouse,emigrantpartners
Emily's Entourage,greenhouse,ee
"EMIT Technologies, Inc.",greenhouse,emittechnologiesinc
emnify,greenhouse,emnify
eMoney Advisor,greenhouse,emoneyadvisor
Emplifi,greenhouse,emplifi
"Employment Opportunities at BuzzFeed, Inc.",greenhouse,buzzfeed
Empower Brands,greenhouse,empowerbrands
Empower Pharmacy,greenhouse,empowerpharmacy
Emtrain,greenhouse,emtrain
Enavate,greenhouse,enavatecareers
Enboarder,greenhouse,enboarder
Enchanted Forest Academy,greenhouse,enchantedforest
EnCharge AI,greenhouse,enchargeai36
Encompass Technologies,greenhouse,encompasstechnologiesllp
Encora,greenhouse,encora10
Encore,greenhouse,encore
Encoura,greenhouse,encoura
Endeavour. Inspired Infrastructure.,greenhouse,endeavourinspiredinfrastructure
"Endgame Systems, LLC",greenhouse,endgamesystemsllc
Endor Labs,greenhouse,endorlabs
Endorsed,greenhouse,endorsed
Energage,greenhouse,energage
Energize Colleges,greenhouse,enco
Energy Exemplar,greenhouse,energyexemplarllc
Energy Innovation,greenhouse,energyinnovation
Energy Solutions - USA,greenhouse,energysolutions
EnergyHub,greenhouse,energyhub
energytec.ai,greenhouse,etec
Enforce,greenhouse,enforce
Enformion,greenhouse,enformion
ENGAGE Australia,greenhouse,engage
Engage Senior Therapy,greenhouse,engageseniortherapy
EngagedMD,greenhouse,engagedmd
Engelhart,greenhouse,engelhart
Engine,greenhouse,engine
Engineering Excellence,greenhouse,engineeringexcellence
Engineers Gate,greenhouse,engineersgate
Enhesa,greenhouse,enhesa
Enigma,greenhouse,enigmaio
Enlace Health,greenhouse,enlacehealth
enmacc,greenhouse,enmacc
Ennoble Care,greenhouse,ennoblecare
Enova International,greenhouse,enova
ENSCO - Internships,greenhouse,enscointernships
ENSCO - Transportation Technology Center (TTC),greenhouse,enscottc
"ENSCO, Inc.",greenhouse,ensco
Ensemble,greenhouse,ensemble
Ensono,greenhouse,ensono
Entera,greenhouse,entera
Enterpret,greenhouse,enterpret
Enterra Solutions,greenhouse,enterrasolutions
Enthought,greenhouse,enthought
Entrada Therapeutics,greenhouse,entradatherapeutics
Entree Health,greenhouse,entreehealth
Entrega,greenhouse,entrega
Entrupy,greenhouse,entrupy
Enumerate,greenhouse,enumerate
Enveritas,greenhouse,enveritas
Environmental Science Associates,greenhouse,environmentalscienceassociates
Envision Consulting,greenhouse,envisionconsulting
Enviva,greenhouse,enviva
"Envoy Global, Inc.",greenhouse,envoyglobalinc
Enya Labs,greenhouse,enyalabs
Enzene INC,greenhouse,enzeneinc
EOLA Power,greenhouse,eolapower
Eon,greenhouse,eonio
EOS https://app2.greenhouse.io/job_boards/4008206002/settings,greenhouse,eositsolutions
EPIC Brokers,greenhouse,edgewoodpartnersinsurancecenter
Epic Games,greenhouse,epicgames
Epic Games (French),greenhouse,epicgamesfrench
Epic Games (Portuguese),greenhouse,epicgamesportuguese
Epic Kids Inc.,greenhouse,epickids
Epicrispr Biotechnologies,greenhouse,epicbio
Epirus,greenhouse,epirus
Episode Six,greenhouse,episodesix
Episode Six US,greenhouse,episodesixlinkedin
"ePlus Technology, inc.",greenhouse,eplusinc
EQT Corporation,greenhouse,eqtcorporation
EQT Group,greenhouse,eqtpartners
Equal Experts,greenhouse,equalexperts
Equatic,greenhouse,equatic
Equilibrium Energy,greenhouse,equilibriumenergy
Equipment Finance Services,greenhouse,efs
EquipmentShare,greenhouse,equipmentsharecom
Equitable Facilities Fund (EFF),greenhouse,eqfund
EquityZen,greenhouse,equityzen
Eqvilent,greenhouse,eqvilentjobs
Erasca,greenhouse,erasca
ERC Pathlight,greenhouse,erc8585757pathlight53t353
eRezLife,greenhouse,erezlife
Ergeon,greenhouse,ergeon
Eridan,greenhouse,eridan
Ernest,greenhouse,ernestpackagingsolutions
Ernesta,greenhouse,ernesta
Escada,greenhouse,escada
Escala Partners,greenhouse,escala
eSCRIBE,greenhouse,escribe
eScribers,greenhouse,escribers
ESO,greenhouse,eso
Espirita,greenhouse,espirita
Espresa,greenhouse,espresa
Esri,greenhouse,esri
Essential Anesthesia Management,greenhouse,essential
Esusu,greenhouse,esusu
"ETCH, Inc",greenhouse,etchinc
Etched,greenhouse,etchedai
eTelligent Group LLC,greenhouse,etelligentgroup
Ethernovia,greenhouse,2bc11c2c7us
"Ethernovia, Inc.",greenhouse,ethernovia
Ethic,greenhouse,ethicinvesting
Ethos,greenhouse,ethos
Ethos Life,greenhouse,ethoslife
Eudia,greenhouse,eudia
Eulerity,greenhouse,eulerity
Eve,greenhouse,eve
"Eventbrite, Inc.",greenhouse,eventbriteinc
Events,greenhouse,events
Events,greenhouse,mwamevents
Events/University Recruiting,greenhouse,eventsandinterns
Ever,greenhouse,ever
Ever.Ag,greenhouse,everagtester
Ever.green,greenhouse,evergreen
Everchron,greenhouse,everchron
EverDriven,greenhouse,everdriven
Evergreen Action,greenhouse,evergreenaction
Evergreen Nephrology,greenhouse,evergreennephrology
"Evergreen Residential Holdings, LLC",greenhouse,evergreenresidentialemployeeservicescorp
Evergreen Services Group,greenhouse,evergreenservicesgroup
Evergreen Statistical Trading,greenhouse,evergreenstatisticaltrading
Everlane,greenhouse,everlane
Everlaw,greenhouse,everlaw
Evernest,greenhouse,evernest
EverPass Media,greenhouse,everpass
Everpure,greenhouse,purestorage
Everstream Analytics,greenhouse,everstreamanalytics
Everway,greenhouse,everway
Every Cure,greenhouse,everycure
EVERY™,greenhouse,theeverycompany
EVG Specialty Network,greenhouse,evgspecialtynetwork
Evio,greenhouse,evio
Evismart,greenhouse,evismart
Evolution Cloud Services (EVOCS),greenhouse,evolutioncloudservicesevocs
Evolutionary Scale,greenhouse,evolutionaryscale
EvolutionIQ,greenhouse,evolutioniq
Evolve,greenhouse,evolvevacationrental
evolvedMD,greenhouse,evolvedmd
Evolver,greenhouse,evolver
EVPassport,greenhouse,evpassport
Exabeam,greenhouse,exabeam
Exact Sales,greenhouse,exactsales
Exactera,greenhouse,exactera
Exadel,greenhouse,externaljobboards
Exadel Inc (Website),greenhouse,exadelinc
Exame | Saint Paul,greenhouse,exame
Example Corp,greenhouse,examplecorpsandbox
Excel Learning Center,greenhouse,excel
Excel Sports Management,greenhouse,excelsportsmanagement
Excella,greenhouse,excella
Exiger,greenhouse,exiger
Exness Internship,greenhouse,exnessinternship
Exodus Movement Inc.,greenhouse,exodus54
ExodusPoint,greenhouse,exoduspoint
ExodusPoint Campus,greenhouse,xpcampus
Expel,greenhouse,expel
ExperiGreen,greenhouse,experigreen
Extend,greenhouse,extend
Extenteam Careers,greenhouse,extenteamcareers
Extenteam Client Roles,greenhouse,extenteam
ExtraHop,greenhouse,extrahopnetworks
EyeCare Associates,greenhouse,eyecareassociates
eyecarecenter,greenhouse,eyecarecenter
eyeo,greenhouse,eyeo
"ezCater, Inc",greenhouse,ezcaterinc
Ezra,greenhouse,ezra
F. Schumacher & Co.,greenhouse,fschumacherco
Fabric,greenhouse,fabric83
Facile,greenhouse,facile
Facility Door Solutions,greenhouse,fds
Factored,greenhouse,factored
Factorial Energy,greenhouse,factorialenergy
Faherty Brand,greenhouse,fahertybrand
Faircom New York,greenhouse,faircomny
Faire,greenhouse,faire
fairlife,greenhouse,fairlife
Fairmarkit,greenhouse,fairmarkit
Fairstead ESC LLC,greenhouse,fairsteadescllc
Fairway Jockey,greenhouse,fairwayjockey
FalconX,greenhouse,falconx
FAM Brands,greenhouse,fambrands
Family of Kidz,greenhouse,familyofkidz
Family Office,greenhouse,fo
Family Pet Health Center,greenhouse,familypethealthctr
FamilyWell,greenhouse,familywell
Fanatics Betting & Gaming,greenhouse,fanaticsfbg
Fanatics Collectibles,greenhouse,fanaticscollectibles
Fanatics Commerce,greenhouse,fanaticscommerce
Fanatics Inc.,greenhouse,fanaticsinc
Fandom,greenhouse,fandom
FanDuel,greenhouse,fanduel
Faraday Future,greenhouse,faradayfuture
"Farallon Capital Management, L.L.C.",greenhouse,faralloncapitalmanagementllc
FareHarbor,greenhouse,fareharbor
Farm Sanctuary,greenhouse,farmsanctuary
Faropoint,greenhouse,faropoint
Farther,greenhouse,fartherfinance
Fashion Nova,greenhouse,fashionnova
Fashion Nova Logistics,greenhouse,fnlogistics
"Fast Auto Loans, Inc - Arizona",greenhouse,fastautoloansinc
Fast Forward,greenhouse,fastforward
Fast Payday Loans - Florida,greenhouse,fastpaydayloansfloridainc
fasthosts,greenhouse,fasthosts
Fastly,greenhouse,fastly
FastSpring,greenhouse,fastspring
Fay,greenhouse,fay
FCB,greenhouse,fcbworldwide
FCB New York,greenhouse,fcbnewyork
FE International,greenhouse,feinternational
Feastables,greenhouse,feastables
Federato,greenhouse,federato
Feedzai,greenhouse,feedzai
Fellow,greenhouse,fellow
Fender,greenhouse,fender
FERMÀT,greenhouse,fermat
Festival Veterinary Clinic,greenhouse,festival
Fetch,greenhouse,fetch
FeverUp,greenhouse,feverup
FFG FINANZCHECK Finanzportale GmbH,greenhouse,finanzcheck
FGS Global,greenhouse,fgsglobal
Fictiv,greenhouse,fictiv
Fidelity & Guaranty Life Insurance Company,greenhouse,fidelityguarantylife
Fideres,greenhouse,fideres
Fields Mechanical Systems,greenhouse,fms
Fieldstone Bio,greenhouse,fieldstonebio
Fieldwire,greenhouse,fieldwire
Figma,greenhouse,figma
FIGS,greenhouse,figs15
Figure,greenhouse,figureai
Figure Lending,greenhouse,figure
Filecoin Foundation,greenhouse,filecoinfoundation
Files.com,greenhouse,filescom
Filson,greenhouse,filson
Fin,greenhouse,intercom
Financial Technology Partners,greenhouse,financialtechnologypartners
Financial Times,greenhouse,financialtimes33
FIND Healthcareers,greenhouse,find
Finfare Financial,greenhouse,finfare-financial
Fingerprint,greenhouse,fingerprint
FINISH,greenhouse,finish
Finite State,greenhouse,finitestate
Finster AI,greenhouse,finsterai
Firaxis,greenhouse,firaxis
Fireblocks,greenhouse,fireblocks
Fireworks AI,greenhouse,fireworksai
Firmus Technologies,greenhouse,firmus
First Connect Insurance,greenhouse,firstconnectinsurance
"First Global Management Services, Inc.",greenhouse,firstglobalmanagementservicesinc
First Information Technology Services,greenhouse,fits
First San Francisco Partners,greenhouse,firstsanfranciscopartners
First We Feast,greenhouse,firstwefeast
firsthand Health,greenhouse,firsthand
FirstPrinciples,greenhouse,firstprinciples
"FirstSteps for Kids, Inc.",greenhouse,firststepsforkids
Fischer Homes,greenhouse,f1sch3rh0m3s
FISCHER HOMES,greenhouse,fischerhomes
FIS® Amount™,greenhouse,amount
Five & Done,greenhouse,fivedone
Five Rings LLC - Careers,greenhouse,fiveringsllc
Five Rings LLC - Events,greenhouse,fiveringsevents
Five9,greenhouse,five9
Fivesky,greenhouse,fivesky
Fivetran,greenhouse,fivetran
Fixify,greenhouse,fixify
"Flagship Pioneering, Inc.",greenhouse,flagshippioneeringinc
Flamingo,greenhouse,flamingo
Flash,greenhouse,flash
Flashfood,greenhouse,flashfood
Flatiron Health,greenhouse,flatironhealth
Flaunt,greenhouse,flaunt
Fleetio,greenhouse,fleetio
Fleetworthy,greenhouse,bestpass
Fletcher Jones Automotive Group,greenhouse,fletcherjonesautomotivegroup
Fletcher Jones Automotive Group - Technicians,greenhouse,fletcherjonesishiringmechanicsandtechnicians
Fletcher Jones Imports,greenhouse,fletcherjonesimports
Fletcher Jones Motorcars,greenhouse,fletcherjonesmotorcars
Flex,greenhouse,flex
Flexe,greenhouse,flexe
Flexport,greenhouse,flexport
Flickr,greenhouse,flickr
Flip,greenhouse,flip
Flipside,greenhouse,flipside
Flix,greenhouse,flix
Flo Health,greenhouse,flohealth
Flock Homes,greenhouse,flockhomes
Flodesk,greenhouse,flodesk
Flora Food Group,greenhouse,florafoodgroup
Florence Healthcare - US,greenhouse,florencehealthcare
Flores Technical Services,greenhouse,fts
Florida Medical Clinic,greenhouse,floridamedicalclinic
Flourish,greenhouse,flourish
FloVision Solutions,greenhouse,flovisionsolutions
Flow Traders,greenhouse,flowtraders
Flow Traders Campus Partner,greenhouse,flowtradersuspartners
Flowcode,greenhouse,flowcode
FlowFuse,greenhouse,flowfuse
Fluency,greenhouse,fluency
Flume Health,greenhouse,flumehealth
Fluxon,greenhouse,fluxon
Fluxx,greenhouse,fluxx
FlyFlat,greenhouse,flyflat
Flygreen,greenhouse,flygreen
FLYR,greenhouse,flyr
Flywheel Digital,greenhouse,flywheeldigital
"FNS, Inc. Affiliates",greenhouse,fns
Focal Systems,greenhouse,focalsystems
Focus Financial Partners,greenhouse,focusfinancialpartners
Focus Partners Australia & Escala Partners,greenhouse,focuspartnersaustralia
Focus Partners Wealth,greenhouse,focuspartnerswealth
Focused,greenhouse,focused
Foley Hoag LLP,greenhouse,foleyhoag
Folia Health,greenhouse,foliahealth
"Follett Software, LLC",greenhouse,follettsoftware
Foothold Technology,greenhouse,footholdtechnology
Fora,greenhouse,foratravel
Fora Financial,greenhouse,forafinancial
Forage,greenhouse,joinforage
Forbes,greenhouse,forbes
Force Factor,greenhouse,forcefactor
Force Therapeutics,greenhouse,forcetherapeutics
Foresight Mental Health,greenhouse,foresightmentalhealth
Foresite Labs,greenhouse,foresitelabs
Forge Biologics,greenhouse,forgebiologics
Forge Global,greenhouse,forgeglobal
Forge Health,greenhouse,forgehealth
Forgen,greenhouse,forgen
Form Bio,greenhouse,formbio
Form Health,greenhouse,formhealth
Form3 - External,greenhouse,form3
Forma.ai,greenhouse,formaaiinc
Forma.ai - India Campus,greenhouse,formaaiinc3
Forman Family Office,greenhouse,ffo
Formation Bio,greenhouse,formationbio
FormativGroup,greenhouse,formativgroup
Formerra,greenhouse,formerra
Formic,greenhouse,formic
Formlabs,greenhouse,formlabs
Forsgren Associates,greenhouse,forsgrenassociates
FORT Robotics,greenhouse,fortrobotics
Forta Job Board,greenhouse,forta
Fortastra Corporation,greenhouse,fortastracorporation
Forter,greenhouse,forter
Fortera Corporation,greenhouse,forteracorporation
Forthea,greenhouse,forthea
FortifyIQ,greenhouse,fortifyiq
"Fortitude Mining, LLC",greenhouse,fortitudeminingllc
Fortitude Re,greenhouse,fortitudegroupholdingsllc
Fortra,greenhouse,fortra
Forward,greenhouse,forward
Forward Networks,greenhouse,forwardnetworks
Fospha,greenhouse,fosphamarketing
FOSSA,greenhouse,fossainc
Found,greenhouse,found
Found Industries,greenhouse,foundenergy
Foundation Academies,greenhouse,foundationacademies
Foundation Risk Partners,greenhouse,foundationriskpartners
Founders Green Animal Hospital,greenhouse,founders
Foundit (Monster),greenhouse,foundit
Foundry,greenhouse,foundry
Foundry,greenhouse,foundrydigital
Four Corners Aviation,greenhouse,fourcornersaviation
Four Hands,greenhouse,fourhands
Four Seasons Garage Doors,greenhouse,fourseasons
FourKites,greenhouse,fourkites
Fourmile Veterinary Clinic,greenhouse,fourmile
Fox Creek - Kirkwood,greenhouse,fckirkwood
Fox Creek Veterinary Hospital - Wildwood,greenhouse,fox
Foxen,greenhouse,foxen
Fractal Portfolio,greenhouse,fractalportfolio
Fractal Software,greenhouse,fractalsoftware
"Fractyl Health, Inc",greenhouse,fractylhealthinc
Free Association Live,greenhouse,freeassociationlive
Free DEI Programs at Mosaic Group,greenhouse,mosaicdei
Freedom Technology Solutions Group,greenhouse,freedomconsulting
FreedomCare,greenhouse,freedomcare
Freeform,greenhouse,freeformfuturecorp
Freenome,greenhouse,freenome
Freestar,greenhouse,freestar
French Canadian Bauer Hockey/ Cascade Maverik Lacrosse,greenhouse,bauerhockeycascademaveriklacrossefc
Fresh Air Fund,greenhouse,faf
Fresh Prints,greenhouse,freshprints
Fried Frank Attorney Opportunities,greenhouse,attorneysfriedfrankharrisshriverjacobsonllp
Fried Frank Business Services Opportunities,greenhouse,friedfrankharrisshriverjacobsonllp
Friends Early Learning Center,greenhouse,friendselc
Friendship Hospital for Animals,greenhouse,fha
Frisco Eye Associates,greenhouse,frisco
Frontera,greenhouse,fronterahealth
FronteraCare,greenhouse,fronteracare
Frontier Dermatology Provider Careers,greenhouse,frontierdermatologyprovidercareers
Frost Orthodontics,greenhouse,frostorthodontics
Fruitful,greenhouse,fruitful
FSAStore.com,greenhouse,fsastorecom
FSG,greenhouse,fsg
Fubo,greenhouse,fubotv
Fueled,greenhouse,fueledcareers
FUGA,greenhouse,fuga
Fulcrum GT—Startup Lab [2026],greenhouse,fulcrumgt
Fulfil Solutions,greenhouse,fulfil
Full Throttle,greenhouse,fullthrottle
Funded.club,greenhouse,fundedclub
Fundraise Up,greenhouse,fundraiseup
Further,greenhouse,further
Further Early Career Opportunities,greenhouse,furtherearlycareer
FuseGlobal,greenhouse,fuseglobalpartners
Fusion Worldwide,greenhouse,fusionworldwide
Fussball Club Cincinnati LLC (“FC Cincinnati”),greenhouse,fccincinnati
Future,greenhouse,future
Future Secure AI,greenhouse,futuresecureai
Future Standard,greenhouse,futurestandard
Futurhealth,greenhouse,futurhealth
Fuze Health,greenhouse,fuzehealth
FWD.us,greenhouse,fwdus
G-P,greenhouse,globalizationpartners
G2IT,greenhouse,g2it
Galactic Resource Advancement Mechanism Technologies Corporation,greenhouse,gram
Galaxia Technologies Inc.,greenhouse,galaxiatech
Galaxy,greenhouse,galaxydigitalservices
Galaxy Integrated Technologies,greenhouse,galaxy
Galileo,greenhouse,galileo
Gallagher LLP,greenhouse,gallaghereveliusjonesllp
Gallery Media Group,greenhouse,gallerymediagroup
Gallup,greenhouse,gallup
Galvanize,greenhouse,galvanizeclimatesolutions
Gambling.com Group,greenhouse,corporatecareers
Game Plan Tech,greenhouse,gameplantech
Game Seven,greenhouse,gameseven
Gametime United,greenhouse,gametimeunited
Gap International,greenhouse,gapinternational
Garage Door Doctor,greenhouse,garagedoordoctor
Garage Pros,greenhouse,garagepros
Garda Capital Partners,greenhouse,gardacp
Garner Health,greenhouse,garnerhealth
Garners Ferry Animal Hospital,greenhouse,garners
Garonit Pharmaceutical,greenhouse,garonitpharmaceutical
Gas South,greenhouse,gassouth
Gates Ventures,greenhouse,gatesventures
Gateway Aesthetic Institute & Laser Center,greenhouse,gateway
Gather,greenhouse,gather
Gather AI,greenhouse,gatherai
GatherUp,greenhouse,gatherup
Gatik AI,greenhouse,gatikaiinc
Gator Garage Doors,greenhouse,gator
Gavin de Becker & Associates,greenhouse,gavindebeckerassociates
Gavin de Becker & Associates (Website),greenhouse,gavindebeckerassociatesindeed
GBD Talent,greenhouse,gbd
GCM Grosvenor,greenhouse,gcmgrosvenor
GDPR test,greenhouse,gdpr
GE Mechanical,greenhouse,gemechanicalasp
Gelber Group,greenhouse,gelbergroup
Gelber Group Handshake,greenhouse,gelberhandshake
"Gelfand, Rennert & Feldman, Focus Partners Business Management",greenhouse,gelfandrennertfeldman
Gemini,greenhouse,gemini
Genea,greenhouse,genea
GeneDx,greenhouse,genedx
Genelco,greenhouse,genelco
gener8tor,greenhouse,gener8tor
General Assembly,greenhouse,generalassembly
General Atlantic,greenhouse,generalatlantic
General Atlantic - Campus,greenhouse,gacampus
General Catalyst,greenhouse,generalcatalyst
General Interest,greenhouse,general
General Legal,greenhouse,generallegalllp
General Matter,greenhouse,generalmatter
General Proximity,greenhouse,generalproximity
Genetix Biotherapeutics,greenhouse,genetixbiotherapeutics
Geneva Trading,greenhouse,genevatrading
Genezen,greenhouse,genezenlabs
"Geniezip USA, LLC.",greenhouse,geniezipusa
Genius Sports,greenhouse,geniussports
Genius Sports Statistician Network,greenhouse,geniussportssn
Genomenon,greenhouse,genomenoninc
GenScript/ProBio,greenhouse,genscript
Gensyn,greenhouse,gensyn
Genuine,greenhouse,genuine
Geometrics Engineering,greenhouse,geometrics
George Masion University,greenhouse,gmu
George P. Johnson Experience Marketing,greenhouse,georgepjohnsonexperiencemarketing
"Georgia Auto Pawn, Inc",greenhouse,georgiaautopawninc
Georgia Dermatology Partners,greenhouse,georgiadermatology
Georgia Kids Academy,greenhouse,georgiakidsacademy
Geotab,greenhouse,geotab
GeoTek Operations Limited,greenhouse,geotekoperationslimited
Get It Straight Orthodontics,greenhouse,getitstraightorthodontics
Get Well Network,greenhouse,getwellnetwork
GetScale,greenhouse,getscale
GetYourGuide,greenhouse,getyourguide
GFiber,greenhouse,googlefiber
GG Advisors,greenhouse,ggadvisorskc
GH,greenhouse,abcd
Ghost,greenhouse,ghost
GHX,greenhouse,globalhealthcareexchangeinc
Gibson Dunn,greenhouse,gibsondunn
Giga Energy,greenhouse,gigaenergy
GigFinesse,greenhouse,gigfinesse
Gigs,greenhouse,gigs
GILLIG,greenhouse,gillig
Ginkgo Bioworks Inc.,greenhouse,ginkgobioworks
GITAI,greenhouse,gitai
GitLab,greenhouse,gitlab
GiveCampus,greenhouse,givecampus
Givecloud,greenhouse,givecloud
GiveDirectly,greenhouse,givedirectly
GiveDirectly [Private],greenhouse,privategdcareers
Givelify,greenhouse,givelify
GiveWell,greenhouse,givewell
Gladly,greenhouse,sagansystems
Glance,greenhouse,glance
Glazier,greenhouse,applytoglazier
"GLC Advisors & Co., LLC",greenhouse,glcadvisors
Glean,greenhouse,gleanwork
Glen Echo Group,greenhouse,glenechogroup
GLG,greenhouse,gersonlehrmangroup
Glide,greenhouse,glide
GLMX,greenhouse,glmx
Global Energy Alliance for People and Planet (Global Energy Alliance) LLC,greenhouse,globalenergyallianceforpeopleandplanetgeappllc
Global Fishing Watch,greenhouse,globalfishingwatch
Global Relay,greenhouse,globalrelay
"Globality, Inc.",greenhouse,globalityinc
Globalli,greenhouse,globalli
GlossGenius,greenhouse,glossgenius
Glossier,greenhouse,glossier
Glow,greenhouse,glow
Glydways,greenhouse,glydways
Glyphic Biotechnologies,greenhouse,glyphicbiotechnologies
GMMB,greenhouse,gmmb
GMP,greenhouse,gmp
GMR Marketing,greenhouse,gmrmarketing
GO Tutor Corps Internal,greenhouse,gofellowsinternal
GOAL,greenhouse,goal
GOAL Jordan,greenhouse,goaljordan
Goalcast,greenhouse,goalcast
GOAT Group,greenhouse,goatgroup
GoDaddy,greenhouse,godaddy
Godfrey Dadich Partners,greenhouse,godfreydadichpartners
GoFasti,greenhouse,gofasti
GoFibre,greenhouse,gofibre
GoFundMe,greenhouse,gofundme
GoGuardian,greenhouse,goguardian
Gojo,greenhouse,gojo
Goken,greenhouse,gokenamericallc
Golden Apple Foundation Careers,greenhouse,goldenapplefoundationcareers
Golden Customer Care,greenhouse,goldencustomercare
Golden Hippo,greenhouse,goldenhippo
Golden Pet Brands,greenhouse,goldenpetbrands
Golden Pet Manufacturing,greenhouse,goldenpetmanufacturing
Golden State,greenhouse,goldenstate
GOLF.com/GOLF Magazine,greenhouse,golf
Golin,greenhouse,golin
Gong.io,greenhouse,gongio
Good Inside,greenhouse,goodinside
Good Job Games,greenhouse,goodjobgames
Good Pill,greenhouse,goodpill
Goodby Silverstein & Partners,greenhouse,goodbysilversteinpartners
Goodfire,greenhouse,goodfire
Goodhouse,greenhouse,goodhouse
Goodman,greenhouse,goodman
Goodnotes,greenhouse,goodnotes
Goodnotes Internships and Contracts,greenhouse,gntemp
goodr,greenhouse,goodr
Goodshuffle Pro,greenhouse,goodshufflepro
GoodUnited,greenhouse,goodunited
GoodVets,greenhouse,goodvets
Goodway Group,greenhouse,goodwaygroup
Goodwin,greenhouse,goodwin
Goody Garage Doors,greenhouse,goody
goop,greenhouse,goop
gorjana,greenhouse,gorjana
Gorman & Bunch Orthodontics,greenhouse,gormanbunch
Gossamer Bio,greenhouse,gossamerbio
"Gotion, Inc.",greenhouse,gotion
GovTech Barbados,greenhouse,govtechbarbados
GR8_TECH,greenhouse,gr8tech
Gracent,greenhouse,gracent
Gracious Hospitality Management,greenhouse,gracioushospitality
Gradial,greenhouse,gradial
Gradient AI,greenhouse,gradientai
Gradle Technologies,greenhouse,gradle
Grafana Labs,greenhouse,grafanalabs
"Graham Capital Management, L.P.",greenhouse,grahamcapitalmanagement
Grailed,greenhouse,grailed
Grandview Animal Hospital,greenhouse,grandviewvet
Grantbook,greenhouse,grantbook
Granum,greenhouse,granum
Graphcore,greenhouse,graphcore
Grassi,greenhouse,grassi
Grassroots Analytics,greenhouse,grassrootsanalytics
Gravitate,greenhouse,gravitate
Gravity Payments,greenhouse,gravitypayments17
Gravwell,greenhouse,gravwell
Grayscale (Sandbox),greenhouse,grayscale
Grayscale Investments,greenhouse,grayscaleinvestments
"Great Oaks Charter School, NYC",greenhouse,gonyc
Great Windows Services,greenhouse,greatwindowsservices
Green Irony,greenhouse,greenirony
Green Room Communications,greenhouse,greenroomcommunications
Green Thumb,greenhouse,greenthumbindustries
Greenbrook Medical,greenhouse,greenbrookmedical
Greencube Corp,greenhouse,greencubesandbox
Greenhouse,greenhouse,greenhouse
Greenlight Guru,greenhouse,greenlightguru
Greenline Logistics,greenhouse,greenline
Greenpeace USA,greenhouse,greenpeace
Greenplaces,greenhouse,greenplaces
Greenpoint Technologies,greenhouse,greenpointtechnologies
GreenSpark,greenhouse,applytogreenspark
Greenworks,greenhouse,greenworkssunriseglobalmarketing
Gremlin,greenhouse,gremlin
Grey US,greenhouse,greyus
GreyNoise Intelligence,greenhouse,greynoiseintelligence
Griffis Residential,greenhouse,griffisresidential
GRIN,greenhouse,grin
Grist,greenhouse,grist
Grocery TV,greenhouse,gtv
Groma,greenhouse,groma
Groome Industrial Service Group,greenhouse,groomecareers
GROPYUS,greenhouse,gropyus
Ground Logistics,greenhouse,groundlogistics
Group PMX,greenhouse,grouppmx
Group-IB,greenhouse,groupib
Group14 Technologies,greenhouse,group14
Groupon,greenhouse,groupon
Grove Collaborative,greenhouse,grovecollaborative
Grover,greenhouse,grover
GROWE,greenhouse,growe
Gruve,greenhouse,gruve
GRVTY,greenhouse,grvty
Grön Confections,greenhouse,eatgron
Grüns,greenhouse,gruns
GSA,greenhouse,gsacapital
GSR,greenhouse,gsrmarkets
GT'S Living Foods,greenhouse,gtslivingfoods
GTB,greenhouse,gtb
Guardian Restoration,greenhouse,guardianrestoration
Guardsquare,greenhouse,guardsquare
Guardz,greenhouse,guardz
Guerrilla Games,greenhouse,guerrilla-games
Guidelight Health,greenhouse,guidelighthealth
Guidepoint,greenhouse,guidepoint
GuidePoint Security,greenhouse,guidepointsecurity
Guidepost Global Education Asia,greenhouse,gge-asia
Guidepost Montessori,greenhouse,guidepostmontessori
Guidewheel,greenhouse,guidewheel
Guild,greenhouse,guild
Guild Garage Group,greenhouse,guildgaragegroup
GumGum,greenhouse,gumgum
GURUS Solutions,greenhouse,gurussolutions
"Gusto, Inc.",greenhouse,gusto
GWI,greenhouse,globalwebindex
Gyde,greenhouse,gyde
Gymshark,greenhouse,gymshark
Habitat for Humanity Greater San Francisco,greenhouse,habitatforhumanitygreatersanfranciscoinc
Habitat Health,greenhouse,habitathealth
HackerRank Careers,greenhouse,hackerrank
Haize Labs,greenhouse,haizelabs
Halcyon,greenhouse,halcyon
Hankook Tire America Corp.,greenhouse,hankooktireamericacorp
Hanwha Energy USA,greenhouse,hanwhaenergyusa
Hanwha Renewables,greenhouse,hanwharenewables
Happy Money,greenhouse,happymoney
Harbinger Motors Inc.,greenhouse,harbingermotors
Harbor,greenhouse,harborglobal
Harbor Animal Hospital,greenhouse,harbor
Hark,greenhouse,hark
Harlem Grown,greenhouse,harlemgrown
Harmonic,greenhouse,harmonic
Harness,greenhouse,harnessinc
Harper Group,greenhouse,harpergroup
Harrington Orthodontics,greenhouse,harringtonorthodontics
Harris Associates,greenhouse,harrisassociates
Harris Energy Solutions,greenhouse,harrisenergysolutions
"Harrow, Inc.",greenhouse,harrowhealth
Harry's,greenhouse,harrys
Harvester Veterinary Hospital of Burr Ridge,greenhouse,burr
Hasbro,greenhouse,hasbro
Hatch,greenhouse,hatchcareers
Hatch Contracts,greenhouse,hatchhirescontractors
Hawthorne Residential Partners,greenhouse,hrpliving
Hazel Health,greenhouse,hazel
HBK Capital Management,greenhouse,hbkcapitalmanagement
HBS,greenhouse,hbs
HCEsquared,greenhouse,hcesquared
HCG,greenhouse,hcg
HDM Capital LLC,greenhouse,hdmcapitalllc
HDS,greenhouse,hds
Headout,greenhouse,headoutcareers
Headout LI,greenhouse,headoutlinkedin
Headspace,greenhouse,hs
Headspace Providers,greenhouse,headspaceproviders
Headspace Sourcing,greenhouse,headspacesourcing
Health & Wellbeing Collective,greenhouse,hwc
Health Link,greenhouse,healthlink
HealthCheck360,greenhouse,hc360
HealtheConnections,greenhouse,healtheconnections
Healthesystems,greenhouse,healthesystems
HealthJoy,greenhouse,healthjoy
HealthVerity,greenhouse,healthverity
Hear.com US,greenhouse,hearcom
Heart + Paw,greenhouse,heartpaw
Heart Aerospace,greenhouse,heartaerospace
Heartflow,greenhouse,heartflowinc
Hebrew Public,greenhouse,hebrewpublic
Helium,greenhouse,helium
Helium 10,greenhouse,helium10
HELLBENDER Inc.,greenhouse,hellbenderinc
Hello Alice,greenhouse,helloalice
Hello Heart,greenhouse,helloheart
HelloFresh,greenhouse,hellofresh
HELLOMONDAY/DEPT®,greenhouse,hellomonday
HELP,greenhouse,help
Helsing,greenhouse,helsing
Henry Meds,greenhouse,henrymeds
Herald,greenhouse,heraldapi
HERE,greenhouse,hereio
Herewith Caregivers,greenhouse,herewithgmbh
Herewith Inc.,greenhouse,herewithinc
Herself Health,greenhouse,herselfhealth
Heven AeroTech,greenhouse,hevenaerotech
Hex Technologies,greenhouse,hextechnologies
HexArmor,greenhouse,hexarmor
heycar,greenhouse,heycar
HeyGen,greenhouse,heygen
HG Insights,greenhouse,hginsights
Hi Marley,greenhouse,himarley
Hibu,greenhouse,hibu
Hidden Events,greenhouse,jshiddenevents
HiddenLayer,greenhouse,hiddenlayer
Highdive,greenhouse,highdive
Higher Logic,greenhouse,higherlogic
Highland Animal Hospital,greenhouse,highland
Highnote,greenhouse,highnote
Hightouch,greenhouse,hightouch
Highwire,greenhouse,highwire
Hill House Home,greenhouse,hillhousehome
Hillel International,greenhouse,hillel
Hippo Insurance,greenhouse,hippo70
Hiram Animal Hospital,greenhouse,hiram
hireEZ-CN,greenhouse,hireez
Hirist,greenhouse,hirist
Hiro Systems PBC,greenhouse,hiro
Hive,greenhouse,hive
Hive Learning,greenhouse,hivelearning
Hivestack,greenhouse,hivestack
HiveWatch,greenhouse,hivewatch
Holcomb Laser Center,greenhouse,holcomb
Holder,greenhouse,holder
Holder Construction,greenhouse,holderconstruction
Holistic Industries,greenhouse,holisticindustries
Hologram,greenhouse,hologram
Holwell Shuster & Goldberg LLP,greenhouse,hsgllp
Home Chef,greenhouse,homechef
Home Instead,greenhouse,homeinstead
Home Market Foods,greenhouse,homemarketfoods
Home Solutions,greenhouse,homesolutions
Homeland Safety Systems,greenhouse,homeland
HomeLight,greenhouse,homelight
Homes Alive Pets,greenhouse,homesalive
Hometap,greenhouse,hometap
Hometap Jobs,greenhouse,hometapjobs
Homeward,greenhouse,homeward
Hone Health,greenhouse,honehealth
Honest Networks,greenhouse,honestnetworks
Honeycomb Insurance,greenhouse,honeycombinsurance
Honeycomb.io,greenhouse,honeycomb
Honor,greenhouse,honor
Honor Foods,greenhouse,honorfoods
Hook,greenhouse,hook
Hoonigan,greenhouse,hoonigan
Hootsuite,greenhouse,hootsuite
Hope and Healing Clinic,greenhouse,hopeandhealingcliniccareers
Hopscotch Primary Care,greenhouse,hopscotchprimarycare
HopSkipDrive,greenhouse,hopskipdrive
Horace Mann,greenhouse,horacemannservicecorporation
Horace Mann - Agent Opportunities,greenhouse,horacemannagents
Horace Mann agencies for sale across the country.,greenhouse,agenciesforsale
Horizen,greenhouse,horizen
Horizon Industries,greenhouse,horizonindustrieslimited
"Horizon Surgical Systems, Inc.",greenhouse,horizonsurgicalsystems
Horsepower Automotive Group,greenhouse,hpag
Hourglass Cosmetics,greenhouse,hourglasscosmetics
House Buyers of America,greenhouse,housebuyersofamerica
House Rx,greenhouse,houserx
Housecall Pro,greenhouse,housecall
Hover,greenhouse,hover
Hovercraft,greenhouse,hovercraft
HoYoverse,greenhouse,hoyoverse
HP Hood,greenhouse,hoodhp
HP IQ,greenhouse,hpiq
HPR,greenhouse,hyannisportresearch
HPS Investment Partners,greenhouse,hpsinvestmentpartners
HRT Talent Community,greenhouse,hrttalentcommunity
HSP Group,greenhouse,hspgroup
Hubble Network,greenhouse,hubblenetwork
HubSpot,greenhouse,hubspotjobs
HubSpot Product,greenhouse,hubspot
Huddle Up,greenhouse,huddleup
Hudl,greenhouse,hudl
Hudl India,greenhouse,hudlindia
Hudson Global Scholars,greenhouse,hudsonglobalscholars
Hudson River Trading,greenhouse,wehrtyou
Hudson Rouge,greenhouse,hudsonrouge
HugeInc,greenhouse,hugeinc
Hughes Hubbard & Reed LLP,greenhouse,hugheshubbardreedllp
Human Agency,greenhouse,humanagency
Human Interest,greenhouse,humaninterest
Human Rights Watch,greenhouse,humanrightswatch
HumanSignal,greenhouse,humansignal
Hume,greenhouse,hume
Hume AI,greenhouse,humeai
Hummingbird,greenhouse,hummingbirdregtech
Hungryroot,greenhouse,hungryroot
Hunley,greenhouse,thehunleygroup
Hunted Labs,greenhouse,huntedlabs
Hunter Door,greenhouse,hunterdoor
Hunter Douglas,greenhouse,hunterdouglas
Huntress,greenhouse,huntress
Hurley Engineering,greenhouse,hrl
Hut 8,greenhouse,hut8
Hutta & Price Orthodontics,greenhouse,huttaandpriceorthodontics
Hydrite,greenhouse,hydritechemicalco
Hyliion,greenhouse,hyliion
Hyperfine,greenhouse,hyperfine53
Hyperproof,greenhouse,hyperproof
Hyphen Connect Limited,greenhouse,hyphenconnect
Hypori,greenhouse,hypori
HYPR,greenhouse,hypr
i.AI,greenhouse,iai
"i360technologies, Inc.",greenhouse,i360technologiesinc
IANS,greenhouse,ians
iBanFirst,greenhouse,ibanfirst
iCapital,greenhouse,icapitalnetwork
Icarus,greenhouse,icarus
Ice Miller,greenhouse,icemiller
ICON,greenhouse,iconcareers
ICON Talent Community,greenhouse,icon
ICONIQ,greenhouse,iconiq
ID.me,greenhouse,idme
ID5,greenhouse,id5
"Idaho Title Loans, Inc",greenhouse,idahotitleloansinc
IDEO,greenhouse,ideo
IE,greenhouse,ie
IEQ Capital,greenhouse,ieqcapital
IEX Group,greenhouse,iex
iFIT,greenhouse,ifit
iFood,greenhouse,ifoodcarreiras
iFood Indicações,greenhouse,indicacoesifoodinterno
IFT,greenhouse,iftother
iHerb,greenhouse,iherb
IMA Financial Group,greenhouse,imafinancialgroup
Imagine Pediatrics,greenhouse,imaginepediatrics
Imagine Worldwide,greenhouse,imagineworldwide
Imbibe,greenhouse,imbibeinc
Imbue,greenhouse,imbue
IMC,greenhouse,imc
IMC Sandbox,greenhouse,imcsandbox33
Imgur,greenhouse,imgur
IMI,greenhouse,imi
immoverkauf24,greenhouse,immoverkauf24
Immunefi,greenhouse,immunefi
"Immunome, Inc.",greenhouse,immunomeinc
Impact - Cape Town,greenhouse,capetown
Impact.com,greenhouse,impact
Impinj,greenhouse,impinjexternal
Impinj - DEV,greenhouse,impinj
Impiricus,greenhouse,impiricus
Implicit,greenhouse,implicit
Imply,greenhouse,imply
imre,greenhouse,imre
Imubit,greenhouse,imubit
IMVT Corporation,greenhouse,imvtcorporation
Inbound Application Test,greenhouse,inbound
Inceptive,greenhouse,inceptive
InCharge Energy,greenhouse,inchargeenergy
Incident IQ,greenhouse,incidentiq
Incode Technologies,greenhouse,incode
Incognia,greenhouse,incognia
Indagare,greenhouse,indagare
Indeed,greenhouse,indeed
Indian Tree Animal Hospital,greenhouse,indiantree
Indie Campers,greenhouse,indiecampers
Indie Campers | LinkedIn,greenhouse,indiecampers-linkedin
"Indigenous Pact PBC, Inc.",greenhouse,indigenouspactpbcinc
Indigo,greenhouse,indigo
Industrial Door Company,greenhouse,industrial
Industrial Electric Manufacturing,greenhouse,industrialelectricmanufacturing
Industrious Labs,greenhouse,industriouslabs
Infillion,greenhouse,gimbal34
Infinitum,greenhouse,infinitumelectric
Inflect,greenhouse,inflect
Inflection AI,greenhouse,inflectionai
Infomedia,greenhouse,infomedia
Informal Systems,greenhouse,informal
InfoTrust,greenhouse,infotrust
Infront,greenhouse,infront
INFUSE,greenhouse,infuse
"Ingenio, LLC",greenhouse,ingenio
INGENIOUS.BUILD,greenhouse,ingenious
Ingenuity Prep,greenhouse,ingenuityprep
Inizio,greenhouse,inizio
Inizio Engage XD,greenhouse,xdinizioengage
Inizio Evoke,greenhouse,inizioevoke
Inizio Ignite,greenhouse,ashfieldadvisory
Inizio Ignite | Putnam,greenhouse,putnamassociatesllc
Inizio Ignite | Research Partnership,greenhouse,researchpartnership
Inizio Ignite | STEM,greenhouse,stemhealthcare
Inizio Medical,greenhouse,iniziomedical
Inkhouse,greenhouse,inkhousehq
inKind,greenhouse,inkind
INLAN,greenhouse,inlan
InMarket,greenhouse,inmarket
InMobi,greenhouse,inmobi
Innodata Inc.,greenhouse,innodatainc
Innovative Air,greenhouse,ino
Innovative Signal Analysis,greenhouse,isa
Innovecs,greenhouse,innovecs
Innovid,greenhouse,innovid
inovalon,greenhouse,inovalon
InsightRX,greenhouse,insightrx
Insomniac Games,greenhouse,insomniac
Inspira Education,greenhouse,inspiraeducation
Inspire Medical Systems Inc.,greenhouse,inspiremedicalsystemsinc
inspire11,greenhouse,inspire11
Inspiren,greenhouse,inspiren
Instabase,greenhouse,instabase
instacart,greenhouse,instacart
INSTALILY.AI,greenhouse,instalilyai
Instawork,greenhouse,instawork
Instead,greenhouse,instead
instiglioconsultantroster,greenhouse,instiglioconsultantroster
InStride,greenhouse,instride
InStride Health,greenhouse,instridehealth
Insurify,greenhouse,insurify
intake,greenhouse,intake
Intecrowd,greenhouse,intecrowd
IntegraFEC,greenhouse,integra
integralmolecular,greenhouse,integralmolecular
"Integrated Specialty Coverages, LLC",greenhouse,isccareers
integratedbiosciencesinc,greenhouse,integratedbiosciencesinc
integrity,greenhouse,integrity
Integrity Home Care & Hospice,greenhouse,ihc
integrityrehabgroup,greenhouse,integrityrehabgroup
IntelliDyne Jobs for Veterans,greenhouse,veterans
intellishoredk,greenhouse,intellishoredk
"Intellum, Inc.",greenhouse,intelluminc
inter,greenhouse,inter
Interbrand,greenhouse,interbrand
Interdependence,greenhouse,interdependence
Interfold,greenhouse,applytointerfold
Intermex Wire Transfer,greenhouse,intermexwiretransfer
Internal External,greenhouse,contract
Internal Job Board,greenhouse,internaljobsatlush
International House at UC Berkeley,greenhouse,internationalhouseberkeley
internationalbusinessuniversity,greenhouse,internationalbusinessuniversity
internetx,greenhouse,internetx
interns,greenhouse,interns
Internship Opportunities,greenhouse,liscinternships
Internship Program at Reproductive Freedom for All,greenhouse,reprofreedomforallinternships
interpath,greenhouse,interpath
InterPayments,greenhouse,interpayments
Interpublic Group,greenhouse,app4
interseller,greenhouse,interseller
Interstates,greenhouse,interstates
Interstellar Lab,greenhouse,interstellarlab
intersystems,greenhouse,intersystems
Interview Engineering,greenhouse,interviewengineering
Interwell Health,greenhouse,interwellhealth
InterWorks,greenhouse,interworks
intowngolfclub,greenhouse,intowngolfclub
Intradiem,greenhouse,intradiem
Intrinsic LLC,greenhouse,intrinsicfirm
intrinsicdevelopment,greenhouse,intrinsicdevelopment
intrinsicrobotics,greenhouse,intrinsicrobotics
Inversion,greenhouse,inversionspace
invgate,greenhouse,invgate
invisible,greenhouse,invisible
Invisible Agency,greenhouse,agency
Invisible Technologies,greenhouse,invisibletech
Invite-Only Job Board,greenhouse,genius
Invivyd,greenhouse,invivyd
invoca,greenhouse,invoca
invoicecloud,greenhouse,invoicecloud
ionos,greenhouse,ionos
IONOS EN,greenhouse,ionos2
IonQ,greenhouse,ionq
Iovance Biotherapeutics,greenhouse,iovancebiotherapeutics
Iovino Enterprises,greenhouse,iovino
iowacannabiscompany,greenhouse,iowacannabiscompany
IP Fabric,greenhouse,ipfabric
IPSY,greenhouse,personalizedbeautydiscoveryincdbaipsy
iris,greenhouse,iris
IronMountain Solutions,greenhouse,ironmountainsolutions
Ironwood Pharmaceuticals,greenhouse,ironwoodpharmaceuticals
Irradiant Technologies Inc.,greenhouse,irradianttechnologies
isaac,greenhouse,isaac
isidor,greenhouse,isidor
ism,greenhouse,ism
ISN Software Corporation,greenhouse,isn
Isomorphic Labs,greenhouse,isomorphiclabs
iSpot,greenhouse,ispottv
israel,greenhouse,israel
itb,greenhouse,itb
itcss,greenhouse,itcss
itd,greenhouse,itd
Iterable,greenhouse,iterable
Iterative Health,greenhouse,iterativehealth
Itero Group,greenhouse,itero-group
ITF Therapeutics,greenhouse,itftherapeutics
its,greenhouse,its
"ITS Logistics, LLC",greenhouse,itslogisticsllc
ivalua,greenhouse,ivalua
Ivanti,greenhouse,a3c41b8b71eff8c4
ivxhealth,greenhouse,ivxhealth
iwf,greenhouse,iwf
iwjv,greenhouse,iwjv
IXL Learning,greenhouse,ixllearning
J2 Health,greenhouse,j2health
jackmorton,greenhouse,jackmorton
jackmortonworldwide,greenhouse,jackmortonworldwide
jackpot,greenhouse,jackpot
Jade Biosciences,greenhouse,jadebiosciences
jaguar,greenhouse,jaguar
Jahnel Group,greenhouse,jahnelgroup
jamasoftware,greenhouse,jamasoftware
jamf,greenhouse,jamf
jampp,greenhouse,jampp
Jamyr Video Greenhouse Integration,greenhouse,jamyrintegrationsandbox
Jane Street,greenhouse,janestreet
Jane Street Events,greenhouse,janestreetevents
Janea Systems,greenhouse,janeasystems
Janes,greenhouse,janes
Jaris,greenhouse,jaris
JazzX AI,greenhouse,jazzx-ai
jcdecaux,greenhouse,jcdecaux
JD Sports,greenhouse,jdsports
jdm,greenhouse,jdm
jdpower,greenhouse,jdpower
jdsportsfr,greenhouse,jdsportsfr
Jencap,greenhouse,jencapinc
jennikayne,greenhouse,jennikayne
Jensen Hughes,greenhouse,jensenhughes
JetBrains,greenhouse,jetbrains
jetinsight,greenhouse,jetinsight
JetZero,greenhouse,jetzero
JFF,greenhouse,jobsforthefuture
jfrog,greenhouse,jfrog
JigawaUNITE,greenhouse,jigawauniteandbox
jjfr,greenhouse,jjfr
jjnl,greenhouse,jjnl
jjus,greenhouse,jjus
jmg,greenhouse,jmg
Job Board,greenhouse,corelight
Job Board API,greenhouse,embedded
johnmcorcorancompany,greenhouse,johnmcorcorancompany
Join Our Talent Community,greenhouse,berkadiatalentpool
Join Our Talent Community,greenhouse,axontalentcommunity
Join our Talent Community!,greenhouse,ezcatertalentcommunity
Join the FOLX Team!,greenhouse,folxhealth
Jomboy Media,greenhouse,jomboymedia
jonssonworkwear,greenhouse,jonssonworkwear
Jordan Park Group,greenhouse,jordanparkgroup
Journey,greenhouse,journey
jrc,greenhouse,jrc
jrmconstructionmanagementllc,greenhouse,jrmconstructionmanagementllc
jrtc,greenhouse,jrtc
jugabet,greenhouse,jugabet
Jukebox Health,greenhouse,jukeboxhealth
Jumio,greenhouse,jumio
jumo,greenhouse,jumo
jumpcrypto,greenhouse,jumpcrypto
jumptrading,greenhouse,jumptrading
Jungheinrich UK,greenhouse,jungheinrich
Jungle Scout,greenhouse,junglescout
juniorachievementlocal,greenhouse,juniorachievementlocal
Juno,greenhouse,juno
Juno Veterinary,greenhouse,junoveterinary
jusbrasil,greenhouse,jusbrasil
just-global,greenhouse,just-global
justjoin,greenhouse,justjoin
Justworks,greenhouse,justworks
Juul Labs,greenhouse,juullabs
Juvare,greenhouse,juvare
jwhr,greenhouse,jwhr
JWX,greenhouse,jwp
K Health,greenhouse,khealthcareers
k18inc,greenhouse,k18inc
K2 Space,greenhouse,k2spacecorporation
kaggle,greenhouse,kaggle
kailera,greenhouse,kailera
Kairos Power,greenhouse,kairospower
kaizengaming,greenhouse,kaizengaming
kaleo,greenhouse,kaleo
Kalepa,greenhouse,kalepa
Kalles Group,greenhouse,kallesgroup
Kalshi,greenhouse,kalshi
kalvistapharmaceuticals,greenhouse,kalvistapharmaceuticals
kambi,greenhouse,kambi
kano,greenhouse,kano
Kao Corporation,greenhouse,kao
Kapitus,greenhouse,kapitus
Karat,greenhouse,karat
Karbon,greenhouse,karbon
kardfinancialinc,greenhouse,kardfinancialinc
kardigan,greenhouse,kardigan
Kargo,greenhouse,kargo
Kargo,greenhouse,kargo22
Karya,greenhouse,karya
kasa,greenhouse,kasa
kaseya,greenhouse,kaseya
Kasisto,greenhouse,kasisto
katalyst,greenhouse,katalyst
Kate McLeod,greenhouse,katemcleod
kayzen,greenhouse,kayzen
KBRA,greenhouse,krollbondratingagency
kbs,greenhouse,kbs
kc3,greenhouse,kc3
kca,greenhouse,kca
KCare,greenhouse,kcare
Keebo,greenhouse,keebo
Keeley Construction - Aplicación en Español,greenhouse,keeleyconstructionspanish
Keeley Properties,greenhouse,keeleyproperties
Keeley Restoration Services,greenhouse,keeleyrestorationservices
keeleyconstruction,greenhouse,keeleyconstruction
keen,greenhouse,keen
keenfootwear,greenhouse,keenfootwear
Keeper Security,greenhouse,keepersecurity
keepitsafe,greenhouse,keepitsafe
Keller Postman,greenhouse,kellerpostman
Kensington,greenhouse,kensingtontours
Kentik,greenhouse,kentik
Kepler Group,greenhouse,keplergroup
"Kernal Biologics, Inc.",greenhouse,kernalbio
KERV,greenhouse,kervinteractive
Kestra Medical Technologies Inc.,greenhouse,kestramedicaltechnologiesinc
Ketryx,greenhouse,ketryx
Kettle,greenhouse,kettle
keychain,greenhouse,keychain
"Keyfactor, Inc.",greenhouse,keyfactorinc
Keystone - Referrals,greenhouse,keystonestrategy
KH Aerospace,greenhouse,khaerospace
khaite,greenhouse,khaite
Khan Academy,greenhouse,khanacademy
Kiavi,greenhouse,kiavi
Kickstarter PBC,greenhouse,kickstarter
Kidango,greenhouse,kidango
Kidsnet,greenhouse,kidsnet
kikoff,greenhouse,kikoff
"Kincell Bio, LLC",greenhouse,kincellbio
KIND Snacks,greenhouse,kindsnacks
kindbridgecorporation,greenhouse,kindbridgecorporation
kindbridgeresearchinstitute,greenhouse,kindbridgeresearchinstitute
Kinder's,greenhouse,kinders
Kinelo,greenhouse,kinelo
Kinetic,greenhouse,kinetic-xyz
kinetik,greenhouse,kinetik
kinexon,greenhouse,kinexon
Kinexus Group,greenhouse,kinexus
King Quality Roofing,greenhouse,kingquality
kingston,greenhouse,kingston
Kiniksa Pharmaceuticals,greenhouse,kiniksapharmaceuticals
kirbynagelhoutcareers,greenhouse,kirbynagelhoutcareers
Kit,greenhouse,kit
KitchenPark,greenhouse,kitchenpark
kitsap,greenhouse,kitsap
kivaorg,greenhouse,kivaorg
KiwiCo Inc.,greenhouse,kiwicoinc
Kizen,greenhouse,kizen
KLARSTEIN,greenhouse,berlinbrands
klaviyo,greenhouse,klaviyo
Klaviyo,greenhouse,klaviyojobs
Klaviyo Campus,greenhouse,klaviyocampus
klaxoon,greenhouse,klaxoon
knack,greenhouse,knack
knak,greenhouse,knak
Knight Division Tactical,greenhouse,knightdivisiontactical
knightedgaming,greenhouse,knightedgaming
knightedventures,greenhouse,knightedventures
knit,greenhouse,knit
Knock,greenhouse,knock
KnowBe4,greenhouse,knowbe4
Knowde,greenhouse,knowde
Known,greenhouse,known
knr,greenhouse,knr
Koalafi,greenhouse,koalafi
KoBold Metals,greenhouse,koboldmetals
KoBold Metals DRC,greenhouse,koboldmetalsdrc
KoBold Metals Zambia,greenhouse,zambold
koch,greenhouse,koch
Koddi,greenhouse,koddi
Kodiak,greenhouse,kodiak
Kodiak Solutions,greenhouse,kodiaksolutions
Koko,greenhouse,koko
Kokua Education - IDEA Public Schools,greenhouse,kokuaeducationpartnerreferrals
"Koley Jessen P.C., L.L.O",greenhouse,koleyjessen
kolmacintegratedbehavioralhealth,greenhouse,kolmacintegratedbehavioralhealth
Komodo Health,greenhouse,komodohealth
kona,greenhouse,kona
Konovo,greenhouse,konovo
konradgroup,greenhouse,konradgroup
KONUX,greenhouse,konux
korea,greenhouse,korea
Kozlowski DePascale Orthodontics,greenhouse,kozlowskiorthodontics
KRAFTON,greenhouse,krafton
KRAFTON Americas,greenhouse,kraftonamericas
KRAFTON Montréal Studio,greenhouse,studiokraftonboard
Kreative Kids Childcare Center,greenhouse,kreativekids
Kulfi Collective,greenhouse,kulficollective
Kunai,greenhouse,kunai
kuraoncology,greenhouse,kuraoncology
"Kuros Biosciences, Inc.",greenhouse,kurosbiosciencesinc
kymberconsultinggroup,greenhouse,kymberconsultinggroup
Kymera Therapeutics,greenhouse,kymeratherapeutics
Kyo,greenhouse,kyocare
Kyowa Kirin North America,greenhouse,kyowakirinusa90
L.A. Hydro-Jet & Rooter Service,greenhouse,lahydrojet25
LA Clippers,greenhouse,laclippers
La Senza,greenhouse,lasenza
LA28 (Web),greenhouse,la28careers
lab37,greenhouse,lab37
Labelbox,greenhouse,labelbox
labstats,greenhouse,labstats
Labviva,greenhouse,labviva
Ladder,greenhouse,ladder33
Lafayette Square,greenhouse,lafayettesquare
LAIKA,greenhouse,laika
Lake Asbury Learning Center,greenhouse,lakeasbury
Lake Forest Animal Hospital,greenhouse,lakeforestanimalhospital
lakefieldveterinarygroup,greenhouse,lakefieldveterinarygroup
"Lakefront Biotherapeutics, Inc.",greenhouse,lakefrontbiotherapeuticsinc
lakeland,greenhouse,lakeland
lakewood,greenhouse,lakewood
Lancaster Veterinary Specialties,greenhouse,lancasterveterinaryspecialties
LANDBAY,greenhouse,landbay
landdesign,greenhouse,landdesign
Landor,greenhouse,landor
Landscape Forms,greenhouse,landscapeforms
Lansing Animal Hospital,greenhouse,lansingpetvet
Lantern,greenhouse,employerdirecthealthcare
Lantern,greenhouse,lanternstudiosinc
LAPORTE L.E.C.,greenhouse,laportefr
laporteusa,greenhouse,laporteusa
Larkin Street Youth Services,greenhouse,larkinstreetyouthservices
Lasko Products,greenhouse,laskoproducts
LastPass,greenhouse,lastpass
Later,greenhouse,later
Latitude AI,greenhouse,latitude
lattice,greenhouse,lattice
Laude Research Institute PBC,greenhouse,lauderesearchinstitute
Launch Potato,greenhouse,launch2
LaunchDarkly,greenhouse,launchdarkly
lawmatics,greenhouse,lawmatics
LawZero,greenhouse,lawzero
Layer Health,greenhouse,layerhealth
LayerZero Labs,greenhouse,layerzerolabs
Lazarus,greenhouse,lazarusenterprises
lead,greenhouse,lead
Leading Edge Specialized Dentistry,greenhouse,leadingedgespecializeddentistry
Leading Educators Careers,greenhouse,leadingeducators
leaflink,greenhouse,leaflink
League Inc.,greenhouse,leagueinc
leagueapps,greenhouse,leagueapps
Leapwork,greenhouse,leapwork
Learning Commons,greenhouse,education
Learning Safari,greenhouse,learningsafari
learningnetwork,greenhouse,learningnetwork
LearnLux,greenhouse,learnlux
LearnUpon,greenhouse,learnupon
legalist,greenhouse,legalist
legalservicesnyc,greenhouse,legalservicesnyc
Legend Biotech EU,greenhouse,legendcareerseu
Legend Biotech US,greenhouse,legendcareers
legendyounggraduateeu,greenhouse,legendyounggraduateeu
Legion,greenhouse,legion
Legion Intelligence,greenhouse,yurtsai
lektechnologygroup,greenhouse,lektechnologygroup
Leland Saylor Associates,greenhouse,lelandsaylorassociates
LendingTree,greenhouse,lendingtree
Lenus,greenhouse,lenusehealth
"LeoLabs, Inc.",greenhouse,leolabsinc
letsgetchecked,greenhouse,letsgetchecked
Levanta,greenhouse,levanta
Level Access,greenhouse,levelaccess
LevelTen Energy,greenhouse,leveltenenergy
Levio,greenhouse,levio
Levitate,greenhouse,levitate
Levittown Animal Hospital,greenhouse,levittown
"Lexington Medical, Inc.",greenhouse,lexingtonmedical
lextech,greenhouse,lextech
LG Electronics,greenhouse,lgelectronics
LG Energy Solution Arizona,greenhouse,lgenergyaz
lhvuk,greenhouse,lhvuk
li-thermal-works,greenhouse,li-thermal-works
liaisoninternational,greenhouse,liaisoninternational
Liberate,greenhouse,liberate
Liberis,greenhouse,liberis
Libertas Funding,greenhouse,libertasfunding
libertysoftware,greenhouse,libertysoftware
licor,greenhouse,licor
Life Link III,greenhouse,lifelinkiii
Life Skills Autism Academy,greenhouse,lifeskillsautismacademy
Life360,greenhouse,life360
LifeMine,greenhouse,lifeminetx
Lifespan Montessori,greenhouse,lifespanmontessori
lift,greenhouse,lift
Lifted,greenhouse,lifted
liftoff,greenhouse,liftoff
lig,greenhouse,lig
LIGHTFEATHER IO LLC,greenhouse,lightfeatheriollc
LightForce Orthodontics,greenhouse,lightforceorthodontics
Lightfully Behavioral Health,greenhouse,merakimanagement
Lighthouse,greenhouse,lighthouse
Lighthouse Behavioral Health Solutions,greenhouse,lighthousebehavioralhealthsolutions
Lightmatter,greenhouse,lightmatter
Lightning AI,greenhouse,lightningai
lightricks,greenhouse,lightricks
Lightspeed DMS,greenhouse,lightspeeddms
Lightspeed Systems,greenhouse,lightspeedsystems
liginternal,greenhouse,liginternal
Lila Sciences,greenhouse,lilasciences
Liminal,greenhouse,liminalai
Linda Werner & Associates,greenhouse,lindawernerassociates
Lingo Construction,greenhouse,lingoconstruction
LINK,greenhouse,link
link2feed,greenhouse,link2feed
linkedin,greenhouse,linkedin
LinkedIn Job Wrapping,greenhouse,artefactlinkedin
LinkedIn Limited Listing,greenhouse,astound
linkhealth,greenhouse,linkhealth
linksquaresinc,greenhouse,linksquaresinc
LINQ,greenhouse,emslinqinc
linqia,greenhouse,linqia
LionTree,greenhouse,liontree
liquibase,greenhouse,liquibase
Liquid Death,greenhouse,liquiddeath
Liquid I.V.,greenhouse,liquidiv
liquidpersonnel,greenhouse,liquidpersonnel
Lirio,greenhouse,lirio
Lithic,greenhouse,lithic
Litify,greenhouse,litify
litmos,greenhouse,litmos
littlewordsproject,greenhouse,littlewordsproject
Live Parallel,greenhouse,liveparalleljobs
livecareer,greenhouse,livecareer
livefront,greenhouse,livefront
Lively,greenhouse,lively43
LivePerson,greenhouse,liveperson
LLR Partners,greenhouse,llrpartnersjobs
lmn,greenhouse,lmn
loancore,greenhouse,loancore
lob,greenhouse,lob
lobergconstruction,greenhouse,lobergconstruction
Local Initiatives Support Corporation,greenhouse,lisc
localcoin,greenhouse,localcoin
localjobs,greenhouse,localjobs
locals,greenhouse,locals
location,greenhouse,location
locusrobotics,greenhouse,locusrobotics
Lodestar,greenhouse,lodestarspace
loenbro,greenhouse,loenbro
Loft Federal,greenhouse,loftfederal
LogicGate,greenhouse,logicgate
logicmonitor,greenhouse,logicmonitor
Logos,greenhouse,logos
Logos Storage,greenhouse,codex
"Loka, Inc",greenhouse,lokainc
lokalise,greenhouse,lokalise
Loka® Inc,greenhouse,lokajobs
lolablankets,greenhouse,lolablankets
Long Ridge Equity Partners,greenhouse,longridge
longmark,greenhouse,longmark
lookout,greenhouse,lookout
looneyrickskiss,greenhouse,looneyrickskiss
loopycases,greenhouse,loopycases
lotlinx,greenhouse,lotlinx
"LOTTE BIOLOGICS USA, LLC",greenhouse,lottebiologicsusallc
lotusworks,greenhouse,lotusworks
louisianadermatology,greenhouse,louisianadermatology
Lovable,greenhouse,lovable
Loyal,greenhouse,loyal36
loyal,greenhouse,loyal
LP Careers Page,greenhouse,launchpotato
lpc,greenhouse,lpc
lpl,greenhouse,lpl
LS3P,greenhouse,ls3p
LTK Dallas,greenhouse,dallas
LTK UK,greenhouse,ltkuk
LTK USA,greenhouse,shopltk
lts,greenhouse,lts
ltse,greenhouse,ltse
Lucid Bots,greenhouse,lucidbots
Lucid Motors,greenhouse,lucidmotors
Lucid Software,greenhouse,lucidsoftware
Ludia Consulting,greenhouse,ludiaconsulting
Lugano - Future Interest Candidate,greenhouse,carveyourownpath
Luma Health,greenhouse,lumahealth
Lumbermen's,greenhouse,lumbermens
Lume Deodorant,greenhouse,103644278
Lumen Bioscience,greenhouse,lumenbioscience
Lumimeds,greenhouse,lumimeds
luminaryhospice,greenhouse,luminaryhospice
luminate,greenhouse,luminate
luminishealth,greenhouse,luminishealth
Lumos,greenhouse,lumosfiber
lumosassociates,greenhouse,lumosassociates
Lunar Energy,greenhouse,lunarenergy
Luno,greenhouse,luno
Lush Handmade Cosmetics,greenhouse,lush
Luster,greenhouse,luster
Luster National,greenhouse,lusternational
luxinfusion,greenhouse,luxinfusion
lv,greenhouse,lv
lviv,greenhouse,lviv
LVT,greenhouse,liveviewtechnologiesinc
Lydech Thermal Acoustic Solutions (TAS),greenhouse,lydech
Lyell Immunopharma,greenhouse,lyellimmunopharma
lyft,greenhouse,lyft
Lynx Analytics,greenhouse,lynxanalytics
Lyra Technology Group,greenhouse,lyratechgroup
M Booth,greenhouse,mbooth
M Booth Health,greenhouse,mboothhealth
M0,greenhouse,m0dbathenextthingltd
M1 Technology,greenhouse,m1technology
M2X Energy Inc,greenhouse,m2xenergyinc
M3,greenhouse,m3
M9 Solutions,greenhouse,m9solutions
mabl,greenhouse,mabl
mackaysposito,greenhouse,mackaysposito
Madano,greenhouse,madano
maddoxindustrialtransformer,greenhouse,maddoxindustrialtransformer
Madison Logic,greenhouse,madisonlogicinc
Madison Reed,greenhouse,madisonreedcolorbar
madisonenergyinfrastructure,greenhouse,madisonenergyinfrastructure
Maesa,greenhouse,maesa
maestro,greenhouse,maestro
Maestro for Private Equity,greenhouse,gomaestro
maev,greenhouse,maev
Magic,greenhouse,magic
Magic Hat Consulting,greenhouse,magichatconsulting
Magic Leap,greenhouse,magicleap
Magic Leap - Multiple Locations,greenhouse,mlmultiplecareerlocations
magnetmediafilms,greenhouse,magnetmediafilms
Magnolia,greenhouse,magnolia
magrathea,greenhouse,magrathea
Main Street Health,greenhouse,mainstreethealth
Major League Baseball,greenhouse,majorleaguebaseball
make,greenhouse,make
Make-A-Wish America,greenhouse,makeawishamerica
Mako,greenhouse,mako
malbon,greenhouse,malbon
Mammoth Brands,greenhouse,mammothbrands
Man Group,greenhouse,mangroup
manatee,greenhouse,manatee
manchesterveterinaryservices,greenhouse,manchesterveterinaryservices
manhattaninstituteforpolicyresearchinc,greenhouse,manhattaninstituteforpolicyresearchinc
Manifest,greenhouse,manifest
Manifold AI,greenhouse,manifoldai
Manifold Bio,greenhouse,manifoldbio
MANSCAPED,greenhouse,manscaped
mantis,greenhouse,mantis
mantl,greenhouse,mantl
Mantra Health,greenhouse,mantrahealth
Manychat,greenhouse,manychat
Maplewood Veterinary Center,greenhouse,maplewoodvc
MapLight Therapeutics,greenhouse,maplighttherapeutics
maravailifesciences,greenhouse,maravailifesciences
Margaux,greenhouse,margaux
MariaDB plc,greenhouse,mariadbplc
Mark Morris Dance Group,greenhouse,markmorrisdancegroup
mark43,greenhouse,mark43
MarketAxess,greenhouse,marketaxesscorporation
markets,greenhouse,markets
markforged,greenhouse,markforged
marksman,greenhouse,marksman
Marqeta,greenhouse,marqeta
marqueeig1,greenhouse,marqueeig1
MarqVision,greenhouse,marqvision
Mars & Co - New York City Area,greenhouse,marscousg
Marshall Wace - DOC Job Board,greenhouse,doc
Marshall Wace - Graduate & Associate roles,greenhouse,mw-tech-grad
Marshall Wace Internship Programmes,greenhouse,mwinternshipprogram
Marshall Wace North America L.P.,greenhouse,mwnaintern
Martell Ventures,greenhouse,martellgrowthsolutions
Marvel Fusion,greenhouse,marvelfusion
maryland,greenhouse,maryland
mas,greenhouse,mas
MasterClass,greenhouse,masterclass
MasterControl,greenhouse,mastercontrol
materialbank,greenhouse,materialbank
Mather Headquarters,greenhouse,matherheadquarters
Mather Place,greenhouse,matherplace
mathersplendido,greenhouse,mathersplendido
matic,greenhouse,matic
Matik,greenhouse,matik
matooma,greenhouse,matooma
MATTE PROJECTS,greenhouse,matteprojects
mattermost,greenhouse,mattermost
matx,greenhouse,matx
Maven,greenhouse,mavensecuritiesholdingltd
Maven - Emerging Talent,greenhouse,emergingtalent
Maven Clinic,greenhouse,mavenclinic
Maven Robotics,greenhouse,mavenrobotics
Maverick Derivatives,greenhouse,maverickderivatives
Max Manufacturing,greenhouse,maxmanufacturingcareers
maxwell,greenhouse,maxwell
May Mobility,greenhouse,maymobility
Maybell Quantum Industries,greenhouse,maybellquantum
maymobilityjobs,greenhouse,maymobilityjobs
Maze Therapeutics,greenhouse,mazetherapeutics
McAdams,greenhouse,mcadams
mcafee,greenhouse,mcafee
mcclureoilcorporation,greenhouse,mcclureoilcorporation
mce,greenhouse,mce
mcft,greenhouse,mcft
MCG Health,greenhouse,mcghealth
mcgill,greenhouse,mcgill
McKinney,greenhouse,jobsmckinneycom
McMaster-Carr,greenhouse,mcmastercarr
mcneeswallacenurickllc,greenhouse,mcneeswallacenurickllc
MCO,greenhouse,mco
mcs,greenhouse,mcs
MDB General Referrals,greenhouse,mdbgeneralreferrals
Meade,greenhouse,meadeengineeringinc
mechanicallicensingcollective,greenhouse,mechanicallicensingcollective
medallionakafirstlayerai,greenhouse,medallionakafirstlayerai
MedeAnalytics,greenhouse,medeanalytics
Medecins Sans Frontieres (Doctors Without Borders) - Field,greenhouse,workoverseas
Medecins Sans Frontieres (Doctors Without Borders) - United States,greenhouse,msfcareers
medelitellc,greenhouse,medelitellc
Medeloop,greenhouse,medeloop
MediaAlpha,greenhouse,mediaalpha
mediahubldn,greenhouse,mediahubldn
medialabaiinc,greenhouse,medialabaiinc
mediatonic,greenhouse,mediatonic
Medical Informatics Engineering/Enterprise Health,greenhouse,medicalinformaticsengineering
Medium,greenhouse,medium
medrio,greenhouse,medrio
Medsien,greenhouse,medsien
MedTrace,greenhouse,medtrace
MegaCorp Logistics,greenhouse,megacorplogistics
meitu,greenhouse,meitu
Mejuri,greenhouse,mejuri
Melio,greenhouse,melio
memglobal,greenhouse,memglobal
MEMIC,greenhouse,memic
memoryBlue,greenhouse,memoryblue
MEMX,greenhouse,memx
MENA Consultant,greenhouse,menaconsultant
"Mendaera, Inc.",greenhouse,mendaerainc
mentimeter,greenhouse,mentimeter
meradiacanada,greenhouse,meradiacanada
Mercari,greenhouse,mercari
Mercer Advisors,greenhouse,merceradvisors
merchantsfleetmanagement,greenhouse,merchantsfleetmanagement
Mercury,greenhouse,mercury
mercyforanimals,greenhouse,mercyforanimals
Merge API,greenhouse,merge
mergeapiintegrationsandbox,greenhouse,mergeapiintegrationsandbox
mergeworld,greenhouse,mergeworld
Meridian Partners,greenhouse,meridianpartners
Merit America,greenhouse,meritamerica
Meriton,greenhouse,meriton
mermaidchart,greenhouse,mermaidchart
MerQube Inc,greenhouse,merqube
Meru Health,greenhouse,meruhealth
Mesh,greenhouse,mesh
meshopticaltechnologies,greenhouse,meshopticaltechnologies
Metabit Technology LLC,greenhouse,metabittechnologyllc
Metacore,greenhouse,metacore
Metalab,greenhouse,metalab
Metapack Careers,greenhouse,metapack
"Method, a GlobalLogic company",greenhouse,method
methodco,greenhouse,methodco
"MetOx International, Inc.",greenhouse,metoxinternationalinc
metro,greenhouse,metro
metron,greenhouse,metron
Metronome,greenhouse,metronome
Metropolis,greenhouse,metropolis
Metropolitan Commercial Bank,greenhouse,metropolitancommercialbank
MetroStar,greenhouse,metrostarsystems
metroveincenters,greenhouse,metroveincenters
MetTel,greenhouse,mettel
mewssystems,greenhouse,mewssystems
Mezzetta,greenhouse,mezzettacareers
mgproperties,greenhouse,mgproperties
mhp,greenhouse,mhp
michelscorporation,greenhouse,michelscorporation
Michigan Online School,greenhouse,mos
Mico,greenhouse,micoworks
Microblink,greenhouse,microblink
Midi Health,greenhouse,midihealth
mighty,greenhouse,mighty
mikebloomberg2020,greenhouse,mikebloomberg2020
Mill,greenhouse,mill
Mill Creek Academy,greenhouse,millcreekacademy
Miller Orthodontics,greenhouse,millerorthodontics
Miller Vein,greenhouse,millervein
Million Dollar Baby Co.,greenhouse,milliondollarbabyco
milton,greenhouse,milton
MIND 24-7,greenhouse,mind247
Mind the Product,greenhouse,mindtheproduct
Mindbody,greenhouse,mindbody
Mindgrub,greenhouse,mindgrub
MindsDB,greenhouse,mindsdb
Mineralys Therapeutics,greenhouse,mineralystherapeutics
minimal,greenhouse,minimal
MinIO,greenhouse,minio
Minitab,greenhouse,minitab
Minno,greenhouse,minno
mintel,greenhouse,mintel
minty,greenhouse,minty
MIO Partners,greenhouse,miopartners
MiQ Digital,greenhouse,miqdigital
miraibio,greenhouse,miraibio
Mirakl,greenhouse,mirakl
Mirakl - Labs,greenhouse,mirakllabs
miris,greenhouse,miris
mirumpharmaceuticals,greenhouse,mirumpharmaceuticals
Misfits Market,greenhouse,misfitsmarket
mishimoto,greenhouse,mishimoto
Mission Lane,greenhouse,missionlane
Mission Lane LLC,greenhouse,missionlanellc
missionhealthcare,greenhouse,missionhealthcare
mississippititleloansinc,greenhouse,mississippititleloansinc
missourititleloansinc,greenhouse,missourititleloansinc
mit,greenhouse,mit
Mithril,greenhouse,mithril
Mitratech,greenhouse,mitratech
Mitsogo Inc,greenhouse,mitsogoinc
"Mitsubishi Motors North America, Inc.",greenhouse,mitsubishimotorsna
MixMode,greenhouse,mixmode
Mixpanel,greenhouse,mixpanel
Mixtiles,greenhouse,mixtiles
mizzenandmain,greenhouse,mizzenandmain
mks2technologies,greenhouse,mks2technologies
MLB (Job Board Only),greenhouse,mlbevents
MLB FFP,greenhouse,mlbfellowship
MLB on Deck Sales Program,greenhouse,mlbondeck
MLK Charter School Of Excellence,greenhouse,mlkcharterschoolofexcellence
mmhmm,greenhouse,mmhmm
MNTN,greenhouse,mntn
Mob Entertainment,greenhouse,mobentertainment
Mobi.AI,greenhouse,mobi
mobiauto,greenhouse,mobiauto
mobility,greenhouse,mobility
MobilityWare,greenhouse,mobilityware
mobius,greenhouse,mobius
Mobot,greenhouse,teammobot
Mochi Health,greenhouse,mochihealth
Mode Mobile,greenhouse,modemobile
Modern Animal,greenhouse,modernanimal
Modern Health,greenhouse,modernhealth
Modo Energy,greenhouse,modoenergy
Modulr,greenhouse,modulrfinance
Mojang Studios,greenhouse,mojangab
Mojio,greenhouse,mojio
Moloco,greenhouse,moloco
moltonbrown,greenhouse,moltonbrown
Mom's Meals,greenhouse,momsmeals
momentenergy,greenhouse,momentenergy
Momentic Studios,greenhouse,momentic
momentous,greenhouse,momentous
Momentum,greenhouse,momentumcompany3
Momentum Financial Services Group,greenhouse,momentumfinancialservicesgroup
Momentus Space LLC,greenhouse,momentus
moneymart,greenhouse,moneymart
mongodb,greenhouse,mongodb
Moniepoint,greenhouse,moniepoint
monks,greenhouse,monks
Monmouth Retina Consultants,greenhouse,monmouthretina
monograph,greenhouse,monograph
Monroe Tractor,greenhouse,monroetractor
monsterenergy,greenhouse,monsterenergy
monstro,greenhouse,monstro
Montai Therapeutics,greenhouse,montaihealth
Montessori Peaks Academy,greenhouse,mpeaks
"Monument Software, Inc.",greenhouse,monumentsoftwareinc
Monumental Sports & Entertainment,greenhouse,monumentalsports
Monzo,greenhouse,monzo
Moon Creative Lab,greenhouse,moon
Moonlite,greenhouse,moonlite
Moonshot,greenhouse,moonshot
"Morgan & Morgan, P.A.",greenhouse,morganmorganjobsapplynow
"Morgan & Morgan, P.A. Students",greenhouse,morganmorganstudents
"Morgan & Morgan, P.A. Summer Associates",greenhouse,morganmorgansummer
morganfranklinconsultingllc,greenhouse,morganfranklinconsultingllc
morgans,greenhouse,morgans
morgansideveterinaryclinic,greenhouse,morgansideveterinaryclinic
morrisonmaierle,greenhouse,morrisonmaierle
MORSE Corp,greenhouse,morsecorp
morty,greenhouse,morty
Mosaic Group,greenhouse,mosaicgroup
Moshiri Orthodontics,greenhouse,moshiriorthodontics
Moss New York LLC,greenhouse,mossnewyorkllc
Motional,greenhouse,motional
Motive,greenhouse,gomotive
motive,greenhouse,motive
motivity,greenhouse,motivity
Motley Fool Ventures,greenhouse,mfventures
Mount Airy Veterinary Associates,greenhouse,mountairyveterinaryassociates
Movable Ink,greenhouse,movableink
Movement Strategy,greenhouse,movementstrategy
moveonorg,greenhouse,moveonorg
Movers+Shakers,greenhouse,moversshakers
Moxe,greenhouse,moxehealth
moxxidigital,greenhouse,moxxidigital
Mozilla,greenhouse,mozilla
mpn,greenhouse,mpn
mpowerfinancing,greenhouse,mpowerfinancing
mpsw,greenhouse,mpsw
MQ Referrals Only,greenhouse,mqreferrals
Mr Apple,greenhouse,mrapple
Mr Apple (Internal Jobs),greenhouse,mrappleinternalonly
Mr Apple Careers site,greenhouse,mrapplecareers
MrBeast,greenhouse,mrbeastyoutube
MrBeast Contract Jobs,greenhouse,aplayers
mrwlawns,greenhouse,mrwlawns
msautomotive,greenhouse,msautomotive
mse,greenhouse,mse
msgentertainmentholdingsllc,greenhouse,msgentertainmentholdingsllc
MTC Care,greenhouse,meditelecare
mthree Recruiting Portal,greenhouse,mthreerecruitingportal
Muck Rack,greenhouse,muckrack
"Muller, Inc.",greenhouse,mullerinc
Muon Space,greenhouse,muonspace
murad,greenhouse,murad
Murj,greenhouse,murj
Museum of Science,greenhouse,themuseumofscience
mwam,greenhouse,mwam
mxd,greenhouse,mxd
mxtechnologiesinc,greenhouse,mxtechnologiesinc
mycodemedia,greenhouse,mycodemedia
Myers-Holum,greenhouse,mhi
myfavoritetherapists,greenhouse,myfavoritetherapists
MyFitnessPal,greenhouse,myfitnesspal
myheritage,greenhouse,myheritage
Myriad360,greenhouse,myriad360
Mythical Games,greenhouse,mythicalgames
N2 Co / Franchise External,greenhouse,franchise
n26,greenhouse,n26
n2alljobs,greenhouse,n2alljobs
n2publishingglassdoor,greenhouse,n2publishingglassdoor
NABIS,greenhouse,nabis
NAC International Inc.,greenhouse,nacinternational
name,greenhouse,name
Nametag,greenhouse,nametag
nanit,greenhouse,nanit
Nano Energies Holding a.s.,greenhouse,des
Nanonets,greenhouse,nanonets
Nanopath,greenhouse,nanopathinc
Narvar,greenhouse,narvar
Nas Company,greenhouse,nascompany
nashvilledoorcloser,greenhouse,nashvilledoorcloser
nashvillezoo,greenhouse,nashvillezoo
Nasium Training,greenhouse,nasiumtraining
Natera,greenhouse,natera
National Design Build Services,greenhouse,nationaldbs1
National Life Insurance Company,greenhouse,nationallifeinsurancecompany
nationallutheraninc,greenhouse,nationallutheraninc
nationwidevision,greenhouse,nationwidevision
nativeinstruments,greenhouse,nativeinstruments
Nature's Bakery,greenhouse,naturesbakery
Naughty Dog,greenhouse,naughtydog
Nauto,greenhouse,nauto
Nav,greenhouse,navtechnologies
navapbc,greenhouse,navapbc
Navier AI,greenhouse,navierai
NavVis,greenhouse,navvis
Nayya,greenhouse,nayya
NC America,greenhouse,ncamerica
nds,greenhouse,nds
Near Space Labs,greenhouse,nearspacelabs
Nearform,greenhouse,nearform
Nebius,greenhouse,nebius
nectar,greenhouse,nectar
nederland,greenhouse,nederland
Neighborhoods.com,greenhouse,neighborhoodscom
Neighbors Bank,greenhouse,neighborsbank
Neo Cybernetica,greenhouse,neocybernetica
Neo4j,greenhouse,neo4j
Neocol,greenhouse,neocol
neonaerospace,greenhouse,neonaerospace
Neptune Bio,greenhouse,neptunebio
Neptune Medical,greenhouse,neptunemedical
Nerdy,greenhouse,nerdy
Neros Technologies,greenhouse,nerostechnologies
netbrain,greenhouse,netbrain
Netcracker,greenhouse,netcracker
netcraft,greenhouse,netcraft
NetDocuments,greenhouse,netdocuments
NetEase Games,greenhouse,neteasegames
Netlify,greenhouse,netlify
Netradyne,greenhouse,netradyne
netsage,greenhouse,netsage
netskope,greenhouse,netskope
network,greenhouse,network
Network Optix,greenhouse,networkoptix
neu,greenhouse,neu
NeueHealth,greenhouse,neuehealth
neumora,greenhouse,neumora
Neura Health,greenhouse,neurahealth
"NeuraFlash, Part of Accenture",greenhouse,neuraflash
Neuralink,greenhouse,neuralink
neuropace,greenhouse,neuropace
nevadatitleandpaydayloansinc,greenhouse,nevadatitleandpaydayloansinc
new,greenhouse,new
New Era Technology,greenhouse,neweratech
New Mountain Capital -  Administrative,greenhouse,external
New Mountain Capital Opportunities,greenhouse,opportunities
New Openings,greenhouse,currentopenings
New Relic,greenhouse,newrelic
New York City Economic Development Corporation,greenhouse,nycedc
New York ISO,greenhouse,nyiso
neweratechau,greenhouse,neweratechau
newhonorsociety,greenhouse,newhonorsociety
Newlab Careers,greenhouse,newlabcareers
newleafenergy,greenhouse,newleafenergy
NewLimit,greenhouse,newlimit
NewRocket,greenhouse,highmetric
NewsBreak,greenhouse,newsbreak
newscientist,greenhouse,newscientist
Newsela,greenhouse,newsela
newsrevenuehub,greenhouse,newsrevenuehub
newsweaver,greenhouse,newsweaver
Newsweek,greenhouse,newsweek
Newton Research,greenhouse,newtonresearch
Nex,greenhouse,nex
Nexamp,greenhouse,nexamp
NexGen Cloud,greenhouse,nexgencloud
nexhealth,greenhouse,nexhealth
Nexla,greenhouse,nexla
Next Insurance,greenhouse,nextinsurance66
Next Street,greenhouse,nextstreet
nextdoor,greenhouse,nextdoor
"Nextdoor, Inc.",greenhouse,job-openings
nextiva,greenhouse,nextiva
NextRoll,greenhouse,nextroll
NextRoll Inc.,greenhouse,nextrollinc
NextRoll Sales,greenhouse,nextrollsales
nexus,greenhouse,nexus
ngrok Inc.,greenhouse,ngrokinc
NICE,greenhouse,nice
Nift,greenhouse,nift
"Nightdive Studios, Inc.",greenhouse,nightdivestudios
nightingale-college,greenhouse,nightingalecollege
Nimble Gravity,greenhouse,nimblegravity
Nimble Robotics,greenhouse,nimblerobotics
NineDot Energy,greenhouse,ninedotholdingsinc
NinjaTrader,greenhouse,ninjatrader
Nintendo,greenhouse,nintendo
nintex,greenhouse,nintex
Nira Energy,greenhouse,niraenergy
Nirmata,greenhouse,nirmata
nisc,greenhouse,nisc
NISC,greenhouse,testnisc
Nitricity,greenhouse,nitricity
nivagenpharmaceuticals,greenhouse,nivagenpharmaceuticals
"Nkarta, Inc.",greenhouse,nkartatherapeutics
NMI,greenhouse,nmi
noah,greenhouse,noah
noahmedical,greenhouse,noahmedical
noble,greenhouse,noble
nobleanesthesiapartners,greenhouse,nobleanesthesiapartners
Nobu Hotel Toronto,greenhouse,nobuhoteltoronto
noctrixhealth,greenhouse,noctrixhealth
Nomad Health,greenhouse,nomadhealth
nomnom,greenhouse,nomnom
nomos,greenhouse,nomos
Nonantum Veterinary Clinic,greenhouse,nonantumveterinaryclinic
none,greenhouse,none
none098908,greenhouse,none098908
Nooks,greenhouse,nooks
Noom US,greenhouse,noomgrowth
noonlight,greenhouse,noonlight
nordeus,greenhouse,nordeus
noredink,greenhouse,noredink
North America,greenhouse,xebiausa
North Pacific Dermatology,greenhouse,northpacificdermatology
North Point Technology,greenhouse,northpointtechnology
North Shore Pediatric Therapy,greenhouse,nspt
Northbeam,greenhouse,northbeam
northbridgecre,greenhouse,northbridgecre
northcharleston,greenhouse,northcharleston
NorthCoast Asset Management,greenhouse,nc
Northeast Dermatology Associates,greenhouse,neda
northmarq,greenhouse,northmarq
northpointrecoveryholdingsllc,greenhouse,northpointrecoveryholdingsllc
northside,greenhouse,northside
northsidepreparatoryacademy,greenhouse,northsidepreparatoryacademy
northspyre,greenhouse,northspyre
"Northwest Administrators, Inc.",greenhouse,northwestadministratorsinc
Northwest Pipe Fittings,greenhouse,northwestpipefittings
Notability,greenhouse,gingerlabsinc
nothing,greenhouse,nothing
Nourish,greenhouse,usenourish
Nova 401(k) Associates,greenhouse,nova401
Nova Credit,greenhouse,novacredit
NovaGen Research Fund,greenhouse,novagen
Novatize,greenhouse,novatize
novoed,greenhouse,novoed
noxgroup,greenhouse,noxgroup
Noyo,greenhouse,noyocareers
Nozomi Networks,greenhouse,nozominetworks
NPR,greenhouse,nationalpublicradioinc
nscaleoperationsukltd,greenhouse,nscaleoperationsukltd
nsrg,greenhouse,nsrg
nsvh,greenhouse,nsvh
NT Concepts,greenhouse,ntconcepts
ntd,greenhouse,ntd
"NTT DATA, Europe & LATAM, Branch in USA, Inc.",greenhouse,nttdatausa
Nubank,greenhouse,nubank
Nucleus Global,greenhouse,nucleus
nuHarbor,greenhouse,nuharborsecurity
Nuitée,greenhouse,nuitee
numa,greenhouse,numa
Numat,greenhouse,numattechnologies
number26,greenhouse,number26
Numeral,greenhouse,applytonumeral
Numerix,greenhouse,numerix
Numeus,greenhouse,numus
nurix,greenhouse,nurix
nuro,greenhouse,nuro
nursing,greenhouse,nursing
Nursing School,greenhouse,asdf
Nutrabolt,greenhouse,nutrabolt
Nutrafol,greenhouse,nutrafol
Nuts.com,greenhouse,nutscom
nuvalent,greenhouse,nuvalent
Nuvera,greenhouse,nuveracg
NVE Experience Agency,greenhouse,nve
NYC Criminal Justice Agency,greenhouse,criminaljusticeagency
"Nymbus, Inc.",greenhouse,nymbusinc
"O2EPCM, Inc. dba O2 Engineering, Projects & Construction Management",greenhouse,o2epcminc
oakhilladvisors,greenhouse,oakhilladvisors
Oakline Properties,greenhouse,oaklineproperties
oasis,greenhouse,oasis
Oasis Health Partners,greenhouse,oasishealthpartners
oasissecurity,greenhouse,oasissecurity
oath,greenhouse,oath
objectfirsts,greenhouse,objectfirsts
obligo,greenhouse,obligo
obrien,greenhouse,obrien
obrienveterinarygroup,greenhouse,obrienveterinarygroup
observeai,greenhouse,observeai
Obsidian Security,greenhouse,obsidiansecurity
Obsidian Therapeutics,greenhouse,obsidiantherapeutics
obsidiansecuritycareers,greenhouse,obsidiansecuritycareers
ocadogroup,greenhouse,ocadogroup
oceania,greenhouse,oceania
OceanX,greenhouse,oceanx
Ocrolus Inc.,greenhouse,ocrolusinc
ocs,greenhouse,ocs
Octane,greenhouse,octanelending
Octant Bio,greenhouse,octantbio
octaura,greenhouse,octaura
Octave,greenhouse,octave
Octus,greenhouse,octus
Oddball,greenhouse,oddball
Odeko,greenhouse,odeko
Odle Sales,greenhouse,odlesalescareers
OfferUp,greenhouse,offerup
Office Hours,greenhouse,officehours
officeally,greenhouse,officeally
OfficeSpace Software,greenhouse,officespacesoftware
Offshore Launch,greenhouse,offshorelaunch
Ogilvy,greenhouse,ogilvy
Ogilvy Health US,greenhouse,ogilvyhealthusa
OGT,greenhouse,ogt
Ohalo,greenhouse,ohalogenetics
OHDELA,greenhouse,ohdela
ohio,greenhouse,ohio
oikotie,greenhouse,oikotie
Oklo,greenhouse,oklo
okta,greenhouse,okta
OKX,greenhouse,okx
olaplexcareers,greenhouse,olaplexcareers
Old Mission,greenhouse,oldmissioncapital
oldcastlebuildingenvelope,greenhouse,oldcastlebuildingenvelope
oldcity,greenhouse,oldcity
Olema Oncology,greenhouse,olema
OLIPOP,greenhouse,olipop
OLIVER Agency - North America,greenhouse,oliverusa
OLLY,greenhouse,olly
olsson,greenhouse,olsson
Olympus Property,greenhouse,olympusproperty
Omada Health,greenhouse,omadahealth
Ombud,greenhouse,ombud
Omen AI,greenhouse,omenai
omicron,greenhouse,omicron
Omidyar Network,greenhouse,omidyarnetwork
Omnicom Media,greenhouse,mediabrands
Omnicom Media Group Netherlands - OMG,greenhouse,omgnetherlands
Omnicom Production Japan K.K,greenhouse,opj
omnicomhealth,greenhouse,omnicomhealth
OMP Careers,greenhouse,efihr
ompexternaljobboards,greenhouse,ompexternaljobboards
On,greenhouse,onrunning
On Board Experiential,greenhouse,obexp
ON.energy,greenhouse,onenergy
onapsis,greenhouse,onapsis
Onbe,greenhouse,onbe
OnBoard,greenhouse,onboardmeetings
One Acre Fund - Burundi,greenhouse,oneacrefundburundi
One Acre Fund - Ethiopia,greenhouse,oneacrefundethiopia
One Acre Fund - Kenya,greenhouse,oafkenya
One Acre Fund - Malawi,greenhouse,oneacrefundmalawi
One Acre Fund - Nigeria,greenhouse,oneacrefundnigeria
One Acre Fund - Rwanda,greenhouse,oneacrefundrwanda
One Acre Fund - Tanzania,greenhouse,oneacrefundtanzania
One Acre Fund - Zambia,greenhouse,oneacrefundzambia
ONE Campaign,greenhouse,onecampaign
One Clear Choice,greenhouse,oneclearchoice
One Medical,greenhouse,onemedical
One World Coders,greenhouse,owc
oneacrefund,greenhouse,oneacrefund
oneacrefundglobal,greenhouse,oneacrefundglobal
oneazcreditunion,greenhouse,oneazcreditunion
OneCrew,greenhouse,applytoonecrew
OneEnergy Renewables,greenhouse,oneenergyrenewables
OneImaging,greenhouse,oneimaging
onemodel,greenhouse,onemodel
oneoncology,greenhouse,oneoncology
OneSix - External,greenhouse,onesixsolutions27
oneskin,greenhouse,oneskin
OneStudyTeam,greenhouse,onestudyteam
onetrust,greenhouse,onetrust
OneVest,greenhouse,onevest
Only External Postings,greenhouse,notexternal
"Onnit Labs, Inc.",greenhouse,onnitlabs
onX,greenhouse,onxmaps
onyx,greenhouse,onyx
oodlefinance,greenhouse,oodlefinance
ooma,greenhouse,ooma
oosmanagementcorp,greenhouse,oosmanagementcorp
Open Core Ventures,greenhouse,opencoreventures
Open Farm,greenhouse,openfarminc
OpenAP LLC,greenhouse,openap
OpenEye,greenhouse,openeye
OpenFX,greenhouse,openfx
Openly,greenhouse,openly
OpenSesame,greenhouse,opensesame
openspace,greenhouse,openspace
OpenTable,greenhouse,opentable
OpenTeams,greenhouse,openteams
openweb,greenhouse,openweb
openwork,greenhouse,openwork
openzeppelin,greenhouse,openzeppelin
Operant AI,greenhouse,operantai
Ophelia,greenhouse,ophelia
Ophelos,greenhouse,ophelos
opm,greenhouse,opm
opmg,greenhouse,opmg
Oportun,greenhouse,oportun
opositiv,greenhouse,opositiv
OppFi,greenhouse,opploans
OPSWAT,greenhouse,opswat
Optima Dermatology - Physician and Provider Openings,greenhouse,physiciansandproviders
optimadermatologycareers,greenhouse,optimadermatologycareers
Optimal Dynamics,greenhouse,optimaldynamics
"Optimal Market Technologies, LLC",greenhouse,optimal
optimalcare-evergreen,greenhouse,optimalcare-evergreen
optimamedical,greenhouse,optimamedical
optimove,greenhouse,optimove
Optiver,greenhouse,optiverus
Optiver,greenhouse,optiver
Optiver - Trading Academy,greenhouse,tradingacademy2025
Optiver Private Jobs,greenhouse,optiverprivate
Opto Investments,greenhouse,optoinvest
ora,greenhouse,ora
oralsurgerypartners,greenhouse,oralsurgerypartners
orangetwist,greenhouse,orangetwist
ORCA Service Technologies,greenhouse,orca
orcasecurity,greenhouse,orcasecurity
Orchard,greenhouse,orchard
orchestra,greenhouse,orchestra
orcristtechnologies,greenhouse,orcristtechnologies
Ordergroove,greenhouse,ordergroove
Orderly,greenhouse,orderly
Oregon Health & Science University Foundation,greenhouse,ohsufoundation
orennia,greenhouse,orennia
Oribe Hair Care,greenhouse,oribe
Original Triad Door Co.,greenhouse,originaltriad
origisenergy,greenhouse,origisenergy
Orion Group,greenhouse,oriongroup
Orion Innovation Naukri,greenhouse,orioninnovationnaukri
orioninnovation,greenhouse,orioninnovation
Orkes,greenhouse,orkes
Orr Group,greenhouse,orrgroup
Orthodontic Partners,greenhouse,orthodonticpartners
oruka,greenhouse,oruka
Osano,greenhouse,osano
oscar,greenhouse,oscar
Oshi Health,greenhouse,oshihealth
ospn,greenhouse,ospn
Ossium Health,greenhouse,ossiumhealth
OTR Solutions,greenhouse,otrcapital1
Otter,greenhouse,otter
otterai,greenhouse,otterai
otterbein,greenhouse,otterbein
Otto Aerospace,greenhouse,ottoaviation
Ouihelp,greenhouse,ouihelp
oulahealth,greenhouse,oulahealth
ounceofcare,greenhouse,ounceofcare
outerspace,greenhouse,outerspace
Outfit7,greenhouse,outfit7
Outpost,greenhouse,outpostspace
outrider,greenhouse,outrider
Outschool,greenhouse,outschool
Outset Medical,greenhouse,outsetmedical
outside,greenhouse,outside
Outside GC,greenhouse,briefly
outsiders,greenhouse,outsiders
Overhead Door Solutions,greenhouse,gspoverheaddoorsolutions
Overstory,greenhouse,overstory
ovoenergy,greenhouse,ovoenergy
Ownershift,greenhouse,ownershift
Ownwell,greenhouse,ownwell
oxam,greenhouse,oxam
OXOS Medical,greenhouse,oxosmedical
PAC NYC,greenhouse,pacnyc
pacaso,greenhouse,pacaso
pacificcycle,greenhouse,pacificcycle
pacificfusion,greenhouse,pacificfusion
pacificlegalfoundation,greenhouse,pacificlegalfoundation
Paciorek Orthodontics,greenhouse,paciorek
Packard Culligan Water,greenhouse,packardculliganwater
pact,greenhouse,pact
Pacvue,greenhouse,pacvue
Padilla,greenhouse,padilla
pado,greenhouse,pado
Pagaya,greenhouse,pagaya
Pager Health,greenhouse,pagerhealth
PagerDuty,greenhouse,pagerduty
pah,greenhouse,pah
Pair Team,greenhouse,pairteam
Pallet,greenhouse,pallet
palmetto,greenhouse,palmetto
Palmetto Clean Technology,greenhouse,palmettocleantech
Paloma Partners Management Company,greenhouse,palomapartners
PandaDoc,greenhouse,pandadoc
pangaea,greenhouse,pangaea
Pangea Money Transfer,greenhouse,pangeamoneytransfer
Pansophic Learning,greenhouse,pansophiclearning
Pantera Capital Management LP,greenhouse,panteracapitalcareers
Panthalassa,greenhouse,panthalassa
pantheon,greenhouse,pantheon
Pantheon Ventures Careers,greenhouse,pantheonpublic
Panther,greenhouse,pantherlabs
Papa,greenhouse,papa
papaya,greenhouse,papaya
Paperless Parts,greenhouse,paperlessparts
Paperless Post,greenhouse,paperlesspost
Parabilis Medicines,greenhouse,parabilismed
Parachute Health,greenhouse,parachutehealth
Parachute Home,greenhouse,parachutehome
Paradigm,greenhouse,joinparadigm
Paradigm,greenhouse,paradigm
paradigmtreatmentcenters,greenhouse,paradigmtreatmentcenters
Paragon Insurance Holdings,greenhouse,paragoncareers
Parallel,greenhouse,parallellearning
Parallel Systems,greenhouse,parallel
Paratek Pharmaceuticals,greenhouse,paratekpharmaceuticals
parenthetic,greenhouse,parenthetic
paretocaptiveservicesllc,greenhouse,paretocaptiveservicesllc
Park Restaurant and Bar,greenhouse,parkcareers
parkland,greenhouse,parkland
Parloa,greenhouse,parloa
Parse Biosciences,greenhouse,parsebiosciences
parsecautomationcorp,greenhouse,parsecautomationcorp
Parsley Health,greenhouse,parsleyhealth
Particle41,greenhouse,particle41llc
Partnerize,greenhouse,partnerize
Partum Health,greenhouse,partumhealth
patch,greenhouse,patch
PATH (People Assisting the Homeless),greenhouse,epath
pathai,greenhouse,pathai
pathrobotics,greenhouse,pathrobotics
Pathstream,greenhouse,pathstream
"Pathward, Career Fairs",greenhouse,pathwardcareerfair
"Pathward, N.A.",greenhouse,pathward
pathwaysforlife,greenhouse,pathwaysforlife
PatientPoint,greenhouse,patientpoint
Pattern Data,greenhouse,patterndata
Paula's Choice Skincare,greenhouse,paulaschoiceskincare
Pave,greenhouse,paveakatroveinformationtechnologies
PAX Labs,greenhouse,paxlabs
Payhawk,greenhouse,payhawkio
PayHawk,greenhouse,payhawk1
PayIt,greenhouse,payit
payoneer,greenhouse,payoneer
PayPay,greenhouse,paypay
PayPay Card,greenhouse,paypaycard
paystand,greenhouse,paystand
Paytient,greenhouse,paytient
"PBI-Gordon Companies, Inc.",greenhouse,pbigordoncompaniesinc
PBI-Gordon Corporation,greenhouse,pbigordoncorporation
pcdm,greenhouse,pcdm
PDM Group,greenhouse,pdmgroupasp
PDQ Doors,greenhouse,pdq
PDT Partners,greenhouse,pdtpartners
peachy,greenhouse,peachy
peakenergy,greenhouse,peakenergy
pearceservices,greenhouse,pearceservices
Pearl,greenhouse,justanswer
Pediatrics Plus,greenhouse,indeedbtrbt
Pediatrics Plus Job Board,greenhouse,pedsplustemplate
pediatricsplus,greenhouse,pediatricsplus
"Pegasus Laboratories, Inc.",greenhouse,pegasuslaboratoriesinc
pelacase,greenhouse,pelacase
Pelago,greenhouse,pelago
peloton,greenhouse,peloton
Pendar Technologies,greenhouse,pendartechnologies
Pendo,greenhouse,pendo
Penland School of Craft,greenhouse,penlandschoolofcraft
Penn Interactive,greenhouse,penninteractive
pennylinn,greenhouse,pennylinn
Penske Media Corp.,greenhouse,pmc
peopletech,greenhouse,peopletech
pep,greenhouse,pep
Per Scholas,greenhouse,perscholashires
Peregrine Health,greenhouse,peregrinehealth
Peregrine Technologies,greenhouse,peregrinetechnologies
PerfectServe,greenhouse,perfectserve
PerformLine,greenhouse,performline
Perion Network Ltd,greenhouse,perionnetworkltd
perm,greenhouse,perm
permira,greenhouse,permira
perpay,greenhouse,perpay
Perry Ellis International,greenhouse,perryellisinternational
"Persefoni AI, Inc.",greenhouse,persefoniaiinc
"Personalis, Inc",greenhouse,personalisinc
Pet Vet Family Pet Care Center,greenhouse,petvetkalamazoo
"PetAg, Inc.",greenhouse,petag
Petersen Pet Hospital,greenhouse,petersonpetclinic
pfm,greenhouse,pfm
Phaidra,greenhouse,phaidra
Phamily,greenhouse,jobsatphamily
Phamily Staffing - External Care Manager Roles,greenhouse,phamily
Phantom AI,greenhouse,phantomai
PharmaCann,greenhouse,pharmacann
Pharmaceutical Strategies Group LLC,greenhouse,psgconsults
pharmacy,greenhouse,pharmacy
Pharo Management,greenhouse,pharomanagement
phaser,greenhouse,phaser
PhaseV,greenhouse,phasev
Philadelphia Eagles,greenhouse,philadelphiaeagles
Philadelphia Phillies - Baseball Operations,greenhouse,philliesbaseballoperations
philadelphiaanimalhospital,greenhouse,philadelphiaanimalhospital
philadelphiaeaglesgameday,greenhouse,philadelphiaeaglesgameday
philippines,greenhouse,philippines
philliesbusinessops,greenhouse,philliesbusinessops
philliesgameday,greenhouse,philliesgameday
Philo,greenhouse,philo
Philz Coffee,greenhouse,philzcoffeecareers
Phiture GmbH,greenhouse,phiture2
Phizenix,greenhouse,phizenix
phmg,greenhouse,phmg
Phoenix Contact,greenhouse,phoenixcontact
Phoenix Road Animal Hospital,greenhouse,phoenixroadvet
phoenixmed,greenhouse,phoenixmed
PhonePe,greenhouse,phonepe
PhyNet Dermatology LLC (External),greenhouse,phynetdermatology
PhysicsX,greenhouse,physicsx
pia,greenhouse,pia
Piaggio Fast Forward,greenhouse,piaggiofastforward
"Picarro, Inc",greenhouse,picarroinc
Picnic Delivery,greenhouse,try-picnic
Pico,greenhouse,picoquantitativetrading
Picsart Academy,greenhouse,academy
Pie Insurance,greenhouse,pieinsurance
Piermont Bank,greenhouse,piermontbank
Pilot.com,greenhouse,pilothq
pindropsecurity,greenhouse,pindropsecurity
PINE Advisor Solutions,greenhouse,pineadvisorsolutions
Pine Bluff Animal Hospital,greenhouse,pinebluff
Ping Identity,greenhouse,pingidentity
pingcap,greenhouse,pingcap
Pinnacol Assurance,greenhouse,pinnacolassurance
pinterest,greenhouse,pinterest
Pinwheel,greenhouse,pinwheelapi
Pioneer Square Labs,greenhouse,pioneersquarelabs
Pipe Technologies,greenhouse,pipetechnologies
pipe17,greenhouse,pipe17
"Piramidal, Inc.",greenhouse,piramidalinc
pirateship,greenhouse,pirateship
PitchBook Data,greenhouse,pitchbookdata
pivotbio,greenhouse,pivotbio
Pixability,greenhouse,pixability
place,greenhouse,place
Placements.io,greenhouse,placementsio
Placer.ai,greenhouse,placerlabs
placerealestate,greenhouse,placerealestate
Planet,greenhouse,planetlabs
PlanetScale,greenhouse,planetscale
Planful,greenhouse,hostanalytics
planomatic,greenhouse,planomatic
planradar,greenhouse,planradar
Plata Card,greenhouse,platacard
Platform Science,greenhouse,platformscience
platformsh,greenhouse,platformsh
PlayQ,greenhouse,playq
PlayStation Global,greenhouse,sonyinteractiveentertainmentglobal
playworks96,greenhouse,playworks96
pleo,greenhouse,pleo
Plexium Careers,greenhouse,plexium
Plexus Worldwide,greenhouse,plexusworldwidellc
pliancy,greenhouse,pliancy
"Pliant Therapeutics, Inc.",greenhouse,plianttherapeuticsinc
Plooto,greenhouse,plootocareers
plos,greenhouse,plos
PLS,greenhouse,plscareers
Pluckers Wing Bar - Corporate,greenhouse,pluckershomeoffice
Plumbing Systems Inc (PSI),greenhouse,psivail
Plume,greenhouse,plume
pm,greenhouse,pm
PM Studios,greenhouse,pmstudios
PMG,greenhouse,pmg
pocketco,greenhouse,pocketco
Podium,greenhouse,podium81
Point C,greenhouse,pointc
"Point Digital Finance, Inc.",greenhouse,pointdigitalfinance
Point Wild,greenhouse,pointwild
Point72,greenhouse,point72
Point72 Private Investments,greenhouse,p72pi
Poka EN,greenhouse,poka
polaris,greenhouse,polaris
policyexpert,greenhouse,policyexpert
PolyAI,greenhouse,polyai
Polycam Inc.,greenhouse,polycamcareers
Polychain Genesis,greenhouse,genesis
polychaincapital,greenhouse,polychaincapital
polygonus,greenhouse,polygonus
Pomelo Care,greenhouse,pomelocare
ponbikeoperations,greenhouse,ponbikeoperations
Ponderosa Garage Doors,greenhouse,ponderosa
Pontera,greenhouse,pontera
Poppulo,greenhouse,poppulo
Populate,greenhouse,applytopopulate
Porsche Walnut Creek,greenhouse,porschewalnutcreek
Porter Novelli,greenhouse,porternovelli
portwest,greenhouse,portwest
poshmark,greenhouse,poshmark
Postman,greenhouse,postman
postpartumsupportinternational,greenhouse,postpartumsupportinternational
Postscript,greenhouse,postscript
potato,greenhouse,potato
Power Digital,greenhouse,powerdigitalmarketing
Powerhouse Arts,greenhouse,powerhousearts
powertodecide,greenhouse,powertodecide
powerx,greenhouse,powerx
ppco,greenhouse,ppco
pps,greenhouse,pps
pqshield,greenhouse,pqshield
Practising Law Institute,greenhouse,practisinglawinstitute
pracuj,greenhouse,pracuj
praetorian,greenhouse,praetorian
Praxent,greenhouse,praxent
Praxis,greenhouse,praxis
"Praxis Precision Medicines, Inc.",greenhouse,praxisprecisionmedicines
preacher,greenhouse,preacher
Precedent,greenhouse,applytoprecedent
Precisely International Jobs,greenhouse,preciselyinternationaljobs
Precisely US Jobs,greenhouse,preciselyusjobs
Precision AQ,greenhouse,precisionaq
Precision Medicine Group,greenhouse,precisionmedicinegroup
Precision Vehicle Holdings,greenhouse,precisionvehicleholdings
Premier Automation LLC,greenhouse,premierautomation
Premier Dermatology Partners,greenhouse,premierdermatology
Premier Truck Rental,greenhouse,premiertruckrental
prenuvo,greenhouse,prenuvo
PrescriberPoint,greenhouse,prescriberpoint
Presence,greenhouse,presencelearning
Pretium,greenhouse,pretiumpartnersllc
pretiuminternships2026,greenhouse,pretiuminternships2026
Prevail,greenhouse,prevail
Prezzee,greenhouse,prezzee
Prime Medicine,greenhouse,primemedicine
primer.ai,greenhouse,primerai
primexbt,greenhouse,primexbt
Prisma,greenhouse,prisma
prismatic,greenhouse,prismatic
privacy,greenhouse,privacy
Private - Golden State Warriors,greenhouse,privategsw
Private Board,greenhouse,ascend
Private Job Board,greenhouse,hellofreshprivate
privateer,greenhouse,privateer
PrizePicks,greenhouse,prizepicks
Procare Solutions,greenhouse,procaresolutions
Process Street,greenhouse,processstreet
ProCogia,greenhouse,procogia
Proconex,greenhouse,proconex
Prodigal,greenhouse,prodigal
Profluent,greenhouse,profluent
ProFound,greenhouse,profound
Project Management Advisors,greenhouse,pma
project44,greenhouse,project44
project44 Careers,greenhouse,project44opportunities
ProKidney,greenhouse,prokidney
Prolaio,greenhouse,prolaio
Prolific,greenhouse,prolific
Prometheus Real Estate Group,greenhouse,prometheusrealestategroup
Pronto,greenhouse,pronto
Proof,greenhouse,proof
Prophecy,greenhouse,prophecysimpledatalabs
prophero,greenhouse,prophero
prophet,greenhouse,prophet
Prophet Application,greenhouse,directapplication
Prophia,greenhouse,prophia
proponents,greenhouse,proponents
propstack,greenhouse,propstack
ProPublica,greenhouse,propublica
ProPublica Opportunities,greenhouse,propublica02
Prosek Partners,greenhouse,prosek
ProShares,greenhouse,proshares
prospa,greenhouse,prospa
prospectus,greenhouse,prospectus
Prosper Health,greenhouse,prosperhealth
protagonist,greenhouse,protagonist
Protillion Biosciences,greenhouse,protillionbiosciences
proto,greenhouse,proto
Proton,greenhouse,proton
Proton.ai,greenhouse,protonai
Prove,greenhouse,prove
Providence Digital Innovation Group,greenhouse,providencedig
psg,greenhouse,psg
psi-engineering,greenhouse,psi-engineering
PsiBufet,greenhouse,psibufet
PsiQuantum,greenhouse,psiquantum
psl,greenhouse,psl
pt,greenhouse,pt
pti,greenhouse,pti
PUBG EMEA,greenhouse,pubgemea
PUBG Madglory,greenhouse,pubgmadison
PUBG Seattle,greenhouse,pubgseattle
Public,greenhouse,public
PubMatic,greenhouse,pubmatic
pubnub,greenhouse,pubnub
Puffco,greenhouse,puffco
Puget Sound Veterinary Specialty & Emergency,greenhouse,pugetsoundvetspecialists
Pulley,greenhouse,pulley
pulmovant,greenhouse,pulmovant
pulse,greenhouse,pulse
pulsebiosciences,greenhouse,pulsebiosciences
Pulumi,greenhouse,pulumicorporation
Pump.co,greenhouse,pumpcareers
purewow,greenhouse,purewow
purple,greenhouse,purple
Purple Strategies,greenhouse,purplestrategies
purposemed,greenhouse,purposemed
PursueCare,greenhouse,pursuecare
Pursuit,greenhouse,pursuit
pushpay,greenhouse,pushpay
"PVM, Inc.",greenhouse,pvminc
Q-Centrix,greenhouse,qcentrix
qdssjobsohio,greenhouse,qdssjobsohio
QE Job Board,greenhouse,quinnevansapplications
qfhsomaha,greenhouse,qfhsomaha
qgenda,greenhouse,qgenda
qgiv,greenhouse,qgiv
qr,greenhouse,qr
qt,greenhouse,qt
Quadrature Capital,greenhouse,quadraturecapital
quaise,greenhouse,quaise
Qualia,greenhouse,qualia
Qualified Digital,greenhouse,qualifieddigital
Qualio,greenhouse,qualio
qualtrics,greenhouse,qualtrics
Quanata,greenhouse,quanata
QuantHealth,greenhouse,quanthealth
Quantifind,greenhouse,quantifind
Quantiq,greenhouse,quantiq
Quantitative Marketing,greenhouse,qmleads
Quantum Coffee,greenhouse,quantumcoffee
Qube Research & Technologies,greenhouse,quberesearchandtechnologies
"QuEra Computing, Inc.",greenhouse,queracomputinginc
questbridge,greenhouse,questbridge
questdefensesystemssolutionsinc,greenhouse,questdefensesystemssolutionsinc
quetzal,greenhouse,quetzal
quilt,greenhouse,quilt
Quince,greenhouse,quince
quinnevansarchitects,greenhouse,quinnevansarchitects
quinstreet,greenhouse,quinstreet
quip,greenhouse,quip
Quisitive,greenhouse,quisitivejobs
qventus,greenhouse,qventus
R&CPMK,greenhouse,rcpmk
R.W. Zant,greenhouse,rwzant
"RA Capital Management, LLC",greenhouse,racapitalmanagementllc
RAB Lighting,greenhouse,rab
Rabin Martin,greenhouse,rabinmartin
rabota,greenhouse,rabota
Rackner,greenhouse,rackner
racm,greenhouse,racm
RADAR,greenhouse,radar
radaranalytics,greenhouse,radaranalytics
RadiantSecurity,greenhouse,radiantsecurity
Radicle Health,greenhouse,radiclehealth
Radix Trading Experienced Job Board,greenhouse,radixexperienced
Radix Trading University Job Board,greenhouse,radixuniversity
Raft Company Website,greenhouse,raft
RAIC Labs,greenhouse,synthetaic
raisin,greenhouse,raisin
rajasthanroyals,greenhouse,rajasthanroyals
rak,greenhouse,rak
Rakuten Medical Inc. - US,greenhouse,rakutenmedical18
Rampant Technologies,greenhouse,rampanttechnologies
Range,greenhouse,range
Rangeview Inc.,greenhouse,rangeviewinc
"RapidFort, Inc.",greenhouse,rapidfortinc
RapidSOS,greenhouse,rapidsos
RAPP ELP,greenhouse,elp
Rapport Therapeutics,greenhouse,rapporttherapeutics
Raptor Technologies,greenhouse,raptortechnologies
rater8,greenhouse,rater8
raven,greenhouse,raven
Rawls Animal Hospital,greenhouse,rawls
Raye IT Consulting,greenhouse,rayeitconsulting
Razorpay Software Private Limited,greenhouse,razorpaysoftwareprivatelimited
rcc,greenhouse,rcc
RCLCO,greenhouse,rclco
RCX Sports,greenhouse,rcxsports
rdccareers,greenhouse,rdccareers
Re-Bath,greenhouse,rebathcorporate
Re:Build Manufacturing,greenhouse,rebuildmanufacturing
Reach Financial,greenhouse,reach
reach3insights,greenhouse,reach3insights
reachdesk,greenhouse,reachdesk
Reactivate,greenhouse,reactivate
Ready,greenhouse,ready
readysettechnologyinc,greenhouse,readysettechnologyinc
Readystate Asset Management,greenhouse,readystate
Real Chemistry,greenhouse,realchemistry
Real-Time Innovations,greenhouse,rti
Realm,greenhouse,realm
realpha,greenhouse,realpha
realtimeboardglobal,greenhouse,realtimeboardglobal
realtymogul,greenhouse,realtymogul
Rebag,greenhouse,rebag
rebet,greenhouse,rebet
rebtel,greenhouse,rebtel
rebuilt,greenhouse,rebuilt
recall,greenhouse,recall
Recast,greenhouse,recast
Recidiviz,greenhouse,recidiviz
recode,greenhouse,recode
ReCode Therapeutics,greenhouse,recodetherapeutics
Recorded Future,greenhouse,recordedfuture
Recruitis,greenhouse,recruitis
Rectangle Health,greenhouse,rectanglehealth
recurrent,greenhouse,recurrent
Recursion,greenhouse,recursionpharmaceuticals
Red Cell Partners,greenhouse,redcellpartners
Redding Ridge Asset Management,greenhouse,reddingridge
Reddit,greenhouse,reddit
RedHelm,greenhouse,onepath
RedPeak,greenhouse,redpeak
Redpin,greenhouse,currenciesdirect
redstoneresidential,greenhouse,redstoneresidential
redventures,greenhouse,redventures
Redwood Materials,greenhouse,redwoodmaterials
Redwood Software,greenhouse,redwoodsoftware
ref,greenhouse,ref
Referral Board,greenhouse,referralsuseonly
Referrals Only,greenhouse,thoughtworksreferral
Referrals Only,greenhouse,monzoreferrals
referralsonly,greenhouse,referralsonly
Reflective,greenhouse,reflective
reflex,greenhouse,reflex
Reflexivity,greenhouse,toggleai
Reformation,greenhouse,reformation
Regent,greenhouse,regent
regie,greenhouse,regie
Regional Center of the East Bay,greenhouse,regionalcenteroftheeastbay
RegScale,greenhouse,regscale
Relai,greenhouse,technology
RelationalAI,greenhouse,relationalai
Relativity Space,greenhouse,relativity
Relay,greenhouse,relaypro
Relay Graduate School of Education,greenhouse,relaygraduateschoolofeducation
Relay Network,greenhouse,relaynetwork
Relay Payments,greenhouse,relaypayments
Relay Therapeutics,greenhouse,relaytherapeutics
released,greenhouse,released
relex,greenhouse,relex
Reliant,greenhouse,reliant
Relocity,greenhouse,relocity
Reltio,greenhouse,reltio
remedyedgelondon,greenhouse,remedyedgelondon
remedyedgespain,greenhouse,remedyedgespain
remedyhomehealthcare,greenhouse,remedyhomehealthcare
Remesh,greenhouse,remesh
Remix Therapeutics,greenhouse,remixtherapeutics
remm,greenhouse,remm
remodelhealth,greenhouse,remodelhealth
Remora,greenhouse,remoracarbon
Remotasks,greenhouse,remotasks
Remote,greenhouse,remotecom
remote,greenhouse,remote
Remote - Referral Board,greenhouse,remotereferralboardinternaluseonly
Remote Jobs At Sandstone Care,greenhouse,sandstoneremote
Remote Positions,greenhouse,opremote
Remote Woman,greenhouse,remotewoman
remotepeople,greenhouse,remotepeople
remotetcx,greenhouse,remotetcx
Ren,greenhouse,renpsg
Renaissance Learning EMEA APAC,greenhouse,renaissancelearning-emea
Renaissance Learning North America,greenhouse,renaissancelearning-nam
Renewed Vision,greenhouse,renewedvision
Rent the Runway,greenhouse,renttherunway
reolink,greenhouse,reolink
RepeatMD,greenhouse,repeatmd
reproductivefreedomforall,greenhouse,reproductivefreedomforall
Resident,greenhouse,residenthome
residential,greenhouse,residential
resilience,greenhouse,resilience
Resolve To Save Lives,greenhouse,resolvetosavelives
Resonate,greenhouse,resonate
ResortPass,greenhouse,resortpass
Resource Environmental Solutions LLC,greenhouse,res
restart,greenhouse,restart
Results For America,greenhouse,resultsforamerica
retail,greenhouse,retail
RetailNext,greenhouse,retailnext
retraced,greenhouse,retraced
Returners Job Board,greenhouse,chicago
Reunion Marketing,greenhouse,reunionmarketing
Revance,greenhouse,revance
revel,greenhouse,revel
Revero,greenhouse,revero
RevGen Partners,greenhouse,revgenpartners
Revivn,greenhouse,revivn
Revlon Corporate,greenhouse,revloncorporate
Revolution Medicines,greenhouse,revolutionmedicines
Rewards Network,greenhouse,rewardsnetwork
rexfordindustrial,greenhouse,rexfordindustrial
Reynolds Orthodontics,greenhouse,reynoldsorthodontics
RF-SMART,greenhouse,rfsmart
rfa,greenhouse,rfa
rga,greenhouse,rga
rgd,greenhouse,rgd
"Rhombus Power, Inc.",greenhouse,rhombuspower
"Rhythm Software, Inc.",greenhouse,rhythmsoftwareinc
rialtic,greenhouse,rialtic
Riboli Family Wines,greenhouse,ribolifamilywines
Rice Creek Animal Hospital,greenhouse,ricecreek
ridgeline,greenhouse,ridgeline
Right Way Garage Doors,greenhouse,rightway
rightship,greenhouse,rightship
rightwayhealthcare,greenhouse,rightwayhealthcare
RigUp,greenhouse,rigup
Rimes Technologies,greenhouse,rimestechnologies
ringconcierge,greenhouse,ringconcierge
ringdna,greenhouse,ringdna
riotgames,greenhouse,riotgames
ripple,greenhouse,ripple
ripplematch,greenhouse,ripplematch
Rise8,greenhouse,rise8
riseamg,greenhouse,riseamg
riseforfamilies,greenhouse,riseforfamilies
risingwings,greenhouse,risingwings
Risk Ledger,greenhouse,riskledger
riskified,greenhouse,riskified
Rithum,greenhouse,rithum
Rithum LinkedIn Board,greenhouse,rithumliboard
Ritter & Brogden Orthodontics,greenhouse,ritterandbrogdenorthodontics
Ritual,greenhouse,ritual
riv,greenhouse,riv
rivaltechnologies,greenhouse,rivaltechnologies
Riverlane,greenhouse,riverlane
riversidenaturalfoodsltd,greenhouse,riversidenaturalfoodsltd
Rivia Mind,greenhouse,riviamind
riviamind1,greenhouse,riviamind1
rjm,greenhouse,rjm
rmci,greenhouse,rmci
Road to Hire,greenhouse,roadtohire
Roadie,greenhouse,roadie
RoadRunner Recycling Inc.,greenhouse,roadrunner
Roark Capital,greenhouse,roarkcapitalgroup
Robinhood,greenhouse,robinhood
Robinson Animal Hospital,greenhouse,robinsonhospitalforanimals
roblox,greenhouse,roblox
RoboForce,greenhouse,roboforce
robotsandpencils,greenhouse,robotsandpencils
Roboyo,greenhouse,roboyo
Rockbot,greenhouse,rockbot
Rocket EMS,greenhouse,rocketems
Rocket Lab Corporation,greenhouse,rocketlab
Rocket Lawyer,greenhouse,rocketlawyer
Rocket Money,greenhouse,truebill
"Rocket Travel, Inc.",greenhouse,rocketmiles
Rocket.Chat,greenhouse,rocketchat
rocketreach,greenhouse,rocketreach
Rockstar Games,greenhouse,rockstargames
roivantsciences,greenhouse,roivantsciences
roka,greenhouse,roka
roku,greenhouse,roku
"Roland Foods, LLC",greenhouse,rolandfoodsllc
ROLLER,greenhouse,roller
Rome Community Partners,greenhouse,community
Rondo Energy,greenhouse,rondoenergy
Roo,greenhouse,roo
roofstock,greenhouse,roofstock
root,greenhouse,root
rooted,greenhouse,rooted
rootstocklabsltd,greenhouse,rootstocklabsltd
rosebud,greenhouse,rosebud
route,greenhouse,route
Royal Vet,greenhouse,royalvet
rpa,greenhouse,rpa
rps,greenhouse,rps
rqdclearingllc,greenhouse,rqdclearingllc
rstudio,greenhouse,rstudio
rtbhouse,greenhouse,rtbhouse
RTINGS.com,greenhouse,rtingscom
rtp,greenhouse,rtp
RTW Investments,greenhouse,rtwinvestments
Rubicon Carbon,greenhouse,rubiconcarbon
Rubrik Job Board,greenhouse,rubrik
rubyhotels,greenhouse,rubyhotels
RUE GILT GROUPE,greenhouse,ruelala
Ruggable,greenhouse,ruggable
Rugged Robotics,greenhouse,ruggedrobotics
Rumble - Career Page,greenhouse,rumble
Runwise,greenhouse,runwise
runzero,greenhouse,runzero
Rush Street Interactive,greenhouse,rushstreetinteractive
Russett Southwest,greenhouse,russett
rva,greenhouse,rva
RVi Planning + Landscape Architecture,greenhouse,rvi
RVO Health,greenhouse,rvohealth
RXR,greenhouse,rxr
rxrprivate,greenhouse,rxrprivate
RxSense,greenhouse,rxsense
Ryan Stuart Development,greenhouse,ryanstuartdev
Rye Harrison Veterinary Hospital,greenhouse,ryeharrison
rzr,greenhouse,rzr
sa,greenhouse,sa
saas.group,greenhouse,saasgroup
saatva,greenhouse,saatva
SADA India,greenhouse,sadaindia
Safari AI,greenhouse,safariai
safebreach,greenhouse,safebreach
Safety Worxs,greenhouse,safetyworxs
sage,greenhouse,sage
Sage Corps Program Applications,greenhouse,sagecorps
Sage Home Loans Corporation,greenhouse,sagehomeloanscorporation
sage49,greenhouse,sage49
Sagent,greenhouse,sagent
sagesure,greenhouse,sagesure
Sail Biomedicines,greenhouse,sendabiosciences
salesloft,greenhouse,salesloft
salientmotion,greenhouse,salientmotion
Salsify,greenhouse,salsify
SALT XC,greenhouse,saltxc
Saltbox,greenhouse,saltbox
saltsecurity,greenhouse,saltsecurity
Sama,greenhouse,samainc
samaraaerospace,greenhouse,samaraaerospace
Samaya AI,greenhouse,samayaai
SambaNova Systems,greenhouse,sambanovasystems
samsara,greenhouse,samsara
Samsara Talent Attraction Opportunities,greenhouse,recruitingprograms
Samsung Next,greenhouse,samsungnext
Samsung Research America Internship,greenhouse,samsungresearchamericainternship
Samsung Semiconductor,greenhouse,samsungsemiconductor
samsungresearchamerica,greenhouse,samsungresearchamerica
San Francisco AIDS Foundation,greenhouse,sfaf
San Francisco Campus for Jewish Living,greenhouse,sanfranciscocampusforjewishliving
Sana Biotechnology,greenhouse,sanabiotech
Sand Tech Holdings Limited,greenhouse,sandtechholdingslimited
Sandboxx,greenhouse,sandboxx
sandiegocommunitypower,greenhouse,sandiegocommunitypower
sandler,greenhouse,sandler
Sands Capital,greenhouse,sandscapitalmanagementllc
sandsinvestmentgroup,greenhouse,sandsinvestmentgroup
Sandstone Care,greenhouse,sandstonecare
"Sandstone Care - Alexandria, Virginia",greenhouse,sandstonecarealexandria
"Sandstone Care - Cascade, Colorado",greenhouse,sandstonecascade
"Sandstone Care - Castle Rock, Colorado",greenhouse,sandstonecarecastlerock
"Sandstone Care - Colorado Springs, Colorado (Outpatient)",greenhouse,sandstonecoloradospringsoutpatient
"Sandstone Care - North Bethesda, Maryland",greenhouse,sandstonenorthbethesda
sandstonebaltimore,greenhouse,sandstonebaltimore
sandstonecareboulder,greenhouse,sandstonecareboulder
sandstonecarebroomfield,greenhouse,sandstonecarebroomfield
sandstonecarerichmond,greenhouse,sandstonecarerichmond
sandstonecarevirginiabeach,greenhouse,sandstonecarevirginiabeach
sandstonechantilly,greenhouse,sandstonechantilly
sandstonecoloradomedicaldetox,greenhouse,sandstonecoloradomedicaldetox
sandstonemaryland,greenhouse,sandstonemaryland
sandstonevirginia,greenhouse,sandstonevirginia
Sangaree Animal Hospital,greenhouse,sangareevet
sanmar,greenhouse,sanmar
Santex,greenhouse,santex
sao,greenhouse,sao
Sarver Streeter Orthodontics,greenhouse,sarverorthodontics
sas,greenhouse,sas
sassoon,greenhouse,sassoon
Sauce Labs Inc.,greenhouse,saucelabs
savoylife,greenhouse,savoylife
saxbys,greenhouse,saxbys
Sayari,greenhouse,sayari
sbenergy,greenhouse,sbenergy
sbusa,greenhouse,sbusa
sc,greenhouse,sc
Scale AI,greenhouse,scaleai
scalellp,greenhouse,scalellp
scalemonk,greenhouse,scalemonk
Scandit,greenhouse,scandit
Scangroup,greenhouse,scangroup
scanner,greenhouse,scanner
Schimenti Construction Company,greenhouse,schimenticonstructioncompany
Schonfeld,greenhouse,schonfeld
School in the Square,greenhouse,schoolinthesquare
schooljobs,greenhouse,schooljobs
SchoolMint,greenhouse,schoolmint
schoolstatus,greenhouse,schoolstatus
Schrödinger,greenhouse,schrdinger
schubergphilis,greenhouse,schubergphilis
Schwarzman Animal Medical Center,greenhouse,animalmedicalcenter
science37,greenhouse,science37
scm,greenhouse,scm
SCM,greenhouse,scmaea
Scopely,greenhouse,scopely
"Scorpion Enterprises, LLC",greenhouse,scorpionenterprisesllc
Scotch,greenhouse,scotch
Scout AI,greenhouse,scoutai
Scout Motors,greenhouse,scoutmotors
Scout Space,greenhouse,scoutspace
Scout Veterinary Urgent Care,greenhouse,scoutveterinarycare
scout24,greenhouse,scout24
Scowtt Inc,greenhouse,scowtt
scribbr,greenhouse,scribbr
scsfinancial,greenhouse,scsfinancial
sct,greenhouse,sct
seafireresortltd,greenhouse,seafireresortltd
Seaport Therapeutics,greenhouse,seaporttherapeutics
seatgeek,greenhouse,seatgeek
Seattle Sounders FC & Seattle Reign FC,greenhouse,seattlesoundersfc
Second Order Effects,greenhouse,soeffects
secondarysocials,greenhouse,secondarysocials
secret123,greenhouse,secret123
Secretariat,greenhouse,secretariatadvisorsllc
secure,greenhouse,secure
Securitize,greenhouse,securitize
securityscorecard,greenhouse,securityscorecard
Securly,greenhouse,securly13
sedna,greenhouse,sedna
sedo,greenhouse,sedo
Seed,greenhouse,seed
SeekOut,greenhouse,seekout
Seekr,greenhouse,seekr
Seen Health,greenhouse,seenhealth
seer,greenhouse,seer
Seesaw,greenhouse,seesaw
SEI,greenhouse,sei
seisandbox,greenhouse,seisandbox
Select Management Group,greenhouse,selectmanagementgroup
Self Financial,greenhouse,selffinancial
Selini Capital,greenhouse,selinicapital
Semafor,greenhouse,semafor
sendbird,greenhouse,sendbird
sendle,greenhouse,sendle
Seneca Holdings,greenhouse,shinvestmentsllc
Senra Systems,greenhouse,senrasystems
sensei,greenhouse,sensei
senseiag,greenhouse,senseiag
Sensible Care,greenhouse,sensiblecare
sentinellabs,greenhouse,sentinellabs
SEO (Sponsors for Educational Opportunity),greenhouse,sponsorsforeducationalopportunity
Seoul Robotics,greenhouse,seoulrobotics
Septerna,greenhouse,septerna
seres,greenhouse,seres
serhant,greenhouse,serhant
"Serif Biomedicines, Inc.",greenhouse,serif
Serino Coyne,greenhouse,serinocoyne
Sertrading,greenhouse,sertradingsa
servicechampions,greenhouse,servicechampions
serviceexpress,greenhouse,serviceexpress
ses,greenhouse,ses
sesai,greenhouse,sesai
SESAMm,greenhouse,sesamm
"Seso Inc.,",greenhouse,sesolabor
Setpoint,greenhouse,setpoint
Seurat Technologies,greenhouse,seurat
Seven Research,greenhouse,sevenresearch
"SevenRooms, a DoorDash company - United Arab Emirates",greenhouse,sevenroomsuae
Seymour Veterinary Clinic,greenhouse,seymourveterinaryclinic
Seyond,greenhouse,seyond
Sezzle,greenhouse,sezzle
SFOX,greenhouse,sfox
sgfieldinternal,greenhouse,sgfieldinternal
Sgt. Pepper's Lonely Hearts Club Band,greenhouse,disney
shadow,greenhouse,shadow
shaker,greenhouse,shaker
Shaper Capital,greenhouse,shapercapital
Sharebite,greenhouse,sharebite
SharkNinja,greenhouse,sharkninjaoperatingllc
Sharp Electronics,greenhouse,sharpelectronics
shawnee,greenhouse,shawnee
shednycinc,greenhouse,shednycinc
SHEIN,greenhouse,shein
shelf,greenhouse,shelf
Shennon Biotechnologies,greenhouse,shennonbiotechnologies
Shields Health Solutions,greenhouse,shieldshealthsolutions
Shift Technology,greenhouse,shifttechnology
Shift5,greenhouse,shift5
Shimizu North America,greenhouse,shimizunorthamerica
Shinola,greenhouse,shinola
Shinola- Retail,greenhouse,shinolaretail
"ShipBob, Inc.",greenhouse,shipbobinc
shipfusion,greenhouse,shipfusion
shiphawk,greenhouse,shiphawk
shipmonk,greenhouse,shipmonk
shipwell,greenhouse,shipwell
Shopmonkey,greenhouse,shopmonkey
ShopMy,greenhouse,shopmy
"Shorelight, LLC",greenhouse,shorelightllc
Short Term Rotation,greenhouse,str
showpad,greenhouse,showpad
siboneinc,greenhouse,siboneinc
Sidecar Health,greenhouse,sidecarhealth
Siegel Family Endowment,greenhouse,siegelfamilyendowment
Sift Healthcare,greenhouse,sifthealthcare
Sightline Media Group,greenhouse,sightlinemediagroup
Sigma Computing,greenhouse,sigmacomputing
Sigmoid,greenhouse,sigmoid
signalandstrand,greenhouse,signalandstrand
Signers National,greenhouse,signerscareers
Signifyd,greenhouse,signifyd95
signpost,greenhouse,signpost
Sila,greenhouse,silananotechnologies
silicon,greenhouse,silicon
Silicon Ranch Corporation,greenhouse,siliconranch
Silverado,greenhouse,silverado
silverrail,greenhouse,silverrail
silversky,greenhouse,silversky
silvr,greenhouse,silvr
Silvus Technologies,greenhouse,silvus
Similarweb,greenhouse,similarweb
Simple Technology Solutions,greenhouse,simpletechnologysolutions
simplepractice55,greenhouse,simplepractice55
Simplesense,greenhouse,simplesense
Simplex Trading,greenhouse,simplextrading
simplifed,greenhouse,simplifed
simplifyjobsintegrationsandbox,greenhouse,simplifyjobsintegrationsandbox
simplisafe,greenhouse,simplisafe
"Simplistic, LLC",greenhouse,simplisticllc
Simpluris,greenhouse,simpluris
SimplyInsured,greenhouse,si
SimplyTold,greenhouse,simplytold
Simpplr,greenhouse,simpplr
simpsongumpertzheger,greenhouse,simpsongumpertzheger
Simtra BioPharma Solutions,greenhouse,simtrabps
Simula Research Laboratory,greenhouse,simula
SimulaMet,greenhouse,simulamet
singlefile,greenhouse,singlefile
SingleStore,greenhouse,singlestore
singularity6,greenhouse,singularity6
SirenOpt,greenhouse,sirenopt
Sirona Medical,greenhouse,sironamedical
sirum,greenhouse,sirum
sisco,greenhouse,sisco
Sisense,greenhouse,sisense
Siteline,greenhouse,siteline
sitrepsllc,greenhouse,sitrepsllc
Sixfold,greenhouse,sixfold
"SixGen, Inc.",greenhouse,sixgeninc
Sixth Street,greenhouse,sixthstreet
SK hynix America,greenhouse,skhynixamerica
Skedda,greenhouse,skedda
skellig,greenhouse,skellig
Skild AI,greenhouse,skildai-careers
Skilled Physicians Group,greenhouse,skilledphysiciansgroup
skilledwoundcare,greenhouse,skilledwoundcare
skillsoft,greenhouse,skillsoft
skillzinc,greenhouse,skillzinc
Skin Clique,greenhouse,skinclique
Skin Laundry,greenhouse,skinlaundry
skyepointdecisionsinc,greenhouse,skyepointdecisionsinc
Skylight,greenhouse,skylighthq
Skyryse,greenhouse,skyryse
skyscanner,greenhouse,skyscanner
Sleep Doctor,greenhouse,sleepdoctor
slice,greenhouse,slice
slickdeals,greenhouse,slickdeals
slideinsurance,greenhouse,slideinsurance
Slingshot Biosciences,greenhouse,slingshotbiosciences
slingshotaerospace,greenhouse,slingshotaerospace
SmartAsset,greenhouse,smartasset
SmartBear,greenhouse,smartbear
Smartcat,greenhouse,smartcatplatforminc
SmarterDx,greenhouse,smarterdx
SmarterDx (Private),greenhouse,smarterdxprivate
smartertechnologies,greenhouse,smartertechnologies
Smartling,greenhouse,smartling
Smartly,greenhouse,smartlyio
SmartRent,greenhouse,smartrent
Smartsheet,greenhouse,smartsheet
SmartyPants Vitamins,greenhouse,smartypantsvitamins
smava GmbH,greenhouse,smavagmbh
SMCP NORTH AMERICA,greenhouse,smcpnorthamerica44hq
"SMCP NORTH AMERICA (US, CANADA)",greenhouse,smcp
smemaryland,greenhouse,smemaryland
smepennsylvania,greenhouse,smepennsylvania
SmithRx,greenhouse,smithrx
smugmug,greenhouse,smugmug
smxtech,greenhouse,smxtech
"Snap! Mobile, Inc.",greenhouse,snapmobileinc
Snorkel AI,greenhouse,snorkelai
Snow Companies,greenhouse,snowcompanies
"SNS One, Inc.",greenhouse,snsone
SOCi,greenhouse,soci
Social Finance,greenhouse,socialfinance
Social Science Research Council,greenhouse,socialscienceresearchcouncil
Socket,greenhouse,socket
sofi,greenhouse,sofi
soft2bet,greenhouse,soft2bet
Soho House & Co.,greenhouse,sohohouseco
Soho House via Hosco,greenhouse,hosco
sohohousecaterer,greenhouse,sohohousecaterer
Sol de Janeiro,greenhouse,soldejaneiro
SOL Mental Health,greenhouse,solmentalhealth
solarengine,greenhouse,solarengine
solari,greenhouse,solari
Solaris,greenhouse,solarisbank
solarwinds,greenhouse,solarwinds
Solera Health,greenhouse,solera
Solid Power,greenhouse,solidpower
soligent,greenhouse,soligent
Sollis Health,greenhouse,sollishealth
"Solo.io, Inc.",greenhouse,soloioinc
solomonpartnersprofessionals,greenhouse,solomonpartnersprofessionals
solomonpartnersstudentsgraduates,greenhouse,solomonpartnersstudentsgraduates
solutions,greenhouse,solutions
solutionsbytext,greenhouse,solutionsbytext
somethingspecialstudios,greenhouse,somethingspecialstudios
Sonatus,greenhouse,sonatus
Sonder.io,greenhouse,sonderaustralia
songtrust,greenhouse,songtrust
sonic,greenhouse,sonic
SonicWall,greenhouse,sonicwall
Sono Bello,greenhouse,sonobello
SonoThera,greenhouse,sonothera
Sony Honda Mobility of America,greenhouse,sonyhondamobilityofamerica
Sony Music Careers - Asia & Middle East,greenhouse,sonymusicasiacareers
Sony Music Entertainment Germany,greenhouse,sonymusicde
Sony Music Entertainment Internship Program (US),greenhouse,sonymusicinternshipsus
Sony Music Entertainment Netherlands,greenhouse,sonymusiccareersnetherlands
Sony Music Entertainment Norway,greenhouse,sonymusiccareersnorway
Sony Music Global Job Board,greenhouse,sonymusicentertainment
Sony Pictures Animation,greenhouse,sonypicturesanimation
Sony Pictures Imageworks,greenhouse,sonypicturesimageworks
sonymusiccareersaustralia,greenhouse,sonymusiccareersaustralia
sonymusiccareersitaly,greenhouse,sonymusiccareersitaly
sorcero,greenhouse,sorcero
Sorella Labs Inc.,greenhouse,sorellalabs
Soros Fund Management,greenhouse,familyoffice
Sotheby's,greenhouse,sothebys
soundagriculture,greenhouse,soundagriculture
SoundCloud,greenhouse,soundcloud71
Sourcegraph,greenhouse,sourcegraph91
sourcengine,greenhouse,sourcengine
sourcescrub,greenhouse,sourcescrub
South Columbus Preparatory Academy - German Village,greenhouse,southcolumbuspreparatoryacademygermanvillage
South Shore Skin Center,greenhouse,southshoreskin
South Star Software Private Limited,greenhouse,southstarcareers
southernpovertylawcenter,greenhouse,southernpovertylawcenter
Southgate Surgery Center,greenhouse,cscmi
"Southwest Title Loans, Inc",greenhouse,southwesttitleloans
Sovrn,greenhouse,sovrn
space,greenhouse,space
Space Kinetic,greenhouse,spacekinetic
spaceship,greenhouse,spaceship
SpaceX,greenhouse,spacex
Spade,greenhouse,spade
SPARETECH,greenhouse,sparetech
Spark Advisors,greenhouse,sparkadvisors
Sparkfund,greenhouse,sparkfund
Sparkland,greenhouse,sparkland
Sparksoft Corporation,greenhouse,sparksoftcorporation
Spaulding Ridge,greenhouse,spauldingridge
spauldingridgejobs,greenhouse,spauldingridgejobs
specialty1,greenhouse,specialty1
SpecterOps,greenhouse,specterops
Speechify,greenhouse,speechify
Speechmatics,greenhouse,speechmatics
Speed Bay Warehouse Solutions,greenhouse,speedbaywarehousesolutions
spektr,greenhouse,spektr
Spektrum,greenhouse,spektrum
spf,greenhouse,spf
sphereentertainment,greenhouse,sphereentertainment
sphinxdefense,greenhouse,sphinxdefense
Spin Careers,greenhouse,spin
Spinnaker Support,greenhouse,spinnakersupport
spins,greenhouse,spins
spire,greenhouse,spire
spiro,greenhouse,spiro
Splash Financial,greenhouse,splashfinancial
splice,greenhouse,splice
splitero,greenhouse,splitero
spotandtango,greenhouse,spotandtango
SpotHero,greenhouse,spothero
SpotHopper,greenhouse,spothopper
spotinc,greenhouse,spotinc
SpotMe,greenhouse,spotme
Spotsylvania Animal Hospital,greenhouse,spotsylvaniaanimalhospital
Spotter,greenhouse,spotter
sprchrgr,greenhouse,sprchrgr
Sprengnetter GmbH,greenhouse,sprengnetter
Spring Fertility,greenhouse,springfertility
Spring Health,greenhouse,springhealth66
Springboard,greenhouse,springboardmentors
Springboard Roles,greenhouse,springboard
Springfield Prep Charter School,greenhouse,springfieldprep
SpringWorks Therapeutics,greenhouse,springsworkstherapeutics
sprocketsecurity,greenhouse,sprocketsecurity
Sprout General Referrals,greenhouse,ssreferrals
sproutsocial,greenhouse,sproutsocial
spryker,greenhouse,spryker
SPS-North America,greenhouse,spsnorthamerica
SPS-North America Opportunities - Not Externally Posted Board,greenhouse,spsnorthamericaselected
sptc,greenhouse,sptc
SpyCloud,greenhouse,spycloud
spyretherapeutics,greenhouse,spyretherapeutics
squad,greenhouse,squad
Squarepoint Capital,greenhouse,squarepointcapital
squarespace,greenhouse,squarespace
Squint Opera,greenhouse,squintopera
squishable,greenhouse,squishable
SRS Acquiom,greenhouse,srsacquiom
st,greenhouse,st
Stability AI,greenhouse,stabilityai
Stable Kernel,greenhouse,stablekernel
Stack AV,greenhouse,stackav
StackAdapt,greenhouse,stackadapt
stackadapt-confidential,greenhouse,stackadapt-confidential
stackexchange,greenhouse,stackexchange
Stackline,greenhouse,stackline
Stacklok,greenhouse,stacklok
staffbase,greenhouse,staffbase
stage,greenhouse,stage
staged,greenhouse,staged
stahls,greenhouse,stahls
"Standard Nuclear, Inc.",greenhouse,standardnuclearinc
standardiron,greenhouse,standardiron
standardmetrics,greenhouse,standardmetrics
Stanley 1913,greenhouse,stanley1913-us
Starburst,greenhouse,starburst
Starcloud,greenhouse,starcloud
starfaceworld,greenhouse,starfaceworld
Starfish Neuroscience,greenhouse,starfishneuroscience
starlabs,greenhouse,starlabs
starmind,greenhouse,starmind
StarRez,greenhouse,starrez
StarTree,greenhouse,startree
starwars,greenhouse,starwars
stashinvest,greenhouse,stashinvest
stateaffairs,greenhouse,stateaffairs
status72,greenhouse,status72
steadfasthealth,greenhouse,steadfasthealth
Stealth Co,greenhouse,stealthco
Steer,greenhouse,steercrm
stellarcore,greenhouse,stellarcore
stelo,greenhouse,stelo
stepmobile,greenhouse,stepmobile
stepstone,greenhouse,stepstone
sterling,greenhouse,sterling
"Sterlington, PLLC",greenhouse,sterlingtonpllc
Stevens Capital Management LP - Full Time and Internships,greenhouse,ftandinternships
Stevenson Village Veterinary Hospital,greenhouse,stevensonvillagejobs
sti,greenhouse,sti
stirlingpdf,greenhouse,stirlingpdf
stitch,greenhouse,stitch
Stitch Fix Annex,greenhouse,204951305985924
stitchfix,greenhouse,stitchfix
StockX,greenhouse,stockx
Stoke Space,greenhouse,stokespacetechnologies
stone,greenhouse,stone
Stone Barns Center,greenhouse,stonebarnscenter
Stone Kite,greenhouse,stonekite
storable,greenhouse,storable
Story Cannabis,greenhouse,storycannabis
Storyblocks,greenhouse,storyblocks
storyblok,greenhouse,storyblok
STR,greenhouse,systemstechnologyresearch
Straight Arrow,greenhouse,straightarrownews
strandtherapeutics,greenhouse,strandtherapeutics
Strata Decision Technology,greenhouse,stratacareers
Strata Information Group,greenhouse,stratainformationgroup
Strategic HR Client Job Openings,greenhouse,strategichr
strategicmissioncritical,greenhouse,strategicmissioncritical
strategicprojectpartners,greenhouse,strategicprojectpartners
strato,greenhouse,strato
stratolaunch,greenhouse,stratolaunch
Stress Free Auto Care,greenhouse,stressfree
"Striim, Inc.",greenhouse,striiminc
strike,greenhouse,strike
Striking Distance Studios,greenhouse,pubgsanramon
Stripe,greenhouse,stripe
Strive Health,greenhouse,strivehealth
strivepharmacy,greenhouse,strivepharmacy
Striveworks,greenhouse,striveworks
stronghouse,greenhouse,stronghouse
strongpointpartners,greenhouse,strongpointpartners
struck,greenhouse,struck
sts,greenhouse,sts
StubHub,greenhouse,stubhubinc
Studio Designer,greenhouse,studiodesigner
STUDS,greenhouse,studsinc
Study.com,greenhouse,studycareers
Study.com C,greenhouse,studycontractors
studygroup,greenhouse,studygroup
submittable,greenhouse,submittable
Subsplash,greenhouse,subsplash
Success Academy Charter Schools,greenhouse,successacademycharterschool
sudstop,greenhouse,sudstop
suitsupply,greenhouse,suitsupply
Suki,greenhouse,suki
Summer,greenhouse,summer
Summit Partners,greenhouse,summitpartnerslp
Summit Therapeutics,greenhouse,summittherapeutics
Sumo Logic,greenhouse,sumologic
sumofus,greenhouse,sumofus
sumup,greenhouse,sumup
Sunnova Energy Corporation,greenhouse,sunnova
sunnymorningfoods,greenhouse,sunnymorningfoods
Sunnyside*,greenhouse,sunnyside
Sunrise Management,greenhouse,sunrise
sunrise-landscape,greenhouse,sunriselandscape
sunriseaba,greenhouse,sunriseaba
sunriseunitedstatesinc,greenhouse,sunriseunitedstatesinc
Sunset Magazine,greenhouse,sunset
suntimes,greenhouse,suntimes
Super-Sod,greenhouse,supersod
supergoop,greenhouse,supergoop
superior,greenhouse,superior
SuperJoy,greenhouse,superjoy
"Superluminal Medicines, Inc.",greenhouse,superluminalrx
Supermetrics,greenhouse,supermetricsoy
Supernal,greenhouse,supernal
superpayments,greenhouse,superpayments
superset,greenhouse,superset
SupplyHouse.com,greenhouse,supplyhouse
support,greenhouse,support
Supporting Strategies,greenhouse,supportingstrategies
Supporting Strategies Careers,greenhouse,supportingstrategies1
supreme,greenhouse,supreme
Surefire Cyber,greenhouse,surefirecyber
Sureify,greenhouse,sureify
Surmodics,greenhouse,surmodics
SurveyMonkey,greenhouse,surveymonkey
sus,greenhouse,sus
Sustainable Talent,greenhouse,sustainabletalent
Sustainable Westchester,greenhouse,sustainablewestchester
Sustainment,greenhouse,sustainment
suvoda,greenhouse,suvoda
Svetness Personal Training,greenhouse,svetness
Swayable,greenhouse,swayable
sweetgreen,greenhouse,sweetgreen
swellmedia,greenhouse,swellmedia
Swift Solar,greenhouse,swiftsolar
swimtopia,greenhouse,swimtopia
switzerland,greenhouse,switzerland
swoogo,greenhouse,swoogo
sxseenterprisesllc,greenhouse,sxseenterprisesllc
sylogist,greenhouse,sylogist
SYLVAIN,greenhouse,sylvain
symmetry,greenhouse,symmetry
symphony,greenhouse,symphony
Synack,greenhouse,synack
Synack SRT,greenhouse,synacksrt
synaptic,greenhouse,synaptic
"SYNCO Properties, Inc.",greenhouse,syncopropertiesinc
syncro,greenhouse,syncro
syndaxpharmaceuticals,greenhouse,syndaxpharmaceuticals
Syndigo,greenhouse,syndigo
syndio,greenhouse,syndio
Syner-G,greenhouse,synerg
Synthesis Health,greenhouse,synthesishealth
syp,greenhouse,syp
Syska Hennessy Group,greenhouse,syskahennessy
System,greenhouse,system
systemintegration,greenhouse,systemintegration
systems,greenhouse,systems
T-Rex Solutions,greenhouse,trexsolutions
taboola,greenhouse,taboola
tactacam,greenhouse,tactacam
tactilemedical,greenhouse,tactilemedical
TailorCare,greenhouse,tailorcare2023
Tailscale,greenhouse,tailscale
taiwan,greenhouse,taiwan
Take Command Health,greenhouse,takecommandhealth
"Take-Two Interactive Software, Inc.",greenhouse,taketwo
takealot.com,greenhouse,takealotcom
talent,greenhouse,talent
Talkdesk,greenhouse,talkdesk2
Talkspace Corporate,greenhouse,talkspace
Talkspace Remote Psychiatric Nurse Practitioner Roles,greenhouse,talkspacepsychiatry
Talkspace Remote Therapist Roles,greenhouse,talkspacetherapist
Talon.One,greenhouse,talonone
talroo,greenhouse,talroo
tamara,greenhouse,tamara
TandemLaunch,greenhouse,tandemlaunch
Tango Therapeutics,greenhouse,tangotherapeutics
tanium,greenhouse,tanium
Tanius Technology,greenhouse,tanius
tarsusrx,greenhouse,tarsusrx
Taskrabbit,greenhouse,taskrabbit
tastylive,greenhouse,tastylive
tastytrade,greenhouse,tastytrade
Tatari,greenhouse,tatari
tau,greenhouse,tau
Tax Relief Advocates,greenhouse,taxreliefadvocates
Taxbit,greenhouse,taxbit
TaxValet,greenhouse,taxvalet
TBHC Delivers,greenhouse,tbhcdelivers
TBWA\Chiat\Day,greenhouse,tbwachiatday
tcs,greenhouse,tcs
TD International,greenhouse,tdinternational
TD Thornton,greenhouse,tdthornton
tdg,greenhouse,tdg
tds,greenhouse,tds
teach,greenhouse,teach
Teach For All,greenhouse,teachforall
Teaching Lab,greenhouse,teachinglab
teachstone,greenhouse,teachstone
teads1,greenhouse,teads1
Teague,greenhouse,teague
Teal Media,greenhouse,tealmedia
Team Rubicon,greenhouse,teamrubicon
teamlfg,greenhouse,teamlfg
Tebra,greenhouse,tebra
tec,greenhouse,tec
Teccweb Solutions,greenhouse,teccweb
Tech Holding,greenhouse,techholding
TechCrunch,greenhouse,techcrunch
Technergetics,greenhouse,technergetics
techno,greenhouse,techno
TechnologyAdvice,greenhouse,technologyadvice
Techstars,greenhouse,techstars57
techteam,greenhouse,techteam
Tecovas,greenhouse,tecovas
tefron,greenhouse,tefron
TEGNA Inc.,greenhouse,tegnainc
Tekion,greenhouse,tekion
Tekmetric,greenhouse,tekmetric
TeleMed2U,greenhouse,telemed2u
teletrackingtechnologiesinc,greenhouse,teletrackingtechnologiesinc
telixus,greenhouse,telixus
Teller Park Veterinary Clinic,greenhouse,tellerparkvet
Tellius,greenhouse,tellius
Telnyx,greenhouse,telnyx54
Tempo,greenhouse,tempo
Temporal Technologies,greenhouse,temporaltechnologies
"Tenable, Inc.",greenhouse,tenableinc
TenBerke,greenhouse,tenberke
Tend,greenhouse,hellotend
teneo,greenhouse,teneo
Teneo external feed for LinkedIn,greenhouse,teneolinkedin
Tenet3,greenhouse,tenet3
tennesseetitleloansinc,greenhouse,tennesseetitleloansinc
tenon,greenhouse,tenon
TensorOps,greenhouse,tensorops
Tenstorrent,greenhouse,tenstorrent
Tenstorrent University Jobs,greenhouse,tenstorrentuniversity
Tenstreet,greenhouse,tenstreet
Teracore,greenhouse,teracore
terakeet,greenhouse,terakeet
Teravision Technologies,greenhouse,teravision
Terial,greenhouse,applytoterial
terniumrevenuecyclemanagement,greenhouse,terniumrevenuecyclemanagement
Terrabis,greenhouse,terrabis
terraclear,greenhouse,terraclear
Terran Orbital Corporation,greenhouse,terranorbitalcorporation
"Terremoto Biosciences, Inc",greenhouse,terremotobiosciencesinc
Terrestar Solutions,greenhouse,terrestarsolutionsinc
Terzo,greenhouse,terzo
tes,greenhouse,tes
tessco,greenhouse,tessco
Tessera Therapeutics,greenhouse,tesseratherapeutics
test1,greenhouse,test1
testboard,greenhouse,testboard
tester,greenhouse,tester
testing,greenhouse,testing
testlio,greenhouse,testlio
tetra,greenhouse,tetra
texascartitleandpaydayloanservicesinc,greenhouse,texascartitleandpaydayloanservicesinc
Textio,greenhouse,textio
textnowinc,greenhouse,textnowinc
textus,greenhouse,textus
tfis,greenhouse,tfis
tghseniorcenter,greenhouse,tghseniorcenter
Thanx,greenhouse,thanx
That Lot,greenhouse,thatlot
That's No Moon Entertainment,greenhouse,thatsnomoonentertainment
Thatch,greenhouse,thatch
the Ad Council,greenhouse,adcouncil
The AI Education Project,greenhouse,aiedu
The Allen Institute for Artificial Intelligence,greenhouse,thealleninstitute
The American Equity Underwriters,greenhouse,aeu
The ANA Educational Foundation,greenhouse,aef
The Brattle Group,greenhouse,thebrattlegroup
The Business of Fashion,greenhouse,businessoffashion
The Calyx Institute,greenhouse,calyxinstitute
The Children's Corner Learning Center,greenhouse,childrenscorner
The City of Fort Worth,greenhouse,cityoffortworth
The Copper River Family of Companies,greenhouse,crfamilyofcompanies
The Dermatology Center of Indiana,greenhouse,dermindy
The Durst Organization,greenhouse,thedurstorganization
The Emily Program,greenhouse,the858emily123program
The Farmer's Dog,greenhouse,thefarmersdog
The Florida Panthers,greenhouse,thefloridapanthers
The Fork,greenhouse,thefork
The Gersh Agency,greenhouse,thegershagency
The Golden Apple Foundation,greenhouse,thegoldenapplefoundation
The Gunter Group,greenhouse,guntergroup
The Health Management Academy,greenhouse,thehealthmanagementacademy
The Honest Company,greenhouse,phxproduction
The Humane League,greenhouse,thltestcareers
THE ICONIC,greenhouse,theiconic
The Jaydor Company,greenhouse,jaydor
The Jewish Federations of North America,greenhouse,thejewishfederationsofnorthamerica
The Knot Worldwide,greenhouse,theknotworldwide
The Last Mile,greenhouse,thelastmile
The Learning Vine,greenhouse,thelearningvine
"The Lockwood Group, LLC",greenhouse,lockwood
The Martin Agency,greenhouse,themartinagency
The Mather in Evanston,greenhouse,thematherevanston
The Mather in Tysons,greenhouse,matherintysons
The Michael J. Fox Foundation for Parkinson's Research,greenhouse,themichaeljfoxfoundation
The MJ Companies,greenhouse,themjcos
The Motley Fool,greenhouse,themotleyfool
The N2 Company,greenhouse,n2co
The National Alliance for Public Charter Schools,greenhouse,nationalallianceforpubliccharterschools
The National Football League,greenhouse,nflcareers
The New York Times,greenhouse,thenewyorktimes
The Nuclear Company,greenhouse,thenuclearcompany
The PAC Group,greenhouse,thepacgroup
The Parker Skin & Aesthetic Clinic,greenhouse,parkerskin
The Perfect Workout,greenhouse,theperfectworkout
The Pet Doctor- O'Fallon,greenhouse,petdoctor
The Pharmacy Hub,greenhouse,thepharmacyhub
The Place for Children with Autism,greenhouse,theplaceforchildrenwithautism
The Pokémon Company International,greenhouse,pokemoncareers
The Quality Group,greenhouse,thequalitygroupgmbh2
The Quality Group GmbH,greenhouse,thequalitygroupgmbh1
The Riverside Company,greenhouse,theriversidecompany
The Social Hub,greenhouse,thesocialhub
"The Status Network (TEST, DO NOT REMOVE)",greenhouse,thestatusnetwork
The Trade Desk,greenhouse,thetradedesk
The Weather Company,greenhouse,theweathercompany
The Whole Group,greenhouse,thewholegroup
The Wilshire Group,greenhouse,thewilshiregroup
theadvocates,greenhouse,theadvocates
thebaltimorebanner,greenhouse,thebaltimorebanner
thebehaviorexchange,greenhouse,thebehaviorexchange
thechempetitivegroupllc,greenhouse,thechempetitivegroupllc
thedoulanetwork,greenhouse,thedoulanetwork
theeconomistgroup,greenhouse,theeconomistgroup
theenergycollective,greenhouse,theenergycollective
thegialliancemanagementllccompany,greenhouse,thegialliancemanagementllccompany
thegoodfoodinstitute80,greenhouse,thegoodfoodinstitute80
thehutgroup,greenhouse,thehutgroup
thejanepauleycommunityhealthcenterinc,greenhouse,thejanepauleycommunityhealthcenterinc
themaritimeaquarium,greenhouse,themaritimeaquarium
theoncologyinstitute,greenhouse,theoncologyinstitute
theorchard,greenhouse,theorchard
theoriamedical,greenhouse,theoriamedical
theperiscopegroup,greenhouse,theperiscopegroup
thephoenix,greenhouse,thephoenix
theprincetonreview,greenhouse,theprincetonreview
thesciongroupllc,greenhouse,thesciongroupllc
Thesis,greenhouse,thesiscareers
Thesis,greenhouse,trovohealth
thevascularcaregroup,greenhouse,thevascularcaregroup
Thiess,greenhouse,thiess
Think Academy SG,greenhouse,thinkacademysg
Think Academy US,greenhouse,thinkacademyus
Think of Us,greenhouse,thinkofus
Think Onward,greenhouse,thinkonward
think-cell,greenhouse,think-cell
thinkacademymy,greenhouse,thinkacademymy
thinkific,greenhouse,thinkific
Thinking Machines Lab,greenhouse,thinkingmachines
ThinkMarkets,greenhouse,thinkmarkets
thinkzone,greenhouse,thinkzone
Third Bridge,greenhouse,thirdbridge
"Third Pole, Inc.",greenhouse,thirdpoleinc
Third-Party Job Posts,greenhouse,cloudbedsthirdpartyboard
ThirdLove,greenhouse,thirdlove
thorn,greenhouse,thorn
Thoropass,greenhouse,thoropass
thoughtworks,greenhouse,thoughtworks
ThoughtWorks_new,greenhouse,abc
ThreatLocker,greenhouse,threatlocker
threecolts,greenhouse,threecolts
thrivemarket,greenhouse,thrivemarket
ths,greenhouse,ths
thunes,greenhouse,thunes
Tia,greenhouse,tia
TIFIN,greenhouse,tifin
tigera,greenhouse,tigera
TigerGraph,greenhouse,tigergraph
tightly,greenhouse,tightly
Tilting Futures,greenhouse,tiltingfuturescareers
timeleft,greenhouse,timeleft
timeproofusa,greenhouse,timeproofusa
Tines,greenhouse,tines
Tint,greenhouse,tintai
Tipalti,greenhouse,tipaltisolutions
tiptop,greenhouse,tiptop
Tiree,greenhouse,tiree
tires-easy.com,greenhouse,tireseasycom
tjtinterns,greenhouse,tjtinterns
tlatechinc,greenhouse,tlatechinc
tlgg,greenhouse,tlgg
tmc,greenhouse,tmc
toast,greenhouse,toast
Toastmasters International,greenhouse,toastmastersinternational
Together AI,greenhouse,togetherai
togetherwork,greenhouse,togetherwork
Token Security,greenhouse,tokensecurity
tollbit,greenhouse,tollbit
Tomofun | Furbo Pet Camera,greenhouse,tomofunfurbo
Tomorrow Health,greenhouse,tomorrowhealth
Tomorrow.io,greenhouse,tomorrow
Tonix Pharmaceuticals,greenhouse,tonixpharmaceuticals
Too Good To Go,greenhouse,toogoodtogo
TooJay’s Deli • Bakery • Restaurant,greenhouse,toojaysdeli
Top Kids Academy,greenhouse,topkidsacademy
Topel Forman,greenhouse,topelforman
Topsort,greenhouse,topsort
Topstep,greenhouse,topsteptrader
Toradex,greenhouse,toradex
Torc Robotics,greenhouse,torcrobotics
Torii,greenhouse,toriihq
Toro Park Animal Hospital,greenhouse,toropark
Toro TMS,greenhouse,torotms
Torq,greenhouse,torq
Toshiba Global Commerce Solutions - External,greenhouse,toshibaglobalcommercesolutions
Toss,greenhouse,tosscareers
Tower Research Capital,greenhouse,towerresearchcapital
Town & Country Animal Hospital,greenhouse,townncountryvet
Town Square Academy,greenhouse,townsquareacademy
townofsnowmassvillagecolorado,greenhouse,townofsnowmassvillagecolorado
Townsquare Ignite,greenhouse,townsquareignite
townsquareinteractive,greenhouse,townsquareinteractive
townsquaremedia,greenhouse,townsquaremedia
toyotaconnected,greenhouse,toyotaconnected
tpreducationllc,greenhouse,tpreducationllc
Trace3,greenhouse,trace3
"TraceLink, Inc",greenhouse,tracelinkinc
Track OMC,greenhouse,trackomc
trackonomysystems,greenhouse,trackonomysystems
traderepublic,greenhouse,traderepublic
traderepublicbank,greenhouse,traderepublicbank
Traeger Grills,greenhouse,traegergrills
trailheadvirtualacademy,greenhouse,trailheadvirtualacademy
Training The Street,greenhouse,trainingthestreet
tranquility,greenhouse,tranquility
Transactly Connect,greenhouse,transactlyconnect
Transcend Inc.,greenhouse,transcendinc
Transcend Therapeutics,greenhouse,transcendtherapeutics
transform,greenhouse,transform
Translucent,greenhouse,translucent
TransMarket Group,greenhouse,transmarketgroup
transmitsecurity,greenhouse,transmitsecurity
Trase Systems,greenhouse,trase
Travel Edge,greenhouse,traveledgenetwork
travix,greenhouse,travix
Treasury Prime,greenhouse,treasuryprime
Treehouse Fabrication & Scenic,greenhouse,treehousefab
Treeline Biosciences,greenhouse,treelinebiosciences
Trella Health,greenhouse,trellahealth
trepp,greenhouse,trepp
Trexon,greenhouse,tpcengineeringholdingsllc
TRG Screen,greenhouse,trgscreen
Tria Federal (BOSC),greenhouse,bosc
tribalscale,greenhouse,tribalscale
trident,greenhouse,trident
trilinkbiotechnologies,greenhouse,trilinkbiotechnologies
Trinity Air Medical,greenhouse,trinityairmedical
trinitylogistics,greenhouse,trinitylogistics
trinityparktalent,greenhouse,trinityparktalent
tripactions,greenhouse,tripactions
Tripadvisor,greenhouse,tripadvisor
TripArc,greenhouse,triparc
Triple Whale,greenhouse,triplewhale
Tripledot Studios,greenhouse,tripledotstudios
TripleLift,greenhouse,triplelift
tripwireinteractive,greenhouse,tripwireinteractive
Triumvirate Environmental,greenhouse,triumvirateenvironmental
trivago,greenhouse,trivago
trolley,greenhouse,trolley
trove,greenhouse,trove
trovebrands,greenhouse,trovebrands
truckstop,greenhouse,truckstop
True Anomaly,greenhouse,trueanomalyinc
TrueBuilt,greenhouse,applytotruebuilt
Truecaller,greenhouse,truecaller
trueclassicteesllc,greenhouse,trueclassicteesllc
truehold,greenhouse,truehold
truemedia,greenhouse,truemedia
Truepill,greenhouse,truepill
Truesdell Animal Care Hospital and Clinic,greenhouse,truesdell
trufflesecurity,greenhouse,trufflesecurity
truloveorthodontics,greenhouse,truloveorthodontics
trumid,greenhouse,trumid
Trust & Will,greenhouse,trustwill
Trust Automation,greenhouse,trustautomation
trustedhealth,greenhouse,trustedhealth
trustpilot,greenhouse,trustpilot
Truveta,greenhouse,truveta
trü frü,greenhouse,trufru
tsg,greenhouse,tsg
tss,greenhouse,tss
ttcglobal,greenhouse,ttcglobal
TubeScience,greenhouse,tubescience52
Tubi,greenhouse,tubitv
tucows,greenhouse,tucows
Tudor Investment Corporation,greenhouse,tudorgroup
tuesdayhealth,greenhouse,tuesdayhealth
TULA Skincare,greenhouse,tula
tulip,greenhouse,tulip
Tunnell Government Services,greenhouse,tunnellgov
TurbineOne,greenhouse,turbineone
turbotenant,greenhouse,turbotenant
Turf Masters Brands,greenhouse,turfmasters
Turing,greenhouse,turing
Turtle Rock Studios,greenhouse,turtlerockstudios
tuscaloosaophthalmology,greenhouse,tuscaloosaophthalmology
tutorme,greenhouse,tutorme
Twilio,greenhouse,twilio
Twin Health,greenhouse,twinhealth
twindo,greenhouse,twindo
Twist Bioscience,greenhouse,twistbioscience
Twitch,greenhouse,twitch
Two Six Technologies,greenhouse,twosixtechnologies
twochairs,greenhouse,twochairs
tworoadsconsulting,greenhouse,tworoadsconsulting
Typeface,greenhouse,typeface
Typeform,greenhouse,typeform
tyreeanddangelo,greenhouse,tyreeanddangelo
tysonmendesllp,greenhouse,tysonmendesllp
Uare.ai,greenhouse,uareai
uasi,greenhouse,uasi
uberfreight,greenhouse,uberfreight
ubiquiti,greenhouse,ubiquiti
Ubiquity,greenhouse,ubiquitygp
UChicago Energy & Environment Lab,greenhouse,energyandenvironmentlab
Udacity,greenhouse,udacity
udemy,greenhouse,udemy
udig,greenhouse,udig
Udio,greenhouse,udio
ujet,greenhouse,ujet
Ultima Genomics,greenhouse,ultimagenomics
"Ultimate Heating & Air, Inc",greenhouse,ultimate
ultragenyxpharmaceutical,greenhouse,ultragenyxpharmaceutical
UMA Education,greenhouse,umaeducationinc
Umoja Biopharma,greenhouse,umojabiopharma
umt,greenhouse,umt
unanet,greenhouse,unanet
unbounce,greenhouse,unbounce
Unchained Labs,greenhouse,unchainedlabs
Undead Labs,greenhouse,undeadlabsllc
Underdog,greenhouse,underdogfantasy
Underscore Marketing,greenhouse,underscoremarketing
understood,greenhouse,understood
Understood Care,greenhouse,understoodcare
undertone,greenhouse,undertone
Unframe,greenhouse,unframe
unidosus,greenhouse,unidosus
unilever,greenhouse,unilever
unisonhomeownershipinvestors,greenhouse,unisonhomeownershipinvestors
Unispace,greenhouse,unispace
Unite Us,greenhouse,uniteus
uniteddomains,greenhouse,uniteddomains
unitedfirm,greenhouse,unitedfirm
UnitedMasters | Translation,greenhouse,unitedmasterstranslation
Universal Audio,greenhouse,universalaudio
Universal DX,greenhouse,universaldx
universityofchicagoeconomics,greenhouse,universityofchicagoeconomics
universityofclevelandpreparatoryschool,greenhouse,universityofclevelandpreparatoryschool
unlimitedtechnology,greenhouse,unlimitedtechnology
unlisted,greenhouse,unlisted
Unlock Health,greenhouse,unlockhealth
"Unlock Technologies, Inc.",greenhouse,unlock
unqork,greenhouse,unqork
Unreal Snacks,greenhouse,unrealsnacks
unybrands,greenhouse,unybrands
up,greenhouse,up
Upbound,greenhouse,upbound
upboundext,greenhouse,upboundext
Updater,greenhouse,updater
Upgrade,greenhouse,upgrade
UpKeep,greenhouse,upkeep
uplift,greenhouse,uplift
uprightlabs,greenhouse,uprightlabs
upriteconstruction,greenhouse,upriteconstruction
Upshop,greenhouse,upshop
UPSTACK,greenhouse,upstack
upstart,greenhouse,upstart
upstatement,greenhouse,upstatement
Upstream Rehabilitation,greenhouse,urpt
Upstream USA,greenhouse,upstreamusa
Uptown Animal Hospital & Urgent Care,greenhouse,uptownvet
Upward Health,greenhouse,upwardhealth
Upwave,greenhouse,survata
Upwork,greenhouse,upwork
Urban Sports Club,greenhouse,urbansportsclub
urbancompass,greenhouse,urbancompass
urbangolfperformance,greenhouse,urbangolfperformance
Urby,greenhouse,urby
Urgent Care for Children,greenhouse,urgentcareforchildren
ursamajor,greenhouse,ursamajor
"Urschel Laboratories, Inc.",greenhouse,urschellaboratoriesinc
us,greenhouse,us
"US Conec, Ltd.",greenhouse,usconec
US Summer Internships,greenhouse,ussummerinternships
USA for UNHCR,greenhouse,usaforunhcr
USAFacts,greenhouse,usafacts
usamechasp,greenhouse,usamechasp
utahtitleloansinc,greenhouse,utahtitleloansinc
uug,greenhouse,uug
uvimco,greenhouse,uvimco
Vacasa,greenhouse,vacasa
vacationinc,greenhouse,vacationinc
Vaco LLC,greenhouse,vaco
Vagas Internas,greenhouse,vagasinternas
Vail Health Hospital,greenhouse,vailclinicincdbavailhealthhospital
valaratomics,greenhouse,valaratomics
Valera Health,greenhouse,valerahealth
validationcloud,greenhouse,validationcloud
valleyhealth,greenhouse,valleyhealth
Valo Health,greenhouse,valohealth
Valor Equity Partners,greenhouse,valorequitypartners
valspec,greenhouse,valspec
Valtech,greenhouse,valtech
Van Metre Companies,greenhouse,vanmetre
Vanguard Dermatology,greenhouse,vanguarddermatology
vanleeuwenicecream,greenhouse,vanleeuwenicecream
Vannevar,greenhouse,vannevarlabs
vantagescore,greenhouse,vantagescore
Varda Space Industries,greenhouse,vardaspace
Variant Bio,greenhouse,variantbio
Varicent,greenhouse,varicent
vascularcarect,greenhouse,vascularcarect
Vast,greenhouse,vast
Vatic Labs,greenhouse,vaticlabs
Vaxcyte,greenhouse,vaxcyte
vay,greenhouse,vay
vaya,greenhouse,vaya
VaynerMedia LLC,greenhouse,vaynermedia
vcsg,greenhouse,vcsg
vcu,greenhouse,vcu
vdc,greenhouse,vdc
vecma,greenhouse,vecma
Vectara,greenhouse,vectara
Vector,greenhouse,govector
Vector North,greenhouse,vectornorth
vectranetworks,greenhouse,vectranetworks
Vedanta Biosciences,greenhouse,vedantabiosciences
Veeam Software,greenhouse,veeamsoftware
vegaamericas,greenhouse,vegaamericas
vegaamericasinternalapplications,greenhouse,vegaamericasinternalapplications
vei,greenhouse,vei
VEIR,greenhouse,veir
Velir,greenhouse,velir
Velocity Electronics,greenhouse,velocityelectronics
Velora,greenhouse,velora
Venn,greenhouse,venncity
venturatravel,greenhouse,venturatravel
Venture Global LNG,greenhouse,ventureglobal
Veo - Corporate Careers,greenhouse,veocorporatecareers
Veo - Operations Careers,greenhouse,operationscareers
Vera Institute of Justice,greenhouse,verainstituteofjustice
"Vera Therapeutics, Inc.",greenhouse,veratherapeuticsinc
Veracode,greenhouse,veracode
veracyte,greenhouse,veracyte
veradata,greenhouse,veradata
veramed,greenhouse,veramed
Verana Health,greenhouse,veranahealth
Verantos,greenhouse,verantos
Vercel,greenhouse,vercel
veriff,greenhouse,veriff
verifone,greenhouse,verifone
veriheal,greenhouse,veriheal
Verisign,greenhouse,verisign
"Verista, Inc.",greenhouse,veristainc
Veritas Veterinary Partners,greenhouse,veritasvetpartners
Verkada,greenhouse,verkada
Vermont Information Processing,greenhouse,vipvermontinformationprocessing2
Verra Mobility,greenhouse,verramobility
Versaterm,greenhouse,versaterm
Verse,greenhouse,verse
VerSprite - LinkedIn,greenhouse,versprite
Verstela,greenhouse,verstela
Verusen,greenhouse,verusen
Verve,greenhouse,verve
Very Good Ventures,greenhouse,verygoodventures
vesalius,greenhouse,vesalius
Vestmark Internship Program,greenhouse,internrecruiting
"Vestmark, Inc.",greenhouse,vestmark
Vestwell,greenhouse,vestwell
Veterinarian Partners,greenhouse,veterinarianpartners
Veterinary Emergency Services,greenhouse,veterinaryemergencyservices
veterinaryemergencygroupst,greenhouse,veterinaryemergencygroupst
veterinarypracticepartners,greenhouse,veterinarypracticepartners
vetevolve,greenhouse,vetevolve
vetto,greenhouse,vetto
VGW,greenhouse,vgw
vgw-australia,greenhouse,vgw-australia
Via,greenhouse,via
Viaduct,greenhouse,viaduct
vialogic,greenhouse,vialogic
Viam,greenhouse,viamrobotics
Vibes,greenhouse,vibesllc
victory,greenhouse,victory
vidazoo,greenhouse,vidazoo
videoamp,greenhouse,videoamp
Viking Global Investors,greenhouse,vikingglobalinvestors
village,greenhouse,village
Vilya,greenhouse,vilya
vim,greenhouse,vim
Vir Biotechnology,greenhouse,virbiotechnologyinc
Viral Nation Inc.,greenhouse,viralnation
virginia,greenhouse,virginia
Virtru,greenhouse,virtru
Virtu,greenhouse,virturecruitinghidden
Virtu Financial,greenhouse,virtu
Virtual Preparatory Academy of Florida,greenhouse,vpaofflorida
Virtual Preparatory Academy of Georgia,greenhouse,vpageorgia
Virtual Preparatory Academy of Indiana @ Madison-Grant,greenhouse,vpaindianamg
Virtual Preparatory Academy of Washington,greenhouse,vpawashington
Virtual Preparatory Academy of West Virginia,greenhouse,vpawv
visasq,greenhouse,visasq
VISASQ/COLEMAN,greenhouse,colemanresearch
Vise,greenhouse,viseai
visia,greenhouse,visia
Visier Solutions Inc,greenhouse,visiersolutionsinc
visitingmedia,greenhouse,visitingmedia
Visual Concepts,greenhouse,visualconcepts
Vital Farms - Current Crew Members,greenhouse,vitalfarmsinternalcrew
Vital Voices Global Partnership,greenhouse,vitalvoicesglobalpartnership
vitalcaringgroup,greenhouse,vitalcaringgroup
vitalfarms,greenhouse,vitalfarms
Vitreous Retina Macula Specialists of New Jersey,greenhouse,vrmnjretina
Vivid Seats,greenhouse,vividseatsllc
Vivodyne,greenhouse,vivodyne
vivvi,greenhouse,vivvi
vixxo,greenhouse,vixxo
vmax,greenhouse,vmax
vmi,greenhouse,vmi
VML,greenhouse,wundermanthompson
VML Enterprise Solutions,greenhouse,vmlenterprisesolutions
VML MAP,greenhouse,map
VOGLIO Digital Marketing,greenhouse,vogliodigitalmarketing
Volastra Therapeutics,greenhouse,volastratherapeutics
Voloridge Investment Management,greenhouse,voloridgeinvestmentmanagement
Voltera Power,greenhouse,volterapower
Vonage,greenhouse,vonage
Vor Bio,greenhouse,vorbiopharma
VOX Global,greenhouse,voxglobal
"Vox Media, LLC",greenhouse,voxmedia
Voxie Inc,greenhouse,voxieinc
"Voyager Technologies, Inc.",greenhouse,voyagertechnologiesinc
vpaarizona,greenhouse,vpaarizona
vpamo,greenhouse,vpamo
vpaohio,greenhouse,vpaohio
vpp,greenhouse,vpp
VSA Partners,greenhouse,vsapartners
vscfiresecurityinc,greenhouse,vscfiresecurityinc
VSCO,greenhouse,vsco39
VTEX,greenhouse,vtex
VTS,greenhouse,vts
Vulcan Elements,greenhouse,vulcanelements
vulncheck,greenhouse,vulncheck
Vumedi Inc.,greenhouse,vumedi
vynamic,greenhouse,vynamic
VYNYL,greenhouse,vynyl
waldensecurity,greenhouse,waldensecurity
Walker-Miller Energy,greenhouse,walkermillerenergy
walkersands,greenhouse,walkersands
Wall Street Prep,greenhouse,wallstreetprep
wallapop,greenhouse,wallapop
Walleye Capital Full Time,greenhouse,walleyecapital-external-fulltime
Walleye Capital Internships,greenhouse,walleyecapital-external-students
Waltz Health,greenhouse,waltzhealth
Warburg Pincus LLC,greenhouse,warburgpincusllc
Wargaming,greenhouse,wargamingen
Warner Bros. Pictures Animation,greenhouse,wbpa
Warp,greenhouse,warp
warsaw,greenhouse,warsaw
Warwick Animal Hospital,greenhouse,warwick
Wasabi Technologies,greenhouse,wasabi
Washington Penn,greenhouse,washingtonpenn
Watchmaker Genomics,greenhouse,watchmakergenomics
Waterfront International Ltd - Administrator,greenhouse,administrator
waterloocoop,greenhouse,waterloocoop
Watershed Informatics,greenhouse,watershed
watersystemsconsulting,greenhouse,watersystemsconsulting
Watson's Friends Animal Hospital,greenhouse,watsonsfriendsah
Wave,greenhouse,wavemm1
Waymark,greenhouse,waymark
waymo,greenhouse,waymo
Wayve,greenhouse,wayve
Wayvia,greenhouse,wayvia
We. Communications,greenhouse,wecommunications
Weave,greenhouse,weave
WebChart,greenhouse,webchartnow
Webflow,greenhouse,webflow
webstacks,greenhouse,webstacks
wecaredailyclinicscareers,greenhouse,wecaredailyclinicscareers
wedgewoodpharmacy,greenhouse,wedgewoodpharmacy
Weedmaps,greenhouse,weedmaps77
Weee! Inc,greenhouse,weee
Weight Watchers,greenhouse,ww
Weinstein Properties,greenhouse,weinsteinproperties
Weiss Asset Management,greenhouse,weissassetmanagement
wekatest,greenhouse,wekatest
WelbeHealth,greenhouse,welbehealth
Welbehealth Non Sponsored Board,greenhouse,jobboard
Welcome to the Jungle,greenhouse,artefactjobs
welcomelend,greenhouse,welcomelend
Weleda - North America,greenhouse,weleda
Wellhub,greenhouse,gympass
wellist,greenhouse,wellist
WellPower - Administrative,greenhouse,administrative
WellPower - Adult Services,greenhouse,adultservices
WellPower - All Jobs,greenhouse,mentalhealthcenterofdenver
WellPower - Nursing Services,greenhouse,nursingservices
WellPower - Psychiatric Medical Providers,greenhouse,psychiatricproviders
WellPower - Student Placements,greenhouse,studentplacements
WellPower - Vocational Trainee Work Experience,greenhouse,vocationaltraineeworkexperience
WellSaid,greenhouse,wellsaidlabs
wellthy,greenhouse,wellthy
wellthy-care-network,greenhouse,wellthy-care-network
Weploy,greenhouse,weploy
WePractice (Head Quarter),greenhouse,headquarter
West Cancer Center,greenhouse,westcancercenter
westcoast,greenhouse,westcoast
westernpartitionsinc,greenhouse,westernpartitionsinc
westmonroe4,greenhouse,westmonroe4
Wettermark Keith,greenhouse,wettermarkkeith
weuk,greenhouse,weuk
Whalar Group,greenhouse,whalarinc
wheatlanddentalcentre,greenhouse,wheatlanddentalcentre
Wheelhouse,greenhouse,wheelhouse
wheelhousedmg,greenhouse,wheelhousedmg
wheelpros,greenhouse,wheelpros
wheely,greenhouse,wheely
Whisper Aero,greenhouse,whisperaero
Whiteboard Federal,greenhouse,whiteboardfederal
WhiteWater Midstream,greenhouse,whitewatermidstream
Who Gives A Crap,greenhouse,whogivesacrap
Wholesail,greenhouse,wholesail
whop,greenhouse,whop
wiehlermechanical,greenhouse,wiehlermechanical
Wight & Company,greenhouse,wight
wikifarmer,greenhouse,wikifarmer
Wikimedia Foundation,greenhouse,wikimedia
Wild Alaskan Company,greenhouse,wildalaskancompany
Wild Card Creative Group,greenhouse,wildcardcreativegroup
wildlifestudios,greenhouse,wildlifestudios
Willamette Dental,greenhouse,willamettedentalgroup
williamblair,greenhouse,williamblair
Willmeng Construction,greenhouse,willmengconstruction
Willow Innovations,greenhouse,willowinnovations
wilsonelser,greenhouse,wilsonelser
wilsonelserattorneys,greenhouse,wilsonelserattorneys
WIN Home Inspection,greenhouse,winhomeinspection
wing,greenhouse,wing
Wingspan,greenhouse,wingspan
winrock,greenhouse,winrock
wisconsinautotitleloansinc,greenhouse,wisconsinautotitleloansinc
Wisetack,greenhouse,wisetack
WithCoverage,greenhouse,withcoverage
WITHIN,greenhouse,agencywithin
"WithMe, Inc.",greenhouse,withmeinc
Wizard,greenhouse,wizardcommerce
WIZELINE,greenhouse,wizeline
wizinc,greenhouse,wizinc
wizixtechnologygroupinc,greenhouse,wizixtechnologygroupinc
wk,greenhouse,wk
wms,greenhouse,wms
"Wolcott, Wood and Taylor Inc.",greenhouse,wolcottwoodandtaylor
Wonderlic,greenhouse,wonderlicjobs
Wonderschool,greenhouse,wonderschool
wongdoody,greenhouse,wongdoody
WOO X,greenhouse,woo
woodsideai,greenhouse,woodsideai
WOOFi,greenhouse,woofi
Wooga,greenhouse,wooga
Woolpert,greenhouse,woolpert
Workato,greenhouse,workato
WorkBoard,greenhouse,workboard
Workera AI,greenhouse,workera
Workhelix,greenhouse,workhelix
workithealth,greenhouse,workithealth
workshop,greenhouse,workshop
worksite,greenhouse,worksite
Workstream,greenhouse,workstream
Workwize,greenhouse,workwize
World Labs,greenhouse,worldlabs
World Surf League,greenhouse,worldsurfleague
world4you,greenhouse,world4you
WorldQuant,greenhouse,worldquant
WorldStrides,greenhouse,world4822stri986des
Woven Care,greenhouse,wovencare
wowhead,greenhouse,wowhead
WPP,greenhouse,wpp
wri,greenhouse,wri
Wrike,greenhouse,wrike
Wunder,greenhouse,wundercapital
wunderkind,greenhouse,wunderkind
Wurl,greenhouse,wurljobs
xAI,greenhouse,xai
Xaira Therapeutics,greenhouse,xairatherapeutics
Xantium,greenhouse,xantium
Xapo Bank,greenhouse,xapo61
xdesign,greenhouse,xdesign
Xealth,greenhouse,xealth
xebiacee,greenhouse,xebiacee
xem,greenhouse,xem
XION,greenhouse,burnt
XLA,greenhouse,xla
XO Health Inc.,greenhouse,xohealthinc
Xometry,greenhouse,xometry
Xometry Europe,greenhouse,xometryeurope
"Xos, Inc.",greenhouse,xosinc
XP Health,greenhouse,xphealth
XP Inc.,greenhouse,xpinc
XPENG,greenhouse,xpengmotors
XTX Markets,greenhouse,xtxmarketstechnologies
xund,greenhouse,xund
xurrent,greenhouse,xurrent
yaleinvestmentsoffice,greenhouse,yaleinvestmentsoffice
Yarrow Biotechnology,greenhouse,yarrowbiotechnology
yep,greenhouse,yep
yerbamadre,greenhouse,yerbamadre
yes,greenhouse,yes
Yes Energy,greenhouse,yesenergy
Yext,greenhouse,yext
yieldmo,greenhouse,yieldmo
YipitData,greenhouse,yipitdata
YipitData (Alternative),greenhouse,yipitdatajobs
Ylopo,greenhouse,ylopo
Yondr Group,greenhouse,yondrgroup
Yoodli AI Roleplays,greenhouse,yoodliinc
yotpo,greenhouse,yotpo
You.com,greenhouse,youcom
Young Minds Development Center,greenhouse,youngmindsdc
Yousician,greenhouse,yousician
yqn,greenhouse,yqn
Yubico Inc.,greenhouse,yubico
YugabyteDB,greenhouse,yugabyte
yuma,greenhouse,yuma
Yuvo Health,greenhouse,yuvohealthllc
Z - PVCC Internal Job Board (Corp Use Only),greenhouse,corp
zam,greenhouse,zam
Zaviant,greenhouse,zaviant
zDO NOT POST - ARCHIVED - BAYADA Home Health Care at Bayhealth,greenhouse,bayhealth
Zeffy,greenhouse,zeffy
Zenas BioPharma,greenhouse,zenasbio
ZenBusiness Inc.,greenhouse,zenbusiness
Zencoder,greenhouse,zencoder
ZenGRC,greenhouse,zengrc
Zenni Optical,greenhouse,zennioptical
zennify,greenhouse,zennify
Zenoti,greenhouse,zenoti
Zero,greenhouse,zero
Zero Studios,greenhouse,zerostudios
ZERO TO THREE,greenhouse,zerotothree
zerocater,greenhouse,zerocater
Zeta Charter Schools,greenhouse,zetacharterschools
ZetaChain,greenhouse,zetachain
zetaglobal,greenhouse,zetaglobal
zetasummerinternship,greenhouse,zetasummerinternship
Zinnia,greenhouse,zinnia
Zinnia - Employee Referral,greenhouse,zind-erprogram
Zip Co Limited,greenhouse,zipcolimited
Zipline,greenhouse,flyzipline
ZipRecruiter,greenhouse,ziprecruiter
zocalohealth,greenhouse,zocalohealth
Zocdoc,greenhouse,zocdoc
zola,greenhouse,zola
Zone & Co,greenhouse,zonecompanysoftwareconsultingllc
Zone 5 Technologies,greenhouse,zone5technologies
zoo,greenhouse,zoo
zoomget,greenhouse,zoomget
zoominfo,greenhouse,zoominfo
Zora,greenhouse,zora
zoro,greenhouse,zoro
Zscaler,greenhouse,zscaler
Zulily,greenhouse,zulilycareers
Zuora,greenhouse,zuora
zuub,greenhouse,zuub
zwift,greenhouse,zwift
zylo,greenhouse,zylo
Zynga,greenhouse,zyngacareers
Zynga Early Careers,greenhouse,zyngaearlycareers
ília,greenhouse,ilia
Ōura,greenhouse,oura
‎ConnectWise,greenhouse,connectwise
#paid,lever,hashtagpaid
100MS,lever,100ms
15Five,lever,15five
21st Century Home Health Services Inc.,lever,21hhs
2brains,lever,2brains
2nd Order Solutions,lever,2os
32Co,lever,32Co
360Learning,lever,360learning
3E,lever,3eco
3Pillar,lever,3pillarglobal
4Front Ventures,lever,4front
5,lever,energy-by-5
5AM Ventures,lever,5amventures
90 Seconds,lever,90seconds
@hotel,lever,tripscout
[solidcore],lever,solidcore
a.k.a. Brands,lever,akabrands
"Aaron Riechert Carpol & Riffle, APC",lever,arcr
ABM Industries,lever,ableserve
Above and Beyond Therapy,lever,abtaba
Above Lending,lever,abovelending
Academy,lever,Academy
Acceldata,lever,acceldata
"Accenture Infrastructure and Capital Projects, LLC",lever,InfrastructureandCapitalProjects
Access Softek,lever,accesssoftek
Accompany Health,lever,AccompanyHealth
Accurate Background,lever,accurate
Achievers,lever,achievers
Acme,lever,sigma-squared
ACORD Corporation,lever,acord
Actian Corporation,lever,actian
Action Property Management,lever,actionlife
Active Theory,lever,activetheory
ActiveCampaign,lever,activecampaign
Ad Hoc Labs,lever,adhoclabs
Addition,lever,additionwealth
Adi Development Group,lever,adidevelopments
Adjarabet.com,lever,adjarabet
Adlook,lever,adlook
Adora Technologies Inc,lever,adora
Advanced Agrilytics,lever,advancedagrilytics
Adventus,lever,adventus
"Adverum Biotechnologies, Inc.",lever,adverum
Advocate,lever,advocate
Aera Technology,lever,aeratechnology
Aeris Partners,lever,aerispartners.com
Aero,lever,aero
Aerostrat,lever,aerostrat
Aethos,lever,aethoshotels
"Aeva, Inc.",lever,aeva
Afero,lever,afero
Agate Software,lever,agatesoftware
Age of Learning,lever,aofl
Agicap,lever,agicap
Agile Defense,lever,agile-defense
Agiloft,lever,agiloft
Agtonomy,lever,agtonomy
AHEAD,lever,thinkahead
Aicrete,lever,aicrete
AiFi,lever,aifi
AIFund,lever,AIFund
Aigen,lever,aigen
AIP Connect,lever,aipconnect
Air-tek,lever,air-tek
Airalo,lever,airalo
Aircall,lever,aircall
AirDNA,lever,airdna
airSlate,lever,airslate
Airtasker,lever,airtasker
Aisles & Abroad,lever,aisle_and_abroad
Aiwyn,lever,aiwyn
Ajax Systems,lever,ajax
"Akicita Federal, LLC",lever,akicita-cyber
Aldar Properties PJSC,lever,aldar
Alector,lever,alector
Aledade,lever,aledade
Alertus Technologies,lever,alertus
Alice & Bob,lever,alice-bob
Alif Semiconductor,lever,alifsemi
Alignerr,lever,labelbox
Alimentiv,lever,alimentiv-2
All Ears Veterinary,lever,allears-vet
all.health,lever,all.health
Allata,lever,Allata
Allegiant,lever,allegiantair
Alliance,lever,alliance
Allied,lever,alliedreit
Allied Beverage Group,lever,alliedbeverage
Alloy.ai,lever,alloy
"Allstar Home Services, LLC",lever,allstarservicesnow
AllTrails,lever,alltrails
Alluxio,lever,alluxio
ALOM Technologies,lever,alom
Alpinestars,lever,alpinestars
AltaML,lever,altaml
Altarum,lever,altarum
Alveo Technologies,lever,alveotechnologies
Amar Bank,lever,amarbank
Amazon RIVR,lever,rivr
Amber Electric,lever,amberelectric
Ambi Robotics,lever,ambirobotics
America At Work,lever,americaatwork
American Ballet Theatre,lever,abt
American Tall,lever,americantall
AMIRI,lever,AMIRI
Amity Foundation,lever,amityfdn
Ammobia,lever,ammobia
Ampd Energy,lever,ampd-energy
Ampeco Ltd,lever,ampeco-global
AmSty,lever,amsty
AMT Engineering,lever,amtengineering
ANA,lever,ana-corp
Anagram,lever,anagramsecurity
Analytic Partners,lever,analyticpartners
AnaVation,lever,anavationllc
Anchorage Digital,lever,anchorage
Anders Group,lever,andersgroup
Andersen Corporation/Renewal by Andersen,lever,andersencorp
AngelList,lever,angellist
Anlatan,lever,Anlatan
Anomali,lever,anomali
Anomaly,lever,anomaly
another,lever,anotherco
Anovium,lever,Anovium
ANS,lever,ans
Ansatz Capital,lever,ansatzcapital
Ansira,lever,ansira
ANYbotics,lever,anybotics
AnyRoad,lever,anyroad
Anyscale,lever,anyscale
AO Garcia Agency,lever,aogarciaagency
Apax Partners,lever,apax
APCO Holdings,lever,apcoholdings
Apex ABA Therapy,lever,apexaba
APEX Investigation,lever,apexpi
Apex.AI,lever,apex-ai
Apollo Agriculture,lever,apolloagriculture
Apollo Research,lever,apolloresearch
Appcues,lever,appcues-2
Appen,lever,appen-2
Appfigures,lever,appfigures
Apple Tree Dental,lever,appletreedental
Applied Underwriters,lever,auw
applike group,lever,applike
APPLY,lever,applydigital
AppNation,lever,appnation
Appointy,lever,appointy
Apprenticely,lever,acds
AppSamurai,lever,appsamurai
"AppZen, Inc.",lever,appzen
Aprio,lever,Aprio
Apryse,lever,apryse
Aqemia,lever,aqemia.com
Aquabyte,lever,aquabyte
Aquarium,lever,aquarium
Arable,lever,arable
Arbital Health,lever,arbitalhealth
Arbitrum Foundation,lever,arbitrumfoundation
Arbitrum OpCo,lever,arbitrum-opco
Arbol,lever,Arbol
ARC'TERYX,lever,arcteryx.com
Arcadia,lever,arcadia
Arcadia Science,lever,arcadiascience
"Argonaut, Inc.",lever,argonaut
Arootah,lever,arootah
Array Labs,lever,arraylabs.io
Arrive Logistics,lever,arrivelogistics
Arsenal Biosciences,lever,arsenalbio
ARSIEM,lever,arsiem
ARTBIO,lever,artbio
Artera,lever,artera
Artera,lever,artera-2
Articulate,lever,articulate
"Arvor Insurance, Inc",lever,arvor-insurance
ASAPP,lever,asapp-2
Asendia Inc,lever,asendia
Ashoka,lever,ashoka
Asian Health Services,lever,ahschc
Assurance Careers,lever,assurance
Ataccama,lever,ataccama
Atavistik Bio,lever,atavistik-bio
Athena,lever,athenapsych
Athennian,lever,athennian
Athlete to Athlete,lever,athletetoathlete
ATI Business Group,lever,atibusinessgroup
Atmosera,lever,atmosera
Atom Computing,lever,atomcomputing
Attabotics,lever,attabotics
Attovia Therapeutics,lever,attovia-therapeutics
Audinate,lever,audinate
August Bioservices,lever,AugustBioservices
Australian Ethical,lever,australianethical
Authentic8,lever,authentic8
AutoFi,lever,autofi
Automatiq,lever,automatiq
Autonomous,lever,autonomous
Autoroboto,lever,autoroboto
Avalanche Studios Group,lever,avalanchestudios
Avalere Health,lever,avalerehealth
Avante,lever,avante
Avenues Recovery,lever,avenuesrecovery
Avero,lever,avero
Avertium,lever,avertium
AVIA,lever,aviahealth
AVIO Consulting,lever,avioconsulting
Avive,lever,AviveSolutions
Aviya Aerospace Systems,lever,aviyatech
Avtex,lever,avtex
Avua UK Limited,lever,avua
axl,lever,axl
Azul,lever,azul
B.F. Saul Company,lever,bfsaul
B.F. Saul Company Hospitality Group,lever,bfsaulhotels
BackerKit,lever,backerkit
Backstory,lever,people-ai
Badge,lever,badge-group
Badger Maps,lever,badgermapping
Balbix,lever,balbix
BAMKO,lever,bamko
Banana Jobs,lever,bananajobs
Banco BV,lever,bv
Banner Bank,lever,bannerbank
"BAO, Inc",lever,baoinc
Baselane,lever,baselane
Basis,lever,basis
Bazaarvoice,lever,bazaarvoice
BDG,lever,BDG
Beam Benefits,lever,beam
Beamy,lever,Beamy
Beauty Barrage,lever,beautybarrage
Beaver Process Equipment,lever,beaverprocess
Beckley Clinical,lever,beckley-clinical
Bedrock Energy,lever,bedrockenergy
"Bee Green Recycling & Supply, LLC",lever,beegreen
Bee Talents,lever,bee-talents
Beedie,lever,beedie
Beghou Consulting,lever,beghouconsulting
BehaviorCare Therapy,lever,behaviorcaretherapy
Behaviour Interactive,lever,bhvr
Bellese,lever,bellese
Bellota Labs,lever,bellotalabs
Bellwether,lever,bellwetheram-2
Belvedere Trading,lever,belvederetrading
BenchSci,lever,benchsci
Bento Box Entertainment,lever,bentoboxent
Berkshire Hathaway Homestate Companies,lever,bhhc
Bernstein Litowitz Berger & Grossmann LLP,lever,blbglaw
Bespoke Post,lever,bespokepost
Best Egg,lever,BestEgg
BETA Technologies,lever,beta
Betr,lever,betr
Betstamp,lever,Betstamp
Better,lever,better
Better Life Partners,lever,betterlifepartners
Beyond Cloud Consulting Inc.,lever,beyondcloudconsulting
Beyond Menu,lever,beyondmenu
BHG Financial,lever,bhg-inc
Big Health,lever,bighealth
Bigblue,lever,bigblue
Biggie Group,lever,biggie
Binance,lever,binance
BioAgilytix,lever,bioagilytix
BioCatch,lever,biocatch
Biointellisense,lever,biointellisense
BIS Safety Software,lever,bis
Bisnow,lever,bisnow
BizAway Trial,lever,bizaway
BizLibrary,lever,bizlibrary
Black & White Zebra,lever,Black-White-Zebra
BlackCloak,lever,BlackCloak
BLEN,lever,blencorp
Blink UX,lever,blinkux
Blinq,lever,blinq
Blood,lever,pslove-pte
Bloom,lever,bloom
Bloom & Wild Group,lever,bloomon
Bloomwell Autism Therapy,lever,bloomwellcare
Blue Bottle Coffee,lever,bluebottlecoffee
Blue Coding,lever,bluecoding
Blue Engine,lever,blueengine
Blue Origin,lever,blueorigin
BlueCat,lever,bluecatnetworks
"BlueCloud Services, Inc.",lever,blue
Blueland,lever,blueland
Bluelight Consulting,lever,bluelightconsulting
BlueRock Therapeutics,lever,bluerocktx
Bluesight,lever,bluesight
Bogaard Group International,lever,bogaardgroup
"Bold Orange Company, LLC",lever,bold-orange
Bolster Inc.,lever,bolster
Bone Dry Roofing,lever,bonedry
Boson AI,lever,bosonai
Bosta,lever,Bosta
Boston Imaging,lever,bostonimaging
Boston Materials,lever,boston-materials
Boston Red Sox,lever,redsox
Bounteous,lever,bounteous
Boxbot,lever,boxbot
BoxLunch & Hot Topic,lever,boxlunch
BPM LLP,lever,bpmcpa
Brafton,lever,brafton
BrainChild Bio,lever,brainchildbio
"BrainStorm, Inc.",lever,brainstorminc
Brand Knew,lever,brand-knew
Braviant Holdings,lever,braviantholdings
BreezeBio,lever,BreezeBio
Brevo,lever,brevo
BRICK Networks,lever,bricknetworks
Bright Machines,lever,brightmachines
Brighte,lever,brighte
BrightEdge,lever,brightedge
BrightHire,lever,brighthire
Brighton Jones,lever,brightonjones
brightwheel,lever,brightwheel
Brilliant,lever,brilliant
Brillio,lever,brillio-2
Brindley Engineering,lever,brindleyengineering
BriteCore,lever,britecore
Brookings,lever,brookings
Brooklyn Investment Group,lever,bkln
Brooks Running,lever,brooksrunning
Brotherhood Crusade,lever,brotherhoodcrusade
BTSE,lever,BTSE
Buck Mason,lever,buckmason
"Buckeye Corrugated, Inc.",lever,bcipkg
BuildingConnected,lever,buildingconnected
Bumble Inc.,lever,bumbleinc
BURGA,lever,burga
Busara Center for Behavioral Economics,lever,BusaraCenter
Business Wire,lever,businesswire
ButcherBox,lever,butcherbox
Buy Box Experts,lever,buyboxexperts
C and L Inspection,lever,candlinspection
C12 Quantum Electronics,lever,c12qe
Cabo Norte Professionals,lever,cabonorte
CAI,lever,cagents
Callan,lever,callan
CALSTART,lever,calstart
Cambium Networks,lever,cambiumnetworks
"CampusWorks, Inc.",lever,campusworksinc
Canary Technologies Corp,lever,canarytechnologies
candidate.fyi,lever,candidate
Canvas Forum,lever,canvasforum
Canvas Medical,lever,canvasmedical
Canvas Worldwide,lever,canvasww
Capital Markets Gateway,lever,cmgx
Capital Solutions Group,lever,capitalsolutionsgroup
capital.com,lever,capital
Capricor Therapeutics,lever,capricor
CaptivateIQ,lever,captivateiq
Carbon Health,lever,carbonhealth
Cardiosense,lever,cardiosense
Careers In Travel | Destination Planners,lever,destinationknot
Carelinks ABA,lever,carelinks-aba
CareMessage,lever,caremessage
Carewest Innovative Healthcare,lever,carewest
cargo-partner,lever,cargo-partner
Carly Rian Group,lever,carlyriangroup
CarTrawler,lever,cartrawler
Cascade Climate,lever,cascade-climate
Caseware,lever,caseware
Catalant,lever,gocatalant
Catalist,lever,catalist
Catalyze,lever,catalyze
Catbird,lever,Catbird
CBT Nuggets,lever,cbtnuggets
CDC Foundation,lever,cdcfoundation
Celara,lever,celaralabs
Celerion,lever,celerion
Celestia Labs,lever,celestia
Cellares,lever,cellares
Center for AI Safety,lever,aisafety
Center For Humane Technology,lever,humanetech
Centrifuge,lever,centrifuge
Cents,lever,cents
Centuria,lever,centuria
CertifID,lever,certifid
Certify,lever,certifyos
CertiK,lever,certik
CesiumAstro,lever,CesiumAstro
"CESO, Inc.",lever,ceso
CFGI,lever,cfgi
Challenge Preparatory Charter School,lever,challengecharterschools
Channel Corp.,lever,zoyi
ChannelApe,lever,channelape
Charcuterie Artisans,lever,charcuterie
charity: water,lever,charitywater
Charm Industrial,lever,charmindustrial
Charter Impact,lever,charter-impact
Chef Robotics,lever,ChefRobotics
Cherre,lever,cherre
Chestnut Carbon,lever,chestnutcarbon
Chinese American Service League,lever,caslservice
Chooose,lever,chooose
Chopra,lever,chopra
ChowNow,lever,chownow
Church at the Park,lever,churchatthepark
CI&T,lever,ciandt
CIC,lever,cic
"CIM Group, LP",lever,cimgroup
Cin7,lever,cin7
Circadia Health,lever,circadiahealth
Circle Care Services,lever,circlecareservices
Circle Pharma,lever,circlepharma
Circuit,lever,getcircuit
Cirque du Soleil Entertainment Group,lever,cirquedusoleil
CITCON USA LLC,lever,citcon
City IT,lever,cef
Civitech,lever,civitech
Clari,lever,clari
Clarify Health,lever,clarifyhealth
CleanSpark,lever,cleanspark
Clear Capital | CubiCasa,lever,clearcapital
ClearEdge,lever,clearedge
Clerky,lever,clerky
Click Here to be Redirected to Planned Parenthood of Southwestern Oregon's New Career Center,lever,ppsworegon
ClickTime,lever,clicktime
Clinical Health Network For Transformation,lever,ClinicalHealthNetworkForTransformation
CLO Virtual Fashion,lever,clovirtualfashion
Cloaked,lever,cloaked-app
Cloudforce,lever,go-cloudforce
Cloudinary,lever,cloudinary
CloudWalk,lever,cloudwalk
co:collective,lever,cocollective
Coalfire,lever,coalfire
Coates Group,lever,coatesgroup
Cobaltrobotics,lever,cobaltrobotics
Coderio,lever,coderio
CoderPad,lever,coderpad
Cofactr,lever,Cofactr
Cogent Talent Solutions,lever,cogentanalytics
Coin Market Cap Ltd,lever,coinmarketcap
CoinGecko,lever,coingecko
Coins.ph,lever,coins
Colibri Group,lever,colibrigroup
Collabora,lever,collabora
Collaborative Strategies,lever,getcollaborative
Collate,lever,collate
Cologix,lever,cologix
Colorado Coalition for the Homeless,lever,coloradocoalition
Commerce Architects,lever,commercearchitects
Commerce Undergraduate Society,lever,commerce-undergraduate
Common Cause,lever,commoncause
Common Future,lever,commonfuture
CommonLit,lever,commonlit
Commonwealth Fusion Systems,lever,cfsenergy
Community Action House,lever,communityactionhouse
Companial,lever,companial
Compass Lexecon,lever,compasslexecon
CompassX Group,lever,compassx
Complex,lever,Complex
Comply,lever,comply
Component Repair Technologies,lever,componentrepairtechnologies
CompStak,lever,compstak
Computer World Services,lever,cwsc
ComputerCare,lever,computercare
Concurrency,lever,concurrency
Conduit,lever,conduit
confluera,lever,confluera
Constantinople,lever,cxnpl
Constellation Institute,lever,constellation
"Constellation Technologies, Inc",lever,cti-md
"Contact Government Services, LLC",lever,cgsfederal
Contentsquare,lever,contentsquare
ControlUp,lever,controlup
Convelio,lever,convelio
Convergent Research,lever,convergentresearch
ConverseNow.ai,lever,ConverseNow
Conversica,lever,conversica
Coolbet,lever,coolbet
Cooper for NC,lever,roy-cooper
Copia Automation,lever,copia
Copia Power,lever,copiapower
"CopilotKit, Inc.",lever,copilotkit
Corbalt,lever,corbalt
Cority,lever,cority
"Coupa Software, Inc.",lever,coupa
CourtAvenue,lever,court-avenue
Cprime,lever,cprime
CPS,lever,cps
Craftwater,lever,craftwater
Creator Deck,lever,creatordeck
CRED,lever,cred
Crescent Biopharma,lever,crescent-biopharma
Crest Industries,lever,crestoperations
CrossCountry Consulting,lever,crosscountry-consulting
"CrossFit, LLC",lever,crossfit
Crossing Minds Recruiting,lever,crossing-minds
Crosslake Technologies LLC,lever,crosslaketech
CrowdGen by Appen,lever,appen
CrowdRiff,lever,crowdriff
Crumbl,lever,crumbl
Cryptic Studios,lever,crypticstudios
Crypto.com,lever,crypto
Crytek,lever,crytek
CSC Generation,lever,cscgeneration-2
Culdesac,lever,culdesac
Culligan Quench,lever,quenchwater
Cullinan Therapeutics,lever,cullinanoncology
Culture Kings,lever,culturekings
Cuningham,lever,cuningham
Cura,lever,cura
Curai,lever,curai
Curri,lever,curri
"CVRx, Inc.",lever,CVRx
CX2,lever,cx2
CXT Software,lever,cxtsoftware
Cyara,lever,cyara
CyberOne Security,lever,cyberonesecurity
Cyderes,lever,cyderes
Cye,lever,CYE
Cygnal,lever,cygn
Cyngn,lever,cyngn
D&M Auto Leasing,lever,dmautoleasing
D-Fend Solutions,lever,d-fendsolutions
D.A. Davidson,lever,dadavidson
"DABS, Inc.",lever,dabsinc
Daily Wire,lever,dailywire
Daniels Health,lever,daniels-sharpsmart
Daos hub,lever,daos-hub
Datalab USA,lever,datalabusa
Dataroid,lever,dataroid
David&Goliath,lever,dng
DearDoc,lever,getdeardoc
Decile Group,lever,decilegroup
Deep Genomics,lever,deepgenomics
Deep Sky,lever,deepsky
DeleteMe,lever,deleteme
"DELFI Diagnostics, Inc.",lever,delfidiagnostics
Deliverect,lever,deliverect
Delta Airport Consultants,lever,deltaairportconsultants
Delta Dental of Kansas,lever,delta-dental-of-kansas
Delta Solutions & Strategies,lever,deltasands
Demiurge Studios,lever,demiurgestudios
Democratic Governors Association,lever,dga
Dempsey Uniform & Linen Supply,lever,dempseyuniform-2
Deputy,lever,deputy
dermalogica,lever,dermalogica
Desafío Latam,lever,desafiolatam
Design Solutions & Integration,lever,dsi
Designetics,lever,designetics
Despegar,lever,despegar
DEUNA,lever,deuna
DevCycle,lever,devcycle
Developers,lever,developers
DexCare,lever,dexcarehealth
Dexterity,lever,dexterity
DIALOG,lever,dialogdesign
Diamond Foundry,lever,diamondfoundry
Didomi,lever,didomi
Digital Matter,lever,digital-matter
Digital Media Management,lever,digitalmediamanagement
"DigitalFish, Inc",lever,digitalfish
Dijital Team,lever,dijital-team-pty-ltd
DiliTrust,lever,dilitrust
Dimension,lever,getdimension
DISHER,lever,disher
Disney+ Hotstar,lever,hotstar
DISQO,lever,disqo
Distro,lever,distro
Distru,lever,distru
Diversified Automation,lever,diversified-automation
Diversified Radiology,lever,DiversifiedRadiology
dLocal,lever,dlocal
DN LLC,lever,dnllc
DNAM Brands,lever,silhouette
Docebo,lever,docebo
Docsumo,lever,docsumo
Doctrine,lever,doctrine
Dolls Kill,lever,dollskill
Donor Network West,lever,dnwest
doola,lever,doola
Doonails,lever,doonails
Doran Jones Inc.,lever,doranjones
DoubleDown Interactive,lever,doubledown
Doxel,lever,doxel
Dozee,lever,dozee
Draslovka,lever,draslovka
DREAM,lever,wearedream
Dream Games,lever,dreamgames
Dreamgolf,lever,dreamgolf
Drivemode,lever,drivemode
Drivetrain,lever,drivetrain
DroneDeploy,lever,dronedeploy
Duetti,lever,duetti
Duffel,lever,duffel
Dulcedo Management,lever,dulcedo
Dun & Bradstreet,lever,dnb
Duranta,lever,getduranta
Durin,lever,durin
Dutch,lever,dutch
Dwolla,lever,dwolla
Dynamic Catholic,lever,dynamiccatholic
Dzen,lever,dzen
E-Space,lever,espace
e.l.f. Beauty,lever,elfbeauty
Earth Species Project,lever,earthspecies
Eastern Communications,lever,eastern-communications
Easy Agile,lever,easyagile
Easy Street Capital,lever,easystreetcap
Easybrain,lever,easybrain
EasyPost,lever,easypost-2
ECL,lever,ecldc
econstruct,lever,econstruct
Ecosystem,lever,ecosystem
Edera,lever,edera
Edge OFS,lever,edgeofs
Editorialist,lever,editorialist
Edpuzzle,lever,edpuzzle
EDR,lever,edr
Education Services LLC,lever,education-services
Educative Inc,lever,educative
EFY,lever,efinti
Egen,lever,egen
eGenesis,lever,egenesisbio
Ekimetrics,lever,ekimetrics
Eko,lever,ekohealth
Electric Mind,lever,electricmind
Eleks,lever,eleks
Element Solutions,lever,elementsolutions
Eleos Technologies,lever,eleostech
Eliyan,lever,eliyan
Elk Valley Resources,lever,evr
Ellevation,lever,ellevationeducation
Elroy Air,lever,elroyair
Elty,lever,elty
Emburse,lever,emburse
Emerson Collective,lever,emersoncollective
Emerson Human Capital Consulting,lever,emersonhc
Emesent,lever,Emesent
Emi Labs,lever,emilabs
EMILYs List,lever,emilyslist
Emma – The Sleep Company,lever,emma-sleep
Empassion,lever,empassion.com
Empire State Realty Trust,lever,esrtreit
Empirico,lever,empiricotx
Employ,lever,employ
Empowerly,lever,empowerly
Enable,lever,enable
EnableComp,lever,enablecomp
Enara Health,lever,EnaraHealth
Encord,lever,CordTechnologies
Encore Renewable Energy,lever,encore-renewable-energy
Endpoint Clinical,lever,endpointclinical
ENDVR,lever,companyon
Energetic,lever,energeticcapital
Energy and Environmental Economics,lever,ethree
Energy Recovery,lever,energyrecovery
Energy Vault,lever,EnergyVault
Enforce Consulting,lever,enforceconsulting
EnGen,lever,voxy-engen
Engine Ventures,lever,engine-ventures
Enhanced Games,lever,enhanced-us
Enigma Aerospace,lever,crgo
Entefy,lever,entefy
Enter,lever,enter-rcm-llc
Entrata,lever,entrata
Enveda,lever,enveda
envelio,lever,envelio
Epifi Technologies,lever,epifi
Epoch AI,lever,epoch-ai
Epsilon3,lever,epsilon3
EQ Bank | Equitable Bank,lever,eqbank
Equativ,lever,equativ
Equitas Academy Charter Schools,lever,equitasacademy
Equity Prime Mortgage,lever,epm
Er-Meds,lever,er-meds
ERG,lever,erg
Esalen Institute,lever,esalen
Esper,lever,esper
Estenda Solutions,lever,estenda
Ethena,lever,ethena
Ethena Labs,lever,ethenalabs
EV Realty,lever,evrealty-us
Eve,lever,Eve
Everbridge,lever,everbridge
Evergreen Strategy Group,lever,evergreenstrategygroup
Everlywell,lever,everlywell
Evident ID,lever,evidentid
Exowatt,lever,exowatt
EXPANSIA,lever,talentwerx.io
Exploding Kittens,lever,explodingkittens
Exponent,lever,killbusyseason
Extreme Networks,lever,extremenetworks
Eyeline,lever,Eyeline
ezCater,lever,ezcater
Factor,lever,factor
Fair Trade Real Estate,lever,FairTradeRealEstate
Falcon.io,lever,falcon
Fam,lever,fampay
Fanatee,lever,fanatee
Fantasy,lever,fantasy
Farfetch,lever,farfetch
"Fate Therapeutics, Inc.",lever,fatetherapeutics
Favor,lever,askfavor
Fehr & Peers,lever,fehrandpeers
Feld Entertainment,lever,feldinc
Felix Construction,lever,felix-construction
Female Founders Fund,lever,femalefounders-fund
Fenway Sports Management,lever,fenwaysports
Fetch,lever,fetchpackage
FEVO,lever,fevo
Fi,lever,fi
Field Fastener,lever,fieldfastener
Field Nation,lever,fieldnation
FieldAI,lever,field-ai
Fig,lever,figfinancial
Filevine,lever,filevine
Finch,lever,finch
Find,lever,find
Findem,lever,findem
"Findhelp, A Public Benefit Corporation",lever,findhelp
Findigs,lever,findigs
Finix,lever,finix
FINN,lever,finn
FinQuery,lever,finquery
Fintual,lever,fintual
Firefly,lever,fireflyon
FireMon,lever,firemon
Firework,lever,fireworkhq
First American,lever,firstam
First Entertainment Credit Union,lever,firstent
Firstup,lever,firstup
FiscalNote,lever,fiscalnote
Fitbod,lever,fitbod
Fitify,lever,FitifyWorkouts
FitzMark,lever,fitzmark
Five Star Solutions,lever,getfivestar
Fix Group Management,lever,FixGroup
Fixins Soul Kitchen,lever,fixinssoulkitchen
Flare,lever,flare
Flash,lever,flashapp
Flex,lever,Flex
FloQast,lever,floqast
Florence Health,lever,florence
Florida Democratic Party,lever,floridadems
Flow,lever,flowlife
Fluxergy,lever,fluxergy-2
Flynn Group of Companies,lever,flynncompanies
Fond,lever,fond
Foodsmart,lever,foodsmart
Foodstuffs North Island,lever,foodstuffs
For Our Future Action Fund,lever,forourfuturefund
Forbright Bank,lever,forbrightbank
FORM,lever,form
Formal,lever,joinformal
Forterra,lever,forterra
Fortress Financial Technologies,lever,fortress
Forvis Mazars,lever,mazars
Foth,lever,foth
Foundation EGI,lever,foundation-llm-technologies
FoundersCard,lever,founderscard
Foxen Administration,lever,foxen
Foxit,lever,foxitsoftware
FreeBalance,lever,freebalance.com
Freedom Power,lever,freedomsolarpower
Freedom Preparatory Academy Charter Schools,lever,freedomprep
FreedomPay,lever,freedompay
Freeosk,lever,thefreeosk
Fresha,lever,fresha
Freshworks,lever,freshworks
Frontify,lever,frontify
FRONTSTEPS,lever,frontsteps
Fulcrum,lever,fulcrumpro
Full Spectrum,lever,fullspectrumsoftware
Fullscript,lever,fullscript
fun.xyz,lever,funxyz
Fundrise,lever,fundrise
Future Motion,lever,rideonewheel
Future Now,lever,futurenow
Future of Life Organizations,lever,futureof-life
"FWG Solutions, Inc.",lever,fwgsolutions
Galatea Associates,lever,galatea-associates
"Galatea Bio, Inc.",lever,galatea
GALE,lever,galepartners
Galvanick,lever,galvanick
Gamma,lever,gamma
Gate,lever,gate
Gator Bio,lever,gatorbio
Gauntlet,lever,gauntlet
Gauss Labs,lever,gausslabs
Gearset,lever,gearset
GenBio AI,lever,genbio
GeneFab,lever,genefab
Genesis AI,lever,genesis-ai
Genesis Global,lever,genesis
GeoComply,lever,geocomply-2
Getlabs,lever,getlabs
Getty Images,lever,gettyimages
Ghirardelli,lever,nxtthingrpo
GHJ,lever,ghj
ghSMART,lever,ghsmartjobs
GiddyUp,lever,giddyup
Girls Who Code,lever,girlswhocode
GiveWell,lever,givewell
Giving Home Health Care,lever,givinghhc
Glacier Fish,lever,glacierfish
Glass Health Inc.,lever,glass-health-inc
GLIDE,lever,glide
Global Commissioning,lever,global-cxm
Global Elite Empire Consultants,lever,globalelitecareers
Global Health Corps,lever,ghcorps
Global Lending Services,lever,glsllc
Global Strategy Group,lever,globalstrategygroup
Glow,lever,glow.co
Glue,lever,gluegroups
GMO,lever,gmo
Go RH,lever,gorh
Goalbook,lever,goalbookapp-2
goFluent,lever,gofluent
Gogolook,lever,Gogolook
Gojob,lever,gojob
GOLF+,lever,golfscopeinc
GoMaterials,lever,gomaterials
GoNetspeed,lever,gonetspeed
Good American,lever,goodamerican
Good Eggs,lever,goodeggs
GoodLeap,lever,goodleap
Gopuff,lever,gopuff
Gordian Biotechnology,lever,gordian-bio
GoTo Group,lever,GoToGroup
GPDQ,lever,gpdq
GR0,lever,gr0
GRADION,lever,gradion
GRAIL,lever,grailbio
Grand Games,lever,grand
Grant Street Group,lever,grantstreet
Gravie,lever,gravie
Gravis Robotics,lever,gravisrobotics
"Graylog, Inc",lever,graylog
Grayscale,lever,grayscale
Great Gray,lever,great-gray-group
Greenlight Financial Technology,lever,greenlight
Grid,lever,Grid
Gridline,lever,gridline
Gridmatic,lever,gridmatic
Gridware,lever,gridware
Grizzly,lever,grizzly.co
Guardsquare,lever,guardsquare
GuideStar Eldercare,lever,guidestareldercare
Gursey,lever,gursey
Gushwork,lever,gushwork
Gynger,lever,gynger
H1,lever,h1
H2 Event Group,lever,h2eventgroup
Handoff,lever,handoff
Hanna Andersson,lever,hannaandersson
HAP Capital,lever,hap-capital
Happy Health,lever,happy-sleep
HappyCo,lever,happyco
Harlem Childrens Zone,lever,harlem-childrens-zone
Harmonic Design,lever,harmonicdesign
Harmony,lever,harmony
Harrison Street,lever,harrisonst
"Hartizen Homes, LLC",lever,hartizenhomes
HASI,lever,hasi
Hatch IT,lever,hatchit
Havenpark Communities,lever,havenparkcommunities
HavenPoint Health,lever,havenpoint-health
Hawaiian Host Group,lever,hawaiianhost
Hawthorne Health,lever,hawthorne-health
Hayes Locums,lever,hayeslocums
HCVT,lever,hcvt
Head-Royce School,lever,headroyce
Headlight,lever,headlight.health
"Health Services Advisory Group, Inc.",lever,hsag
HealthCare,lever,healthcare
Healthmark Group Trial,lever,healthmark-group
Healx,lever,healx
Heard,lever,heard
Heartbeat Health,lever,heartbeathealth
Heartworks Early Education,lever,heartworksvt
Heetch,lever,heetch
Hello Nanny!®,lever,hellonanny
Hellotickets,lever,hellotickets
Hermeus,lever,hermeus
Hero Cosmetics,lever,herocosmetics
HEVO,lever,hevo
Hevo Data,lever,hevodata
Hexa,lever,hexa
Hexagon US Federal,lever,hexagonusfederal
Hey Jane,lever,heyjane
Hgen,lever,hgen
HHAeXchange,lever,hhaexchange
High Tech High,lever,hightechhigh
Highbar Physical Therapy,lever,highbarhealth
Highland Electric Fleets,lever,highlandfleets-2
HighLevel,lever,gohighlevel
Highspot,lever,highspot
Highstreet,lever,highstreetit
HiHello,lever,hihello
"Hiller Plumbing, Heating, Cooling & Electrical",lever,happyhiller
Hint Health,lever,hint
Hiring Our Heroes,lever,hiringourheroes
Hive,lever,hive
Hivemapper,lever,Hivemapper
Hivemind Capital Partners,lever,hivemind-capital
HMBL,lever,hmbl-tech
Holloway,lever,holloway
HONK,lever,honkforhelp
Hop,lever,hophr
Hope Services,lever,hopeservices
Hopelab,lever,hopelab
Horizon Blue ABA,lever,horizon-blue-aba
Horizon Industries Ltd.,lever,hil
Horizon Robotics,lever,horizon
Hosco,lever,hosco
Hot Topic & BoxLunch,lever,hottopic
House Majority PAC,lever,thehousemajoritypac
Houzz,lever,houzz
HRL Laboratories,lever,dodmg
HSO,lever,hso
Huckleberry Labs,lever,Huckleberrylabs
Humaans,lever,humaans
Humble Robotics,lever,humble-robotics
Hunger Free America,lever,hungerfreeamerica
HUSH,lever,hush
Hypebeast,lever,hypebeast
Hypersonica,lever,hypersonica-prod
Ibility,lever,ibility
Idealist Consulting,lever,idealistconsulting
Ideas United,lever,ideasunited
IDMWORKS,lever,idmworks
IDT,lever,idt
ifeel,lever,ifeel
Illumination,lever,illumination
Imbue,lever,imbue
iMentor,lever,imentor
Immiland Canada Inc.,lever,immiland-canada-inc
Immuta,lever,immuta
Immutable,lever,immutable
IMO Health,lever,imo-online
Impossible Cloud,lever,impossiblecloud
Improbable LLC,lever,improbable-2
In Compass Health,lever,incompasshealth
Included Health,lever,includedhealth
Incorta,lever,incorta
Index Ventures,lever,indexventures
Inductive Automation,lever,inductiveautomation
InductiveHealth,lever,inductivehealth
INFINIT,lever,infinit
Infinite pl,lever,infinitepl
INflow Federal,lever,inflowfed
Influ2,lever,influ2
Influur,lever,influur
Infobase,lever,infobase
InfraServices,lever,infraservices
InfStones,lever,infstones
Inkitt,lever,inkitt
Innodata,lever,innodata
Innophos,lever,innophos
Innovative Solutions,lever,innovativesol-2
Inpay,lever,inpay-2
Insider One,lever,insiderone
Insify,lever,insify
Insightm,lever,InsightM
Insomnia Cookies,lever,insomniacookies
Insomniac Design,lever,insomniacdesign
Institute of Foundation Models,lever,ifm-us
Instrument,lever,instrument
Instrumentl,lever,Instrumentl
Integra Beauty,lever,integrabeauty
Integrate,lever,integrate
intenseye,lever,intenseye
Intersect,lever,intersect
IntraFi,lever,intrafi
Intrepid College Prep Schools,lever,intrepidcollegeprep
InvestorFlow,lever,investorflow
Invinity Energy Systems,lever,invinity
Invo Healthcare - Family of Companies,lever,invohealthcare
ION Group,lever,ion
Ippon Technologies,lever,ippon
Irca Group,lever,ircagroup
Ironflow AI,lever,ironflow
Iru,lever,iru
ISEE,lever,isee
"ispace, inc.",lever,ispace-inc
Issuu,lever,issuu
Ivo,lever,ivo
iyzico,lever,iyzico
Jagex,lever,jagex
Jam City,lever,jamcity
JamLoop,lever,jam-loop
Jane Technologies,lever,iheartjane
January,lever,januaryinc
Janux Therapeutics,lever,januxrx
Jaumo,lever,jaumo
Jeeves,lever,tryjeeves
"Jet Support Services, Inc.",lever,jetsupport
Jetbrains,lever,jetbrains
JetBridge,lever,JetBridge
JETSET Pilates,lever,jetsetpilates
JioStar,lever,jiostar
Jito Foundation,lever,jito
Jito Labs,lever,jito.wtf
Jitx Inc.,lever,jitxinc
JMA Wireless,lever,jmawireless
JMI Equity,lever,jmi
Job&Talent,lever,jobandtalent
Jobgether,lever,jobgether
Jobin,lever,jobin
Jobs have moved to our Accenture Job Site,lever,pip
Jobscan,lever,jobscan-2
Joele Frank,lever,joelefrank
Johnson Hana,lever,johnson-hana
JOLT,lever,joltcharge
Josh's Toys & Games,lever,joshstoysandgames
Journey Clinical,lever,JourneyClinical
Joyride Autos,lever,joyrideautos
JumpCloud,lever,jumpcloud
JuneShine Brands,lever,juneshine
Jupe,lever,jupe
"Jupiter Intelligence, Inc.",lever,jupiterintel
Jushi,lever,jushico
JustWatch,lever,justwatch
JVS Boston,lever,jvs-boston
K Group Companies,lever,kgroupcompanies
K4,lever,k4-trading
Kabam,lever,kabam
Kapta Space,lever,kapta-space
Kapwing,lever,kapwing
Karius,lever,kariusdx
KarmaCheck,lever,karmacheck
Kasada,lever,kasada
Katten Muchin Rosenman LLP,lever,katten
Kavak,lever,kavak
KCAS Bio,lever,kcasbio
Keboola,lever,keboola
Keepsafe,lever,keepsafe
Kelonia Therapeutics,lever,KeloniaTX
Kenko AI,lever,kenko
Kepler Communications,lever,kepler
Kestrel Intelligence,lever,kestrel-intelligence
Keyloop,lever,keyloop
Kickmaker,lever,kickmaker
Kiddom,lever,kiddom
Kids on the Move,lever,kotm
KIND,lever,supportkind
Kind Behavioral Health,lever,carolinacenterforaba
Kinsta,lever,kinsta
KIPP SoCal Public Schools,lever,kippsocal
Kitware,lever,kitware
Kiva Confections,lever,kivaconfections
Kixie,lever,kixie
KlearNow.ai,lever,klearnow
Klivvr,lever,klivvr
Knix,lever,knix
knownwell,lever,knownwell
Koala Health,lever,koalahealth
Kobie Marketing,lever,kobie
Kochava,lever,kochava
Kogan.com,lever,kogan
Kogniz,lever,kogniz
Kontakt.io,lever,kontakt
Korro Bio,lever,korrobio
Kouper Health,lever,kouperhealth
KPA,lever,kpaonline
Kpler,lever,kpler
KPMG LLP,lever,kpmg
KPMG New Zealand,lever,kpmgnz
Kraken,lever,kraken123
Kraken Digital Asset Exchange,lever,kraken
Kruze Consulting,lever,kruzeconsulting
KUBRA,lever,kubra
Kyivstar,lever,kyivstar
Kyverna Therapeutics,lever,Kyverna
La Senza,lever,lasenza
Lacuna Technologies,lever,lacunatechnologies
Ladders,lever,ladders
Lalamove,lever,lalamove
Laminar Projects,lever,laminarprojects
Lamudi,lever,lamudi
Landmark Bio,lever,landmarkbio
"Language Services Associates, Inc.",lever,lsaweb
Lansing School District,lever,lansingschools
Larian Studios,lever,larian
Last Energy,lever,last-energy
LatchBio,lever,latch
Latin Top Jobs Group,lever,ltjgroup
Latitude Inc,lever,latitudeinc
Launch Housing,lever,launchhousing
LaunchSquad,lever,launchsquad
Layup Parts,lever,layup
LB Capital,lever,lb-capital
LCBC Church,lever,lcbcchurch
Leadership Connect,lever,leadershipconnect
Leadspace,lever,leadspace
LeanTaaS,lever,leantaas
Legacy Restoration,lever,legacyrestorationllc
Legend,lever,Legend
Lendbuzz,lever,lendbuzz
Lessen,lever,lessen
Level AI,lever,levelai
Level99 Entertainment,lever,level99
LevelUp,lever,levelup
Lever,lever,lever
Lever Demo 2,lever,leverdemo
Lever Education,lever,leverdemo50000
Lever Education,lever,leverdemo193
Lever Implementation Training Environment,lever,leverdemo-8
Lexeo Therapeutics,lever,lexeotx
Liatrio,lever,liatrio
Life.Church,lever,life
Lifeforce,lever,lifeforce
Lifen,lever,lifen
LifeStance Health,lever,lifestance
Lightcast,lever,economicmodeling
Lightedge,lever,lightedge
Lightship,lever,lightship
Limit Break,lever,limitbreak
Lincoln Institute of Land Policy,lever,lincolninst
Lindblad Expeditions,lever,lindblad-expeditions
Lingaro,lever,lingarogroup
Link,lever,linkllc
Link Rehab and Wellness,lever,linkrehabwellness
LinkedIn Partner Sandbox - RSC testing,lever,linkedin
LinkedIn Test - Senthil,lever,jobvite
Lionheart Children’s Academy,lever,lionheartkid
Lirvana Labs,lever,lirvanalabs
"Little Sprouts, LLC",lever,littlesprouts
LiveOak Fiber,lever,liveoakfiber
Living Carbon,lever,livingcarbon
Loadsmart,lever,loadsmart
Lochmueller Group,lever,lochgroup
Lodgify,lever,lodgify
Loft Orbital Solutions,lever,loftorbital
Logan Property Management,lever,loganpm
LogRocket,lever,logrocket
Logz.io,lever,logz
Lone Wolf Technologies,lever,lwolf
Long View Systems,lever,lvs1
Long Wall,lever,longwall
Loop,lever,loopreturns
Low Battery,lever,raptv
Loyal,lever,loyalhealth
LRDG Language Research Development Group,lever,lrdgonline
LTA Research,lever,ltaresearch
Lucas Museum of Narrative Art,lever,lucasmuseum
Lucidworks,lever,lucidworks
lululemon Studio,lever,mirror
Lumafield,lever,lumafield
Lumin Digital,lever,LuminDigital
Luminary Labs,lever,luminary-labs
Lumivero,lever,lumivero
Lumotive,lever,lumotive
Luna Physical Therapy,lever,lunaphysicaltherapy
LUUM,lever,luumlash
Luxury Presence,lever,luxurypresence
Lycia Therapeutics,lever,LyciaTherapeutics
Lyra Health,lever,lyrahealth
Lyrebird Health,lever,lyrebirdhealth
Lyrebird Studio,lever,lyrebirdstudio
Lyterian,lever,lyterian
M+R,lever,mrss
Mable,lever,mable
Machina Labs,lever,MachinaLabs
Macquarie Technology Group,lever,macquarietechnologygroup
Mactores,lever,mactores
Madhappy,lever,madhappy
Magical Beginnings,lever,magicalbeginningslc
Magna Legal Services,lever,magnals
Magnet Forensics,lever,magnetforensics
Magnopus,lever,magnopus
Mahmee,lever,mahmee
Mainspring Energy,lever,mainspringenergy
Makpar,lever,makpar
Malaria No More Fund,lever,malarianomore
Malbon,lever,malbongolf
Malt,lever,malt
Mama Money,lever,mamamoney
Mammoth Biosciences,lever,mammothbiosci
Management Leadership For Tomorrow,lever,ml4t
Manay CPA,lever,manaycpa.com
Mango Languages,lever,mangolanguage
Manifest,lever,manifest
Mantis Innovation,lever,mantisinnovation
Maple,lever,getmaple
Marco Polo,lever,marcopolo
Marcus & Millichap,lever,marcusmillichap
Marcus Graham Project + Locomotus,lever,marcusgrahamproject
MARGO,lever,margo-group
Marguerite Casey Foundation,lever,margueritecaseyfoundation
Marigold Health,lever,marigoldhealth
Marketcircle,lever,marketcircle
MarketerHire,lever,marketer-hire
Markham LLC,lever,markham
Marquette Associates,lever,marquetteassociates
MarqVision,lever,marqvision
Marshall Reddick Real Estate,lever,marshallreddick
Mashgin,lever,mashgin
Massachusetts Institute of Technology,lever,mit
Massachusetts School Building Authority,lever,massschoolbuildings
Mastery Charter Schools,lever,masterycharter
Match Group,lever,matchgroup
Matillion,lever,matillion
Matrix Partners,lever,matrixpartners
Maureen Joy Charter School,lever,joycharter
MaverickX,lever,maverickx
Max Retail,lever,max-retail
MAX Surgical Specialty Management,lever,max-ssm
MaxMind,lever,maxmind
MayaHTT,lever,maya
Mayer LLP,lever,mayer-llp
MCA Connect,lever,mcaconnect
McChrystal Group,lever,mcchrystalgroup
Mechanical Orchard,lever,mechanicalorchard
MedCare Pediatric,lever,medcarepediatric
Mediafly,lever,Mediafly
Mediagenix,lever,mediagenix
Mediatech,lever,adtech
Medical Home Network,lever,mhnchicago
Medical Outsourcing Solutions,lever,medical-outsourcing-solutions
Medici,lever,medi.ci
Mednow,lever,mednow
MedRhythms,lever,medrhythms
Meds,lever,meds
Meesho,lever,meesho
Meeting Tomorrow,lever,meetingtomorrow
"Mega HR, Inc.",lever,mega
Megaport,lever,megaport
Meilisearch,lever,meili
"Meirowitz & Wasserberg, LLP",lever,Meirowitz-Wasserberg
Mendix,lever,mendix
Menlo Ventures,lever,menlovc
Mercedes-Benz R&D North America,lever,MBRDNA
Merkle Science,lever,merklescience
Merlin Labs,lever,merlinlabs
MERU,lever,wearemeru
Metabase,lever,metabase
Metaprise,lever,metaprise.ai
Metasite Business Solutions,lever,metasite
Metaview,lever,metaview
METECS,lever,metecs
Metergy Solutions,lever,metergysolutions
METR,lever,metr
MicroVentures,lever,microventures
MicroVision,lever,microvision
"Milhouse Engineering and Construction, Inc.",lever,milhouseinc
Milltown Partners,lever,milltownpartners
Milo,lever,milocredit
Minders,lever,minders
Mindful,lever,mindful
Mindtickle,lever,mindtickle
MineSense,lever,minesense
Minted,lever,minted
Mirastar FCU,lever,mirastarfcu
Mission Capital Advisors,lever,missioncap
Mission Graduates,lever,missiongraduates
MissionWired,lever,MissionWired
Mistplay,lever,mistplay
Mistral AI,lever,mistral
Mitek Systems,lever,miteksystems-2
Mitratech Partner Sandbox,lever,mitratech
Mixlab,lever,mixlab
Model N,lever,modeln
Modern Life,lever,modernlife
Modulate,lever,modulate
Molten Industries,lever,moltenindustries
Mom's Meals,lever,momsmeals
"Momenti, Inc.",lever,momenti-inc
Moments Hospice,lever,momentshospice-2
Moneybox,lever,moneyboxapp
Mongoose,lever,hellomongoose
Monster Tree Service,lever,whymonster
Monterey Technologies Inc,lever,mti-inc
MOO,lever,moo
MoonPay,lever,moonpay
Moonpig,lever,moonpig
Moonsong Labs,lever,moonsong-labs
Morning Brew Inc.,lever,morningbrew
Morning Consult,lever,morningconsult
Mothership,lever,mothership
Motif,lever,motifsystems
"ms consultants, inc.",lever,msconsultants
"MTS Health Partners, L.P.",lever,mtspartners
Mulberry,lever,mulberry
Mulligan Funding,lever,mulliganfunding
Multiply Labs,lever,multiplylabs
Murgado Automotive Group,lever,murgadoautomotive
Musixmatch S.p.a,lever,musixmatch
Muttdata,lever,muttdata
myLaurel,lever,mylaurelhealth
Myo,lever,myodetox
MyPass Global,lever,mypassglobal
Mythic,lever,mythic-ai.com
Mytos,lever,mytos
MyVest,lever,myvest
N-Power Medicine,lever,npowermedicine
N1 Health,lever,algorex
nahc.io,lever,nahc
NAI Northern California,lever,nainnorcal
Nango,lever,nango
Narmi,lever,narmi
NASA Federal Credit Union,lever,nasafcu
National Journal,lever,nationaljournal
Nava,lever,nava
NAVISITE - Part of Accenture,lever,navisite
Neighbor,lever,neighbor
Nelnet Community Engagement,lever,nce
Neon Pagamentos,lever,neon
Neowiz,lever,neowiz
Nestig,lever,Nestig
Netflix,lever,netflix
Netlight,lever,netlight
Netomi,lever,netomi
Netvirta,lever,netvirta
Neuron 7,lever,neuron7
Nevada State High School,lever,NSHS
Nevados,lever,nevados
New Jersey Innovation Authority,lever,NJStateOfficeofInnovation
New Western,lever,newwestern
New Western Corporate,lever,newwesterncorporate
New Zealand Trade and Enterprise,lever,newzealandtradeandenterprise
Newton,lever,newton
Next Health,lever,next-health
NextDecade,lever,next-decade
Nextech,lever,nextech
NextGen Federal Systems,lever,nextgenfed
Nexus Engineering Group,lever,nexuse-group
nEye.ai,lever,neye-systems-inc.
NFQ,lever,nfq
NFX,lever,nfx
Niagen Bioscience,lever,niagenbioscience
Nibiru,lever,nibiru
Nielsen,lever,nielsen
Nimble Talent,lever,nimbletalent
NimbleRx,lever,nimblerx
Nimbus,lever,nimbus
Ninja Van,lever,ninjavan
nitra,lever,nitra
Nium,lever,nium
NobleReach Foundation,lever,noblereach
NOBODY,lever,nobody
NOBULL,lever,nobullproject
NodeReal,lever,nodereal
NOLA Public Schools,lever,nolapublicschools
Nomad Marketing,lever,nomadmktg
Nomi Health,lever,nomihealth
Nominal,lever,nominal
Noodle,lever,noodle
Nord Security,lever,nordsec
North America Construction (1993) Ltd. - NAC Constructors Ltd.,lever,nacsworld
Novara,lever,novara
Novaspace,lever,novaspace
Novir,lever,novir
NOVOS FiBER,lever,novosfiber
NPHub,lever,nphub
NRI North America,lever,corebts
Numeris,lever,numeris
nuuds,lever,nuuds
NuvoAir,lever,NuvoAir
NuWaves RF Solutions,lever,nuwaves
O'Donnell/Snider Construction,lever,odonnellsnider
OakNorth,lever,oaknorth.ai
"Object Computing, Inc.",lever,oci
Objective Corporation,lever,objective
Observable,lever,observablehq
Octane,lever,octaneai
Octopus Energy Group,lever,octoenergy
Odaseva,lever,odaseva
Oddin,lever,oddin
Offchain,lever,offchainlabs
Ogury,lever,ogury
Oktopost,lever,oktopost
Oleria Security,lever,oleria-security
Oliver Wyman Labs,lever,oliverwyman
Ollie,lever,myollie
Olo,lever,olo
Omni Design Technologies,lever,omnidesigntech
Omnidian,lever,omnidian
Omnisend,lever,omnisend
Once Upon a Farm,lever,onceuponafarm
One Impression,lever,oneimpression
"Onit, Inc.",lever,onit
Oomnitza,lever,oomnitza
Open Inc.,lever,o-p-e-n
OpenX,lever,openx
Optimus SBR,lever,optimussbr
OptionMetrics,lever,optionmetrics
OPYS,lever,opys
OraSure Technologies Inc.,lever,dnagenotek
Orb Aerospace,lever,orbaerospace
Orca Bio,lever,orcabiosystems
Ordr,lever,ordr
"Orijin, a public benefit corporation",lever,orijin
Orum,lever,orum
OSARO,lever,osaro
OSEDEA,lever,osedea
Osmind,lever,Osmind
OU Education Services,lever,ou-education-services
Our Place,lever,our-place
OutcomesAI,lever,outcomesai
Outlast,lever,outlast
Outpace Bio,lever,outpacebio
Outreach,lever,outreach
Outsight,lever,outsight
Outsourced Staff,lever,outsourcedstaff
Overcast,lever,overcast
Owlet,lever,owletcare
Oxylabs,lever,oxylabs
Pacific Quest,lever,pacificquest
Pacifico Energy,lever,pacificoenergy
PackageX,lever,packagex
Packmatic GmbH,lever,Packmatic
PadSplit,lever,padsplit
Palantir Technologies,lever,palantir
Panopto,lever,panopto
Paradigm Health,lever,paradigm-health
Parallel Domain,lever,paralleldomain
Parallel Wireless,lever,parallelwireless
Paramedic Services of Illinois,lever,paramedicservices
Parnall Law,lever,parnalllaw
Patch My PC,lever,patchmypc
Pathpoint,lever,pathpoint
Patrick J McGovern Foundation,lever,mcgovern
Patsnap,lever,patsnap
Pattern,lever,pattern
Pavement Coffeehouse,lever,pavementcoffee
Payactiv,lever,payactiv
PayJoy,lever,payjoy
Paytm,lever,paytm
Paytm Payments Services,lever,paytmpayments
PDI Technologies,lever,pditechnologies
Peak,lever,peakgames
Pearpop,lever,pearpop
Peerspace,lever,peerspace
Pelmorex,lever,pelmorex
Pendulum™,lever,pendulum
Penrod,lever,penrodsoftware
Penta Group,lever,pentagrp
Penumbra,lever,penumbrainc
PeopleGrove,lever,peoplegrove
Perennial,lever,perennial
Perforce,lever,perforce
Performance Systems Integration,lever,psintegrated
Perr&Knight,lever,perrknight
PetDesk,lever,petvisor
PEXA Group,lever,pexa
Phoenix Tailings,lever,PhoenixTailings
PicCollage,lever,piccollage
Pickle Robot Company,lever,picklerobot
PickTrace,lever,picktrace
Picus,lever,picus
Pigment,lever,pigment
Pillar,lever,pillar
Pillar Technology,lever,pillartechnology
Pine Services Group,lever,pine-services
PingWind,lever,pingwind
Pinkoi,lever,pinkoi
PIP Labs,lever,piplabs
Pivot Energy,lever,pivotenergy
Pivotal,lever,pivotal
Place Showroom,lever,placeshowroom.com
Placemakr,lever,placemakr
Plaid,lever,plaid
Planet Technologies,lever,planettechnologies
"Planned Parenthood Arizona, Inc.",lever,ppaz
Planned Parenthood Association of Utah,lever,ppau
Planned Parenthood California Central Coast,lever,ppcentralcoast
Planned Parenthood Columbia Willamette,lever,ppcw
Planned Parenthood Federation of America,lever,ppfa
Planned Parenthood Great Plains,lever,ppgreatplains
"Planned Parenthood Hudson Peconic, Inc.",lever,pphp
Planned Parenthood Keystone,lever,ppkeystone
Planned Parenthood League of Massachusetts,lever,pplm
Planned Parenthood Los Angeles,lever,pp-la
Planned Parenthood of Delaware,lever,ppde
Planned Parenthood of Greater New York,lever,ppgny
Planned Parenthood of Illinois,lever,ppil
"Planned Parenthood of Indiana and Kentucky, Inc.",lever,ppink
Planned Parenthood of Maryland,lever,ppmd
Planned Parenthood of Metropolitan New Jersey,lever,ppmnj
"Planned Parenthood of Metropolitan Washington, DC, Inc.",lever,ppmw
Planned Parenthood of Michigan,lever,ppmi
"Planned Parenthood of Middle & East Tennessee, Inc.",lever,ppmet
"Planned Parenthood of Montana, Inc.",lever,ppmontana
"Planned Parenthood of Nassau County, Inc.",lever,ppnc
Planned Parenthood of Northern New England,lever,ppnne
"Planned Parenthood of South, East and North Florida",lever,ppsenfl
"Planned Parenthood of Southern New England, Inc.",lever,ppsne
"Planned Parenthood of the North Country New York, Inc.",lever,ppncny
Planned Parenthood of the Pacific Southwest,lever,planned
Planned Parenthood of Western Pennsylvania,lever,ppwp
"Planned Parenthood of Wisconsin, Inc.",lever,ppwi
"Planned Parenthood Pasadena and San Gabriel Valley, Inc.",lever,pppsgv
Planned Parenthood South Atlantic,lever,ppsat
Planned Parenthood South Texas,lever,ppsouthtexas
"Planned Parenthood Southeast, Inc.",lever,ppse
Planned Parenthood Southeastern Pennsylvania,lever,ppsp
Planned Parenthood Southwest Ohio Region,lever,ppswo
Planner5D,lever,planner5d
Platinum Technologies,lever,pt78
Playbook,lever,playbook
Playco,lever,playco
PlayOn,lever,playonsports
PlayPlay,lever,playplay
PlayVS,lever,playvs
Plenti,lever,plenti
Plexus,lever,plexus
Plivo,lever,plivo
Plume,lever,plume
Pluralsight,lever,developintelligence
PlusAI,lever,plus-2
Plusgrade,lever,plusgrade
PMA Consultants,lever,pmaconsultants
pMD,lever,pmdsoft
Pocket Entertainment Corp,lever,pocketfm
Point,lever,getpoint
Point B,lever,pointb
PointClickCare,lever,pointclickcare
Poki,lever,poki
PolicyMe,lever,policyme
Poll Everywhere,lever,polleverywhere
Polywork,lever,polywork
PopSockets,lever,popsockets
Portage Point Partners,lever,portagepointpartners
Portcast,lever,portcast
"Porter Cares, Inc.",lever,porter
PortPro,lever,portpro
PostEra,lever,postera
Potloc,lever,Potloc
Powered by Pioneer,lever,pioneer-services
Powerex Corp.,lever,powerex
Pozy,lever,pozy
PPRO,lever,ppro
Precede,lever,precede
PredictX,lever,pibenchmark
Prefixbox,lever,prefixbox
Prelim,lever,prelim
Premier Truck Group,lever,premiertruck
Prilenia,lever,prilenia
Primate Labs Inc.,lever,primatelabs
Prime Electric,lever,primee
Prime Executive Office,lever,primeexecutiveoffice
Prime Fiber,lever,primefiber
Princess Polly,lever,princesspolly
Princeton10,lever,princeton10
Prismic,lever,prismic
Prizeout,lever,prizeout
PROCEPT BioRobotics,lever,procept-biorobotics
Procreate,lever,procreate
Product Ventures,lever,productventures
Profound Research,lever,profoundresearch
Project Healthy Minds,lever,project-healthy-minds
Project Kitty Hawk,lever,projectkittyhawk
Prolific Machines,lever,prolific-machines
Promenade,lever,promenade
Promesa Academy,lever,promesaacademy
Promethean,lever,prometheanworld
Prominent Edge LLC,lever,prominentedge
Promise Robotics,lever,promiserobotics
Proof,lever,proof
Propel Software Solutions,lever,propelsoftware
Propellerhead,lever,propellerhead
Proper,lever,proper
Property Solutions Group,lever,propsolutionsgroup
Prophet Homes,lever,prophethomes
Prosper,lever,prosper
Protect Environmental,lever,protectenvironmental
Protective,lever,protective
Protolabs,lever,protolabs
"ProTrials Research, Inc.",lever,protrials
Provectus,lever,provectus
Provi,lever,provi
Proxima,lever,proxima
Proxima Fusion,lever,proximafusion
Pryon,lever,pryon
Purple Land Management,lever,purplelandmgmt
PURVIS,lever,purvis
Push Security,lever,pushsecurity
PushPress,lever,pushpress
Pyka,lever,pyka
Q Bio,lever,qbio
Q-CTRL,lever,q-ctrl
Qloo,lever,qloo
Qonto,lever,qonto
Qrypt,lever,qrypt
QSIC,lever,qsic
Quad Lock,lever,quadlock
Qualdoc,lever,qualdoc
Qualysoft,lever,qualysoft
Quantcast,lever,quantcast
QuantCo,lever,quantco-
Quantlane,lever,quantlane
Quantum Circuits,lever,quantumcircuits
Quantum Metric,lever,quantummetric
Quantum Workplace,lever,QuantumWorkplace
Quartzy,lever,quartzy
Quest Analytics,lever,questanalytics
Quilted Health,lever,quilted-health
Quincus,lever,quincus
Quincy Institute,lever,quincyinst
Quiq,lever,quiq
Quixel,lever,quixel
Quizlet,lever,quizlet-2
Qvest US,lever,qvest.us
Qwello,lever,qwello.eu
Qwoted,lever,qwoted
Rackspace,lever,rackspace
Radformation,lever,radformation
Radical AI,lever,RadicalAI
Raine Group,lever,raine
RainFocus,lever,rainfocus
Rainmaker Technology Corporation,lever,make-rain
Ramen VR,lever,ramenvr
Range Energy,lever,rangeenergy
Ranger,lever,ranger
Rapid Micro Biosystems,lever,rapidmicrobio
RapidAI,lever,rapidai
RapidDeploy,lever,rapiddeploy
Ravio,lever,ravio
RAVL,lever,ravl_io
Raya,lever,raya
rbanw,lever,rbanw
Reach,lever,reachpower
RealSelf,lever,realself
RealWork Labs,lever,realworklabs
Recast Software,lever,recast-software
RECESS,lever,recess
Recognise Bank,lever,recognisebank
RecordPoint,lever,recordpoint
Recurrency,lever,recurrency
Red Canyon Engineering & Software,lever,redcanyonsoftware
Red Dog Media,lever,reddogmedia
Redhorse Corporation,lever,redhorsecorp
Redox,lever,redoxengine
Redwood Credit Union,lever,redwoodcu
"Redwood Strategy Group, Inc.",lever,redwoodstrategygroup
REEKON Tools,lever,reekon-tools
ReFED,lever,refed
Regal,lever,regalvoice
REGENXBIO,lever,regenxbio
"Reinventing Geospatial, Inc. (RGi)",lever,rgi
Relay,lever,relay
Reli.,lever,shopreli
Reliable Robotics,lever,reliable
Rembrand,lever,spaceback
RemoFirst,lever,remofirst
Render Networks,lever,rendernetworks
Renegade,lever,renegade
Renewal by Andersen,lever,windowsbyrba
RenoFi,lever,renofi
Reply,lever,reply
RepresentUs,lever,representus
rePurpose Global,lever,repurposeglobal
Research Innovations,lever,researchinnovations.com
ResearchGate,lever,researchgate
Resilient Co,lever,resilientco
Resilinc,lever,resilinc
Restaurant365,lever,restaurant365
Restore Dispensaries,lever,restore-dispensaries
Restream,lever,restream
Retired.com,lever,retired
Retro,lever,retro
Reveal Technology,lever,revealtech
Revefi,lever,revefi
Revel,lever,revel
Reveneer,lever,reveneer
Revenue Analytics,lever,revenueanalytics
Revhealth,lever,revhealth
Revinate,lever,revinate
ReviveRX and Ways2Well,lever,reviverx
Rewards Network,lever,rewardsnetwork
Rezo Therapeutics,lever,rezotx
Rezolute,lever,rezolutebio
Rezolve Ai,lever,groupbyinc
Rhino-Back Roofing,lever,rhinobackroofing
Rhombus,lever,rhombus-systems
"Richard Fleischman & Associates, Inc.",lever,rfa-2
Richard L. Duchossois Foundation,lever,rld-foundation
Richards Building Supply,lever,richards-supply
Richards Services,lever,richards-services
Ride Aventon,lever,aventon
Ridwell,lever,Ridwell
Rigetti Computing,lever,rigetti
Right Formula LTD,lever,rightformula
Right Side Up,lever,rightsideup
Rillet,lever,rillet
RioCan,lever,riocan
Riot Security,lever,tryriot
RISE,lever,rise
Riverdale Country School,lever,riverdale
Ro,lever,ro
Roadrunner Venture Studio,lever,roadrunner-studios
Robbins Recruiting,lever,robbinsrecruiting
Robotics and AI Institute,lever,rai
Robust.ai,lever,robust-ai
Rocket Communications,lever,rocketcommunications
Rocketship Public Schools,lever,rocketship
ROH,lever,ROH
Rook Coffee,lever,rookcoffee
Root16,lever,root16
Roshal Health,lever,roshalimaging
Rover.com,lever,rover
Rovio,lever,rovio-2
Rowan,lever,heyrowan
Royal Ambulance,lever,royalambulance
Ruby Play,lever,rubyplay
Rupa Health,lever,rupa
RWS TrainAI,lever,rws
Rylo,lever,rylo
RYZ Labs,lever,RyzLabs
Safe Security,lever,safe
SafetyCulture,lever,safetyculture-2
Safran.AI,lever,safran-ai
Saga,lever,saga-xyz
SAIT,lever,sait
Sakon,lever,sakon
Sales Demo - Juliet Rausch,lever,salesdemo-jr
Salvo Health,lever,salvohealth
Samba,lever,sambatv
"San Diego Human Resources Consulting, Inc",lever,sdhrconsulting
San Francisco Giants,lever,sfgiants
Sana Benefits,lever,sanabenefits
Sandbox VR,lever,sandboxvr
Sapio Sciences,lever,sapiosciences
Sapling - Partner,lever,sapling
SAR Academy & SAR High School,lever,sar
Saronic,lever,saronic
Satispay,lever,satispay
Saudi Tourism Authority,lever,sta
Saviynt,lever,saviynt
sbz,lever,sbz
Scaleway,lever,scaleway
Schedule Engine,lever,scheduleengine
Schmidt Entities,lever,schmidt-entities
Scholar Rock,lever,scholarrock
Scholars of Finance,lever,scholarsoffinance
Scismic,lever,scismic
Scott Logic,lever,scottlogic
Seaport Global Holdings LLC,lever,seaportglobal
Seattle Art Museum,lever,seattleartmuseum
Secure Code Warrior,lever,securecodewarrior
Secureframe,lever,secureframe
Seer Interactive,lever,seerinteractive
SEP,lever,sep
Sequel Med Tech,lever,sequel-med-tech
Serigraph,lever,serigraph
Serotonin,lever,serotonin
Serv-U-Success,lever,serv-u-success
Serverfarm,lever,serverfarm
Service Wire,lever,servicewire
ServiceRocket,lever,servicerocket
Serán BioScience,lever,seranbio
Sesame,lever,sesame
Seven Starling,lever,seven-starling
SFEIR,lever,sfeir
SFMOMA,lever,sfmoma
Shadow,lever,shadow
ShakaCode,lever,shakacode
Shakudo,lever,shakudo
Sharpsmart,lever,sharpsmart
Shield AI,lever,shieldai
Shiru,lever,shiru
Shop Your Way,lever,syw.com
ShopBack,lever,shopback-2
Showcase IDX,lever,showcaseidx
Showpo,lever,showpo-2
ShyftLabs,lever,shyftlabs
Side,lever,sideinc
Siepe,lever,siepe
Sierra Club,lever,sierraclub
Siete Foods,lever,sietefoods-2
Sign In Solutions,lever,signinsolutions
Signal Messenger,lever,signal
"Significance, Inc.",lever,significanceinc
Sila,lever,silasg
Sila Services,lever,sila
Silverback Strategies,lever,silverbackstrategies
Simbe Robotics,lever,SimbeRobotics
SimonMed Imaging,lever,simonmed
Simulmedia,lever,simulmedia
Sinecure Inc.,lever,strategysource
SingerLewak,lever,singerlewak
SiteGround,lever,siteground
Sitetracker,lever,sitetracker
Skello,lever,skello
Skillcloud HCM,lever,skillcloudhcm
Skillerszone,lever,skillerszone
SKIMA INNOVATIONS PRIVATE LIMITED,lever,skima
Skinny Dipped,lever,skinny-dipped
Skio,lever,skio
Skip,lever,skipscooters
Skydance,lever,skydance
SkyGrid,lever,skygrid
Skyline Construction,lever,skylineconstruction
Skypoint,lever,skypointcloud
SkySafe,lever,skysafe
SkySlope,lever,skyslope
"Skyward IT Solutions, LLC",lever,skywarditsolutions
Skyways,lever,skyways
Slate,lever,slate
Smarsh,lever,smarsh
Smart Energy Group,lever,smartenergy
Smart Working Solutions,lever,smart-working-solutions
Smile Digital Health,lever,smiledigitalhealth
SnapLogic,lever,snaplogic
Snappr,lever,snappr
Snif,lever,Snif
So Good So You,lever,sogoodsoyou
Social Influence LLC,lever,print-recruiting
Sofar Sounds,lever,sofarsounds
Softdocs,lever,softdocs
Softworld,lever,softworld
Solar Landscape,lever,solarlandscape
"Solestial, Inc.",lever,solestial
SOLFL,lever,solfl
SoloPulse,lever,solopulseco
Solution Design Group,lever,solutiondesign
Solutions Journalism Network,lever,solutionsjournalism
Solutus Legal Search,lever,solutuslegal
Solv,lever,solvhealth
Sonar,lever,sonarsource
Sonatype,lever,sonatype
Soni,lever,soniresources
Sonrai Security,lever,sonrai-security
Sophos,lever,sophos
Sora Schools,lever,soraschools
SOUM,lever,soum
SoundStack,lever,SoundStack
Source,lever,source
Space Systems Integration,lever,SpaceSystemsIntegration
SpawGlass,lever,spawglass
Spear AI,lever,spear-ai
Spear Physical and Occupational Therapy,lever,spear
Spectrum,lever,spectrum
"Sphere Laboratories, Inc.",lever,sphere-laboratories
Spice AI,lever,spiceai
Spin Technology,lever,spinai
Spine Media,lever,spine-media
Splend,lever,splend
SPMB,lever,spmb
SportsMed Physical Therapy,lever,spineandsportsmed
Spotify,lever,spotify
Spotlio,lever,catalate
Spreedly,lever,spreedly
Spreetail,lever,spreetail
Spring Oak Senior Living,lever,springoakliving
Sprinto,lever,Sprinto
Spruce Street Compliance,lever,sprucestreetcomp
Spry Methods,lever,sprymethods
SpryPoint,lever,sprypointservices
Spyke Games,lever,spyke-games
SQA Services,lever,sqaservices
SQUIRE,lever,getsquire
Squire Patton Boggs,lever,squirepb
Stable Money,lever,stable-money1
StackBlitz,lever,stackblitz
StackedSP Inc,lever,stackedsp
StackHawk,lever,stackhawk
Staffing Fitness,lever,staffingfitness
Stand Together,lever,standtogether
Stanley Consultants,lever,stanleygroup
StarCompliance,lever,starcompliance
Stardog,lever,stardog
Stark Bank,lever,starkbank
StartEngine,lever,startengine
StartupTAP,lever,startuptap
Stax,lever,stax
SteerBridge,lever,steerbridge
STEM Prep Academy,lever,stemprepacademy
Steyer for Governor 2026,lever,tom-steyer
Stockpile,lever,stockpile
Stoneridge Software,lever,stoneridgesoftware
Storio group,lever,storiogroup
Strada Education Foundation,lever,stradaeducation
StraighterLine,lever,straighterline
Strategic Data Systems,lever,sdatasystems.com
Strategic Gears,lever,strategicgears
"Streck, LLC",lever,streck
Strong Compute,lever,strongcompute
Studio Three,lever,StudioThree
Studion,lever,gostudion
StudyPoint,lever,studypoint
Subsense,lever,subsense
Succession Planning for Railroads Investing in the Next Generation LLC,lever,springrecruits
SugarAI,lever,sugarcrm
Suger.io,lever,suger
Summit,lever,summithq
Summit Management Corporation,lever,summitmgmt-corp
Summit Wash Holdings,lever,summitwashholdings
Sumo Group,lever,sumo-digital
SUN.STUDIO,lever,sunstudio
Sundrive,lever,sundrivesolar
Sunshine Sachs Morgan & Lylis,lever,sunshinesachs
SunSource,lever,sunsrce
Sunwater Capital,lever,sunwatercapital
Super,lever,super
SuperAnnotate AI,lever,superannotate
Superior Executive Legal Recruiting,lever,superiorexecutiveandlegalrecruiting
Supermove,lever,supermove
Superside,lever,superside
Superstate,lever,superstate
Sure,lever,sure
Surfshark,lever,surfshark
Swapcard,lever,swapcard
SwiftConnect,lever,swiftconnect
"Swiftly, Inc.",lever,goswift
SwiftLynx AI,lever,swiftlynx
Swissblock,lever,swissblock
SwissBorg,lever,swissborg
Sword Health,lever,swordhealth
Symmetry Systems,lever,SymmetrySystems
Symplicity,lever,symplicity
SynaptiCure Inc.,lever,synapticure
Synergy ECP,lever,synergyecp
SynMax,lever,synmax
Synolo Therapeutics,lever,synolotx
Syntax,lever,syntax
Synthego,lever,synthego
Syntronic,lever,syntronic
Sysdig,lever,sysdig
System1,lever,system1
T5 Data Centers,lever,t5datacenters
TACT,lever,tact
Tagup,lever,tagup
Tahoe Therapeutics,lever,tahoebio-ai
Tala,lever,tala
Talkwalker,lever,talkwalker
Tandems,lever,tandems
Tangram,lever,tangram
Tangram Interiors,lever,tangraminteriors
TD Thornton,lever,tdthornton
TDA_Boulder,lever,tdaboulder
TeamBuilders Behavioral Health,lever,teambuilders
Teamshares,lever,teamshares
TeamSnap,lever,teamsnap
Tech Nation,lever,technation
TechNexus Venture Collaborative,lever,technexus
Technology Advancement Group,lever,tag
Tecton,lever,tecton
TEECOM,lever,teecom
Teikametrics,lever,teikametrics
Tektome Inc.,lever,tektome
Tekton,lever,tekton
Teleo,lever,teleo
Teleport,lever,teleport
Telesat,lever,telesat
TELEXISTENCE,lever,tx-inc.com
Teller,lever,teller
Telligen,lever,telligen
Tendo,lever,tendo
Tenna,lever,tenna
Teramind,lever,teramind
Terawatt Infrastructure,lever,terawattinfrastructure
Terminus,lever,terminus
Termius,lever,Termius
Terra,lever,terrahq
Terraline,lever,SoloAVT
TerrAscend,lever,terrascend
Terrascope,lever,terrascope
Terrific,lever,terrific-innovation
Tesorio,lever,tesorio
Tevora,lever,tevora
Texas Original,lever,texas-original
Text,lever,livechatinc
TextNow,lever,textnow
Thalo Labs,lever,thalolabs
The Athletic Media Company,lever,theathletic
The Black Tux,lever,theblacktux
The Block,lever,theblockcrypto
The Canadian National Exhibition,lever,theex
The Dispatch,lever,thedispatch
The DIV Fund,lever,div
The END Fund,lever,end
The Engine,lever,engine
The Free Press,lever,thefp
The Heritage Automotive Group,lever,heritagevt
The Information Lab,lever,theinformationlab
The Kingfish Company,lever,kingfish-company
The Krazy Coupon Lady,lever,thekrazycouponlady
The Menta Education Group,lever,menta
The Metropolitan Opera,lever,metopera
The People Brand,lever,thepeoplebrand
The PIE Executive Search,lever,thepieexecsearch
The Real Deal,lever,therealdeal
The Sales Factory,lever,thesalesfactory
"The SpyGlass Group, LLC.",lever,spyglass
The Trevor Project,lever,thetrevorproject
The Voleon Group,lever,voleon
Thea Energy,lever,thea.energy
Theodo,lever,theodo
"Therma-Tron-X, Inc.",lever,ttxinc
Thiga,lever,thiga
Thimble,lever,thimble
Thinkingbox,lever,thinkingbox
Third City Christian Church,lever,third-city-christian-church
Third Plateau,lever,third-plateau
Thomas & Hutton,lever,tandh
"Threat Tec, LLC",lever,threattec
Thrive Causemetics,lever,thrivecausemetics
Thrive Therapies Group,lever,thrive-therapies
Thriving Center Of Psychology,lever,thrivingcenterofpsych
Thuma,lever,thuma
Thunkable,lever,thunkable
Tiberius Aerospace Inc.,lever,tiberius
Tildei,lever,tildei
Tinybird,lever,tinybird
Titan Electric,lever,titanelectric-ga
Titan Wealth Holdings Limited,lever,titanwh
TKDA,lever,tkda
TodayTix Group,lever,todaytixgroup
Togetherhood,lever,togetherhood
Tokai Rika Group,lever,tramgroup
Toku,lever,toku
Tom James Company,lever,tomjames
Tonic,lever,tonic
Tonkean,lever,tonkean
Topanga,lever,topanga
Topaz Labs,lever,topazlabs
TOPdesk,lever,topdesk
Topicals,lever,topicalsrx
Toptal,lever,toptal
Torch Dental,lever,torchdental
Total Expert,lever,totalexpert
Tovala,lever,tovala
TowardJobs,lever,usasurveyjob
Toyota Research Institute,lever,tri
Traackr,lever,traackr
Track VFX,lever,trackvfx
Trackforce,lever,tracktik
Tracksuit Limited,lever,tracksuit-limited
Tractian,lever,tractian
Trail Appliances Ltd.,lever,trailappliances
Trans Lifeline,lever,translifeline
Transcarent,lever,transcarent
Transmutex SA,lever,transmutex
Transparent Partners,lever,transparentpartners
Travertine,lever,travertine
Treering,lever,treering
Trellis,lever,trellis
Trend Health Partners,lever,Trend-Health-Partners
Trendyol,lever,trendyol
TreviPay,lever,trevipay
Trial Library,lever,triallibrary
Trility Consulting,lever,trility
Trinet - Partner,lever,trinet
Trinity Hunt Partners,lever,trinityhunt
TRIO,lever,trio
Tripalink,lever,tripalink
Triveni Bio,lever,trivenibio
True Environmental,lever,true-environmental
True Platform,lever,trueplatform
True Tandem,lever,truetandem
True Zero Technologies,lever,truezerotech
TrueML,lever,trueml
Trunk.io,lever,trunkio
TrustArc,lever,trustarc
Trustly,lever,trustly
TrustYou,lever,trustyou
Truv,lever,truv
TSMG,lever,tsmg
TSTC,lever,totalsystech
TTEC Digital,lever,ttecdigital
Turning Point Global Solutions,lever,tpgsi
Turvo,lever,turvo
Tusker,lever,tusker
Tutor Intelligence,lever,tutorintelligence
Twingate,lever,twingate
Two Dots,lever,twodots
TXI,lever,txidigital
TXSE,lever,txse
UATX,lever,uaustin
Uberflip,lever,uberflip
Ubiquity Retirement and Savings (dba Decimal Inc),lever,myubiquity
uConnect,lever,gouconnect
UCSF,lever,ucsf
Ullico,lever,ullico
Ultra Health,lever,ultrahealthproviders
UltraViolet Cyber,lever,uvcyber
Unify Consulting,lever,unifyconsulting
UnifyID (acquired by Prove),lever,unify
Unison Infrastructure,lever,unisoninfra
United Flow Technologies,lever,uft
United Tech,lever,vacancies
United Way of Greater Los Angeles,lever,unitedwayla
unitQ,lever,unitq
Univeris,lever,univeris.com
Universal Electronics Inc.,lever,uei
Unlimit,lever,unlimit
Until,lever,until
Unusual Ventures,lever,unusual
UpGuard,lever,upguard
Upmetrics,lever,UpMetrics
UQUAL,lever,uqual
US Mobile,lever,USMobile
US Pack Services LLC,lever,gouspack
UX Woman,lever,ux-woman
V2 Strategic Advisors,lever,v2sa
Vail Systems Inc.,lever,vailsys
Valdera,lever,valdera
Valdes Architecture & Engineering,lever,valdeseng
Valence,lever,valence
ValGenesis,lever,valgenesis
Valiantys,lever,valiantys
Valkyrie Trading,lever,valkyrietrading
Vana,lever,vana
Varo Bank,lever,varomoney
Veda Tech Labs,lever,vedatechlabs
Veepee,lever,veepee
Veeva Systems,lever,veeva
Velo3D,lever,velo3d
Velocity Global,lever,velocityglobal
Vendavo,lever,vendavo
Venus Aerospace,lever,venusaero
Veo,lever,veo
VEON-HQ,lever,veonhq
Verdigris,lever,verdigris
VergeSense,lever,vergesense
Verifiable,lever,verifiable
Veris Insights,lever,verisinsights
Verisys,lever,aperturehealth
Veritas Investments,lever,veritasinv
Versana,lever,Versana
Versapay,lever,versapay
Vessel Technologies,lever,myvessel
Vested,lever,fullyvested
Vestiaire Collective,lever,vestiairecollective
Vesync,lever,vesync
Vevo,lever,vevo
VGS,lever,verygoodsecurity
"Via Separations, Inc.",lever,viaseparations
ViaBill,lever,viabill
Viamericas,lever,viamericas
VICI,lever,vicicollection
Vida Health,lever,vida
Vidsy,lever,vidsy
Viget,lever,viget
Villa Homes,lever,villa-homes
Viome Life Sciences,lever,viome
VIPdesk Connect,lever,vipdesk
"Virtualitics, Inc",lever,virtualitics
Virtus,lever,Virtus
Visby Medical,lever,visby
Viseven,lever,viseven
Vision Invest,lever,visioninvest
Vitana Pediatric & Orthodontic Partners,lever,vitana-pediatric
VivaCity,lever,vivacitylabs
vivenu GmbH,lever,vivenu
Vivo Care,lever,vivo-care
Vivrelle,lever,vivrelle
VO2 Group,lever,vo2-group
Vocal Media,lever,get-vocal-pbc
Vogo,lever,vogo
Vohra Physicians,lever,vohra
Volt,lever,voltai
"Volta Labs, Inc.",lever,voltalabs
Voltus,lever,voltus
VOW for Girls,lever,vowforgirls
VRChat,lever,vrchat
Vrify Trial,lever,vrify
VTG,lever,vtg
Waabi,lever,waabi
"Wachter, Inc.",lever,wachter
Wade Trim,lever,wadetrim
Wahed,lever,wahed.com
Wahi,lever,wahi
WaitWhat,lever,waitwhat
Walker & Company,lever,walkerandcompany
Walker Consultants,lever,walkerconsultants
WalkMe,lever,walkme
Walz Tetrick Advertising,lever,wtads
Ware Malcomb,lever,waremalcomb
"Warmly,",lever,warmly
Warner Music Inc.,lever,wmg
Wasatch Global Investors,lever,wasatchglobal
"WatchGuard Technologies, Inc.",lever,watchguard
Waterfall,lever,waterfall
Waterworks,lever,waterworks
Wave HQ,lever,waveapps
Wavicle Data Solutions,lever,wavicledata
Way,lever,Way
Wealthfront,lever,wealthfront
Wealthsimple,lever,wealthsimple
Web Summit,lever,websummit
webfx.com,lever,webfx
WEBTOON Entertainment Inc. (Wattpad & WEBTOON Family of Brands),lever,wattpad
Weekday,lever,weekdayworks
Wellfit Technologies,lever,wellfit
Welo Global,lever,weloglobal
WEP Clinical,lever,wepclinical
WeRide.ai,lever,weride
Western Aircraft,lever,westair
Westminster-Canterbury of the Blue Ridge,lever,wc-br
WGSN,lever,wgsn
Whereby,lever,whereby
White River Toyota,lever,whiterivertoyota
Whiterabbit.ai,lever,whiterabbit
Whoop,lever,whoop
Wilbur Labs,lever,wilburlabs
Williamsburg Learning,lever,williamsburglearning
Willow,lever,willowinc
WINAMAX,lever,winamax
Windfall,lever,windfalldata
Window Nation,lever,windownation
Windsor Management,lever,WindsorManagement
Wing Assistant,lever,getwingapp
Wingtra AG,lever,wingtra-2
WinnCompanies,lever,winnco
Wintermute,lever,wintermute-trading
Wisdomai,lever,wisdomai
WisdomTree,lever,wisdomtree
WISEcode,lever,wisecode
Wisr,lever,wisr
Wolverine Building Group,lever,wolvgroup
Woodard & Curran,lever,woodardcurran
Working Families Party,lever,workingfamilies
WorkInProgress,lever,workinprogress
WorkWave,lever,workwave
World Relief,lever,wr
World View,lever,world-view-enterprises-inc.
World Wide Professional Solutions,lever,wwprosolutions
Worldline NZ,lever,Worldline
Worldscape Technology Inc.,lever,worldscape-technology
Woven by Toyota,lever,woven-by-toyota
Wpromote,lever,wpromote
"WRA, Inc.",lever,wra-ca
Wristcheck,lever,wristcheck
Wyetech,lever,wyetechllc
X by 2,lever,xby2
Xage Security,lever,xage-security
Xcimer Energy,lever,xcimer
Xsolla,lever,xsolla
XTB Trial,lever,xtb
Yardstick,lever,yardstick
Yardzen,lever,yardzen
Yassir,lever,Yassir
Yonex USA,lever,yonexusa
Younited,lever,younited
Yuno,lever,yuno
YWCA Seattle King Snohomish,lever,ywcaworks
Z1 Tech,lever,z1tech
zaimler,lever,zaimler
Zambezi,lever,zambezi
Zanskar,lever,Zanskar
Zartis,lever,zartis
Zazzle,lever,zazzle
Zeeco,lever,zeeco
Zeffy,lever,zeffy
Zeiss,lever,zeiss
Zen Educate,lever,zeneducate
Zencore,lever,zencore
Zensurance,lever,zensurance
Zerion,lever,zerion
Zero Homes,lever,zerohomes
ZeroTier,lever,zerotier
Zeta,lever,zeta
Zilliz,lever,zilliz
Zimperium,lever,zimperium
Zingtree,lever,zingtree
Zinier Trial,lever,zinier
Zinovo,lever,zinovo
Zippi,lever,zippi
Zocks,lever,zocks
Zoox,lever,zoox
Zopa,lever,zopa
Zuma,lever,getzuma
Zuri Group,lever,zurigroup
Zurich Instruments,lever,zurichinstruments
ZURU,lever,zuru
Zus Health,lever,zushealth
Zūm,lever,ridezum
Çiçeksepeti,lever,ciceksepeti
#WalkAway Campaign,smartrecruiters,WalkAwayCampaign
10Pearls,smartrecruiters,10pearls
10x Value Partners GmbH,smartrecruiters,10xValuePartnersGmbH
1Huddle,smartrecruiters,1huddle
1stopbedrooms,smartrecruiters,1stopbedrooms
2 Work Online,smartrecruiters,2workonline1
2020 Companies,smartrecruiters,2020Companies1
24 hour fitness,smartrecruiters,24HourFitness
3 s Business Corporation Inc.,smartrecruiters,3SBusinessCorporationInc1
315 Logistics LLC,smartrecruiters,315logisticsllc
360 IT Professionals,smartrecruiters,360ITProfessionals1
360Learning,smartrecruiters,360learning
3Pillar Global,smartrecruiters,3pillarglobal
47 Degrees,smartrecruiters,47degrees
4DS Corp,smartrecruiters,4DSCorp
500 Startups,smartrecruiters,500startups
90 Seconds,smartrecruiters,90seconds
a,smartrecruiters,a21
A Team,smartrecruiters,ateam
"A&A Virtual Design Studio, LLC",smartrecruiters,AAVirtualDesignStudioLLC
A&L Goodbody,smartrecruiters,al-goodbody
A.N. Publishing,smartrecruiters,ANPublishing1
Aacres LLC,smartrecruiters,Aacres
Aadmi Consulting,smartrecruiters,AadmiConsulting
AAPC,smartrecruiters,aapc
Abacus Technology Corporation,smartrecruiters,AbacusTechnologyCorporation
AbbVie,smartrecruiters,abbvie
Abercrombie and Fitch Co.,smartrecruiters,abercrombieandfitchco
About Objects,smartrecruiters,aboutobjects
ABOUT YOU SE & Co. KG,smartrecruiters,aboutyougmbh
Abramson Labor Group,smartrecruiters,AbramsonLaborGroup
"Absolute Facility Solutions, LLC",smartrecruiters,AbsoluteFacilitySolutionsLLC
Abstrabit Technologies Pvt Ltd,smartrecruiters,abstrabittechnologiespvtltd
Abu Dhabi Airports,smartrecruiters,abudhabiairports
Abuse Refuge Org,smartrecruiters,abuserefugeorg
Accel Learning,smartrecruiters,accellearning
accenture,smartrecruiters,accenture
Accenture Federal Services,smartrecruiters,accenturefederalservices
Access,smartrecruiters,access
Accord,smartrecruiters,accord
AccorHotel,smartrecruiters,AccorHotel
Accoy,smartrecruiters,accoy
Achieve,smartrecruiters,achieve1
ACLU,smartrecruiters,aclu
Acme Freight,smartrecruiters,acmefreight
Acquire,smartrecruiters,Acquire1
action,smartrecruiters,action1
Action Against Hunger,smartrecruiters,actionagainsthunger
Action Pact,smartrecruiters,ActionPact
Active Theory,smartrecruiters,activetheory
Acumatica,smartrecruiters,acumatica
Acumen,smartrecruiters,acumen
Acumen Solutions,smartrecruiters,AcumenSolutions
Acumen Technology,smartrecruiters,acumentechnology
Adam Dudley,smartrecruiters,AdamDudley
Addepto,smartrecruiters,addepto
Adept Solutions Inc.,smartrecruiters,AdeptSolutionsInc
ADG555,smartrecruiters,adg555
ADL,smartrecruiters,adl
"Advanced Dermatology, PLLC",smartrecruiters,AdvancedDermatologyPLLC
Advantage Group,smartrecruiters,AdvantageGroup3
Advantmed,smartrecruiters,advantmed
Advidi,smartrecruiters,advidi
Adyen,smartrecruiters,adyen
AECOM,smartrecruiters,aecom2
AEGIS,smartrecruiters,aegis
Aerotek Commercial Staffing,smartrecruiters,aerotekcommercialstaffing
AeroVect,smartrecruiters,aerovect
AETOS,smartrecruiters,AETOS
affinity,smartrecruiters,affinity
AFRY,smartrecruiters,afry
AFW,smartrecruiters,afw
AG,smartrecruiters,ag1
AG Technologies,smartrecruiters,agtechnologies1
Agency,smartrecruiters,agency
Aggio,smartrecruiters,aggio
Agile Defense,smartrecruiters,agiledefense
AGILE LOGISTICS LLC,smartrecruiters,agilelogisticsllc2
Agility Talent Advisors,smartrecruiters,AgilityTalentAdvisors1
Agora,smartrecruiters,agora
AHRC NYC,smartrecruiters,ahrcnyc1
AIHR,smartrecruiters,aihr
Aikido Security,smartrecruiters,aikidosecurity
AIR Communities,smartrecruiters,AIRCommunities
Airbnb,smartrecruiters,airbnb
AIREKO,smartrecruiters,aireko
AireSpring,smartrecruiters,AireSpring1
AirTM,smartrecruiters,airtm
Airwallex,smartrecruiters,airwallex
AJAX,smartrecruiters,ajax
Ajna Infotech,smartrecruiters,ajnainfotech
Akbank,smartrecruiters,akbank
AKE Safety Equipment,smartrecruiters,akesafetyequipment
Alarm.com,smartrecruiters,alarmcom
Albertsons Companies,smartrecruiters,albertsonscompanies
Alcumus,smartrecruiters,alcumus
Algolia,smartrecruiters,algolia
Algomarketing,smartrecruiters,algomarketing
Alion Science and Technology,smartrecruiters,AlionScienceAndTechnology1
Alitheon,smartrecruiters,Alitheon
AlixPartners,smartrecruiters,alixpartners
All Care Therapies,smartrecruiters,allcaretherapies
All Native Group,smartrecruiters,allnativegroup
Allegiant Air,smartrecruiters,allegiantair
Allegis Global Solutions,smartrecruiters,allegisglobalsolutions
Allen Lund Company,smartrecruiters,allenlundcompany
Alliance,smartrecruiters,alliance
Alliance Animal Health,smartrecruiters,AllianceAnimalHealth
Alliance Solutions Group,smartrecruiters,alliancesolutionsgroup
ALLIED Feather & Down,smartrecruiters,alliedfeatherdown
Allied Universal,smartrecruiters,allieduniversal2
Allium,smartrecruiters,allium
Almedia,smartrecruiters,almedia
Alphabe Insight Inc,smartrecruiters,alphabeinsightinc
AlphaSights,smartrecruiters,alphasights
Alpine Home Air,smartrecruiters,alpinehomeair
Altegra Health,smartrecruiters,AltegraHealth
Altisource,smartrecruiters,altisource
Altitude Logistics Services LLC.,smartrecruiters,altitudelogisticsservicesllc
"Altrian, inc",smartrecruiters,AltrianInc1
"Altrian, Inc",smartrecruiters,AltrianInc
Altronix Corp.,smartrecruiters,altronixcorp
Alumil,smartrecruiters,alumil
Amagi,smartrecruiters,amagi
Amartha,smartrecruiters,amartha
Amazon,smartrecruiters,amazon
Ambition,smartrecruiters,ambition
Amdocs,smartrecruiters,amdocs
American Addiction Centers,smartrecruiters,americanaddictioncenters
American Bar Foundation,smartrecruiters,americanbarfoundation
American Iron and Metal,smartrecruiters,AmericanIronandMetal
American Title Service Agency,smartrecruiters,americantitleserviceagency
American Veterinary Group,smartrecruiters,americanveterinarygroup
Amplify,smartrecruiters,amplify
ANALYTIC PARTNERS,smartrecruiters,analyticpartners
AnalyzeData,smartrecruiters,AnalyzeData
Anaplan,smartrecruiters,anaplan
Anastasia Beverly Hills,smartrecruiters,anastasiabeverlyhills
AnaVation LLC,smartrecruiters,anavationllc
Andersen Corp.,smartrecruiters,andersencorp
Andrews Foodservice,smartrecruiters,andrewsfoodservice
Anexinet,smartrecruiters,anexinet1
AngelList,smartrecruiters,angellist
Anglo American / De Beers Group,smartrecruiters,angloamericandebeersgroup
Annik Inc.,smartrecruiters,annikinc
antenna,smartrecruiters,antenna
anton,smartrecruiters,anton
anything,smartrecruiters,anything
AOS Logistics LLC,smartrecruiters,aoslogisticsllc
APEX Career Services,smartrecruiters,apexcareerservices
Apex Clean Energy,smartrecruiters,ApexCleanEnergy
Apex Informatics,smartrecruiters,apexinformatics
Apollo tyres,smartrecruiters,apollotyres
Appen,smartrecruiters,appen2
Appen,smartrecruiters,appen
Appian,smartrecruiters,appian
Appier,smartrecruiters,appier
Applaudo Studios,smartrecruiters,applaudostudios
Applecart,smartrecruiters,Applecart
ApplePie Capital,smartrecruiters,applepiecapital
Applus IDIADA,smartrecruiters,applusidiada1
Appviewx,smartrecruiters,appviewx
Apres Nail,smartrecruiters,apresnail
APT Resources,smartrecruiters,aptresources
arc,smartrecruiters,arc
ARCADIS,smartrecruiters,arcadis
ArcelorMittal,smartrecruiters,arcelormittal
Archer IT,smartrecruiters,ArcherIT
Argent Software INC.,smartrecruiters,argent
Arista Networks,smartrecruiters,aristanetworks
AristaMD,smartrecruiters,aristamd
Arka Infotech Inc,smartrecruiters,ArkaInfotechInc
Array,smartrecruiters,array
Artemis,smartrecruiters,artemis
Arthur Grand Technologies Inc,smartrecruiters,ArthurGrandTechnologiesInc
Arts Alliance Media,smartrecruiters,artsalliancemedia
Asahi,smartrecruiters,asahi1
Asbury Communities,smartrecruiters,AsburyCommunities
Ascent,smartrecruiters,ascent
Ashburn Consulting,smartrecruiters,AshburnConsulting
Ashoka,smartrecruiters,ashoka
ASI,smartrecruiters,asi
Ask IT consulting,smartrecruiters,AskITConsulting
Askable,smartrecruiters,askable
ASM,smartrecruiters,asm
Aspen Skiing Company,smartrecruiters,AspenSkiingCompany
Assent,smartrecruiters,assent
ASSIST Office Support Services LLC,smartrecruiters,ASSISTOfficeSupportServicesLLC
astellas,smartrecruiters,astellas
Aster DM Healthcare,smartrecruiters,asterdmhealthcare
Astucemedia,smartrecruiters,Astucemedia
Asure Software,smartrecruiters,asuresoftware
Athos,smartrecruiters,athos
ATI Business Group,smartrecruiters,atibusinessgroup
"ATI, Inc.",smartrecruiters,atiinc
ATIA Ltd,smartrecruiters,atialtd
Atlantic Media,smartrecruiters,atlanticmedia
atlas,smartrecruiters,atlas
ATPCO,smartrecruiters,atpco1
Atria Group LLC,smartrecruiters,AtriaGroupLLC
AttivaSoft,smartrecruiters,AttivaSoft
Auberge Collection,smartrecruiters,AubergeCollection
Audacia Solutions,smartrecruiters,audaciasolutions
Augment CXM,smartrecruiters,AugmentCXM
Augsburg University,smartrecruiters,augsburguniversity-minneapolismn
AUM Logistiks LLC,smartrecruiters,aumlogistiksllc
Aumovio,smartrecruiters,aumovio
Aurora Collegiate Academy,smartrecruiters,AuroraCollegiateAcademy
Aurora Housing Authority,smartrecruiters,AuroraHousingAuthority
Austin Residence,smartrecruiters,AustinResidence
Australian Healthcare Associates,smartrecruiters,australianhealthcareassociates
Authentic Brands Group,smartrecruiters,authenticbrandsgroup
AutoBody Express,smartrecruiters,AutoBodyExpress
Automox,smartrecruiters,automox
Ava,smartrecruiters,ava1
AVA Energy,smartrecruiters,avaenergy
Avaloq,smartrecruiters,avaloq1
Avance,smartrecruiters,avance
Avance Consulting Services,smartrecruiters,AvanceConsultingServices2
Avanquest,smartrecruiters,avanquest
Averna,smartrecruiters,Averna1
Avero,smartrecruiters,avero
Avery Dennison,smartrecruiters,averydennison
Avila Dental,smartrecruiters,aviladental
AVIO Consulting,smartrecruiters,avioconsulting
Aviture,smartrecruiters,aviture
Avomind,smartrecruiters,avomind
AWP Safety,smartrecruiters,AWPSafety
AWS Truepower,smartrecruiters,AWSTruepower
Axiado,smartrecruiters,axiado
Axicom,smartrecruiters,axicom
axiom,smartrecruiters,axiom
Axway,smartrecruiters,axway
Ayming,smartrecruiters,Ayming
B&P Advertising,smartrecruiters,BPAdvertising
BabyList,smartrecruiters,babylist
Bacalaoo AG,smartrecruiters,abc
"baddpizza - Buffalo, NY Style Pizza & Wings",smartrecruiters,baddpizzaBuffalo
Baird & Associates,smartrecruiters,bairdassociates
bamko,smartrecruiters,bamko
Bank ABC,smartrecruiters,bankabc
Barbaricum,smartrecruiters,barbaricum
"barkback, llc",smartrecruiters,barkbackLlc
Barkley,smartrecruiters,barkley
barnes,smartrecruiters,barnes
Barrick Gold Corporation,smartrecruiters,barrickgoldcorporation
Base Two,smartrecruiters,basetwo
BathPlanet,smartrecruiters,bathplanet
Baton,smartrecruiters,baton
Bazaarvoice,smartrecruiters,bazaarvoice
BBA,smartrecruiters,bba
BC Tech Pro,smartrecruiters,bctechpro
BCC Software,smartrecruiters,BCCSoftware
BCforward,smartrecruiters,bcforward3
BCS,smartrecruiters,bcs
Beatport,smartrecruiters,beatport
BeBetter Shop,smartrecruiters,BeBetterShop
Beckers Group,smartrecruiters,BeckersGroup
Becton Dickinson,smartrecruiters,bectondickinson2
Bede Gaming,smartrecruiters,bedegaming
Bedrock,smartrecruiters,Bedrock1
Behavioral Health Works,smartrecruiters,behavioralhealthworks
Belmont Metals,smartrecruiters,BelmontMetals
Berkeley Executives,smartrecruiters,BerkeleyExecutives1
Berman Auto Group,smartrecruiters,BermanAutoGroup
Berry Street,smartrecruiters,berrystreet
Best Buy,smartrecruiters,bestbuy2
BESTech,smartrecruiters,bestech
bet365,smartrecruiters,bet3651
Beta.SoftSystems,smartrecruiters,BetaSoftSystems3
BETSOL,smartrecruiters,betsol
Better,smartrecruiters,better
BetterHelp,smartrecruiters,betterhelp
Beyondsoft,smartrecruiters,beyondsoft
BeyondTrust,smartrecruiters,beyondtrust
BHFT,smartrecruiters,bhft
Bicycle Therapeutics,smartrecruiters,BicycleTherapeutics
Big Blue,smartrecruiters,bigblue
Binance,smartrecruiters,binance
Biogen,smartrecruiters,biogen
Biorad,smartrecruiters,biorad
Bitbean,smartrecruiters,bitbean
Bitdefender,smartrecruiters,bitdefender
Bitovi,smartrecruiters,bitovi
BizLibrary,smartrecruiters,bizlibrary
BLACKHAWK NETWORK,smartrecruiters,blackhawknetwork
Bland,smartrecruiters,bland
Blast,smartrecruiters,blast
Blend360,smartrecruiters,blend360
Blex Technologies,smartrecruiters,BlexTechnologies
Blinqlabs,smartrecruiters,Blinqlabs
Bloomberg,smartrecruiters,bloomberg
Bloomreach,smartrecruiters,bloomreach
blue,smartrecruiters,blue
Blue Cardinal Inc.,smartrecruiters,bluecardinalinc
Blue Sky Innovators,smartrecruiters,blueskyinnovators
BlueAlly,smartrecruiters,blueally
BlueCat Networks,smartrecruiters,bluecatnetworks
BMM Logistics Inc.,smartrecruiters,BMMLogisticsInc
BMW Dealer Careers,smartrecruiters,BMWDealerCareers
Boland,smartrecruiters,Boland
Bommarito Performance Systems,smartrecruiters,bommaritoperformancesystems
Bonial International GMBH,smartrecruiters,bonialinternationalgmbh
Booker DiMaio,smartrecruiters,bookerdimaio
BookMyShow,smartrecruiters,bookmyshow
Boomtrain,smartrecruiters,Boomtrain
Bosch Group,smartrecruiters,BoschGroup
Bosch Group,smartrecruiters,RobertBosch
Bosch-HomeComfort,smartrecruiters,bosch-homecomfort
Boss Search Group,smartrecruiters,BossSearchGroup
Boston Engineering Corporation,smartrecruiters,BostonEngineeringCorporation
Bottomline Technologies,smartrecruiters,bottomlinetechnologies
Boundless,smartrecruiters,boundless
Boutique Hospitality Management,smartrecruiters,BoutiqueHospitalityManagement
Boyd Gaming,smartrecruiters,BoydGaming
BP,smartrecruiters,bp3
Brainlab,smartrecruiters,brainlab
Brainly,smartrecruiters,brainly
BrainPOP,smartrecruiters,brainpop
BrainTrust,smartrecruiters,braintrust
Brakes Plus,smartrecruiters,brakesplus
BrandBastion,smartrecruiters,brandbastion
Bravo,smartrecruiters,bravo
Bridgeable,smartrecruiters,bridgeable
Bridgit,smartrecruiters,bridgit
Bright Metro,smartrecruiters,brightmetro
Brightback,smartrecruiters,Brightback
BrightLine,smartrecruiters,brightline
Brighton Jones,smartrecruiters,brightonjones
Brightspeed,smartrecruiters,brightspeed
brij,smartrecruiters,brij
Brilliant Earth,smartrecruiters,brilliantearth
Brillio,smartrecruiters,brillio2
Bringle Excellence,smartrecruiters,bringleexcellence
Brinqa,smartrecruiters,brinqa
Bristlecone,smartrecruiters,bristlecone
"BroadPoint Federal, Inc",smartrecruiters,broadpointfederalinc
BroadSign,smartrecruiters,broadsign
Brooklinen,smartrecruiters,brooklinen
Brunel,smartrecruiters,brunel
BryceTech,smartrecruiters,brycetech
BSC,smartrecruiters,bsc
Bucket List,smartrecruiters,bucketlist
Build IT,smartrecruiters,buildit
Bullett Consulting,smartrecruiters,BullettConsulting
Bullseye Strategy,smartrecruiters,bullseyestrategy
Burnett Search,smartrecruiters,burnettsearch
"Burwood Group, Inc",smartrecruiters,BurwoodGroupInc
BUSINESS LOGISTICS SOLUTIONS LLC,smartrecruiters,BUSINESSLOGISTICSSOLUTIONSLLC
businesswire,smartrecruiters,businesswire
BusPatrol,smartrecruiters,buspatrol
BuzzFeed,smartrecruiters,buzzfeed
c,smartrecruiters,c1
C.E.G.,smartrecruiters,ceg
"Cabinet Masters, Inc.",smartrecruiters,CabinetMastersInc
Cache,smartrecruiters,cache
Cacheflow,smartrecruiters,Cacheflow
Cahoot,smartrecruiters,Cahoot
Calcium,smartrecruiters,calcium
calendly,smartrecruiters,calendly
California Closets,smartrecruiters,CaliforniaClosets
California ISO,smartrecruiters,californiaiso
Callminer,smartrecruiters,callminer
Callsign,smartrecruiters,callsign
Calvary Church,smartrecruiters,calvarychurch
Campfire Interactive,smartrecruiters,CampfireInteractive
Canam,smartrecruiters,GroupeCanam
Canam Steel Corporation,smartrecruiters,CanamSteelCorporation
Cancer Support Community,smartrecruiters,cancersupportcommunity
Candidly,smartrecruiters,candidly
Canonical,smartrecruiters,canonical
Canva,smartrecruiters,canva
Capital Development Services,smartrecruiters,CapitalDevelopmentServices
Capital Shipping,smartrecruiters,capitalshipping
CapTech Consulting,smartrecruiters,captechconsulting
Carbon Health,smartrecruiters,carbonhealth
Care for the Homeless,smartrecruiters,careforthehomeless
Care Partners,smartrecruiters,CarePartners1
"CareDx, Inc.",smartrecruiters,caredxinc
Career Guidant,smartrecruiters,CareerGuidant
CarGurus,smartrecruiters,cargurus
Carilion Clinic,smartrecruiters,carilionclinic
CarLabs,smartrecruiters,CarLabs
Cartrawler,smartrecruiters,cartrawler
cas,smartrecruiters,cas
Casals at Clarendon LLC,smartrecruiters,CasalsAtClarendonLLC
Castellucci Hospitality Group,smartrecruiters,castelluccihospitalitygroup
Castle Group,smartrecruiters,castlegroup
Catasys Health,smartrecruiters,catasyshealth
Catchafire,smartrecruiters,catchafire
CaterCow,smartrecruiters,catercow
CD PROJEKT RED,smartrecruiters,cdprojektred
CDAC,smartrecruiters,cdac
Center for Applied Linguistics,smartrecruiters,CenterForAppliedLinguistics
Centm Logistics LLC,smartrecruiters,centmlogisticsllc
Centra,smartrecruiters,centra
Centre Technologies,smartrecruiters,centretechnologies
centro,smartrecruiters,centro
Centuria,smartrecruiters,centuria
Centuria Corporation,smartrecruiters,centuriacorporation
Certn,smartrecruiters,certn
cesar,smartrecruiters,cesar
CFR,smartrecruiters,cfr
CG Life,smartrecruiters,cglife
Chad JonesLaw,smartrecruiters,chadjoneslaw
Channel Factory,smartrecruiters,channelfactory
Channel Partners,smartrecruiters,channelpartners
Chapter 2,smartrecruiters,chapter2
Charlie's Produce,smartrecruiters,CharliesProduce1
Chatham Financial,smartrecruiters,chathamfinancial
Chatham House,smartrecruiters,chathamhouse
Checkster,smartrecruiters,Checkster
"Chequed.com, Inc.",smartrecruiters,ww
Chief Outsiders,smartrecruiters,chiefoutsiders
Children's Dental Land,smartrecruiters,ChildrensDentalLand
Chili Piper,smartrecruiters,chilipiper
Choice,smartrecruiters,choice
ChowNow,smartrecruiters,chownow
Christ's Church of the Valley,smartrecruiters,ChristsChurchOfTheValley
Christian Brothers Automotive,smartrecruiters,ChristianBrothersAutomotive
Christian Living Communities,smartrecruiters,ChristianLivingCommunities
CI Games,smartrecruiters,cigames
CIC,smartrecruiters,cic
Cielo,smartrecruiters,cielo2
Cielo Projects,smartrecruiters,cieloprojects
CIM Group,smartrecruiters,cimgroup
Cint,smartrecruiters,cint
Circle City HR,smartrecruiters,CircleCityHR
Circle Logistics,smartrecruiters,CircleLogistics1
CircleLink Health,smartrecruiters,circlelinkhealth
Cirrus Asset Management,smartrecruiters,cirrusassetmanagement
CISabroad,smartrecruiters,cisabroad
Cision,smartrecruiters,cision
Citi,smartrecruiters,citi
CitiusTech,smartrecruiters,citiustech
Citizens,smartrecruiters,citizens
Citrus Global Ltd,smartrecruiters,citrusgloballtd
City and County of San Francisco,smartrecruiters,cityandcountyofsanfrancisco1
City of Alabaster,smartrecruiters,cityofalabaster
City of Americus,smartrecruiters,cityofamericus
City of Eutaw,smartrecruiters,CityOfEutaw
City of New York,smartrecruiters,CityOfNewYork
City of Philadelphia,smartrecruiters,cityofphiladelphia
CLARA analytics,smartrecruiters,claraanalytics
ClassPass,smartrecruiters,classpass
Classy Llama,smartrecruiters,classyllama
Clean Choice Energy,smartrecruiters,cleanchoiceenergy
Cleantech Group,smartrecruiters,cleantechgroup
Clear Junction,smartrecruiters,clearjunction
ClearStar,smartrecruiters,clearstar
Clerky,smartrecruiters,clerky
Client Engagement Academy,smartrecruiters,clientengagementacademy
Clifford Chance,smartrecruiters,CliffordChance
Climate Makers Inc.,smartrecruiters,climatemakersinc
Climatiq,smartrecruiters,climatiq
Clinica Romero,smartrecruiters,clinicaromero
Closet America,smartrecruiters,closetamerica
Cloudflare,smartrecruiters,cloudflare
CloudMoyo,smartrecruiters,cloudmoyo
Cloudnexa.com,smartrecruiters,cloudnexacom
Club Monaco,smartrecruiters,clubmonaco
CNM LLP,smartrecruiters,CNMLLP
Co mpany,smartrecruiters,company
Coalfire,smartrecruiters,coalfire
Coast,smartrecruiters,coast
CocuSocial,smartrecruiters,CocuSocial
Codeage,smartrecruiters,Codeage
CodeBusters,smartrecruiters,codebusters
Coderio,smartrecruiters,coderio
CodersData LLC,smartrecruiters,codersdatallc
"CoEnterprise, LLC",smartrecruiters,coenterprisellc
Coface,smartrecruiters,coface
"Coffman Engineers, Inc.",smartrecruiters,coffmanengineersinc
Cogent Data Solutions LLC,smartrecruiters,cogentdatasolutionsllc
Cohere Technology,smartrecruiters,coheretechnology
Colafemina Logistics LLC,smartrecruiters,colafeminalogisticsllc
Coleto Brands,smartrecruiters,ColetoBrands1
Collabera,smartrecruiters,collabera2
Columbia University,smartrecruiters,ColumbiaUniversity1
Comcast Career Center,smartrecruiters,comcastcareercenter
Command,smartrecruiters,command
"CommunicateHealth, Inc.",smartrecruiters,communicatehealthinc
Community Solutions,smartrecruiters,communitysolutions
Comoto,smartrecruiters,comoto
Company,smartrecruiters,company3
Compass Collegiate Academy,smartrecruiters,CompassCollegiateAcademy
CompassX,smartrecruiters,compassx
Complete,smartrecruiters,complete
Compliancy Group llc,smartrecruiters,compliancygroupllc
Compose.ly,smartrecruiters,composely
Computer Futures,smartrecruiters,ComputerFutures3
Comtech LLC,smartrecruiters,ComtechLLC2
Concorde,smartrecruiters,concorde
Concourse,smartrecruiters,concourse
Confidential,smartrecruiters,confidential25
ConsenSys,smartrecruiters,consensys
Constant Contact,smartrecruiters,constantcontact
Construction Professionals Society,smartrecruiters,is
Consultadd,smartrecruiters,Consultadd4
Consumer Reports,smartrecruiters,consumerreports
Contactually,smartrecruiters,contactually
Contec,smartrecruiters,contec1
Continental,smartrecruiters,continental
Contract Wrangler,smartrecruiters,ContractWrangler
Convene,smartrecruiters,convene
Convergint Federal Solutions,smartrecruiters,ConvergintFederalSolutions
Convey,smartrecruiters,convey
ConveyIQ,smartrecruiters,ConveyIQ
ConXtech,smartrecruiters,conxtech
"Cook's Pest Control, Inc.",smartrecruiters,cookspestcontrolinc1
Cooper Auto Group,smartrecruiters,cooperautogroup
Core BTS,smartrecruiters,corebts
Corner Alliance,smartrecruiters,corneralliance
Cornerstone Building Brands,smartrecruiters,cornerstonebuildingbrandscareers
Cornerstone HR Advantage LLC,smartrecruiters,cornerstonehradvantagellc
cos,smartrecruiters,cos
CoServe Global Solutions,smartrecruiters,CoServeGlobalSolutions
Council for Court Excellence,smartrecruiters,CouncilForCourtExcellence
CourseCareers,smartrecruiters,coursecareers
Cox Enterprises,smartrecruiters,coxenterprises2
CP,smartrecruiters,cp
CPC,smartrecruiters,cpc
CPM Ireland,smartrecruiters,cpmireland
CQ fluency,smartrecruiters,cqfluency
CQC,smartrecruiters,cqc
Crayon,smartrecruiters,crayon
crayon data,smartrecruiters,crayondata
CRB,smartrecruiters,crb
Creative,smartrecruiters,creative
credativ LLC,smartrecruiters,CredativLLC
Credit Karma,smartrecruiters,creditkarma
Credit Repair Enforcers LLC,smartrecruiters,CreditRepairEnforcersLLC
CRICO,smartrecruiters,crico
Cricut,smartrecruiters,cricut
Cross Border Talents,smartrecruiters,crossbordertalents
Cross River Bank,smartrecruiters,crossriverbank
Crossfuze,smartrecruiters,crossfuze
CROSSMARK,smartrecruiters,crossmark1
"Crossroads Technologies, Inc.",smartrecruiters,crossroadstechnologiesinc
CrowdStreet,smartrecruiters,CrowdStreet
Crowell & Moring,smartrecruiters,crowellmoring
"Crown Innovations, Inc.",smartrecruiters,CrownInnovationsInc
CRS ltd,smartrecruiters,crs
Cruise Planners,smartrecruiters,cruiseplanners
Crunch Fitness,smartrecruiters,crunchfitness
crytek,smartrecruiters,crytek
CSC,smartrecruiters,csc
CSS,smartrecruiters,css
CST Connections,smartrecruiters,CSTConnections
CTI,smartrecruiters,cti
Culture Amp,smartrecruiters,cultureamp
Cumberland Farms,smartrecruiters,cumberlandfarms
CurbWaste,smartrecruiters,curbwaste
Cuso International,smartrecruiters,cusointernational
customedialabs,smartrecruiters,customedialabs
Customized Energy Solutions,smartrecruiters,CustomizedEnergySolutions
CVHCare,smartrecruiters,cvhcare
Cyborg Mobile,smartrecruiters,cyborgmobile
Cydcor,smartrecruiters,cydcor
Cygnus Professionals Inc,smartrecruiters,cygnusprofessionalsinc2
Dairy.com,smartrecruiters,Dairycom
Daley Recruiting,smartrecruiters,DaleyRecruiting
DAMAC,smartrecruiters,damac
DANGOTE,smartrecruiters,dangote
Daniel Murphy Scholarship Fund,smartrecruiters,DanielMurphyScholarshipFund
Dascena,smartrecruiters,dascena
Dashlane,smartrecruiters,dashlane
Data Intellect,smartrecruiters,dataintellect
Databricks,smartrecruiters,databricks
DATACOM,smartrecruiters,datacom1
"DataMark, Inc.",smartrecruiters,datamarkinc
"DATASYS CONSULTING & SOFTWARE INC,",smartrecruiters,datasysconsultingsoftwareinc1
Datawords,smartrecruiters,datawords
Dave,smartrecruiters,dave
DAVERSA PARTNERS,smartrecruiters,daversapartners
davies,smartrecruiters,davies
Dawn Delivery Inc,smartrecruiters,dawndeliveryinc
Daxko,smartrecruiters,daxko1
Daylight,smartrecruiters,daylight
DC Primary Care Association,smartrecruiters,DCPrimaryCareAssociation
DCI Group,smartrecruiters,dcigroup
DeAngelo Contracting Services,smartrecruiters,DeAngeloContractingServices
DecentralizedMasters,smartrecruiters,decentralizedmasters
Deegit Inc,smartrecruiters,DeegitInc3
Dehazelabs,smartrecruiters,dehazelabs
DeLeon Realty,smartrecruiters,deleonrealty
Deleteme,smartrecruiters,deleteme
Deliveroo,smartrecruiters,deliveroo
Dellfor Technologies,smartrecruiters,dellfortechnologies
Deloitte East Africa,smartrecruiters,deloitteeastafrica
Delphi,smartrecruiters,delphi
delta,smartrecruiters,delta
Delta T Group,smartrecruiters,deltatgroup
Delta-T Group,smartrecruiters,delta-tgroup
Demandbase,smartrecruiters,demandbase
demandDrive,smartrecruiters,demanddrive
DemystData,smartrecruiters,demystdata
dentsu,smartrecruiters,dentsu
Deposco,smartrecruiters,deposco
Derex Technologies Inc,smartrecruiters,derextechnologiesinc
Despegar,smartrecruiters,despegar
Deutsche Bank,smartrecruiters,deutschebank
Dev,smartrecruiters,dev2
Devsinc,smartrecruiters,devsinc17
Devsu,smartrecruiters,devsu
Dexcom,smartrecruiters,dexcom
Dexterra,smartrecruiters,dexterra
DHI Group Inc,smartrecruiters,dhigroupinc
Diamond Brand Gear,smartrecruiters,DiamondBrandGear
Digital Infuzion,smartrecruiters,digitalinfuzion
DigitalGenius,smartrecruiters,digitalgenius
Direct Agents,smartrecruiters,directagents
Direct Point Accountant Firm,smartrecruiters,DirectPointAccountantFirm
Disability Allies,smartrecruiters,disabilityallies
Discord,smartrecruiters,discord
DistantJob,smartrecruiters,distantjob
Distributed Spectrum,smartrecruiters,distributedspectrum
DISYS,smartrecruiters,disys
Divensi,smartrecruiters,divensi1
DLS Engineering,smartrecruiters,dlsengineering
DN Capital,smartrecruiters,dncapital
DNAnexus,smartrecruiters,DNAnexus
Docplanner,smartrecruiters,docplanner
DOCS,smartrecruiters,docs
doherty Inc,smartrecruiters,dohertyinc
dolby,smartrecruiters,dolby
Dollar General,smartrecruiters,DollarGeneral2
Dollar Shave Club,smartrecruiters,dollarshaveclub
Dolls Kill,smartrecruiters,dollskill
Domino's,smartrecruiters,dominos
Donor Network of Arizona,smartrecruiters,DonorNetworkOfArizona
Doran Jones Inc.,smartrecruiters,doranjones
Down to Earth,smartrecruiters,downtoearth
Dp World,smartrecruiters,dpworld
Dr Reddy's Laboratories Limited,smartrecruiters,drreddyslaboratorieslimited
dragonboat Inc.,smartrecruiters,DragonboatInc
DrFirst,smartrecruiters,drfirst
DroneShield,smartrecruiters,droneshield
DROP Enterprises LLC,smartrecruiters,dropenterprisesllc
Dropbox,smartrecruiters,dropbox
"Dropoff, Inc.",smartrecruiters,dropoffinc
DRT Strategies,smartrecruiters,drtstrategies
DSS,smartrecruiters,dss
DTR Consulting Services,smartrecruiters,DTRConsultingServices
Dudek,smartrecruiters,dudek
Duelit,smartrecruiters,duelit
Dulcedo,smartrecruiters,dulcedo
Dungarvin,smartrecruiters,dungarvin
dunnhumby,smartrecruiters,dunnhumby
Duolingo,smartrecruiters,duolingo
DVT,smartrecruiters,dvt
"Dynamis,Inc.",smartrecruiters,dynamisinc
E*Pro Inc,smartrecruiters,EProInc
E4Ops LLC,smartrecruiters,e4opsllc
EAC Product Development Solutions,smartrecruiters,eacproductdevelopmentsolutions
Earthcam,smartrecruiters,earthcam
Earthlinktele,smartrecruiters,earthlinktele
East Bank Club,smartrecruiters,eastbankclub
East Penn Manufacturing,smartrecruiters,eastpennmanufacturing
Easterseals of Southeastern Pennsylvania,smartrecruiters,EastersealsofSoutheasternPennsylvania
EASYVISTA,smartrecruiters,EASYVISTA
Eataly North America,smartrecruiters,eataly
ECHO,smartrecruiters,echo
"Echo360, Inc.",smartrecruiters,echo360inc
Echoing Green,smartrecruiters,echoinggreen
Ecija,smartrecruiters,ecija
Eclipse Trading,smartrecruiters,eclipsetrading
edesk,smartrecruiters,edesk
Edgewater Behavioral Health Services,smartrecruiters,edgewaterbehavioralhealthservices
Edmentum,smartrecruiters,edmentum
Education at Work,smartrecruiters,educationatwork
Edwards Label,smartrecruiters,EdwardsLabel
efood,smartrecruiters,efood
EHCC,smartrecruiters,ehcc
Einsite,smartrecruiters,einsite
Ekimetrics,smartrecruiters,ekimetrics
Ekovolt,smartrecruiters,ekovolt
Ekster,smartrecruiters,ekster
Electricity Regulatory Authority,smartrecruiters,era
ELEVATE,smartrecruiters,elevate
Elevate K-12,smartrecruiters,ElevateK-12
Elevated Integrated Consultants,smartrecruiters,elevatedintegratedconsultants
eli,smartrecruiters,eli
ELIXIR MULTINATIONAL,smartrecruiters,ELIXIRMULTINATIONAL
Elizabeth Glaser Pediatric AIDS Foundation,smartrecruiters,elizabethglaserpediatricaidsfoundation3
EM,smartrecruiters,em
Ember Lab,smartrecruiters,emberlab
Embraer,smartrecruiters,embraer
"EMIT Technologies, Inc.",smartrecruiters,emittechnologiesinc
EmOpti,smartrecruiters,EmOpti
Employers,smartrecruiters,employers
Employmenthero,smartrecruiters,employmenthero
EMS Unlimited,smartrecruiters,EMSUnlimited
Endava,smartrecruiters,endava
endpoint clinical,smartrecruiters,endpointclinical
Endpoints News,smartrecruiters,endpointsnews
Endsight,smartrecruiters,endsight
Enerex,smartrecruiters,Enerex
Enero,smartrecruiters,Enero
Enfra,smartrecruiters,enfra
Enghouse,smartrecruiters,enghouse
Enko Education,smartrecruiters,enkoeducation
Enode,smartrecruiters,enode
"EnPower, Inc.",smartrecruiters,EnPowerInc
Enprotech Corp,smartrecruiters,EnprotechCorp
Ensco,smartrecruiters,ensco
Ent Credit Union,smartrecruiters,entcreditunion1
Entain,smartrecruiters,Entain
Entefy,smartrecruiters,entefy
Enterprise Solution inc,smartrecruiters,enterprisesolutioninc
Entertainment Benefits Group,smartrecruiters,entertainmentbenefitsgroup
Enthuse-Marketing,smartrecruiters,enthuse-marketing
Enviri Corporation,smartrecruiters,EnviriCorporation
Envision Horizons,smartrecruiters,envisionhorizons
Epic Product Launch,smartrecruiters,EpicProductLaunch
Epic4 Specialty Partners,smartrecruiters,Epic4SpecialtyPartners
EpicGames,smartrecruiters,epicgames
Epoch Games,smartrecruiters,epochgames
Epsilon,smartrecruiters,epsilon3
Equal Experts,smartrecruiters,equalexperts
Equinox,smartrecruiters,equinox
Equity Residential,smartrecruiters,equityresidential
Equus,smartrecruiters,equus
Ergomed,smartrecruiters,Ergomed
Ericsson,smartrecruiters,ericsson
EROS Technologies Inc.,smartrecruiters,EROSTechnologiesInc
ERS,smartrecruiters,ers
ESource Corp,smartrecruiters,esourcecorp
eSpace,smartrecruiters,espace
Essendant,smartrecruiters,essendant
esurance,smartrecruiters,esurance
ESV Digital,smartrecruiters,esvdigital
Ethereum Address Service (EAS),smartrecruiters,EthereumAddressServiceEAS
ettain group,smartrecruiters,EttainGroup
Eurofins,smartrecruiters,eurofins
EVB,smartrecruiters,EVB
Eventscape Inc.,smartrecruiters,eventscapeinc
EVERSANA,smartrecruiters,eversana1
Evertz Microsystems Ltd,smartrecruiters,evertz
Everything But The House,smartrecruiters,EverythingButTheHouse
Evidation,smartrecruiters,evidation
Evidence Action,smartrecruiters,evidenceaction
eVisit,smartrecruiters,evisit
Evolution,smartrecruiters,evolution
Evolution Recruitment Solutions,smartrecruiters,evolutionrecruitmentsolutions
EvolutionIQ,smartrecruiters,evolutioniq
"Ex Parte, Inc",smartrecruiters,exparteinc
Exact Staff,smartrecruiters,ExactStaff
Excel,smartrecruiters,excel
Excel Cleaning Services,smartrecruiters,ExcelCleaningServices
Excyl Inc,smartrecruiters,excylinc
Exegy,smartrecruiters,exegy
Exit83,smartrecruiters,Exit83
Exotel,smartrecruiters,exotel
exp.,smartrecruiters,exp
Expeditors,smartrecruiters,expeditors
Expend,smartrecruiters,expend
Experian,smartrecruiters,experian
Experient Group,smartrecruiters,experientgroup
Expert Network,smartrecruiters,expertnetwork
Express Oil Change & Tire Engineers,smartrecruiters,EOCTEBP
Express Transit llc,smartrecruiters,expresstransitllc
Exsilio,smartrecruiters,exsilio
Extreme Networks,smartrecruiters,extremenetworks
Extreme Reach,smartrecruiters,extremereach
EZ Recruiting,smartrecruiters,ezrecruiting
Fabergent,smartrecruiters,fabergent
Fair and Just Prosecution,smartrecruiters,fairandjustprosecution
Fair Oaks Estates,smartrecruiters,FairOaksEstates
Fairmarkit,smartrecruiters,fairmarkit
Fannie Mae,smartrecruiters,fanniemae
Farfetch,smartrecruiters,farfetch
Farther Finance,smartrecruiters,fartherfinance
Fashionnova,smartrecruiters,fashionnova
Fastmarkets,smartrecruiters,fastmarkets
Fastsigns,smartrecruiters,fastsigns
Feeding San Diego,smartrecruiters,FeedingSanDiego
ferrellgas,smartrecruiters,ferrellgas
Field Nation,smartrecruiters,fieldnation
Filmhub,smartrecruiters,filmhub
Filmless,smartrecruiters,filmless
Firegang Dental Marketing,smartrecruiters,firegangdentalmarketing
Firespring,smartrecruiters,firespring
First Advantage,smartrecruiters,firstadvantage
First Choice Agency,smartrecruiters,FirstChoiceAgency
First Drive Logistics Inc.,smartrecruiters,firstdrivelogisticsinc
First Focus,smartrecruiters,firstfocus
First Round,smartrecruiters,firstround
Fishpond,smartrecruiters,Fishpond
"Five Nine Solutions, Inc.",smartrecruiters,FiveNineSolutionsInc
Five to Nine,smartrecruiters,FiveToNine
FLEX COLLEGE PREP,smartrecruiters,flexcollegeprep
Flexport,smartrecruiters,flexport
Flight-Group,smartrecruiters,flightgroup
Flink,smartrecruiters,flink
Flipkart Online Services Pvt Ltd,smartrecruiters,flipkart
Florence,smartrecruiters,florence
FLYNN COMPANIES,smartrecruiters,flynncompanies
Flywheel,smartrecruiters,flywheel
Flywire,smartrecruiters,flywire1
FMG Suite,smartrecruiters,fmgsuite
FMI,smartrecruiters,fmi
Focus Logistics Inc.,smartrecruiters,focuslogisticsinc
FocusKPI,smartrecruiters,focuskpi
FONEMED,smartrecruiters,fonemed
FOODMatch,smartrecruiters,FOODMatch
Football Radar,smartrecruiters,footballradar
Foothill Ventures,smartrecruiters,foothillventures
footprint,smartrecruiters,footprint
Fora Financial,smartrecruiters,forafinancial
Forager,smartrecruiters,forager
Forbes Advisor,smartrecruiters,forbesadvisor
Ford,smartrecruiters,ford
Formlabs,smartrecruiters,formlabs
Forrest Johnson,smartrecruiters,ForrestJohnson
Forter,smartrecruiters,forter
forthright,smartrecruiters,forthright
ForthRight Strategies LLC,smartrecruiters,forthrightstrategiesllc
Fortune Brands,smartrecruiters,fortunebrands
FORWARD,smartrecruiters,forward
Forward Logistix Partners Inc.,smartrecruiters,forwardlogistixpartnersinc
Foster Farms,smartrecruiters,FosterFarms
Foundation for Food & Agriculture,smartrecruiters,foundationforfoodagriculture
Fractal Analytics,smartrecruiters,fractalanalytics
FREEBANDZ TOURING,smartrecruiters,freebandztouring
Freethink,smartrecruiters,freethink
Fremont Bank,smartrecruiters,fremontbank
Fremont Group,smartrecruiters,fremontgroup
Fresh Consulting,smartrecruiters,freshconsulting
Fresh land,smartrecruiters,freshland
Fresh Prints,smartrecruiters,freshprints
Freshworks,smartrecruiters,freshworks
Frette,smartrecruiters,Frette
Frontline Inc,smartrecruiters,frontlineinc
"FSR, LLC.",smartrecruiters,fsrllc
Fulcrum,smartrecruiters,fulcrum
Full Circle International,smartrecruiters,gresham
FundApps,smartrecruiters,fundapps
Furniture Assembly Experts LLC,smartrecruiters,FurnitureAssemblyExperts
Fusion Consulting,smartrecruiters,FusionConsulting
Future,smartrecruiters,future
Future Group,smartrecruiters,futuregroup
Futurewave Systems,smartrecruiters,futurewavesystems
FYXER,smartrecruiters,fyxer
G,smartrecruiters,g2
G2A Executive Search,smartrecruiters,G2AExecutiveSearch
Galileo Learning,smartrecruiters,GalileoLearning
Game District,smartrecruiters,gamedistrict
Gameloft,smartrecruiters,Gameloft
Games For Love,smartrecruiters,gamesforlove
GAN Integrity,smartrecruiters,ganintegrity
Garrett advancing motion,smartrecruiters,garrettadvancingmotion
Gauntlet,smartrecruiters,gauntlet
GBG,smartrecruiters,gbg
GBTA,smartrecruiters,gbta
GD Resources LLC,smartrecruiters,gdresourcesllc
GEcko,smartrecruiters,gecko
GEM Technologies,smartrecruiters,gemtechnologies
Gemini,smartrecruiters,gemini
Gen4 Dental,smartrecruiters,gen4dental
General Assembly,smartrecruiters,generalassembly
Genesis Recruiting,smartrecruiters,genesisrecruiting
GeoSoftware,smartrecruiters,geosoftware
Gerresheimer,smartrecruiters,gerresheimer
gess,smartrecruiters,gess
Getlabs,smartrecruiters,getlabs
GetResponse,smartrecruiters,getresponse
GetSports Enterprises LLC,smartrecruiters,getsportsenterprisesllc
Geyen + del Campo,smartrecruiters,geyendelcampo
ggwp,smartrecruiters,ggwp
Giant Pictures,smartrecruiters,GiantPictures
Gig,smartrecruiters,gig
Ginas Tech Jobs,smartrecruiters,ginastechjobs
Girls on the Run,smartrecruiters,girlsontherun
Glassdoor,smartrecruiters,glassdoor
GLC Recruiting Group,smartrecruiters,GLCRecruitingGroup
Glide,smartrecruiters,glide
"Global Channel Management, Inc.",smartrecruiters,GlobalChannelManagementInc
GlobeAir,smartrecruiters,globeair
Glopal,smartrecruiters,glopal
GNC,smartrecruiters,gnc
gnosis,smartrecruiters,gnosis
GoDaddy,smartrecruiters,godaddy
GoGuardian,smartrecruiters,goguardian
"Gohfr, Inc.",smartrecruiters,GohfrInc
Gold Star Logistics,smartrecruiters,goldstarlogistics
"Goldstone Partners, Inc.",smartrecruiters,goldstonepartners
Gong,smartrecruiters,gong
Goodlord,smartrecruiters,goodlord
goPuff,smartrecruiters,gopuff
Gorgias,smartrecruiters,gorgias
Gousto,smartrecruiters,gousto1
GPFS,smartrecruiters,gpfs
Grand Food Inc,smartrecruiters,grandfoodinc
Granicus,smartrecruiters,granicus
Grantek Systems Integration,smartrecruiters,GrantekSystemsIntegration
Grass Valley,smartrecruiters,grassvalley
Grayscale,smartrecruiters,grayscale
Grazitti Interactive,smartrecruiters,grazittiinteractive
Green Earth,smartrecruiters,greenearth
Green Thumb Industries,smartrecruiters,greenthumbindustries
Greenpeace,smartrecruiters,greenpeace
Gridpoint,smartrecruiters,Gridpoint
Grist,smartrecruiters,grist
Groupon,smartrecruiters,groupon
Growe,smartrecruiters,growe
GrowthDay,smartrecruiters,growthday
Grupo Bimbo,smartrecruiters,grupobimbo
"GTC Machining, LLC",smartrecruiters,GTCMachiningLLC
GTECH,smartrecruiters,gtech
GTGS Logistics LLC,smartrecruiters,gtgslogisticsllc
"GTP, Inc.",smartrecruiters,gtpartners
Guardant Health,smartrecruiters,guardanthealth
Guidehealth,smartrecruiters,guidehealth
GuideIT,smartrecruiters,guideit
GymPass,smartrecruiters,gympass
H,smartrecruiters,h1
H&M Group,smartrecruiters,HMGroup
HackerRank,smartrecruiters,hackerrank
Hadronts,smartrecruiters,hadronts
Hagie Manufacturing Company,smartrecruiters,HagieManufacturingCompany
Hangar,smartrecruiters,hangar
"Hanna Interpreting Services, LLC",smartrecruiters,hannainterpretingservicesllc
HappyFunCorp,smartrecruiters,happyfuncorp1
Harlem Childrens Zone,smartrecruiters,harlemchildrenszone
Harnham,smartrecruiters,harnham
"Harold Jean-Louis, Inc.",smartrecruiters,haroldjean-louisinc
Harpeth Valley Utilities District,smartrecruiters,harpethvalleyutilitiesdistrict
Harvard University,smartrecruiters,HarvardUniversity
hasbro,smartrecruiters,hasbro
HashtagTalent,smartrecruiters,hashtagtalent
Hatch,smartrecruiters,hatch
Headway,smartrecruiters,headway
Health Dimensions Group,smartrecruiters,HealthDimensionsGroup2
Health Prime International,smartrecruiters,HealthPrimeInternational
Healthcare,smartrecruiters,healthcare
Healthcare Support Staffing,smartrecruiters,HealthcareSupportStaffing1
Healthedge,smartrecruiters,healthedge
Healthix,smartrecruiters,healthix
hear.com,smartrecruiters,hearcom
Hedrick Gardner Kincheloe & Garofalo LLP,smartrecruiters,hedrickgardnerkincheloegarofalollc
Hele Logistics LLC,smartrecruiters,helelogisticsllc
Helium SEO,smartrecruiters,heliumseo
HELLA,smartrecruiters,hella
HelloKindred,smartrecruiters,hellokindred
"Hennessy & Roach, P.C.",smartrecruiters,HennessyRoachPC
HenryTek,smartrecruiters,HenryTek
Herbalife,smartrecruiters,herbalife
HerCampus.com,smartrecruiters,HerCampuscom
Hexagon Lavish®,smartrecruiters,HexagonLavish
Hexagroup,smartrecruiters,hexagroup
heyData,smartrecruiters,heydata
highbeam,smartrecruiters,highbeam
Hillstone Restaurant Group,smartrecruiters,hillstonerestaurantgroup
HIMSS,smartrecruiters,himss
Hines,smartrecruiters,hines
Hire.Ventures,smartrecruiters,hireventures
"HireIO, Inc.",smartrecruiters,hireioinc
HireRight,smartrecruiters,hireright1
HIROTEC AMERICA,smartrecruiters,hirotecamerica
HIS LLC,smartrecruiters,HISLLC
Hitachi Solutions,smartrecruiters,hitachisolutions
Hive Logistics Inc,smartrecruiters,hivelogisticsinc
HiWave,smartrecruiters,hiwave
Holy Ship LLC,smartrecruiters,holyshipllc
home,smartrecruiters,home
Home Base,smartrecruiters,homebase
HomeXpress Mortgage Corp,smartrecruiters,HomeXpressMortgageCorp
Honeywell,smartrecruiters,honeywell
HookBang,smartrecruiters,hookbang
Hope Services,smartrecruiters,hopeservices
"Hopewell Center, Inc.",smartrecruiters,HopewellCenterInc
HopHR,smartrecruiters,hophr
Hopper,smartrecruiters,hopper
Horizon,smartrecruiters,horizon
Horizon Technologies Inc.,smartrecruiters,HorizonTechnologiesInc
HOS247 LLC,smartrecruiters,HOS247LLC
House of Kaizen,smartrecruiters,houseofkaizen
"Houston Engineering, Inc.",smartrecruiters,HoustonEngineeringInc
Howard Simon & Associats,smartrecruiters,hs
HoYoverse,smartrecruiters,hoyoverse
HR Solutions for Southern California,smartrecruiters,HRSolutionsForSouthernCalifornia
HSMC,smartrecruiters,hsmc1
HSSSoft,smartrecruiters,hsssoft
HTI,smartrecruiters,hti
Huawei Technologies,smartrecruiters,huaweitechnologies2
HubSpot,smartrecruiters,hubspot
HUCAPA,smartrecruiters,HUCAPA
Huck Adventures,smartrecruiters,HuckAdventures
Huckberry,smartrecruiters,huckberry
Hudl,smartrecruiters,hudl
Huge Ape Media,smartrecruiters,hugeapemedia
Huskey Truss & Building Supply,smartrecruiters,HuskeyTrussBuildingSupply
IB,smartrecruiters,ib
iCapital Network,smartrecruiters,icapitalnetwork
Icehouse Fit,smartrecruiters,IcehouseFit
Icertis,smartrecruiters,icertis
Idea Entity,smartrecruiters,ideaentity
IDEALFORCE LLC,smartrecruiters,IDEALFORCELLC
idexcel,smartrecruiters,Idexcel3
IDIQ,smartrecruiters,idiq
IDS International,smartrecruiters,idsinternational
iFixScreens,smartrecruiters,IFixScreens1
IFS,smartrecruiters,ifs1
igenius,smartrecruiters,igenius
Iguana Solutions USA,smartrecruiters,IguanaSolutionsUSA
Iguane Solutions,smartrecruiters,IguaneSolutions
iHealth Labs,smartrecruiters,IHealthLabs
iHerb,smartrecruiters,iherb
IHRC,smartrecruiters,ro
IJM,smartrecruiters,ijm
IKEA AL Homaizi Limited,smartrecruiters,ikeaalhomaizilimited
IKM,smartrecruiters,IKM
Image Associates Inc.,smartrecruiters,ImageAssociatesInc
Image Direct Sales,smartrecruiters,ImageDirectSales
iMarket Global Inc,smartrecruiters,imarketglobalinc
Immersive Solutions Group,smartrecruiters,ImmersiveSolutionsGroup
impact,smartrecruiters,impact
ImpactAssets,smartrecruiters,impactassets
Implify Inc,smartrecruiters,implifyinc
Imprint Projects,smartrecruiters,imprintprojects
Improvado,smartrecruiters,improvado
impulse,smartrecruiters,impulse
In-Touch Insight,smartrecruiters,intouchinsight
Inbulks Corp,smartrecruiters,InbulksCorp
INC Research,smartrecruiters,INCResearch
Incorporan.Inc,smartrecruiters,IncorporanInc
InDebted,smartrecruiters,indebted
Independent Food Company,smartrecruiters,independentfoodcompany
Independent Software,smartrecruiters,independentsoftware
INDG,smartrecruiters,indg
Indiana University Foundation,smartrecruiters,indianauniversityfoundation
Indie Source,smartrecruiters,IndieSource
Indigo Books & Music,smartrecruiters,indigobooksmusic
IndSoft Inc,smartrecruiters,indsoftinc
INFICON,smartrecruiters,INFICON2
Infinite Miles LLC,smartrecruiters,InfiniteMilesLLC
InfiniteQuant,smartrecruiters,InfiniteQuant
Infinitive,smartrecruiters,infinitive
Infinity Logistics Solutions,smartrecruiters,infinitylogisticssolutions
Influ2,smartrecruiters,influ2
Infojini Inc,smartrecruiters,InfojiniInc1
Informa Group Plc.,smartrecruiters,informagroupplc
Infrrd,smartrecruiters,infrrd
InGenius prep,smartrecruiters,ingeniusprep
Ingram Barge Company,smartrecruiters,IngramBargeCompany
Ingram Content Group,smartrecruiters,ingramcontentgroup1
INgroovesMusicGroup,smartrecruiters,INgroovesMusicGroup
Inland Empire Paper Co,smartrecruiters,inlandempirepaperco
InMobi,smartrecruiters,inmobi
INNERGY,smartrecruiters,INNERGY1
Innovapptive,smartrecruiters,innovapptive
INSEAD,smartrecruiters,insead
insider,smartrecruiters,insider
insightsoftware,smartrecruiters,insightsoftware
Insilico Logix,smartrecruiters,InsilicoLogix
Inspire Logistics LLC,smartrecruiters,inspirelogisticsllc
Instabase,smartrecruiters,instabase
Instacart,smartrecruiters,instacart
Instructure,smartrecruiters,instructure
Integra,smartrecruiters,integra
Integrated Resources INC,smartrecruiters,integratedresourcesinc
"Integres, LLC",smartrecruiters,IntegresLLC
IntegriChain,smartrecruiters,IntegriChain1
Integritee AG,smartrecruiters,integriteeag
IntellectEU,smartrecruiters,intellecteu
Intellyk INC,smartrecruiters,intellykinc
Inter IKEA Group,smartrecruiters,InterIKEAGroup
Interaction,smartrecruiters,interaction
Interactive Strategies,smartrecruiters,interactivestrategies
Intercloud,smartrecruiters,intercloud
Interco,smartrecruiters,Interco
"International Dairy Queen, Inc.",smartrecruiters,InternationalDairyQueen
International SOS Government Medical Services,smartrecruiters,internationalsosgovernmentmedicalservices
International Technological University,smartrecruiters,InternationalTechnologicalUniversity
InterNations,smartrecruiters,internations
Intertek,smartrecruiters,intertek
interworks,smartrecruiters,interworks
Intuit,smartrecruiters,intuit2
Intuitive,smartrecruiters,intuitive
InVita Healthcare Technologies,smartrecruiters,invitahealthcaretechnologies
INX International Ink Co.,smartrecruiters,INXInternationalInkCo
Ion Exhibits,smartrecruiters,IonExhibits
IOTA Community Schools,smartrecruiters,IOTACommunitySchools
iPipeline,smartrecruiters,ipipeline
ipromo,smartrecruiters,ipromo
IPS Security,smartrecruiters,IPSSecurity
IPsoft Inc.,smartrecruiters,IPsoftInc1
Ipsos,smartrecruiters,ipsos
irca Group,smartrecruiters,ircagroup
iris worldwide,smartrecruiters,irisworldwide
Iron Cumberland LLC,smartrecruiters,ironcumberlandllc
isc,smartrecruiters,isc
ISLG,smartrecruiters,bit
Isp Tech,smartrecruiters,isptech
"iSpace, Inc.",smartrecruiters,ispaceinc
IT,smartrecruiters,it1
IT Management Corp. dba 101 VOICE,smartrecruiters,ITManagementCorpDba101VOICE
It's Pretty Hair,smartrecruiters,itsprettyhair
iTek People Inc,smartrecruiters,ITekPeopleInc
ITG,smartrecruiters,itg
ITX,smartrecruiters,itx
J,smartrecruiters,j4
J.S. Held LLC,smartrecruiters,jsheldllc
Jack Link's Protein Snacks,smartrecruiters,jacklinksproteinsnacks
Jackie Talmo Decor,smartrecruiters,jackietalmodecor
Jacq Bennett Consulting,smartrecruiters,jacqbennettconsulting
Janea Systems,smartrecruiters,janeasystems
Jay Peak Resort,smartrecruiters,jaypeakresort
JB Consulting,smartrecruiters,jbconsulting
jbi digital,smartrecruiters,jbidigital
JBN LOGISTICS LLC,smartrecruiters,jbnlogisticsllc
JeffreyM Consulting,smartrecruiters,jeffreymconsulting
Jellysmack,smartrecruiters,jellysmack
jetfuel.agency,smartrecruiters,jetfuelagency
JJ:L,smartrecruiters,niche
JLS Trading Co,smartrecruiters,jlstradingco
JM Parcel Service LLC,smartrecruiters,jmparcelservicellc
JM Recruiting,smartrecruiters,jmrecruiting
JMAC Lending,smartrecruiters,jmaclending
Job Mobz,smartrecruiters,JobMobz1
jobandtalent,smartrecruiters,jobandtalent
jobboard,smartrecruiters,jobboard
jobs,smartrecruiters,jobs
Jobs for Humanity,smartrecruiters,jobsforhumanity
Jobs for Lebanon,smartrecruiters,JobsForLebanon
Jobsbridge,smartrecruiters,Jobsbridge1
John Snow Labs,smartrecruiters,johnsnowlabs
Josefs Pharmacy,smartrecruiters,josefspharmacy
Joveo Sandbox,smartrecruiters,joveosandbox
Juicebox,smartrecruiters,juicebox
Jumio,smartrecruiters,jumio
JumpCloud,smartrecruiters,jumpcloud
Jungle Scout,smartrecruiters,junglescout
Junglee Games,smartrecruiters,jungleegames
Junior,smartrecruiters,junior
JustWatch,smartrecruiters,justwatch
Justworks,smartrecruiters,justworks
K Quest LLC,smartrecruiters,kquestllc
"K2 Group, INC.",smartrecruiters,k2groupinc
K2 Partnering,smartrecruiters,k2partnering
Kabam,smartrecruiters,kabam
KAEFER Integrated Services Pty Ltd,smartrecruiters,KAEFERIntegratedServicesPtyLtd
Kaiyo,smartrecruiters,kaiyo
Kaizen CPAs + Advisors,smartrecruiters,KaizenCPAsAdvisors
Kanadevia Inova,smartrecruiters,kanadeviainova
KANO/APPS,smartrecruiters,kanoapps
Kanshe Infotech,smartrecruiters,KansheInfotech
Kargo,smartrecruiters,kargo
Kasa Practice Solutions,smartrecruiters,KasaPracticeSolutions
Kaskada,smartrecruiters,kaskada
Keenfinity,smartrecruiters,keenfinity
KeenLogic,smartrecruiters,keenlogic
KeepSafe,smartrecruiters,keepsafe
Kegman Inc.,smartrecruiters,kegmaninc
KELLEN,smartrecruiters,kellen
Kensington Tours,smartrecruiters,kensingtontours
Kepler Cheuvreux,smartrecruiters,keplercheuvreux
Key Cyber Solutions,smartrecruiters,KeyCyberSolutions
Keymailer Ltd,smartrecruiters,KeymailerLtd
KGS Technology Group Inc,smartrecruiters,kgstechnologygroupinc
Kimmel & Associates,smartrecruiters,kimmelassociates
KINGfisher,smartrecruiters,kingfisher2
KIPP,smartrecruiters,kipp
Kisco Senior Living,smartrecruiters,kiscoseniorliving
Kite Ping,smartrecruiters,KitePing
Kitopi,smartrecruiters,kitopi
Kittitas Valley Healthcare,smartrecruiters,KittitasValleyHealthcare
Kiva.org,smartrecruiters,kivaorg
KIXEYE,smartrecruiters,kixeye
Klap6,smartrecruiters,klap6
Klick,smartrecruiters,klick1
KMS Technology,smartrecruiters,kmstechnology1
knack,smartrecruiters,knack
Knobelsdorff Enterprises,smartrecruiters,knobelsdorffenterprises
Knowhirematch,smartrecruiters,knowhirematch
Kobiton,smartrecruiters,kobiton
Kofile Inc.,smartrecruiters,KofileInc
KOKO,smartrecruiters,koko
Kombo,smartrecruiters,kombo
Konrad Group,smartrecruiters,konradgroup
KPFF Consulting Engineers,smartrecruiters,kpffconsultingengineers
KQED,smartrecruiters,kqed
krg technology inc,smartrecruiters,krgtechnologyinc
Kronospan,smartrecruiters,Kronospan
Kruze consulting,smartrecruiters,kruzeconsulting
KSI Auto Parts,smartrecruiters,KSIAutoParts
Kuba Pay,smartrecruiters,kubapay
KUBRA,smartrecruiters,kubra
kuda,smartrecruiters,kuda
Kuehne-Nagel,smartrecruiters,kuehne-nagel
Kurt Geiger,smartrecruiters,kurtgeiger
KVH,smartrecruiters,kvh
Kyivstar,smartrecruiters,kyivstar
Kynect Express LLC,smartrecruiters,kynectexpressllc
L'OCCITANE,smartrecruiters,loccitane
LA Clippers,smartrecruiters,laclippers
LabAnswer,smartrecruiters,labanswer
Labor Finders,smartrecruiters,laborfinders
Lacedaemon Distributions LLC,smartrecruiters,lacedaemondistributionsllc
Ladd Dental Group,smartrecruiters,LaddDentalGroup
"Lakeshore Learning Materials, LLC",smartrecruiters,lakeshore
lalamove,smartrecruiters,lalamove
Lam Research,smartrecruiters,lamresearch
LAMBDA,smartrecruiters,lambda
Land O' Lakes,smartrecruiters,LandOLakes
Landmark Hospitality,smartrecruiters,landmarkhospitality
LANDPOINT,smartrecruiters,landpoint
Landscape Solutions,smartrecruiters,landscapesolutions
LanguageWire,smartrecruiters,languagewire
Larvol,smartrecruiters,larvol
LATCH,smartrecruiters,latch
later,smartrecruiters,later
Launch Healthcare,smartrecruiters,launchcareerscanada
Laxir,smartrecruiters,Laxir1
LeadDetail,smartrecruiters,LeadDetail
Leading Educators,smartrecruiters,leadingeducators
LeanTaaS,smartrecruiters,leantaas
Leap,smartrecruiters,leap
Leap Consulting Group,smartrecruiters,LeapConsultingGroup
LEAPWORK,smartrecruiters,leapwork
Learnkwik.com,smartrecruiters,Learnkwikcom
Learnosity,smartrecruiters,learnosity
Legacy Engineering,smartrecruiters,legacyengineering
LegalAndGeneral,smartrecruiters,LegalAndGeneral
LegalMatch,smartrecruiters,legalmatch
Lemon.io,smartrecruiters,lemonio
LendingTree,smartrecruiters,lendingtree
Lengow,smartrecruiters,lengow
Lesaffre,smartrecruiters,Lesaffre
Levee,smartrecruiters,levee
Level,smartrecruiters,level
Level All,smartrecruiters,LevelAll
Levelset,smartrecruiters,levelset
LevelUp,smartrecruiters,levelup
Levio,smartrecruiters,levio
LGC Group,smartrecruiters,lgcgroup
LGI Homes,smartrecruiters,lgihomes
LHC LOGISTICS LLC,smartrecruiters,lhclogisticsllc
Liberty Mutual,smartrecruiters,libertymutual
lieberman,smartrecruiters,lieberman
Life Line Screening,smartrecruiters,lifelinescreening
"Lifted, an Upwork Company™",smartrecruiters,liftedanupworkcompany
LIFTOFF DELIVERY LLC,smartrecruiters,liftoffdeliveryllc
Light & Wonder,smartrecruiters,lightwonder
Lightyear,smartrecruiters,lightyear
Likewise,smartrecruiters,likewise
Lincoln,smartrecruiters,Lincoln2
Line2,smartrecruiters,Line2
Linea Energy,smartrecruiters,lineaenergy
LineLeap,smartrecruiters,lineleap
Ling,smartrecruiters,ling
Lingatech,smartrecruiters,lingatech
LingoAce,smartrecruiters,lingoace
Lingraphica,smartrecruiters,Lingraphica
LinkedIn,smartrecruiters,linkedin3
LinkTag,smartrecruiters,LinkTag
Liongard,smartrecruiters,Liongard
Literably,smartrecruiters,literably
LivCor LLC,smartrecruiters,LivCorLLC1
LivePerson,smartrecruiters,liveperson
Living goods,smartrecruiters,livinggoods
Livo,smartrecruiters,livo
LLNL,smartrecruiters,llnl
Locinox,smartrecruiters,Locinox
Lodestar,smartrecruiters,lodestar
LOFT,smartrecruiters,loft
Logan Staffing,smartrecruiters,schulz
Logic20/20 Inc.,smartrecruiters,Logic2020Inc
Longbridge Financial,smartrecruiters,longbridgefinancial
LoopMe,smartrecruiters,loopme
Loram,smartrecruiters,Loram1
LottieFiles,smartrecruiters,LottieFiles
Louis Dreyfus Company,smartrecruiters,louisdreyfuscompany
Love Is...,smartrecruiters,LoveIs1
LTV,smartrecruiters,ltv
Luceats,smartrecruiters,Luceats
Lucid Software,smartrecruiters,lucidsoftware
Luna Lux,smartrecruiters,LunaLux1
Lupin Pharmaceuticals,smartrecruiters,lupinpharmaceuticals
"Luxe Media, LLC",smartrecruiters,luxemediallc
Luxus,smartrecruiters,luxus
Luxy Hair,smartrecruiters,luxyhair
LVMH Perfumes & Cosmetics,smartrecruiters,LVMHPerfumesCosmetics
Lyft,smartrecruiters,lyft
"Lynch Consultants, LLC",smartrecruiters,lynchconsultantsllc
LynxPath Logistics,smartrecruiters,lynxpathlogistics
Lyte,smartrecruiters,lyte
M,smartrecruiters,m13
M1 Finance,smartrecruiters,M1Finance
M3,smartrecruiters,m3
M3USA,smartrecruiters,m3usa
M9 Solutions,smartrecruiters,m9solutions
MACH,smartrecruiters,mach
Mack Logistics LLC,smartrecruiters,MackLogisticsLLC
Macys,smartrecruiters,macys
MadHive,smartrecruiters,madhive
madilo srl,smartrecruiters,madilosrl
Madison Ave Consulting,smartrecruiters,madisonaveconsulting
Magellan Partners,smartrecruiters,magellanpartners
Magic Ears,smartrecruiters,magicears
Maglev Aero Inc.,smartrecruiters,maglevaeroinc
magnolia,smartrecruiters,magnolia
MainspringEnergy,smartrecruiters,mainspringenergy
Makersights,smartrecruiters,makersights
"Malibu, Atlanta",smartrecruiters,MalibuAtlanta
Malwarebytes,smartrecruiters,malwarebytes
MAM BABY,smartrecruiters,mambaby
manifest,smartrecruiters,manifest
Manila Recruitment,smartrecruiters,manilarecruitment
Manitoulin Group of Companies,smartrecruiters,ManitoulinGroupOfCompanies
Marex,smartrecruiters,marex
Maricich Health,smartrecruiters,MaricichHealth
Mariner Partners Inc.,smartrecruiters,marinerpartnersinc
Mariners Church,smartrecruiters,marinerschurch
Market Force,smartrecruiters,marketforce
MarketBridge,smartrecruiters,marketbridge
Marlabs Inc,smartrecruiters,marlabsinc1
MAS Holdings,smartrecruiters,masholdings
Masimo,smartrecruiters,masimo
Master Class,smartrecruiters,masterclass
MasterBrand Cabinets LLC,smartrecruiters,masterbrandcabinetsllc
MasterCard,smartrecruiters,mastercard
"MAT Holdings, Inc",smartrecruiters,MATHoldings
Mathematica,smartrecruiters,mathematica
MATRIX RESOURCES,smartrecruiters,matrixresources1
MATTE projects,smartrecruiters,matteprojects
Mattel,smartrecruiters,mattelinc
Maximus,smartrecruiters,maximus
"MAXISIQ, Inc.",smartrecruiters,IOMAXISLLC
"MBA Consulting Services, Inc. (MBA CSi)",smartrecruiters,mbacsi
McClendon Center,smartrecruiters,McClendonCenter
McCloskey Partners,smartrecruiters,mccloskeypartners
McDonald's Österreich,smartrecruiters,McDonaldsOesterreich
McFadyen Digital,smartrecruiters,mcfadyendigital
MCG,smartrecruiters,mcg1
McGee Air Services,smartrecruiters,mcgeeairservices
mci,smartrecruiters,mci
McKesson,smartrecruiters,mckesson4
Mco,smartrecruiters,mco
McWane - Sandbox,smartrecruiters,McWane-Sandbox
"McWane, Inc.",smartrecruiters,mcwaneinc
Mdn,smartrecruiters,mdn
MealSuite,smartrecruiters,mealsuite
Measured Insurance,smartrecruiters,MeasuredInsurance
Medfar,smartrecruiters,Medfar
Mediabrands,smartrecruiters,mediabrands
MediaTrust,smartrecruiters,mediatrust
Medical Guardian,smartrecruiters,medicalguardian
MEDMARK,smartrecruiters,medmark
medmix,smartrecruiters,medmix
Medsien,smartrecruiters,medsien
Medtelligent,smartrecruiters,medtelligent
MedTrainer,smartrecruiters,medtrainer
MEDVACON,smartrecruiters,medvacon
Meesho,smartrecruiters,meesho
Meeting Tomorrow,smartrecruiters,meetingtomorrow
Mejuri,smartrecruiters,mejuri
Menkiti Group,smartrecruiters,MenkitiGroup
Mercado Libre,smartrecruiters,mercadolibre
Mercer Advisors,smartrecruiters,merceradvisors
Mercury,smartrecruiters,mercury
Mercury Insurance,smartrecruiters,mercuryinsurance
Mercury Logistics Group,smartrecruiters,mercurylogisticsgroup
Merit Solutions,smartrecruiters,meritsolutions
"Mesotech International, Inc.",smartrecruiters,MesotechInternationalInc
"MessageGears, LLC",smartrecruiters,messagegearsllc
Meta,smartrecruiters,meta1
MetaOption LLC,smartrecruiters,metaoption
Metaview,smartrecruiters,metaview
MetriX Talent Solutions,smartrecruiters,MetriXTalentSolutions
Metro,smartrecruiters,metro
Metronome,smartrecruiters,metronome
MicroCoders LLC,smartrecruiters,microcodersllc
Micron,smartrecruiters,micron
Microsoft,smartrecruiters,microsoft
Microsoft C,smartrecruiters,microsoftc1
MicroStrategy,smartrecruiters,MicroStrategy1
Midas Trucking,smartrecruiters,MidasTrucking
Midwest Special Services,smartrecruiters,midwestspecialservices
"Mike Freeman Chevrolet, INC.",smartrecruiters,mikefreemanchevroletinc
Milton CAT,smartrecruiters,miltoncat
Milum Express LLC,smartrecruiters,milumexpressllc
Mindlance,smartrecruiters,mindlance2
MindTickle,smartrecruiters,mindtickle
Minted,smartrecruiters,minted
Miracle software system,smartrecruiters,MiracleSoftwareSystem1
Mirage Automatisering BV,smartrecruiters,mirage
Mirantis,smartrecruiters,mirantis
Miratech,smartrecruiters,miratech1
Mission Critical Group,smartrecruiters,MissionCriticalGroup
MISSIONS INC.,smartrecruiters,missionsinc
MIT RESOURCE,smartrecruiters,mitresource
Mithril,smartrecruiters,mithril
Mitratech,smartrecruiters,mitratech
mkopa,smartrecruiters,mkopa
"MobiDavs, LLC",smartrecruiters,devpro
MobilityWare,smartrecruiters,mobilityware
Model N,smartrecruiters,modeln
Mole Street,smartrecruiters,molestreet
Momentum Financial Services Group,smartrecruiters,momentumfinancialservicesgroup
Monarch Communities,smartrecruiters,MonarchCommunities
MonetizeNow,smartrecruiters,MonetizeNow
Moneythink,smartrecruiters,moneythink
"Monro, Inc.",smartrecruiters,monroinc
Monterail,smartrecruiters,monterail
Montreal Associates,smartrecruiters,montrealassociates
Moonpig,smartrecruiters,moonpig
Morgan stanley,smartrecruiters,morganstanley
Morgan's Wonderland Camp,smartrecruiters,morganswonderlandcamp
Morguard,smartrecruiters,Morguard
Moro Tech,smartrecruiters,morotech
MOS,smartrecruiters,mos
MOSAIC,smartrecruiters,mosaic
Mountfitchet Group,smartrecruiters,mountfitchetgroup
Moxie,smartrecruiters,moxie
MPower Direct,smartrecruiters,mpowerdirect
Mr Apple,smartrecruiters,mrapple
MSC - Mediterranean Shipping Company,smartrecruiters,msc-mediterraneanshippingcompany
MSM,smartrecruiters,msm
MSX International,smartrecruiters,msxinternational
mta,smartrecruiters,mta
Munson Healthcare,smartrecruiters,munsonhealthcare1
My Team,smartrecruiters,myteam
Myriad Genetics,smartrecruiters,MyriadGenetics1
"Mystic Invest Holding, S.A",smartrecruiters,MysticInvestHoldingSA
MyTime,smartrecruiters,mytime
MyTutor,smartrecruiters,mytutor
N,smartrecruiters,n1
N,smartrecruiters,n4
n.l.c,smartrecruiters,nlc
Nagarro,smartrecruiters,nagarro1
Nanoheal,smartrecruiters,Nanoheal1
NAPA Auto Parts,smartrecruiters,NAPAAutoParts33
Napier,smartrecruiters,napier
Narvar,smartrecruiters,narvar
naseba,smartrecruiters,naseba
Natera,smartrecruiters,natera
National Debt Relief,smartrecruiters,nationaldebtrelief
National Vision,smartrecruiters,nationalvision1
native,smartrecruiters,native
Native Edge Landscape,smartrecruiters,NativeEdgeLandscape
NATIVE HEALTH,smartrecruiters,nativehealth
Nativo,smartrecruiters,nativo
NAVA+,smartrecruiters,nava
Nayya,smartrecruiters,nayya
NB Advisors,smartrecruiters,NBAdvisors
NBCUniversal,smartrecruiters,nbcuniversal3
nch,smartrecruiters,nch
nClouds,smartrecruiters,nclouds
NCS,smartrecruiters,ncs
Near North Montessori School,smartrecruiters,NearNorthMontessoriSchool
nearForm,smartrecruiters,nearform
Nearsure,smartrecruiters,nearsure
Nebula,smartrecruiters,nebula
Neighborhood Health,smartrecruiters,NeighborhoodHealth
Nemera,smartrecruiters,Nemera
Neo Financial,smartrecruiters,neofinancial
Neoris,smartrecruiters,neoris
NetDocuments,smartrecruiters,netdocuments
Netflix,smartrecruiters,netflix
Netomi,smartrecruiters,netomi
NetQuest,smartrecruiters,netquest
Netural,smartrecruiters,netural
NetWorth Realty USA,smartrecruiters,networthrealtyusa
netx,smartrecruiters,netx
NETZSCH Group,smartrecruiters,NETZSCHGroup
New England Donor Services,smartrecruiters,newenglanddonorservices
New Legacy Logistics LLC,smartrecruiters,newlegacylogisticsllc
New Relic,smartrecruiters,newrelic
New Venture Fund,smartrecruiters,newventurefund
New World Symphony,smartrecruiters,NewWorldSymphony
New York Food Company,smartrecruiters,NewYorkFoodCompany
New York Psychotherapy and Counseling Center,smartrecruiters,newyorkpsychotherapyandcounselingcenter
News Revenue Hub,smartrecruiters,newsrevenuehub
Newsela,smartrecruiters,newsela
Newton,smartrecruiters,newton
Newton Europe,smartrecruiters,newtoneurope
NEXGEN TECHNOLOGIES,smartrecruiters,nexgentechnologies
Nexio Projects,smartrecruiters,nexioprojects
Next Step Systems,smartrecruiters,nextstepsystems
Nextdoor,smartrecruiters,nextdoor
Nexthink,smartrecruiters,nexthink
NextSense,smartrecruiters,NextSense
NexusOP,smartrecruiters,nexusop
Nexvel Solutions,smartrecruiters,nexvelsolutions
nfrastructure,smartrecruiters,nfrastructure
"NIC.KL, Inc.",smartrecruiters,NICKLInc
NielsenIQ,smartrecruiters,nielseniq
Nityo Infotech,smartrecruiters,nityoinfotech1
NJIT,smartrecruiters,njit
NMC,smartrecruiters,NMC1
NOCD,smartrecruiters,NOCD
nokia,smartrecruiters,nokia
North Star Staffing Solutions,smartrecruiters,NorthStarStaffingSolutions1
Northbeam,smartrecruiters,northbeam
Northrop Realty,smartrecruiters,NorthropRealty
Northstar Logistics LLC DBA Northstar Logistics NYC,smartrecruiters,northstarlogisticsllcdbanorthstarlogisticsnyc
Northwestern Memorial Healthcare,smartrecruiters,northwesternmedicine
Northwestern Mutual,smartrecruiters,northwesternmutual
Norwegian Cruise Line,smartrecruiters,norwegiancruiseline
Notable,smartrecruiters,notable
Novum Research,smartrecruiters,maps
nscglobal,smartrecruiters,nscglobal
NST. Inc.,smartrecruiters,nstinc
NT Concepts,smartrecruiters,ntconcepts
NTT Data,smartrecruiters,nttdata
Nubank,smartrecruiters,nubank
NVIDIA,smartrecruiters,nvidia
NXTKEY CORPORATION,smartrecruiters,nxtkeycorporation
NYC Delivery LLC,smartrecruiters,nycdeliveryllc
NYIT,smartrecruiters,nyit
O-I,smartrecruiters,O-I
OceanaGold,smartrecruiters,OceanaGold
Ocelot Logistics LLC,smartrecruiters,ocelotlogisticsllc
OCI,smartrecruiters,oci
Ocorian,smartrecruiters,ocorian
Odaseva,smartrecruiters,odaseva
Oetiker,smartrecruiters,oetiker
OfferUp,smartrecruiters,offerup
Office Depot,smartrecruiters,officedepot
OfficeSpace Software,smartrecruiters,officespacesoftware
Oklahoma Department of Human Services,smartrecruiters,oklahomadepartmentofhumanservices
Olympus Property,smartrecruiters,olympusproperty
Omada Health,smartrecruiters,omadahealth
Omni,smartrecruiters,omni
OMS,smartrecruiters,oms
On Point,smartrecruiters,OnPoint1
On The Stage,smartrecruiters,onthestage
Onecore,smartrecruiters,onecore
OneVest,smartrecruiters,onevest
Onfido,smartrecruiters,onfido
"OnSite Care, Inc.",smartrecruiters,onsitecareinc
Ooma,smartrecruiters,ooma
Open,smartrecruiters,open
Open Road,smartrecruiters,openroad
Open Road Media,smartrecruiters,openroadmedia
OpenJobs,smartrecruiters,openjobs
"Optima Technologies, Inc.",smartrecruiters,OptimaTechnologiesInc
optimum,smartrecruiters,optimum
Opus,smartrecruiters,opus2
Oracle,smartrecruiters,oracle
ORAU,smartrecruiters,orau
orbit,smartrecruiters,orbit
Order,smartrecruiters,order
OrderMyGear,smartrecruiters,ordermygear
Origami Risk,smartrecruiters,origamirisk
Orsini Healthcare,smartrecruiters,orsinihealthcare
Oterra,smartrecruiters,Oterra1
Other,smartrecruiters,other
"Otter, LLC",smartrecruiters,OtterLLC
Our National Conversation,smartrecruiters,OurNationalConversation
Owner,smartrecruiters,owner
Oxfam America,smartrecruiters,oxfamamerica2
Oxford International,smartrecruiters,oxfordinternational
PA Consulting,smartrecruiters,paconsulting
Pace,smartrecruiters,pace
Packt publishing,smartrecruiters,packtpublishing
PagerDuty,smartrecruiters,pagerduty
Paladin Technologies,smartrecruiters,paladintechnologies
Palm Medical Centers,smartrecruiters,palmmedicalcenters
Paradigm,smartrecruiters,paradigm
Paradox,smartrecruiters,paradox
Paragon,smartrecruiters,paragon
ParentSquare,smartrecruiters,parentsquare
parker,smartrecruiters,parker
Parker Wellbore,smartrecruiters,ParkerDrilling1
Parkland,smartrecruiters,parkland
Parman Energy,smartrecruiters,parmanenergy
Parrot,smartrecruiters,parrot
"Passion for Life, Inc.",smartrecruiters,PassionForLifeInc
PatientPoint,smartrecruiters,patientpoint
Payscale,smartrecruiters,payscale
PDC Machines,smartrecruiters,PDCMachines
PDT Partners,smartrecruiters,pdtpartners
Peak Games,smartrecruiters,peakgames
Peak Performance,smartrecruiters,peakperformance
Peek,smartrecruiters,peek
Pegadaian,smartrecruiters,pegadaian
Percepta,smartrecruiters,percepta
Perennial,smartrecruiters,perennial
"Perfect Staffing Solutions, LLC",smartrecruiters,PerfectStaffingSolutionsLLC
Perforce Software,smartrecruiters,perforce
PerformYard,smartrecruiters,performyard
Perplexity,smartrecruiters,perplexity
Persado,smartrecruiters,persado
Persistent Systems,smartrecruiters,persistentsystems
PharmaCannis,smartrecruiters,PharmaCannis
Pharos Academy Charter School,smartrecruiters,PharosAcademyCharterSchool
Phase2Careers,smartrecruiters,phase2careers
"Phil, Inc.",smartrecruiters,philinc
Phillips Consulting,smartrecruiters,phillipsconsulting
Phoenix American Inc,smartrecruiters,PhoenixAmericanInc
Phoenix Stamping Group,smartrecruiters,PhoenixStampingGroup
PhonePe,smartrecruiters,phonepe
PhotoShelter,smartrecruiters,photoshelter
Pie Insurance,smartrecruiters,pieinsurance
Pillar Technology,smartrecruiters,pillartechnology
Pilot Company,smartrecruiters,pilotcompany
Ping Identity,smartrecruiters,pingidentity
Pinterest,smartrecruiters,pinterest
"Pioneer Data Systems, Inc",smartrecruiters,pioneerdatasystemsinc
Pipedrive,smartrecruiters,pipedrive
Pipeworks,smartrecruiters,pipeworks
piramal,smartrecruiters,piramal
"PiTal Staffing Worldwide, Inc.",smartrecruiters,PiTalStaffingWorldwideInc
Pivotal,smartrecruiters,pivotal
Placements.io,smartrecruiters,placementsio
Planet Beauty,smartrecruiters,planetbeauty
Plante Moran,smartrecruiters,plantemoran
Platzi,smartrecruiters,platzi
Playtech,smartrecruiters,playtech
pMDsoft,smartrecruiters,pmdsoft
Polestar,smartrecruiters,polestar
PortKey Delivery LLC,smartrecruiters,portkeydeliveryllc
Powell Supportive Services,smartrecruiters,PowellSupportiveServices
power,smartrecruiters,power
PowerPay,smartrecruiters,PowerPay1
Pran group,smartrecruiters,prangroup
Praxent,smartrecruiters,praxent
Praytell,smartrecruiters,praytell
PRC,smartrecruiters,prc
Precision Logistics Corp,smartrecruiters,precisionlogisticscorp
Precision Technologies,smartrecruiters,precisiontechnologies1
Precoat Metals,smartrecruiters,PrecoatMetals
Preferred Warranties Inc,smartrecruiters,PreferredWarrantiesInc
Prelude,smartrecruiters,prelude
Presidency Solutions,smartrecruiters,presidencysolutions1
PRESTIGE,smartrecruiters,prestige
Prezi.com Kft.,smartrecruiters,prezi
Primary,smartrecruiters,primary
Prime Providers,smartrecruiters,PrimeProviders
PrimeLine Utility Services,smartrecruiters,PrimeLineUtilityServices
PrimeSkill Staffing,smartrecruiters,primeskillstaffing1
PRISM Bags,smartrecruiters,PRISMBags
Privia Health,smartrecruiters,PriviaHealth
ProAutomated,smartrecruiters,proautomated
Procom Consultants Group,smartrecruiters,procomconsultantsgroup
Procom Services,smartrecruiters,ProcomServices
PROCON,smartrecruiters,procon
Product School,smartrecruiters,productschool
"Proficio, Inc.",smartrecruiters,proficioinc
Progressive Cleaning,smartrecruiters,ProgressiveCleaning
Project Bread,smartrecruiters,projectbread
Prominence Advisors,smartrecruiters,prominenceadvisors
pronto,smartrecruiters,pronto
proSapient,smartrecruiters,prosapient
"ProSidian Consulting, LLC",smartrecruiters,prosidianconsulting
Prosum,smartrecruiters,Prosum2
Protera,smartrecruiters,protera
ProtoLabs,smartrecruiters,protolabs
Provectus,smartrecruiters,provectus
Proximate Technologies Inc.,smartrecruiters,ProximateTechnologiesInc1
PS Logistics,smartrecruiters,PSLogistics
PSG Global Solutions,smartrecruiters,psgglobalsolutions2
PSI CRO,smartrecruiters,psicro
PTC,smartrecruiters,ptc
Ptg,smartrecruiters,ptg
Public Storage,smartrecruiters,publicstorage
PubMatic,smartrecruiters,pubmatic
PuertoRicoNurses.Com,smartrecruiters,PuertoRicoNursesCom
pureIntegration,smartrecruiters,PureIntegration
"PurpleBox, Inc.",smartrecruiters,purpleboxinc
PwC Portugal,smartrecruiters,pwcportugal
Pylon,smartrecruiters,pylon
pymetrics,smartrecruiters,pymetrics
Pythian,smartrecruiters,pythian
Q-CTRL,smartrecruiters,q-ctrl
"QAD, Inc.",smartrecruiters,qadinc
Qmulos,smartrecruiters,Qmulos
Qoala,smartrecruiters,qoala
QONTO,smartrecruiters,qonto
Qoria,smartrecruiters,qoria
QSL,smartrecruiters,QSL
Qualco,smartrecruiters,qualco
Qualdoc,smartrecruiters,qualdoc
Qualia,smartrecruiters,qualia
QualiTest,smartrecruiters,qualitest1
Quality Education Company,smartrecruiters,qualityeducationcompany
Quality Tank Solutions,smartrecruiters,qualitytanksolutions
QualityLogic,smartrecruiters,qualitylogic
Qualysoft,smartrecruiters,qualysoft
Quanticate,smartrecruiters,quanticate
Quantivate,smartrecruiters,Quantivate
Quantix,smartrecruiters,Quantix
Quantum Motion,smartrecruiters,quantummotion
quartic.ai,smartrecruiters,quarticai
Quest,smartrecruiters,quest
Quest Diagnostics,smartrecruiters,questdiagnostics7
Quest National Services,smartrecruiters,questns
Quicken Loans,smartrecruiters,quickenloans3
QuintoAndar,smartrecruiters,quintoandar
r,smartrecruiters,r2
R&R Business Consultants,smartrecruiters,rrbusinessconsultants
RA,smartrecruiters,ra2
Rackner,smartrecruiters,rackner
Radiant Info Systems Ltd,smartrecruiters,RadiantInfoSystemsLtd
Radius Limited,smartrecruiters,radiuslimited
"Radon Solutions, Inc.",smartrecruiters,radonsolutionsinc
RAI,smartrecruiters,rai
Rain,smartrecruiters,rain
Raising Cane's,smartrecruiters,RaisingCanes
RAKUNA,smartrecruiters,rakuna1
Rally Assets,smartrecruiters,rallyassets
Ramboll,smartrecruiters,ramboll3
Randstad,smartrecruiters,Randstad4
Rapp,smartrecruiters,rapp
Rapsodo,smartrecruiters,rapsodo
RavenPack,smartrecruiters,ravenpack
RCH Solutions,smartrecruiters,rchsolutions
RE/SPEC Inc.,smartrecruiters,respecinc
ReadMe,smartrecruiters,readme
RealDefense,smartrecruiters,realdefense
RealSelf,smartrecruiters,realself
Realty ONE Group,smartrecruiters,RealtyOneGroup1
Recidiviz,smartrecruiters,recidiviz
Recours Four Kenya Consultants Limited,smartrecruiters,RecoursFourKenyaConsultantsLimited
RecruitLoop,smartrecruiters,recruitloop
Recurly,smartrecruiters,recurly
Red Arch Solutions,smartrecruiters,redarchsolutions
Red Bull,smartrecruiters,RedBull
Red Carpet Logistics LLC,smartrecruiters,redcarpetlogisticsllc
Red Clay Consulting,smartrecruiters,redclayconsulting
Red Knight Solutions,smartrecruiters,redknightsolutions
Red Nucleus,smartrecruiters,rednucleus
Red Ventures,smartrecruiters,redventures
Red Wing Shoe Company,smartrecruiters,RedWingShoeCompany
REDICA Systems,smartrecruiters,redicasystems
Reedsy,smartrecruiters,reedsy
reformation,smartrecruiters,reformation
Reiss,smartrecruiters,reiss
Relais & Châteaux,smartrecruiters,relaischateaux
Relentless Recovery Inc.,smartrecruiters,Ziebro
ReliaTrack Logistics LLC,smartrecruiters,reliatracklogisticsllc
Reltio,smartrecruiters,reltio
Relu,smartrecruiters,relu
Remote-Recruitment,smartrecruiters,remoterecruitment
remoteva,smartrecruiters,remoteva
Renaissance,smartrecruiters,renaissance
Renesas Electronics,smartrecruiters,renesaselectronics
Renewed Vision,smartrecruiters,renewedvision
Rent the Runway,smartrecruiters,renttherunway
Reporters Committee for Freedom of the Press,smartrecruiters,reporterscommitteeforfreedomofthepress
Reputation Partners,smartrecruiters,ReputationPartners
res,smartrecruiters,res
ReSource Pro,smartrecruiters,resourcepro
"Resourcex,Inc.",smartrecruiters,resourcexinc
Resultant,smartrecruiters,resultant
Rethink,smartrecruiters,rethink
retired,smartrecruiters,retired
Rev,smartrecruiters,rev
Revalize,smartrecruiters,revalize
Reveal MedSpa,smartrecruiters,reveal
Revenue Analytics,smartrecruiters,revenueanalytics
Reverb,smartrecruiters,reverb
ReversingLabs,smartrecruiters,reversinglabs
Revolar,smartrecruiters,Revolar
Reward Gateway,smartrecruiters,rewardgateway
Rewards Network,smartrecruiters,rewardsnetwork
REXEL,smartrecruiters,rexel1
Rezedent.com,smartrecruiters,rezedentcom
RFI Global,smartrecruiters,rfiglobal
RGA,smartrecruiters,rga
RGI,smartrecruiters,rgi
"Rhyno Logistics, Inc",smartrecruiters,rhynologisticsinc
RhynoCare,smartrecruiters,rhynocare
Ribbit Computers,smartrecruiters,RibbitComputers
Ridgely Logistics LLC,smartrecruiters,ridgelylogisticsllc
RightEye,smartrecruiters,righteye
Ripples Edge Media,smartrecruiters,RipplesEdgeMedia
Rippling,smartrecruiters,rippling
Riscure,smartrecruiters,riscure
Rise Local,smartrecruiters,RiseLocal1
"RIVO Holdings, LLC",smartrecruiters,RIVOHoldingsLLC
"RKL & Associates, LLC",smartrecruiters,rkl
RLB,smartrecruiters,rlb
Road Runner Sports,smartrecruiters,roadrunnersports
robusta,smartrecruiters,robusta
Rocket Internet,smartrecruiters,rocketinternet
Rocketmiles,smartrecruiters,rocketmiles
Rockford Bride,smartrecruiters,rockfordbride
Roland & Associates,smartrecruiters,rolandassociates
Roland Berger,smartrecruiters,rolandberger
Roll Group,smartrecruiters,RollGroup
Rotork,smartrecruiters,rotork1
ROUSH,smartrecruiters,roush
Rowan,smartrecruiters,rowan
RPI Consultants,smartrecruiters,RPIConsultants
RR Donnelley,smartrecruiters,rrdonnelley
RTI,smartrecruiters,rti
RUMBLE,smartrecruiters,rumble
RYTHM,smartrecruiters,rythm
SA Technologies Inc.,smartrecruiters,SATechnologiesInc4
Sab,smartrecruiters,sab
SAC,smartrecruiters,sac
"SAFEWAY GARAGE DOORS, LLC",smartrecruiters,safewaygaragedoorsllc
"SafeWorks, LLC",smartrecruiters,SafeWorksLLC
Sahara,smartrecruiters,sahara
SAHL,smartrecruiters,sahl
SAI,smartrecruiters,sai
Sajix Software Solution Private Limited,smartrecruiters,sajixsoftwaresolutionprivatelimited
Sales Consulting,smartrecruiters,salesconsulting
Sales Focus Inc,smartrecruiters,salesfocusinc
Salomon,smartrecruiters,Salomon
Salud Family Health,smartrecruiters,SaludFamilyHealthCenters
Samasource,smartrecruiters,samasource
Samsung,smartrecruiters,samsung1
Sandisk,smartrecruiters,sandisk
Sandy Hook Promise,smartrecruiters,sandyhookpromise
Sanford Health,smartrecruiters,sanfordhealth
Sans,smartrecruiters,sans2
SAP,smartrecruiters,sap
Sawyer Studios,smartrecruiters,sawyerstudios
Saxon Global,smartrecruiters,SaxonGlobal
Say Operations LLC,smartrecruiters,sayoperationsllc
sbec,smartrecruiters,sbec
"SBT Global, Inc.",smartrecruiters,sbtglobalinc
ScaleOps,smartrecruiters,ScaleOps
Scalian,smartrecruiters,Scalian
scalr,smartrecruiters,scalr
Scentbird,smartrecruiters,scentbird
Schneider Downs,smartrecruiters,schneiderdowns
Schonfeld,smartrecruiters,schonfeld
Schroders,smartrecruiters,schroders
Schréder,smartrecruiters,schrder
Schwebel Baking Company,smartrecruiters,schwebelbakingcompany
Scopic Software,smartrecruiters,scopicsoftware
SDS,smartrecruiters,sds
SDSURF,smartrecruiters,sdsurf
SEAKR Engineering,smartrecruiters,SEAKREngineering
Seamen's Bank,smartrecruiters,seamensbank
Seamless.AI,smartrecruiters,seamlessai
Search,smartrecruiters,search
Sears,smartrecruiters,sears2
Seasats,smartrecruiters,seasats
Second Nature,smartrecruiters,secondnature
Sectigo,smartrecruiters,sectigo
SecurAmerica LLC,smartrecruiters,SecurAmericaLLC
Secure Parcel Delivery LLC,smartrecruiters,secureparceldeliveryllc
Secure Transit and Logistics LLC,smartrecruiters,securetransitandlogisticsllc
"Securitas Security Services USA, Inc.",smartrecruiters,securitassecurityservicesusainc
Securiti,smartrecruiters,Securiti
SecZetta,smartrecruiters,seczetta
SEE-LA,smartrecruiters,SEE-LA
SeekOut,smartrecruiters,SeekOut
SEER Interactive,smartrecruiters,seerinteractive
SEI,smartrecruiters,sei
Senior Lifestyle,smartrecruiters,SeniorLifestyle1
Senior plc,smartrecruiters,SeniorPlc1
"Senior Resource Group, LLC",smartrecruiters,SeniorResourceGroupLLC
Sensia,smartrecruiters,sensia
SensorTower,smartrecruiters,sensortower
SEP,smartrecruiters,sep
Sequence,smartrecruiters,sequence
Serigor inc.,smartrecruiters,serigorinc
Serio Plast,smartrecruiters,serioplast
Sertis,smartrecruiters,sertis
ServiceNow,smartrecruiters,servicenow
SESO Labor,smartrecruiters,sesolabor
Sezzle,smartrecruiters,sezzle
SFC,smartrecruiters,sfc
SGS,smartrecruiters,sgs
Shake Shack,smartrecruiters,ShakeShack
Shantel,smartrecruiters,Shantel
Shaped,smartrecruiters,Shaped
"Sheladia Associates, Inc",smartrecruiters,sheladiaassociates
Sherwin-Williams,smartrecruiters,sherwinwilliams
Shift Technology,smartrecruiters,shifttechnology
Shiji Group,smartrecruiters,shijigroup
Shipbird,smartrecruiters,shipbird
Shippabo,smartrecruiters,shippabo
Shotgun,smartrecruiters,shotgun
ShowMojo,smartrecruiters,showmojo
Shpock,smartrecruiters,shpock
Sia,smartrecruiters,sia
Sibylline Ltd,smartrecruiters,SibyllineLtd
Sierra Club,smartrecruiters,sierraclub
SightCall,smartrecruiters,sightcall
Signal,smartrecruiters,signal
"Signal Vine, Inc",smartrecruiters,SignalVineInc
Signode,smartrecruiters,signode
Sika AG,smartrecruiters,SikaAG
Silfab Solar,smartrecruiters,silfabsolar
Silvaco,smartrecruiters,Silvaco1
Simpplr,smartrecruiters,simpplr
Single Grain,smartrecruiters,singlegrain
Sirtex,smartrecruiters,sirtex
Six Bricks,smartrecruiters,SixBricks
SIXT,smartrecruiters,sixt
SK hynix America,smartrecruiters,skhynixamerica
Skanska,smartrecruiters,skanska
Skillshare,smartrecruiters,skillshare
Skroutz,smartrecruiters,skroutz
Sky Solutions LLC.,smartrecruiters,skysolutionsllc
Skyline Construction,smartrecruiters,skylineconstruction
Skyline Management,smartrecruiters,skylinemanagement
Skyward,smartrecruiters,Skyward1
slice,smartrecruiters,slice1
Slick Rock Tanning & Spa,smartrecruiters,slickrocktanningspa
Slite,smartrecruiters,slite
Smart Coos,smartrecruiters,smartcoos
Smart Step,smartrecruiters,smartstep
Smart Technologies,smartrecruiters,smarttechnologies
SmartCommerce,smartrecruiters,smartcommerce
Smartkarma,smartrecruiters,Smartkarma
SmartVault,smartrecruiters,smartvault
Smith Staffing Services,smartrecruiters,SmithStaffingServices
Smiths Group,smartrecruiters,smithsgroup2
SMS,smartrecruiters,sms
Snapfish,smartrecruiters,snapfish
snipebridge,smartrecruiters,snipebridge
SNR Logistics LLC,smartrecruiters,snrlogisticsllc
snuggs,smartrecruiters,snuggs
Sobi,smartrecruiters,sobi
soccerloco,smartrecruiters,Soccerloco
Society19 Media LLC,smartrecruiters,society19mediallc
SOCOTEC,smartrecruiters,Socotec
Softonic,smartrecruiters,softonic
Softpath System LLC,smartrecruiters,SoftpathSystemLLC
Software Technology Inc,smartrecruiters,softwaretechnologyinc2
Soho House & Co,smartrecruiters,sohohouseco
Sojern,smartrecruiters,sojern
Solar Provider Group,smartrecruiters,solarprovidergroup
SolarCity,smartrecruiters,solarcity
Solidigm,smartrecruiters,solidigm
SOMFY Group,smartrecruiters,somfygroup
sona,smartrecruiters,sona
Sonic Automotive,smartrecruiters,SonicAutomotive
Sono Bello,smartrecruiters,sonobello
Sonoma Consulting Inc.,smartrecruiters,sonomaconsultinginc
Sonsoft Inc,smartrecruiters,SonsoftInc
Sophos,smartrecruiters,sophos
Sopra Steria,smartrecruiters,SopraSteria1
SOSi,smartrecruiters,sosi1
Source Interim Services,smartrecruiters,source
SourceDirect Talent,smartrecruiters,SourceDirectTalent
Southern Company,smartrecruiters,southerncompany
SouthTek Resources,smartrecruiters,SouthTekResources
Southworks,smartrecruiters,southworks
Sovrn,smartrecruiters,sovrn
SpaceX,smartrecruiters,spacex
Span,smartrecruiters,span
Spark Solutions,smartrecruiters,sparksolutions
Sparksoft Corporation,smartrecruiters,sparksoftcorporation
Speakeasy,smartrecruiters,speakeasy
"Spectrum Retirement Communities, LLC",smartrecruiters,SpectrumRetirementCommunities
Speedinvest,smartrecruiters,speedinvest
Speridian Technologies,smartrecruiters,speridiantechnologies
Splash International,smartrecruiters,splashinternational
Sponsors for Educational Opportunity,smartrecruiters,sponsorsforeducationalopportunity
Sportradar,smartrecruiters,sportradar
Spotify,smartrecruiters,spotify
Spreetail,smartrecruiters,spreetail
Spring Venture Group,smartrecruiters,SpringVentureGroup1
Springboard Collaborative,smartrecruiters,springboardcollaborative
SprocketPRO,smartrecruiters,SprocketPRO
SproutLoud,smartrecruiters,sproutloud
Spruce Infotech Inc,smartrecruiters,SpruceInfotechInc
SQexpets LLC,smartrecruiters,SQexpetsLLC
SquareTrade,smartrecruiters,SquareTrade1
SRI,smartrecruiters,sri
SRS|Acquiom,smartrecruiters,srsacquiom
SSENSE,smartrecruiters,ssense1
St. Joseph Center,smartrecruiters,STJOSEPHCENTER
St. Luke's School,smartrecruiters,stlukesschool
StackOne,smartrecruiters,stackone
Standard Chartered,smartrecruiters,standardchartered
Stanford Medicine Children's Health,smartrecruiters,StanfordMedicineChildrensHealth
Stantec,smartrecruiters,stantec
Starbucks,smartrecruiters,starbucks
Startifier INC,smartrecruiters,startifierinc
Startup Voyager,smartrecruiters,startupvoyager
StartupTAP,smartrecruiters,startuptap
Statkraft,smartrecruiters,statkraft1
Stawco,smartrecruiters,Stawco
StayNTouch,smartrecruiters,stayntouch
STCU,smartrecruiters,STCU1
Stealth Startup,smartrecruiters,stealthstartup
StealthCo,smartrecruiters,stealthco
"Steel Fabricators, LLC",smartrecruiters,SteelFabricatorsLLC
SteelBridge Solutions,smartrecruiters,SteelBridgeSolutions
Stefanini,smartrecruiters,stefanini1
stellar,smartrecruiters,stellar
Stem Xpert,smartrecruiters,StemXpert1
StepStone Group,smartrecruiters,StepStoneGroup
Sterling Enterprise LLC,smartrecruiters,sterlingenterprisellc
"Sterling Ledet & Associates, Inc.",smartrecruiters,LedetTrainingCenters
Stifel,smartrecruiters,stifel
STL,smartrecruiters,stl
STOW Group,smartrecruiters,stowgroup
Stratas Foods,smartrecruiters,stratasfoods
Strategic Gears,smartrecruiters,strategicgears
"strategic HR, inc.",smartrecruiters,strategichrinc
Strategic Solutions,smartrecruiters,strategicsolutions
Stream Realty,smartrecruiters,streamrealty
Street,smartrecruiters,street
Stronger Consulting,smartrecruiters,strongerconsulting
"Studio 613, Inc.",smartrecruiters,studio613inc
Study Abroad Europe,smartrecruiters,studyabroadeurope
Stäubli,smartrecruiters,staubligroup
SugarCRM,smartrecruiters,sugarcrm
Suki,smartrecruiters,suki
Summer Discovery,smartrecruiters,summerdiscovery
Summit,smartrecruiters,summit
Summit Electric Supply,smartrecruiters,SummitElectricSupply
Summit Funding,smartrecruiters,summitfunding1
Sumo Digital,smartrecruiters,sumodigital
Sumo Logic,smartrecruiters,sumologic
"Sunbird Software, Inc.",smartrecruiters,sunbirdsoftwareinc
Sungro Horticulture,smartrecruiters,sungrohorticulture
sunrise,smartrecruiters,sunrise
Sunrun,smartrecruiters,Sunrun1
Sunsationall,smartrecruiters,Sunsationall
Sunstar INC,smartrecruiters,sunstarinc1
Super Soccer Stars,smartrecruiters,SuperSoccerStars
SuperCare Health,smartrecruiters,supercarehealth
Superprof,smartrecruiters,superprof1
SupportYourApp,smartrecruiters,supportyourapp
Surfside Angels LLC,smartrecruiters,surfsideangelsllc
SURGE,smartrecruiters,surge
SUS,smartrecruiters,sus
Sutherland,smartrecruiters,sutherland1
Sutherland,smartrecruiters,sutherland
SV Tech Systems Inc,smartrecruiters,svtechsystemsinc1
Swag,smartrecruiters,swag
Swans,smartrecruiters,swans
Swapcard,smartrecruiters,swapcard
Sweet Fish Media,smartrecruiters,sweetfishmedia
SwiftSpeed Deliveries LLC,smartrecruiters,swiftspeeddeliveriesllc
Switchfly,smartrecruiters,switchfly
SWVL,smartrecruiters,swvl
Swyft Filings,smartrecruiters,swyftfilings
Swyg,smartrecruiters,swyg
Symmetry I.T.,smartrecruiters,SymmetryIT
Syncreon Consulting,smartrecruiters,SyncreonConsulting
Syngenta Group,smartrecruiters,SyngentaGroup
Synopsys,smartrecruiters,synopsys
SYNTEGON,smartrecruiters,SYNTEGON
T5 Data Centers,smartrecruiters,t5datacenters1
Tailwind,smartrecruiters,tailwind
takealot.com,smartrecruiters,takealotcom
Talan,smartrecruiters,talan
Talent Acquisition,smartrecruiters,talentacquisition
Talent Anywhere,smartrecruiters,TalentAnywhere1
TalentBurst Inc,smartrecruiters,talentburstinc
tamigo,smartrecruiters,tamigo
Tangram Interiors,smartrecruiters,tangraminteriors
"Task Force Resource Management, LLC",smartrecruiters,TaskForceResourceManagementLLC
Tava Health,smartrecruiters,tavahealth
TaxJar,smartrecruiters,taxjar
Taylor Stitch,smartrecruiters,TaylorStitch
TBD_2019_18_19_[BartonLoguidiceDPC],smartrecruiters,BartonLoguidiceDPC
TCG Recycling,smartrecruiters,TCGRecycling
TCN,smartrecruiters,tcn
TDC,smartrecruiters,tdc
Teach Me Personnel LLC,smartrecruiters,TeachMePersonnelLLC
TeamViewer,smartrecruiters,teamviewer1
Teamwork Corporate,smartrecruiters,TeamworkCorporate
Tech Crunch,smartrecruiters,techcrunch
Technoform,smartrecruiters,technoform
Technology,smartrecruiters,technology
Techo-Bloc,smartrecruiters,techo-bloc
TechSur Solutions,smartrecruiters,TechSurSolutions
TecTammina,smartrecruiters,TecTammina
"TED Conferences, LLC",smartrecruiters,tedconferencesllc
Teikametrics,smartrecruiters,teikametrics
TEK systems,smartrecruiters,teksystems
teKnoluxion,smartrecruiters,teknoluxion
Telestream,smartrecruiters,telestream
Tem,smartrecruiters,tem
Tempo Consulting,smartrecruiters,tempo
Ten4,smartrecruiters,Ten4
Tenderly Hospice,smartrecruiters,TenderlyHospice
Tendo,smartrecruiters,tendo
TEREOS,smartrecruiters,tereos
Terrapay,smartrecruiters,terrapay
Terrestar Solutions Inc.,smartrecruiters,terrestarsolutionsinc
Tessenderlo Group,smartrecruiters,TessenderloGroup
TestingXperts,smartrecruiters,TestingXperts
Texas Health Resources,smartrecruiters,TexasHealthResources
Texas Instruments,smartrecruiters,texasinstruments
Texas Water Development Board (TWDB),smartrecruiters,TexasWaterDevelopmentBoardTWDB
Texas Workforce Commission,smartrecruiters,texasworkforcecommission
TextMaster,smartrecruiters,textmaster
Thanx,smartrecruiters,thanx
The Anchor School,smartrecruiters,TheAnchorSchool
"The Aparecio Foundation, NFP",smartrecruiters,TheAparecioFoundationNFP
The Boundary,smartrecruiters,theboundary
The Credit Pros,smartrecruiters,thecreditpros
The Downsizers LLC,smartrecruiters,TheDownsizersLLC
The Hexagon Lavish,smartrecruiters,TheHexagonLavish
The Hive,smartrecruiters,thehive
The KEY,smartrecruiters,thekey
THE KINGS,smartrecruiters,THEKINGS
The Korda Group/RPK Development Corp.,smartrecruiters,TheKordaGroupRPKDevelopmentCorp
The Kroger Co.,smartrecruiters,thekrogerco
"the Masters Wealth Management Group, LLC",smartrecruiters,TheMastersWealthManagementGroupLLC
The Nielsen Company,smartrecruiters,thenielsencompany
The Panaro Group,smartrecruiters,ThePanaroGroup
The People Group,smartrecruiters,thepeoplegroup
The Piada Group,smartrecruiters,thepiadagroup
The Recruiting Division,smartrecruiters,TheRecruitingDivision1
The Refinery,smartrecruiters,therefinery
The Studio,smartrecruiters,thestudio
The Tile Shop,smartrecruiters,TheTileShop1
The United Solutions Group Inc. USG1,smartrecruiters,TheUnitedSolutionsGroupIncUSG1
The We Project Inc.,smartrecruiters,TheWeProjectInc
The Weather Channel,smartrecruiters,TheWeatherChannel
The Wesley Hotel,smartrecruiters,thewesleyhotel
The Womb Sauna,smartrecruiters,TheWombSauna
The Wonderful Company,smartrecruiters,thewonderfulcompany
TheAvgeek,smartrecruiters,TheAvgeek
Theemesoft.inc,smartrecruiters,theemesoftinc
Theme Park Media Group,smartrecruiters,ThemeParkMediaGroup
Theracare INC,smartrecruiters,TheracareINC
Think-it,smartrecruiters,think-it
ThinkCERCA,smartrecruiters,thinkcerca
Thorlabs,smartrecruiters,thorlabs
Thought Machine,smartrecruiters,thoughtmachine
ThousandEyes,smartrecruiters,thousandeyes
Three Space Lab,smartrecruiters,threespacelab
Thrive,smartrecruiters,thrive2
Thungela,smartrecruiters,thungela
Tidepool,smartrecruiters,tidepool
Tiedemann Advisors,smartrecruiters,tiedemannadvisors
TIG Advisors,smartrecruiters,TIGAdvisors
Tiger Analytics,smartrecruiters,tigeranalytics
Tigergraph,smartrecruiters,tigergraph
Timmons Group,smartrecruiters,timmonsgroup1
Tinybeans,smartrecruiters,tinybeans
Tiverton Advisors,smartrecruiters,tivertonadvisors
Tixr,smartrecruiters,tixr
TMS LLC,smartrecruiters,TMSLLC
Tomra,smartrecruiters,tomra
Toms Shoes,smartrecruiters,toms
Toomey Technologies,smartrecruiters,ToomeyTechnologies
Topaz Labs,smartrecruiters,topazlabs
Toppr,smartrecruiters,toppr
TopstepTrader,smartrecruiters,topsteptrader
Toshiba Global Commerce Solutions,smartrecruiters,toshibaglobalcommercesolutions
Totango,smartrecruiters,totango
"Touchdown Logistics, Inc.",smartrecruiters,touchdownlogisticsinc
Toyota financial services,smartrecruiters,toyotafinancialservices
TPG,smartrecruiters,tpg
TPI Staffing Inc.,smartrecruiters,TPIStaffingInc
Trace3,smartrecruiters,trace3
Trade me,smartrecruiters,trademe
"Tradewind Aviation, LLC",smartrecruiters,TradewindAviationLLC
TradingView,smartrecruiters,tradingview
TrafficCast,smartrecruiters,trafficcast
Transcat,smartrecruiters,transcat
Transifex,smartrecruiters,transifex
Transitional Care Management,smartrecruiters,TransitionalCareManagement
Translation Empire,smartrecruiters,translationempire
translations,smartrecruiters,translations
Transperfect,smartrecruiters,transperfect
trantor,smartrecruiters,trantor
Travoom,smartrecruiters,travoom
Treehouse Strategy and Communications,smartrecruiters,treehousestrategyandcommunicatio
TRI,smartrecruiters,tri
Tri-Teva,smartrecruiters,Tri-Teva
Trickle Up,smartrecruiters,trickleup
Trigyn Technologies,smartrecruiters,TrigynTechnologies1
Trimble,smartrecruiters,trimble
TriNet,smartrecruiters,trinet
TripAdvisor,smartrecruiters,tripadvisor
Trocaire,smartrecruiters,trocaire
Trucordia,smartrecruiters,trucordia1
TrueCare,smartrecruiters,truecare
TruePill,smartrecruiters,truepill
Trupanion,smartrecruiters,trupanion1
Trust,smartrecruiters,trust
Truth Initiative,smartrecruiters,truthinitiative
"Truven Health Analytics, an IBM Company",smartrecruiters,TruvenHealthAnalyticsanIBMCompany
Tubi TV,smartrecruiters,tubitv
TuneIn,smartrecruiters,tunein
Turner & Townsend,smartrecruiters,turnertownsend
Turner Construction,smartrecruiters,turnerconstruction
"Turnitin, LLC",smartrecruiters,turnitinllc
TV Company,smartrecruiters,TVCompany
"TVG-Medulla, LLC",smartrecruiters,TVG-MedullaLLC
Twist Bioscience,smartrecruiters,twistbioscience
Twitch,smartrecruiters,twitch
Twitter,smartrecruiters,twitter2
Uber,smartrecruiters,uber
Ubisoft,smartrecruiters,ubisoft2
Udacity,smartrecruiters,udacity
uft,smartrecruiters,uft
UIC,smartrecruiters,uic
"Ulbrich Stainless Steels & Special Metals, Inc.",smartrecruiters,UlbrichSteel
Umbra,smartrecruiters,umbra
Umdasch Group,smartrecruiters,umdaschgroup
umniah,smartrecruiters,umniah
Uncommon Schools,smartrecruiters,uncommonschools
UNDP,smartrecruiters,undp
UNFCU,smartrecruiters,unfcu
UNIFIED - HIV Health and Beyond,smartrecruiters,UNIFIED-HIVHealthandBeyond
Unify Dots,smartrecruiters,UnifyDots
Unify Partners,smartrecruiters,unifypartners
Union County Government,smartrecruiters,unioncountygovernment
Unit 4,smartrecruiters,unit410
United Franchise Group,smartrecruiters,UnitedFranchiseGroup
United Nations Foundation,smartrecruiters,unitednationsfoundation
Unitedlex,smartrecruiters,unitedlex
Unitek Learning,smartrecruiters,uniteklearning
University of Edinburgh,smartrecruiters,universityofedinburgh
University of Notre Dame,smartrecruiters,universityofnotredame
Unwrap,smartrecruiters,unwrap
Upstream,smartrecruiters,upstream
Upvest,smartrecruiters,upvest
Urgenci,smartrecruiters,Urgenci1
US IT Solutions Inc,smartrecruiters,USITSolutionsInc
US Physical Therapy,smartrecruiters,usphysicaltherapy2
USA Corporate Services Inc,smartrecruiters,USACorporateServicesInc
USAC,smartrecruiters,usac
USM,smartrecruiters,usm2
USPA International,smartrecruiters,USPAInternational
USPA Nationwide Security of Northern Florida,smartrecruiters,USPANationwideSecurityOfNorthernFlorida
USS,smartrecruiters,uss
UT Southwestern,smartrecruiters,UTSouthwestern1
UTAC,smartrecruiters,utac
V4C,smartrecruiters,v4c
Valiantys,smartrecruiters,valiantys
Valley Medical,smartrecruiters,valleymedical
Valor Equity Partners,smartrecruiters,valorequitypartners
Valtech,smartrecruiters,valtech
Vanderbilt University,smartrecruiters,vanderbiltuniversity
Vantage,smartrecruiters,vantage
Vatic Labs,smartrecruiters,vaticlabs
Veeam software,smartrecruiters,veeamsoftware
Veem,smartrecruiters,veem
Veepee,smartrecruiters,veepee
Velir,smartrecruiters,velir
Venerate Digital Media,smartrecruiters,VenerateDigitalMedia
Vention,smartrecruiters,Vention
Ventra Health,smartrecruiters,ventrahealth
Ventrata,smartrecruiters,ventrata
VentureDive,smartrecruiters,venturedive
Veolia Environnement SA,smartrecruiters,VeoliaEnvironnementSA
Verdant,smartrecruiters,verdant1
Verge Genomics,smartrecruiters,vergegenomics
Vericast,smartrecruiters,vericast
Verisign,smartrecruiters,verisign
Versant,smartrecruiters,versant3
Veryday,smartrecruiters,veryday
"Veteran Technology Leaders, LLC",smartrecruiters,VeteranTechnologyLeadersLLC
Vezeeta,smartrecruiters,vezeeta
VHB,smartrecruiters,vhb
Video Lab,smartrecruiters,VideoLab
Village Green,smartrecruiters,VillageGreen1
Village Voice,smartrecruiters,VillageVoice
VIPKID,smartrecruiters,vipkid
Viral Nation,smartrecruiters,viralnation
Virtusa Polaris,smartrecruiters,virtusapolaris
Visa,smartrecruiters,visa
Vista Equity Partners,smartrecruiters,vistaequitypartners
Vista Higher Learning,smartrecruiters,vistahigherlearning
Vista Prairie Communities,smartrecruiters,vistaprairiecommunities
Vita Coco,smartrecruiters,vitacoco
Vita Logistics LLC,smartrecruiters,vitalogisticsllc
Vitas Healthcare,smartrecruiters,vitashealthcare
Vitestro,smartrecruiters,vitestro
Vitol,smartrecruiters,vitol
Vivint,smartrecruiters,vivint
VIVIO Health,smartrecruiters,viviohealth
Vix Technology,smartrecruiters,vixtechnology
Vizrt,smartrecruiters,vizrt
VLC,smartrecruiters,vlc
"VNN Virtual News Network, LLC.",smartrecruiters,VNNVirtualNewsNetworkLLC
Vodafone,smartrecruiters,vodafone
Vode Lighting,smartrecruiters,VodeLighting
Volocopter GmbH,smartrecruiters,volocoptergmbh
Vonage,smartrecruiters,vonage
Vontavius Tech Support,smartrecruiters,VontaviusTechSupport1
Voxelcloud,smartrecruiters,Voxelcloud
vTech Solution,smartrecruiters,VTechSolution1
"Vuori, Inc",smartrecruiters,vuoriinc
VusionGroup SA,smartrecruiters,vusiongroupsa
"VWH Capital Management, LP",smartrecruiters,VWHCapitalManagementLP
Wabash Valley Power Alliance,smartrecruiters,wabashvalleypoweralliance
Wabtec,smartrecruiters,wabtec
Wagepoint,smartrecruiters,wagepoint
Walgreens,smartrecruiters,walgreens7
WalkMe,smartrecruiters,walkme
Wanderlust Adventures,smartrecruiters,wanderlustadventures
WaterAid,smartrecruiters,wateraid
Wavestone,smartrecruiters,wavestone1
Wavicledatasolutions,smartrecruiters,wavicledatasolutions
Wayfair,smartrecruiters,wayfair
Webb Legacy Logistics LLC,smartrecruiters,webblegacylogisticsllc
WebSummit,smartrecruiters,websummit
Weekday,smartrecruiters,weekday1
Wellbeam Consumer Health,smartrecruiters,WellbeamConsumerHealth
"Wellmark, Inc.",smartrecruiters,WellmarkInc
Wellspring,smartrecruiters,wellspring
Welltok,smartrecruiters,welltok
Werfen,smartrecruiters,werfen
WESCO,smartrecruiters,wesco
WeSki,smartrecruiters,weski
Western Digital,smartrecruiters,westerndigital
Western Union,smartrecruiters,WesternUnion2
Westgate Resorts,smartrecruiters,WestgateResorts
Westwing Aviation,smartrecruiters,westwing
Westword,smartrecruiters,Westword
Whatnot,smartrecruiters,whatnot
WIFT LLC,smartrecruiters,wiftllc
WildBrain,smartrecruiters,wildbrain
Williams-Sonoma,smartrecruiters,williamssonoma
Williams-Sonoma,smartrecruiters,williams-sonoma
Wilshire Advisors LLC,smartrecruiters,wilshireadvisorsllc
WilsonHCG,smartrecruiters,wilsonhcg
Window NAtion,smartrecruiters,windownation
Winsupply,smartrecruiters,winsupply1
"Wintermute, LLC",smartrecruiters,JeremySweeneySandbox
Wise,smartrecruiters,Wise
Wiser Solutions,smartrecruiters,wisersolutions
Wishpond,smartrecruiters,wishpond
WM,smartrecruiters,wm
Wns Careers,smartrecruiters,wnscareers
WNS Global Services,smartrecruiters,wnsglobalservices144
WNS Global Services,smartrecruiters,wnsglobalservices
Wolfram Research,smartrecruiters,wolframresearch
Wolt,smartrecruiters,wolt
"Woongjin, Inc",smartrecruiters,wjcompany
WordBank,smartrecruiters,wordbank
Work in Progress,smartrecruiters,workinprogress
Workato,smartrecruiters,workato
Workforce Source,smartrecruiters,workforcesource
Workhint,smartrecruiters,workhint
Working Solutions,smartrecruiters,workingsolutions
Workplace Solutions,smartrecruiters,trustwsi
WorkSimple,smartrecruiters,worksimple
Workstate,smartrecruiters,workstate
Workstreet,smartrecruiters,workstreet
World Animal Protection,smartrecruiters,worldanimalprotection
World bank group,smartrecruiters,worldbankgroup
World Bicycle Relief,smartrecruiters,worldbicyclerelief
"World Wildlife Fund, Inc.",smartrecruiters,worldwildlifefundinc1
Worldwide TechServices,smartrecruiters,worldwidetechservices
Wpromote,smartrecruiters,wpromote
WR,smartrecruiters,wr
Wrangu,smartrecruiters,wrangu
WTW,smartrecruiters,wtw
Wunder Capital,smartrecruiters,wundercapital
Wynn Resorts,smartrecruiters,WynnResorts
XceedSearch.com,smartrecruiters,XceedSearchcom
Xerox,smartrecruiters,xerox
XIO,smartrecruiters,xio
XP Power,smartrecruiters,xppower2
Xplor,smartrecruiters,xplor
XREF,smartrecruiters,xref3
Xtremepush,smartrecruiters,xtremepush
Yappy,smartrecruiters,Yappy
Yokly,smartrecruiters,yokly
"YourCause, LLC",smartrecruiters,yourcausellc
YUM,smartrecruiters,yum
Yup,smartrecruiters,yup1
Zealogics LLC,smartrecruiters,zealogicsllc
Zeeco,smartrecruiters,zeeco
Zekelman Industries,smartrecruiters,zekelmanindustries
Zencore,smartrecruiters,zencore
Zendesk,smartrecruiters,zendesk
Zenlayer,smartrecruiters,zenlayer
Zeotap,smartrecruiters,zeotap
ZeroFOX,smartrecruiters,zerofox
Zeroheight,smartrecruiters,zeroheight
ZeroTier,smartrecruiters,zerotier
Zest Health,smartrecruiters,ZestHealth
Zeta,smartrecruiters,zeta
Zinier Inc,smartrecruiters,zinierinc
Zinkworks,smartrecruiters,zinkworks
ZocDoc,smartrecruiters,zocdoc
Zoic Studios,smartrecruiters,zoicstudios
Zuum,smartrecruiters,zuum
Zycron,smartrecruiters,zycron
ZYCUS,smartrecruiters,zycus1
Évolution,smartrecruiters,volution
&FRIENDS,workable,and-friends
0x,workable,0x
1-StopAsia,workable,1-stopasia
100%,workable,ride100percent
1000heads,workable,1000heads
100mentors,workable,100mentors
100ms,workable,100ms
100x,workable,100x
10Pearls,workable,10pearls
123FormBuilder,workable,123formbuilder
12Go Asia,workable,12go
15Five,workable,15five
1915 South / Ashley,workable,1915-south-ashley
1Kosmos,workable,1kosmos
1Rebel,workable,1rebel
1Stopbedrooms,workable,1stopbedrooms
2-1-1 Big Bend,workable,2-1-1-big-bend
2070Health,workable,2070health
20Four7VA,workable,20four7va
211 Broward,workable,211-broward-1
28Stone,workable,28stone
2Modern,workable,2modern
2U,workable,2u
33 USA Inc.,workable,33usa
360Learning,workable,360learning
37signals,workable,37signals
3AG Systems,workable,3ag-systems
3E,workable,3e
3Eco,workable,3eco
3M,workable,3m
3PillarGlobal,workable,3pillarglobal
3S,workable,3s
3SS,workable,3ss
3terra,workable,3terra
"3Top, Inc.",workable,3top
42matters,workable,42matters
47 Degrees,workable,47-degrees
4OC,workable,4oc
6 Figure Creative,workable,6figurecreative
6sense,workable,6sense
7ELEVEN,workable,7eleven
87seconds,workable,87seconds
8Twelve Mortgage,workable,8twelve
90 Seconds,workable,90seconds
9fin,workable,9fin
?What If!,workable,what-if
[solidcore],workable,solidcore
A Gas,workable,a-gas
a21,workable,a21
A2e Technologies,workable,a2e-technologies-1
A2MAC1,workable,a2mac1
Aaramshop,workable,aaramshop
Aardvark Studios,workable,aardvark-studios
AB Marketing LLC,workable,ab-marketing
Abercrombie & Kent USA,workable,abercrombie-and-kent-1
Abilis Solutions,workable,abilis-solutions
Above Roofing Inc.,workable,above-roofing-inc
Above the Treeline,workable,above-the-treeline
Absolute Disclosure,workable,attorneys
Abylle Solutions Pvt Ltd,workable,abylle-solutions-pvt-ltd
AC Disaster Consulting,workable,acdisaster
Academy Xi,workable,academyxi
Acadia Center,workable,acadia-center
Accel Club,workable,accel-club
Accellor,workable,accellor
"accentedge, LLC",workable,accentedge
Accenture,workable,accenture
Access,workable,access
Access Analytix,workable,access-analytix
Access Services,workable,access-services-3
Access TCA,workable,accesstca
accessbank,workable,accessbank
AccessiWay,workable,accessiway
AccessNow,workable,accessnowapp
accesso,workable,accesso
Accessory Power,workable,accessorypower
accor,workable,accor
Accord,workable,accord
Accord,workable,myaccord
Accountingprose,workable,accountingprose-hiring
ACCUMED,workable,accumed
Accurant International,workable,accurant
Ace IT Careers,workable,ace-it-careers-1
Acelab,workable,acelab
Acentra Health,workable,acentra-health
AchieveIt,workable,achieveit
Acodis,workable,acodis
Acolad,workable,acoladgroup
"Acorn Product Development, Inc.",workable,acorn-product-development
Acoustic,workable,acoustic-3
Across Continents Translations,workable,across-continents-translations
ACT1 Federal,workable,act1federal
Action Day Schools,workable,action-day-schools
Action1,workable,action1
actionable.co,workable,actionable
Actionstep,workable,actionstep
Activ,workable,activ-2
Activate Care,workable,activatecare
Activate Talent,workable,careersactivatetalent
ActivTrades,workable,activtrades
ActivTrak,workable,activtrak
Acumen Technology,workable,acumentechnology
Adamas Building Services,workable,adamasbuildingservices
Adare Pharma Solutions,workable,adarepharmasolutions
Addison Lee,workable,addison-lee-group
AdForge Corporation,workable,adforge-corporation
Adia,workable,adia1
Admios,workable,admios
Adoreal,workable,adoreal
ADROYTS™️,workable,adroytss
AdTheorent,workable,adtheorent-1
Advanced Automation Corporation,workable,aac-usa
"Advanced Behavioral Health, Inc",workable,advanced-behavioral-health-inc
Advancial Federal Credit Union,workable,advancial
AdvantageCare Home Health,workable,advantagecare-home-health
Advantmed,workable,advantmed
Adverity,workable,adverity
Adverto Inc,workable,adverto
AdvisaCare,workable,advisacare-2
Adzuna,workable,adzuna-2
AE Perkins,workable,ae-perkins
AeroCloud Systems,workable,aerocloud-systems
Aerones,workable,aerones
AesthetiDocs,workable,aesthetidocs
Aesthetix CRM,workable,aesthetix-crm
Aethir,workable,aethir
Aethon Energy,workable,aethon-energy
Aetos Systems,workable,aetos-systems-inc
AF | New York,workable,af-new-york
"AG Consulting Partners, Inc.",workable,agcp
AG1,workable,drinkag1
agenda21 Digital,workable,agenda21-digital
Agent Vista,workable,agent-vista
"Aggio, LLC",workable,aggio
Agile Robots,workable,agile-robots
Ahmed Seddiqi & Sons,workable,ahmed-seddiqi-and-sons
AHS,workable,ahsproperties
AI Acquisition,workable,ai-acquisition
AidPlex,workable,aidplex
AIDS Healthcare Foundation,workable,aids-healthcare-foundation-1
AIDT,workable,aidtedu
AION,workable,aion
Air,workable,air
Aira,workable,aira
Airbeem,workable,airbeem
Airrack,workable,airrack
AIRS Medical Inc,workable,airs-medical-inc
Ajax Distributing Company,workable,ajax-distributing-company
AJG,workable,ajg
AK Steel,workable,ak-steel
Akamai,workable,akamai
AKAT,workable,akat
AKT London,workable,aktlondon
Akur8,workable,akur8
AL Solutions,workable,al-solutions-1
Al Warren Oil Company Inc.,workable,al-warren-oil-company-inc
Alabama Solutions,workable,alabama-solutions
Alani Nu,workable,alani-nu
ALAQTAR,workable,alaqtar
Alaska Premier Dental Group,workable,alaska-premier-dental-group
Albi,workable,albi
Albireo Energy,workable,albireo-energy
Alchemy Worx,workable,alchemyworx
Aldea,workable,aldea
ALDEBARAN,workable,aldebaran-urg
Alector,workable,alector
Alene Candles,workable,alene-candles
Alex Staff Agency,workable,alex-staff-agency-careers
Alexander Dennis,workable,alexander-dennis
Alexander's | Automated Print + Fulfillment,workable,alexanders
Alfil Logistics,workable,alfil-logistics
AlGooru,workable,algooru
Ali Bin Ali Holding,workable,abaholding
All About Therapy,workable,all-about-therapy
All Day Kitchens,workable,all-day-kitchens
ALL.SPACE,workable,allspace
AllCleared Solutions Inc.,workable,allcleared
Allegiant Fire Protection,workable,allegiant-fire-protection-llc
Allego,workable,allego-1
Allen + Shariff Corporation,workable,allen-shariff-corporation
ALLEN Digital,workable,allen-digital
Alliance for Clinical Trial in Oncology Foundation,workable,alliance-for-clinical-trial-in-oncology-foundation
"Alliance Marketing Partners, LLC",workable,alliance-marketing-partners-llc
Allied,workable,alliedteam
Allied Machine & Engineering,workable,alliedmachine
Alloy Automation,workable,alloy-automation
Alloy Partners,workable,alloy-partners
Allucent,workable,allucent
Allwyn North America,workable,allwynnorthamerica
Alma Advisory Group,workable,almaadvisorygroup
Almanak,workable,almanak-blockchain-labs-ag
Alohi,workable,alohi
Alooba,workable,alooba
Alpaca VC,workable,alpaca-vc
AlphaHire,workable,alphax
Alphatec Spine,workable,atec-spine
Alpine Home Air Products,workable,alpinehomeair
Alta Ares,workable,alta-ares
ALTEN MÉXICO,workable,alten-mexico-1
Alternative Payments,workable,alternative-payments
Altman Solon,workable,altman-solon
Altom Transport,workable,altom-transport
Altruist,workable,altruist
ALUMIL,workable,alumil
Amagi,workable,amagi
Amare Global,workable,amare-global
Amarillo College,workable,amarillo-college
AMAX,workable,amax-1
Amaze Health,workable,amazehealth
Amazing Athletes,workable,amazing-athletes-2
Amazing Care Home Health Services,workable,amazingcarecareers
Amazing Care Pediatric Outpatient Therapy,workable,amazingcareoutpatient
Amazon,workable,amazon
Ambition,workable,ambition
AMC Ro Studio,workable,amc-studio
AMCID SOLUTIONS,workable,amcid-solutions
AMCON,workable,amcon-industrial
"America's Pharmacy Group, LLC",workable,americas-pharmacy-group
American College of Education,workable,american-college-of-education
American Concrete Products,workable,american-concrete
American Hotel & Lodging Association,workable,american-hoteland-lodging-association
American Institute of Chemical Engineers,workable,american-institute-of-chemical-engineers
Americana,workable,americana-kuwait-food-company
Ametris,workable,ametris
Ametsa Packaging,workable,ametsa-packaging
Aminad Consulting,workable,aminad-consulting
Amplifi Capital,workable,ampcap
Amplifier Health,workable,amplifier-health
Amplio,workable,amplio
"Amprius Technologies, Inc.",workable,amprius
AmpThink,workable,ampthink
AMV,workable,amv
"Anand Systems Engineering Pvt.Ltd.,Mumbai",workable,anand-systems-engineering-pvt-dot-l-td-dot-mumbai
"Anatomage, Inc.",workable,anatomage
ANAX Group,workable,anax-group
AND Digital,workable,and-digital
Anderson Engineering,workable,anderson-engineering
Andromeda Robotics,workable,andromeda-robotics
Anjuna LLC,workable,anjuna-global
ANNA Money,workable,annamoney
Anthro,workable,anthro
Antler,workable,antler
anton,workable,anton
Anvil,workable,anvil
Anvilogic Inc,workable,anvilogic-inc
AnyRoad,workable,anyroad
Anything,workable,anything
Anytime Fitness,workable,anytime-fitness-32
AnytimeFitness,workable,anytimefitness
Anza,workable,anza-xyz
"AOSense, Inc.",workable,aosense
Apex Informatics,workable,apexinformatics
ApexFocusGroup,workable,afg
APM Monaco,workable,apm-monaco
Aporia,workable,aporia
Apothékary,workable,apothekary
Appear Here,workable,appearhere
"AppGate Cybersecurity, Inc.",workable,appgate
Appier,workable,appier
Apple,workable,apple
Apple Restoration and Waterproofing,workable,apple-restoration-and-waterproofing
Apple Roofing,workable,apple-roofing
Appleseed,workable,appleseed
Applicant System,workable,applicantsystem
Applied Carbon,workable,appliedcarbon
Applied Physics,workable,applied-physics-1
AppNation,workable,appnation
Appointy,workable,appointy
Apprentice Now,workable,apprenticenow
aptihealth,workable,aptihealth
Aquaria,workable,aquaria
Arabesque,workable,arabesquegroup
Arabic Computer Systems,workable,acs-sa
"Aravo Solutions, Inc.",workable,aravo
ARBOC,workable,arboc
Arbonics,workable,arbonics
Arch Aerial LLC,workable,arch-aerial-llc
ARCHIMED,workable,archimed
ArchiPro,workable,archipro-3
Archistar,workable,archistar
ArchLynk,workable,archlynk
ArcSite,workable,arcsite
AREA 17,workable,a17
Arena Investors I Quaestor Advisors,workable,arena-investors-lp
AreTheyHappy,workable,aretheyhappy
Aretum,workable,aretum
Arex,workable,arex
Argent,workable,argenthq
Argosy Collegiate Charter School,workable,argosy-collegiate-charter-school
Aristotle,workable,aristotle
Ariva Hospitality,workable,ariva-hospitality
ARK Group,workable,ark-group-dmcc
Arkadium,workable,arkadium-1
Arkham Technologies,workable,arkham-technologies
Arrakis Finance,workable,arrakis-finance
Art Storefronts,workable,artstorefronts
Articulate Marketing,workable,articulate
Arts Alliance Media,workable,arts-alliance-media
ARVO,workable,arvo
Aryng,workable,aryng
Asahi,workable,asahi-1
Ascendis Pharma,workable,ascendis-pharma
Ascension Publishing Group,workable,ascension-publishing-group
Ascera,workable,ascera
ASCO Equipment,workable,asco-equipment
Ashbury,workable,ashbury
Ashnik Pte Ltd,workable,ashnik-pte-ltd
ASI Student Government,workable,asi-student-government
Asia Alternatives Management LLC,workable,asia-alternatives
AsiaEdit,workable,asiaedit
Asite,workable,asite
Aspen Fiber Networks,workable,aspenfibernetworks
Aspen Global Change Institute,workable,aspen-global-change-institute
Aspirion,workable,aspirion-health-resources
Assembly,workable,assemblyglobal
AssemblyAI,workable,assemblyai
"Asset Dedication, LLC",workable,assetdedication
Asseti,workable,asseti
Assetnote,workable,assetnote
Assist Care,workable,assist-care
Assistenza Brokers srl,workable,assistenzabrokers
AssistIQ,workable,assistiq
AssistRx,workable,assist-rx
"Associated Students, Inc.",workable,associated-students-inc
Astor & Sanders,workable,astorandsanders
ASTRALABS,workable,astralabs
Astro Sirens LLC,workable,astro-sirens-llc
ATAK Interactive,workable,atak-interactive
Atarim,workable,atarim
ATEMPO,workable,atempo
Athari,workable,athari
Athena Global Advisors,workable,athena-global-advisors
Athletes Unlimited,workable,auprosports
Athlon,workable,athlon
ATI,workable,ati-inc
Atlantic Health Strategies,workable,atlantic-health-strategies
Atlas Consolidated PTE Ltd,workable,atlas-consolidated
atmio,workable,atmio
Atria Physician Practice New York PC,workable,atria-health
"Attainia, Inc.",workable,attainia-inc
Attendify,workable,attendify
Atticus,workable,atticushq
Atticus,workable,atticustech
Atto Trading,workable,atto-trading
AuctionNow.bid,workable,auctionnow
Audiokinetic,workable,audiokinetic
Augmenta,workable,augmenta
Augmentum Fintech,workable,augmentum
Aureol Global Connections,workable,aureol-global-connections
Auror,workable,auror
AURORA,workable,aurora-3
Aurora San Diego,workable,aurora-san-diego
Aussie Founders Club,workable,aussie-founders-club
Authenticate,workable,authenticate
Authorium,workable,authorium
AutoLeap,workable,autoleap
AutoMarket,workable,automarketco
Automated Machine Learning,workable,automated-machine-learning
Automattic,workable,automattic
Automotive Management Services (AMS),workable,automotivemanagementservices
Autonomo GmbH,workable,autonomo-gmbh
AutoRentals.com,workable,autorentals
AutoVitals,workable,autovitals
Avado,workable,avado
"Avalore, LLC",workable,avalore
Avant Gardner,workable,avant-gardner
Avant Tech,workable,avant-tech-jobs
AvantePH Staffing and Consultancy Inc.,workable,avanteph
AvantStay,workable,avantstay
Averi,workable,averi
Aviary,workable,aviary
Avint,workable,avint
Aviture,workable,aviture
Avocet,workable,avocet
Avolution,workable,avolution
Avomind,workable,avomind
Avōq,workable,teamavoq
Awesome Motive,workable,awesomemotive
Axi,workable,axi
Axiom Software Solutions Limited,workable,axiom-software-solution
AxiomSL,workable,axiomsl
Axle Energy,workable,axle-energy
Axomic Ltd,workable,axomic-ltd
Ayik + Berto Dental Specialists,workable,ayik-berto-dental-specialists
Azumo,workable,azumo
Azure,workable,azure
Babel Film Workshop,workable,bfw
Bachmann Chemical and Engineering,workable,bce
Back to the Roots,workable,backtotheroots
BACKBONE,workable,backbone
Bad Dragon,workable,bad-dragon
Bahwan Cybertek Group,workable,bahwan-cybertek-group
Bakery Agency,workable,bakery-agency
Balderton Capital,workable,baldertoncapital
balena,workable,balena
Ballotpedia,workable,ballotpedia
Bananas Marketing,workable,bananas-marketing
BandLab Technologies,workable,bandlabtechnologies
Bankable,workable,bankable
Banks Valuation,workable,banksvaluation
barre3,workable,barre3
Bartlett Wealth Management,workable,bartlett-and-co-dot-llc
Base58 Capital AG,workable,base58
Basetwo,workable,basetwo
Bask Health,workable,bask-health-1
Battlefy,workable,battlefy
Battlenet Gaming Stations,workable,battlenet
Bay Area Community Resources,workable,bacr
"Bayesian Health, Inc.",workable,bayesian-health-careers
BB&E,workable,bband-e-1
BBC Maestro,workable,bbc-maestro
BCI Brands,workable,bci-brands
BE Power Equipment,workable,be-power-equipment
Beanstalk,workable,beanstalk
Beauty Industry Group GmbH & Co. KG,workable,beauty-industry-group-gmbhand-co-kg
BeCentral,workable,becentral-1
Beckett Collectibles,workable,beckett-collectibles
Bedford Industries,workable,bedford
Beekin,workable,beekin
Behavioral Health Works,workable,behavioral-health-works
Belmont Lavan Ltd,workable,belmont-lavan-ltd
BenevolentAI,workable,benevolentai
Berg Engineering,workable,berg-engineering
Berry Street,workable,berry-street
Best Friend Finance,workable,bff
Best Mobile Limited,workable,bestmobileltd
BestEx Research,workable,bestex-research
BetAdvanced,workable,betadvanced
Betfair,workable,betfair
Better Reports,workable,better-reports
BetterBe,workable,betterbe
BetterHelp,workable,betterhelp
BetterSleep,workable,bettersleep
Bevy,workable,bevy
Beyond,workable,qodea
Beyond Identity,workable,source-code-1
BFAM Partners,workable,bfam-partners
BforeAI,workable,bforeai
BGC Group,workable,bgc-group-1
Big Picture Medical,workable,big-picture-medical
BiggerPockets,workable,biggerpockets
Bigtincan,workable,bigtincan
BillionToOne,workable,billiontoone
Bindplane,workable,bindplane
Bing,workable,bing
Biocytogen,workable,biocytogen
"BioFilm, Inc",workable,biofilm-inc
BIOS Health,workable,bios-3
BIP Ventures,workable,bipventures
Birdie,workable,birdie
Bit by Bit Inc,workable,bit-by-bit-inc
Bitaccess,workable,bitaccess
Bitcoin.com,workable,bitcoindotcom
Bites Media,workable,bites-media
Bitget,workable,bitget
Bitquery,workable,bitquery
Bits,workable,getbits
Bitstamp by Robinhood,workable,bitstamp
Bizee,workable,bizee
BizForce,workable,bizforcenow
BKF,workable,bkfengineers
Black Spectacles,workable,blackspectacles
Black Tree Gaming Limited,workable,blacktreegaming
Blackbird.AI,workable,blackbirdai
Blackbullion,workable,blackbullion
BlackStone eIT,workable,blackstone-eit-2
BLANKSLATE Partners,workable,blankslate-partners
Blevins & Co.,workable,blevins
"Blew & Associates, P.A.",workable,blew
Blink - The Employee App,workable,joinblink
Blink22,workable,blink22-3
Blitzoo Games,workable,blitzoo-games
Block Gemini,workable,block-gemini
Blockchain & Climate Institute/ BCI America Inc.,workable,blockchain-climate-institute
BlockPunk,workable,blockpunk
Bloomfire,workable,bloomfire
Bloomlife,workable,bloomlife
Blu Selection Spain,workable,blu-selection-4
Blue Altair,workable,blue-altair
Blue Nile,workable,blue-nile
Blue Prism,workable,blue-prism
Blue Tiger,workable,blue-tiger
Blueground,workable,blueground
Bluehost,workable,bluehost
Bluelambda,workable,bluelambda
Blueprint,workable,blueprint-health
Blueprint,workable,blueprint-bryanjohnson
Blufox Mobile,workable,blufox-mobile
Blyth Academy,workable,blyth-education
BME Strategies,workable,bme-strategies
Bnberry,workable,bnberry
BNM,workable,bnm
Boca Recovery Center,workable,boca-recovery
Bohemia Interactive Simulations,workable,bohemia-interactive-simulations-inc
BOI,workable,boardofinnovation
Bon Secours Wellness Arena,workable,bswarena
Bonsai,workable,hellobonsai
BookNook,workable,booknook-inc
Booksy,workable,booksy-1
Bookvoice,workable,bookvoice
Boostsecurity.io,workable,boostsecurity-dot-i-o
Bootlegger Clothing Inc,workable,bootlegger-clothing-inc
Born Digital,workable,born-digital
BOSS.Gaming solutions,workable,boss-dot-g-aming-solutions
Botrista,workable,botrista
BountyJobs,workable,bountyjobscareers
"BP3 Global, Inc.",workable,bp3
BPCM,workable,bpcm
BrainHi,workable,brainhi
Brainomix Limited,workable,brainomix-2
Branching Minds,workable,branchingminds
Brannon Steel,workable,brannon-steel
Braven,workable,braven
Brax Realty Group LLC,workable,braxrealty
brc,workable,brc
Breakaway,workable,breakaway
Breakroom,workable,breakroom
"Bremer Whyte Brown & O'Meara, LLP",workable,bremer-whyte-brownand-omeara-llp
Bridge33 Capital,workable,bridge33capital
Bridgeable,workable,bridgeable
BridgeStreet Global Hospitality,workable,bridgestreet-global-hospitality
BridgeU,workable,bridgeu-1
Bright Harbor Healthcare,workable,brightharbor
Brij,workable,brij
Brilliant Corners,workable,brilliant-corners
Bristol Global Mobility,workable,bristol-global-mobility
Brixio,workable,brixio
Broadlume,workable,broadlume
Broadpin,workable,quistor
Broadway Gaming,workable,broadwaygaming
BRX Performance,workable,brxperformance
Build My Great Team,workable,bmgt
Builder.ai - What would you Build?,workable,builderai
BuildingLink,workable,buildinglink
Bully Pulpit International,workable,bully-pulpit-international-1
Bump Health,workable,bump-health
bun,workable,bun
Burke's,workable,burkes
Burnout Brands,workable,burnoutbrands
"Burq, Inc.",workable,burq
Burson EMEA,workable,bcw-emea
Burson North America,workable,bcw
BusPlanner,workable,busplanner
BusRight,workable,busright
ButterflyMX,workable,butterflymx
Buzzbike,workable,buzzbike
Bydrec,workable,bydrec
Byrider,workable,byrider
C the Signs,workable,c-the-signs
C. Hoare & Co.,workable,hoares-bank
Cache Ventures,workable,cache
Cactus,workable,cactus
Caddi,workable,trycaddi
Cadillac Formula 1® Team,workable,cadillacf1team
Cajoo,workable,cajoo
Calabrio,workable,calabrio
Calibrant Energy,workable,calibrant-energy
Caliwater,workable,caliwater
Caliza,workable,caliza
Callbell,workable,callbell
CallMiner,workable,callminer
Callsign,workable,callsign
CALPAK,workable,calpak-1
Calvary Hospital,workable,calvary-hospital
Cambridge Healthcare Research,workable,cambridge-healthcare-research
Cambridge Mobile Telematics,workable,cambridge-mobile-telematics
Cambridge Spark,workable,cambridge-spark
Camen Behavioral Services,workable,camen-behavioral
Camino Partners,workable,camino-partners-1
Canadian Recruitment Group,workable,canadian-recruitment-group
Canalys,workable,canalys
Cancer IQ,workable,canceriq
Cannon Industries,workable,cannon-industries-2
Canopy,workable,canopy-7
Canopy Farm Management,workable,canopyfm
Capgemini,workable,capgemini-insurance
Capital Factory,workable,capital-factory
Capitex,workable,capitex
Capula,workable,capula-investment-management-ltd
Caravan Appliances Pvt Ltd,workable,caravan-appliances-pvt-ltd
Carb Manager,workable,carbmanager
Carbo Culture,workable,carbo-culture
Carbon DMP,workable,carbon-dmp
CarbonPlan,workable,carbonplan
Carbyne,workable,carbyne-1
Care for the Homeless,workable,careforthehomeless
Career Renew,workable,career-renew
Career Shaper,workable,career-shaper
CareerFoundry,workable,careerfoundry
Careerlist,workable,careerlist
Careers at VirtualStaffing.com,workable,virtualstaffing
Careers with WM Partners' Portfolio Companies,workable,wmpcompanies
CareHarmony,workable,care-harmony
CareSend,workable,caresend
Carmoola,workable,carmoola-1
Carr Recruiting,workable,carr-recruiting
Cars24,workable,cars24
Carta Law,workable,avantialaw
Carwow,workable,carwow
CaryHealth,workable,caryhealth
Cascade Engineering Services,workable,cascade-engineering-services-1
Casio Electronics Co. Limited,workable,casiouk
Casting Workbook,workable,casting-workbook-1
CATA,workable,cata
Catalog,workable,catalog
Catalpa International,workable,catalpa
Catalyze,workable,catalyze
Catawiki,workable,catawiki
Catchafire,workable,catchafire
Catenate,workable,catenate
CaterCow,workable,catercow
CATHEXIS,workable,cathexis
CatholicMatch,workable,catholicmatch
Causaly,workable,causaly
Caxton Associates,workable,caxton
CBH Homes,workable,cbh-homes
CBO Group,workable,cbo-group
CBS,workable,cbs-9
"CCRES, Educational & Behavioral Health Services",workable,ccres
CCRi,workable,ccri
CDC Small Business Finance,workable,cdc-small-business-finance
CDR Companies,workable,cdr-companies
CED Systems,workable,cedsys
CEL Consulting,workable,cel-consulting
Celcom Solutions Global Pvt Ltd,workable,celcom-solutions
CellarTracker,workable,cellartracker
Celmatix,workable,celmatix
Celsius,workable,celsius
Cenfri,workable,cenfri
CENSUS S.A.,workable,census-sa
Centage,workable,centage
Centah Inc,workable,centah-inc
Central Moloney,workable,cmicareers
Central New York Feeds,workable,cnyf
"Centric Services, Inc.",workable,centric-services
CG Life,workable,cg-life
"CG Tech Services, Inc",workable,cg-tech-services-inc
CGHero,workable,cghero
CGIAR,workable,cgiar
Chainlabs,workable,chainlabs
"Challenge Unlimited, Inc.",workable,challenge-unlimited-inc-1
Channel Factory,workable,channel-factory
Channeltivity,workable,channeltivity
Chapa,workable,chapa
Chargeflow,workable,chargeflow-1
Charger Logistics Inc,workable,charger-logistics-inc
Charity Search Group,workable,charity-search-group
Charityvest,workable,charityvest
Charlotte Tilbury,workable,charlotte-tilbury
Chase Design Group,workable,chase-design-group
Chatham House,workable,chathamhouse
Chatterboxes,workable,chatterboxes-1
Checkmate,workable,joincheckmate1
Checkmate,workable,itsacheckmate-dot-com
Cheil UK,workable,cheil
Chemin,workable,chemin
Chernoff Newman,workable,chernoff-newman
Chesapeake Contracting Group,workable,chesapeake-contracting-group
Chimera Securities LLC,workable,chimera-securities-llc
Chiron Management Company,workable,chironmanagement
Choice Property Resources,workable,choice
Christopherson Business Travel,workable,cbtravel
Chronocam,workable,chronocam
Chronograph,workable,chronograph
Chuco,workable,chuco
Church of the City New York,workable,church-of-the-city-new-york
Cibo Vita,workable,cibovita
Cielo,workable,cielo
Cimolai Rimond Middle East,workable,cimolai-rimond-middle-east
Cimpress,workable,cimpress
CIMSPA,workable,cimspa
CINC Systems,workable,cinc-systems
Circadia Health,workable,circadia-health
Circit Limited,workable,circit-limited
CircleLink Health,workable,circlelink-health
Circles,workable,circles
Circuit,workable,careers-circuit
Circulee,workable,circulee
CirrusLabs,workable,cirruslabs
CirrusMD,workable,cirrusmd
Citizens State Bank,workable,citizens-state-bank
"CitraPac, Inc.",workable,citrapac
City Cast,workable,city-cast
City Fund,workable,city-fund
City of Altoona,workable,city-of-altoona
City Wide Facility Solutions,workable,citywide
CitySquare,workable,citysquare
Civic Elevator,workable,civic-elevator
Civica,workable,civica-uk-ltd-1
Clarion Events,workable,clarion-events
Claritas Rx,workable,claritasrx
Clarity AI,workable,clarity-ai
Classcraft,workable,classcraft
Classet,workable,classet
ClassWallet,workable,classwallet
Clay,workable,clayglobal
Clear Labs,workable,clear-labs
ClearlyAgile,workable,clearlyagile
Clearpay EU,workable,clearpayeu
Clearstory,workable,clearstory
Clearwaters.IT,workable,clearwaters-dot-i-t
Clerk,workable,clerk-dev
ClickView,workable,clickview
Client Accelerators,workable,client-accelerators
Climate Bonds Initiative,workable,climate-bonds-initiative
Climate Catalyst,workable,climate-catalyst-1
Clinigen,workable,clinigen
Cliniko,workable,cliniko
Clipt,workable,clipt
Close Concerns,workable,closeconcerns
CloudFactory,workable,cloudfactory
CloudHire,workable,cloudhire1
CloudQuery,workable,cloudquery
CloudShare,workable,cloudshare
Clover Food Lab,workable,cloverfoodlab
CMC,workable,cmcportal
CMDC,workable,cmdc
CMiC,workable,cmic
CMSPI,workable,cmspi
Coastal Wave Recruiting,workable,coastal-wave-recruiting
Coastline Equity,workable,coastline-equity
Coconut,workable,coconutva
CoCreativ,workable,cocreativ
Codasip,workable,codasip
Code Metal,workable,code-metal
Codi,workable,codi
Coding Collective,workable,coding-collective
Cogna,workable,cogna
Cognite,workable,cognite
Cognito Education,workable,cognito-education
coherence,workable,coherence
CoinJar,workable,coinjar
CoinList,workable,coinlist
Cold Stone Creamery South Florida,workable,cold-stone-creamery-southflorida
Collinear Group,workable,collinear-group
COLOR,workable,colorcreative
Command Holdings,workable,wwc
Commify,workable,commify
Common App,workable,commonapp
Commonwealth Medical Services,workable,commonwealth-medical-services
"CommunicateHealth, Inc.",workable,communicatehealth-inc
Community,workable,community-2
Community Bank of the Bay,workable,community-bank-of-the-bay
Community Hospital Corporation,workable,community-hospital-corporation
Community Sports Partners,workable,community-sports-partners
CommXP IT Solutions,workable,commxp-it-solution-ltd
Company,workable,company
Compass Analytics,workable,compass-analytics
Compound Growth Marketing,workable,compound-growth-marketing
Comsys CX,workable,comsyscx
Concept3D,workable,concept3d-dot-c-om
Concured Limited,workable,concured-limited
Conduktor Inc,workable,conduktor
Conjointly,workable,conjointly
ConnectOS,workable,cos
ConnectPath,workable,connectpath
ConnectPrep,workable,connectprep
"Connexity | Skimlinks, a Taboola company",workable,connexity
Consigli Construction,workable,consigli-construction-1
Consortia Group,workable,consortiagroup
Constructor,workable,constructor-1
ConsumerAffairs,workable,consumeraffairs-1
Continuity Global Solutions,workable,continuity-global-solutions
Continuum Resource Network,workable,continuum-resource-network
ContinuumCloud,workable,continuumcloud
Control Risks,workable,control-risks-6
Contáctica.,workable,contactica
Converge,workable,converge
Convergent,workable,convergent
Convergent Energy and Power,workable,convergent-careers
Conversate,workable,conversate
ConvertFlow,workable,convertflow
Cookpad Ltd,workable,cookpad
Coolmath Games,workable,coolmath
Coons Franklin Lodge,workable,coons-franklin-lodge
Cooperidge Consulting Firm,workable,cooperidge-consulting-firm
CoPilot Advisor,workable,copilotadvisor
Corcentric,workable,corcentric
Core10,workable,core10
CoreSite,workable,coresite
Coretek Services,workable,coretek-services
Cornspring,workable,cornspring
Corporativo Lumston,workable,corporativolumston
Cortip,workable,cortip
Cosentino North America,workable,cosentino-north-america-1
COSMO,workable,cosmo
Costello Medical,workable,costello-medical
Cotton Clout,workable,cottonclout
Council on Criminal Justice,workable,counciloncj
Council on Foundations,workable,council-on-foundations
coUrbanize,workable,courbanize
Coventry,workable,coventryfirst
Cover Whale Insurance Solutions,workable,cover-whale
CP Engineers,workable,cp-engineers
CP PLUS ASIA SDN BHD,workable,cp-plus-asia-sdn-bhd-1
CPAI Inc,workable,cpai-inc
Craftsman Collision,workable,craftsman-collision
Crayon,workable,crayon
Crayon Data,workable,crayon-data
Crazy Maple Studio,workable,crazymaplestudio
CreateMe Technologies,workable,createme-technologies
Credence,workable,credence
"Cresilon, Inc.",workable,cresilon
CrewAI,workable,crewai
CRICO,workable,crico
Crisalix,workable,crisalix
Critical Control,workable,critical-control
CropX,workable,cropx
Crossfuze,workable,crossfuze
Crowd Favorite,workable,crowd-favorite
crowdspring,workable,crowdspring
Crumdale Specialty,workable,crumdale-specialty
Crystal,workable,crystalknows
Crystal Creek Hospitality,workable,crystal-creek-hospitality
Crystalia Glass,workable,crystalia-glass
CTO.ai,workable,ctoai
CTW,workable,ctw
Cube RM,workable,cuberm
Cuberg,workable,cuberg
Cubitts,workable,cubitts-2
CUR8,workable,cur8earth
Cura Health,workable,cura-health
Curated Greece,workable,curated-greece
CurbWaste,workable,curbwaste
Curology,workable,curology
Current Health,workable,currenthealth
Curvo,workable,curvo
CVC Credit Partners,workable,cvc-credit-partners
CVector - Industrial AI,workable,cvector
CWSI,workable,cwsi
CybelAngel,workable,cybelangel
CyberSmart,workable,cybersmart
Cydcor,workable,cydcor
Cygnus Payment Solutions,workable,cygnus-pay-careers
CYM Living LLC,workable,cym-living
Cynch AI,workable,cynch-ai
Cyperts Digital Solution Pvt Ltd,workable,cyperts-digital-solution-pvt-ltd
Cyrex,workable,cyrex
D-ploy,workable,d-ploy
D2B Groups,workable,d2b-groups
DaCodes,workable,dacodes-mx
dahmakan,workable,join-dahmakan
DailyStaffWorks UAE,workable,dailystaffworks-uae
Daito Design,workable,daito-design
dameproducts,workable,dame1
"Dane Street, LLC",workable,dane-street-llc
Dangote Group,workable,dangote
Daniels Solutions,workable,daniels-solutions
DAOU Family Estates,workable,daou-family-estates
Darkhive,workable,darkhive
Darwinbox,workable,dbox
DASH Water,workable,dash-water
Data Vista Inc,workable,data-vista-inc
DataClover,workable,data-clover
Datafied,workable,datafied-1
DataFinch Technologies,workable,datafinch-technologies
Datamaran,workable,datamaran
"Datamark, Inc.",workable,datamark-inc
Datapane,workable,datapane
Datatonic,workable,datatonic
DataVisor,workable,datavisor-jobs
datma,workable,datma
David Protein,workable,david-protein
DAYBREAKER,workable,daybreaker
Dayshape,workable,dayshape
DC Advisory,workable,dcadvisory
DC Enterprises (iLABS Inc. and Affiliated Companies:),workable,dc-enterprises-career
DCSA,workable,dcsa
dcv,workable,dcv
Decentralized Masters,workable,decentralized-masters
Decision Foundry,workable,decision-foundry
Decisions,workable,decisions
Deep Knowledge Group,workable,deep-knowledge-group-1
Deep Science Ventures,workable,deep-science-ventures
Deeproute.ai,workable,deeproute-dot-a-i
deepset,workable,deepset
Dehaat,workable,agrevolution
Dekeo Services North America Inc,workable,dekeo-services-north-america-inc
"Delaney Computer Services, Inc.",workable,dcsny
Delaware Nation Industries,workable,dnigov
Deliver Now Logistics,workable,deliver-now-logistics
Delivery Mates,workable,dmates
Delta Hotels by Marriott Toronto Airport & Conference Centre,workable,delta-toronto-airport
Deluxe Holiday Homes,workable,deluxe-holiday-homes
DemandTec,workable,demandtec
Dendra Systems Limited,workable,dendra-systems
Dentons,workable,dentons-europe
"Dephy, Inc.",workable,dephy
DeRisk Technologies,workable,derisk
Design Shopp,workable,design-shopp
Deskpro,workable,deskpro
Desmone Architects,workable,desmone-architects
Development Data Lab,workable,development-data-lab
Devoted Studios,workable,devoted-studios-1
Dextra,workable,dextra
DFDL,workable,dfdl
DGR Systems LLC,workable,dgrsystems
Diagnostic Robotics,workable,diagnostic-robotics
Dialectica,workable,dialectica-global
Dialexa,workable,dialexa
Diet ID,workable,diet-id
DigiOutsource,workable,digioutsource-1
digiRocks,workable,digirocks
Digital Aid,workable,digital-aid
Digital Control Inc.,workable,digital-control
Digital Frontier,workable,digital-frontier
Digital Shadows,workable,digital-shadows
Digital Yalo,workable,digital-yalo
DigitalGenius,workable,digitalgenius
digitalundivided,workable,digitalundivided
dim,workable,dim
Ding,workable,ding
Direct Biologics,workable,direct-biologics
Dirty Martini Marketing,workable,dirty-martini-marketing
DISA Technologies,workable,disa-technologies
DISCO,workable,disco
Discogs,workable,discogs-1
Discovery Education,workable,discoveryed
Dishpatch,workable,thedishpatch
Dispel,workable,dispel
Dispense,workable,dispense
Displayr,workable,displayr
Distalmotion SA,workable,distalmotion
DISYS,workable,disys
Diverse Computing,workable,diversecomputing
Divvy,workable,divvy
dltHub,workable,dlthub
DMV IT Service,workable,dmvitservice
DocMatter Inc.,workable,docmatter-inc-2
DocPlanner,workable,docplanner
Doctify,workable,doctify-1
Doehler North America,workable,doehler-north-america
Doist,workable,doist
Doji Ltd,workable,doji
DomainTools,workable,domain-tools
Domyn,workable,domyn
DonationXchange,workable,donationxchange
Donesafe,workable,donesafe
Dossier,workable,dossier
Double Stallion Games,workable,dblstallion
DoubleIP S.A.,workable,doubleip-sa
Downtown Houston +,workable,central-houston-inc
DPG,workable,dpg
Dreamdata,workable,dreamdata
DrivenData,workable,drivendata
Droids On Roids,workable,droids-on-roids-1
DroneUp,workable,droneup
Drops,workable,drops
Drug Hunter,workable,drug-hunter
Druid Hills Golf Club,workable,dhgc-careers
DRVN,workable,drvn
Dry Farm Wines,workable,dry-farm-wines-1
DSI Systems,workable,dsi-systems
DSI-Global,workable,dsi-global
Dubber,workable,dubber
Duke Corporate Education,workable,duke-corporate-education
"Dunlop Manufacturing, Inc.",workable,dunlop
Durma North America,workable,durma-north-america
dYdX Operations Trust,workable,dydx-operations-trust
Dynamic Solution Innovators,workable,dsinnovators
E8 Engineering,workable,e8-engineering
Eagle Eye,workable,eagle-eye-2
Eagle Sales Corp,workable,eagle-sales-corp
Eagle Seven,workable,eagle-seven
EarthCam,workable,earthcam
Earthlinktele,workable,earthlinktele
Ease Solutions,workable,ease-solutions-pte-ltd
East Bank Club,workable,east-bank-club
Easy Auto & Sunrise Acceptance,workable,easyauto
ECAD Labs Inc.,workable,ecadlabs
Echo Base,workable,echobase-global
Echo360 Inc,workable,echo360-inc
Echoing Green,workable,echoing-green
ecoligo,workable,ecoligo
Ecomnova,workable,ecomnova
"Econ One Research, Inc.",workable,econ-one-research
ECP,workable,ecp-123
Eden GeoPower Inc,workable,eden-geopower
Eden Holdings Philippines Inc.,workable,ed3nventures
Edgility Search,workable,edgility-search
edison365,workable,edison365
Editas Medicine,workable,editas
Edpuzzle,workable,edpuzzle
Education First Consulting,workable,education-first-consulting
Education Outside,workable,educationoutside
Education Reform Now Advocacy,workable,erna
efood,workable,e-food
eFounders,workable,efounders
Egon Zehnder,workable,ezrecruiting
ei3 Corporation,workable,ei3-corporation
eight&four,workable,eight-and-four
Einsite,workable,einsite
Ekanite Consulting,workable,ekanite-consulting
ekar,workable,ekar
ElectraMeccanica,workable,electrameccanica
Electric Coin Company,workable,electric-coin-company
Eleos Health,workable,eleos-health
Elephant and Castle,workable,elephant-and-castle-1
Elephant Healthcare,workable,elephanthealthcare
Elevate Semiconductor,workable,elevate-semiconductor
Elevation Pictures Corp.,workable,elevation-pictures-corp
Elevatus,workable,elevatus-2
Elior North America,workable,elior-north-america
Elior-NA,workable,elior-na
Elite Interpreters Asia (HK) Pte Ltd,workable,elite-interpreters-asia-hk-pte-ltd
Ellinopoula Ltd,workable,ellinopoula-ltd
Ellipsis Marketing LTD,workable,getellipsis
Elms Interior Design,workable,elms-interior-design
Elmwood Brand Consultancy,workable,elmwood
Elo,workable,elo-health
Elsewedy Electric PSP,workable,elsewedy-electric-psp
Eluvio,workable,eluvio
Elve Inc,workable,elvespeed
Elvie,workable,elvie
Emanuelson-Podas,workable,emanuelson-podas
Ember Digital Limited,workable,emberdigital
Emora Health,workable,emora-health
Empatica,workable,empatica
Emplify,workable,emplify
Employ,workable,employit
"Employee Owned Holdings, Inc.",workable,employee-owned-holdings-inc
Employmate,workable,emapply
Employment Hero,workable,employment-hero
Emprise Bank,workable,emprise-bank
eMushrif,workable,emushrif
"EMW, Inc.",workable,emw
Enable Data Incorporated,workable,enable-data
Encoded Therapeutics,workable,encoded
Endear,workable,endear
Endomag,workable,endomag
Energy Aspects Ltd,workable,energyaspects
Energy Impact Partners,workable,energyimpactpartners
Energy Transportation Group,workable,shipenergy
Energy Trust of Oregon,workable,energy-trust-of-oregon
EnerMech,workable,enermech
Enfinity Global,workable,enfinity-global-2
"ENFOS, Inc.",workable,enfos-inc
EngageTech,workable,engagetechuk
EngFlow Inc.,workable,engflow
enosix,workable,enosix-1
EnrollHere,workable,enrollhere
EnsoData,workable,ensodata
Enter,workable,getenter
Enterfusion,workable,enterfusion
Enterprise Electrical,workable,enterprise-electrical
Enterprise Horizon Consulting Group,workable,enterprise-horizon-consulting-group
Envalior,workable,envalior
Environment Bank,workable,environment-bank
Envisso,workable,envisso
EO San Francisco (EOSF),workable,eosf
EPS Consultants,workable,epsconsultants
Equiem,workable,getequiem
Equipment Experts Inc.,workable,equipment-experts-inc
ERP,workable,erp
eSalon,workable,esalon
Esanjo,workable,esanjo
Escape Velocity Entertainment Inc,workable,escape-velocity-entertainment-inc
"ESET Middle East, Greece & Cyprus",workable,eset
eSkill,workable,eskill-1
ESL FACEIT Group,workable,efg
eSoftware Associates Inc,workable,esoftware-associates-inc
Espresso Services Inc / Intermix Beverage,workable,espresso-services-inc
Essel,workable,esselenvironmental
Estendio,workable,estendio
ESV Accounting and Business Advisors,workable,esv-accounting
ESV Digital,workable,esv-digital
ETL SYSTEMS,workable,etl-systems
Etraveli Group,workable,e-travel-sa-1
Eupry,workable,eupry-aps
Euromonitor,workable,euromonitor
"Euronet Worldwide, Inc.",workable,euronet
Europe Careers,workable,europe-careers
European Policy Centre,workable,europeanpolicycentre
European Wax Center,workable,europeanwaxcenter
Evaluate Group,workable,evaluate-ltd
Eventology Marketing,workable,eventologymarketing
Everest Ventures Group,workable,everest-ventures-group
EverService,workable,everservice
Everyday Dose Inc.,workable,everyday-dose-inc
Everything To Gain,workable,everythingtogain
Evidence Action,workable,evidence-action
eVisit,workable,evisit
Evolv Technologies Inc.,workable,evolv-technology
Evolve Group,workable,evolvegrp
"EVOTEK, Inc.",workable,evotek-1
EVRYTHNG,workable,evrythng
Excellence Community Schools,workable,excellence-community-schools
Excellence Health Inc.,workable,excellence-health-inc
Excess Baggage,workable,excess-baggage
Expatriate Management Services Ltd,workable,expatriate-management-services-ltd
Experience Senior Living,workable,experience-sl-co
Experience.com,workable,experience-com
Ezypay,workable,ezypay
Fable Data,workable,fable-data
Facebook,workable,facebook
Facet,workable,facetwealth
Facilities Management Express,workable,fmx
Fairstead,workable,fairstead
Falcomm,workable,falcomm
Fancy,workable,fancy
Faria Education Group,workable,faria
Farm.One,workable,farm-one
Farmacy Beauty,workable,farmacy
Farmers Insurance - Richard Rappa District Office,workable,farmers-insurance-rappa-district
FARMVEDA,workable,farmveda
Faro Health Inc.,workable,farohealth
Fastbreak AI,workable,fastbreak-ai
Fastmail,workable,fastmail-1
Fastory,workable,fastory
"Fauna, Inc",workable,fauna
Favorite Medium,workable,favorite-medium
Fawkes IDM,workable,fawkes-idm
FCC Environmental Services,workable,fcc-environmental-services
Feeld,workable,feeldco
Felicity's link INC.,workable,felicitys-link-inc-1
Felsburg Holt & Ullevig,workable,felsburg-holt-and-ullevig
Fenergo,workable,fenergocareers
Fergus,workable,fergus
Ferryhopper,workable,ferryhopper
Festicket,workable,festicket
Fetchr,workable,fetchr
FFCFC,workable,ffcfc
Ffern,workable,ffern-2
FFP,workable,florida-food
Field Day,workable,field-day
Fieldcrest Ventures,workable,fieldcrest-ventures
FieldWrk,workable,fieldwrk
FillaRole,workable,fillarole
FILRO Global Hiring,workable,filro-global-hiring
Filtered,workable,filtered
Filtered Technologies Limited,workable,filtered-technologies-limited
Finexio,workable,finexio
Finisterre,workable,finisterre
Finite State,workable,finitestate
Finnovista,workable,finnovista
FinTech Insights,workable,scientia
Fireflies.ai,workable,fireflies
Firefly Health,workable,firefly-health
Firefly Tech Oy,workable,firefly-tech-oy
Firnal,workable,firnal
First Analysis,workable,first-analysis
First Choice Finance Consultants,workable,firstchoicefinanceconsultants
First Help Financial,workable,firsthelpfinancial
First Intuition,workable,first-intuition
First Law International sprl,workable,first-law-international-sprl
First Recruiting,workable,first
First San Francisco Partners,workable,first-san-francisco-partners
First Southern National Bank,workable,fsnb
Firstleaf,workable,firstleaf
Fiscal.ai,workable,fiscal-ai
Fishbrain AB,workable,fishbrain-ab
Fitness On Demand,workable,fitness-on-demand-1
Fitness Premier,workable,fitness-premier
FITURE,workable,fiture-holding-llc
FIVE19 Creative,workable,five19-creative
FixMyCar,workable,whocanfixmycar
Fixpoint,workable,fixpoint
Flagship Food Group,workable,flagship-premium-food-group
Flapen,workable,flapen
Flare,workable,flare-talent
Flats LLC,workable,flats-llc
Flawless Photonics,workable,flawlessphotonics
Flex College Prep,workable,flex-college-prep
Flexcompute Inc.,workable,flexcompute
Flexion Robotics,workable,flexion-robotics
Flight Group,workable,flight-group
Float.com,workable,floatjobs
FloatMe,workable,floatme
Floom,workable,floom
Florence,workable,florence-4
Florida Design Works,workable,florida-design-works
Florida Realtors,workable,florida-realtors
Florida Window & Door,workable,floridawindowanddoor
Flosum,workable,flosum
Flourish Research,workable,flourishresearch
FLOWERBX,workable,flowerbx
FlowX.AI,workable,flowxai
FLS Transportation Services,workable,fls-transportation
"Fluent, LLC",workable,fluent
FluidStack,workable,fluidstack
Flyability,workable,flyability
FlyOver Canada,workable,flyover-canada
Focus Lab,workable,focuslab
Foley,workable,foley-carrier-services-llc
Fonpit AG,workable,fonpit-ag
"Food Plant Engineering, LLC",workable,food-plant-engineering
Food Revolution Network,workable,foodrevolutionnetwork
Food Truck Promotions,workable,food-truck-promotions
FOODGEARS SINGAPORE PTE LTD,workable,foodgears-singapore-pte-ltd
Foodgie,workable,foodgie
Footasylum,workable,footasylum
Forager,workable,forager
Forbes Media,workable,forbes-media
ForceMetrics,workable,forcemetrics
FormAssembly Inc.,workable,formassembly
Formula5,workable,formula5
Forseven,workable,forseven
Fortanix,workable,fortanix
forwardpmx,workable,forwardpmx
Fotografiska- Premier,workable,fotografiska
Found&Chosen,workable,foundand-chosen
Found.ation,workable,thefoundation
Founders Intelligence,workable,founders-intelligence
Four Sigmatic,workable,four-sigmatic
FourthRev,workable,fourthrevcareers
Foxbox Digital,workable,foxbox-digital
Fractl,workable,fractl-1
Fran's ExploreMore Travel,workable,exploremore-with-fran
Francis Lofts & Bunks,workable,adultbunkbeds
Fred Astaire Dance Studios,workable,fred-astaire-dance-studios-3
Freebird,workable,freebird
FreightTAS LLC,workable,freight-t-a-s-llc
Fresh.Land,workable,freshland
FRESKO,workable,fresko
Fresno Regional Workforce Development Board,workable,frwdb
Frida,workable,fridababy
Friends of the High Line,workable,thehighline
"From Day One, Inc.",workable,fromdayone
Front Row,workable,front-row-group
"Frontline, LLC - Managed IT Services and IT Support",workable,frontlineinc
Fruitz,workable,fruitz
Fruugo.com Ltd,workable,fruugo
FSAA,workable,fsaa
Fuel Ventures,workable,fv-careers
Fujifilm Healthcare Europe,workable,fujifilm-healthcare-europe
Fuku,workable,fuku
Fulfillment IQ,workable,fiq
Fullmind,workable,fullmind
Fullstack Academy,workable,fullstackacademy
FullStack Labs,workable,fullstack-labs
Fun Town RV,workable,fun-town-rv
"Functional Nutriments, LLC",workable,functional-nutriments
Fundify,workable,fundify
Funding Options,workable,fundingoptions
Fundment,workable,fundment
Funnel Leasing,workable,funnel-leasing
FunnelFuel,workable,funnelfuel
FunPlus,workable,fun-plus
Fuse Energy,workable,fuseenergy
Fuse Finance,workable,fuse-finance
Fusion Professionals,workable,fusionprofessionals
Fusion Professionals Pty Limited,workable,fusion-professionals-pty-limited
FusionHit,workable,fusionhitjobs
Future Advocacy,workable,future-advocacy
Future Farm,workable,future-farm
Future Publishing,workable,futureplc
Future Today Strategy Group,workable,ftsg
FutureLearn Ltd,workable,futurelearn-ltd
Futuresay,workable,futuresay
FutureSight,workable,futuresight
Futurex,workable,futurex-1
Fy!,workable,fy
G MASS,workable,g-mass
G-20 Group,workable,g-20-advisors-ag
Gable,workable,gable
Gadge USA,workable,gadge-usa
GaggleAMP Inc.,workable,gaggleamp
"Galois, Inc.",workable,galois
gamigo group,workable,gamigo
Ganymede,workable,ganymede
GBG,workable,gbg
GCI Health,workable,gci-health
GearUp2Success,workable,gearup2success-1
Geissele Automatics Inc.,workable,geissele-automatics-inc
Gelato,workable,gelato-cloud
GEM Technologies,workable,gemtechnologies
Gemini Personnel Pte Ltd,workable,gemini-personnel-pte-ltd
Generation Esports,workable,gene
Generation UK & Ireland,workable,generation-uk
Generation West Virginia,workable,generationwv
Genesis Orthopedics & Sports Medicine,workable,genesisortho
Genesis Recruiting,workable,genesis-recruiting
Genetec,workable,genetec-inc
Genius Agency AI,workable,genusagencyai
Genius™,workable,joingenius
GenLayer Labs Corp.,workable,genlayer-labs
Genvax Technologies,workable,genvax-technologies
Genz-Ryan,workable,genz-ryan
Geomagical Labs,workable,geomagical-labs
Geoprobe Systems®,workable,geoprobe
George Lucas Educational Foundation,workable,glef
Georgia Dept. of Corrections,workable,georgia-dept-of-corrections
Georgia Network to End Sexual Assault,workable,georgia-network-to-end-sexual-assault
Gerard Search,workable,gerardsearch
Getir,workable,getir
GFT,workable,gft
GigaBrands,workable,gigabrands
Gigs,workable,gigs
Ginetta,workable,ginetta
Girls Who Invest,workable,girls-who-invest
GitHub,workable,github
Gizmo,workable,gizmo
Glass,workable,glass-research
Glass Lewis Europe Limited,workable,glass-lewis-europe-limited
Gleamin Inc.,workable,gleamin
Global App Testing,workable,global-app-testing
Global Dimensions,workable,globaldllc
"Global Engineering & Technology, Inc. (GET)",workable,get-career-site
"Global Engineering & Technology, Inc. (GET)",workable,global-engineering-and-technology
Global Healing,workable,globalhealing
Global Schools Forum,workable,global-schools-forum
Global Secure 3,workable,global-secure-3
Global Strategic Business Process Solutions Inc.,workable,global-strategic
Globalscape,workable,globalscape
GlobalVision,workable,globalvision-careers
Gobee Group,workable,gobee-group
goFLUENT,workable,gofluent-1
GoFull Inc.,workable,gofull-inc
gogaga holidays pvt ltd,workable,gogaga-holidays-pvt-ltd
GoGlobal,workable,goglobal
Goin,workable,goin
Golden Gate Regional Center,workable,ggrc
GoldenLine,workable,goldenline-1
GoLeasy,workable,goleasy
GolfSuites,workable,golfsuites
GOLFTEC,workable,golftec1
Goliath,workable,goliathgroup
Golin,workable,golin
GoMining,workable,gomining
Goo,workable,goo
Goody,workable,goody
GoOpti B.V.,workable,goopti
Goosechase,workable,goosechase
Gorillas,workable,gorillas
Gotham Enterprises Ltd,workable,gotham-enterprises
Gotu Healthcare,workable,gotu-healthcare
Gould & Ratner LLP,workable,gouldand-ratner
GOVX,workable,govx
Gramian Consulting Group,workable,gramian
"Grand Lodge, Masonic Homes & Acacia Creek",workable,masonic-homes-of-ca
GrandBrands (Grand Furniture & Ashley Furniture Southeastern VA),workable,allgrandbrands
Granite State Manufacturing,workable,granite-state-manufacturing
Grapevine MSP Technology Services,workable,grapevine-msp-technology-services
Graph.one,workable,graph-one
Grassroots Carbon,workable,grassrootscarbon
Gravity Payments,workable,gravity-payments-1
Grayce,workable,grayce
Graza,workable,graza
Great Northern Way Campus Ltd,workable,great-northern-way-campus
Greater Europe Mission,workable,greater-europe-mission
Greater Toronto Music School,workable,greater-toronto-music-school
GREEN GENIUS,workable,green-genius
Green Man Gaming,workable,green-man-gaming
Green.Earth,workable,greenearth
Greenbacker Capital,workable,greenbacker-capital
"Greenberg-Larraby, Inc. (GLI)",workable,greenberg-larraby-inc-gli
Greene County Public Library,workable,greenelibrary
Greenfly,workable,work-at-greenfly
Greenlife Healthcare Staffing,workable,greenlife-healthcare-staffing-1
Greenscreens.ai,workable,greenscreens-dot-a-i
Gresham Technologies PLC,workable,gresham
Greycoat Placements Limited,workable,greycoatlumleys
"Griffin & Strong, PC",workable,griffinand-strong-pc
Grio,workable,grio
GRIP Personal Training,workable,grip-personal-training
Gritter Francona,workable,gritter-francona
Groundfloor,workable,groundfloor
GroundTruth,workable,groundtruth
Growth Hub Consultants,workable,growth-hub-consultants
Growthcurve,workable,growthcurve-ltd
GrowthWheel International Inc.,workable,growthwheel
GrowthX Labs,workable,growthx
Growwr,workable,growwr
Grupago,workable,grupago
Grupo Medico Georgia,workable,grupo-medico-georgia
Grupo QuintoAndar,workable,quintoandar
Guestwise,workable,guestwise
Gunnebo Entrance Control,workable,gunnebo-entrance-control
Gyroscope Therapeutics,workable,gyroscope-therapeutics
H&H,workable,hardestyand-hanover
H2 Health,workable,h2-health
Habitat Learn Inc,workable,habitat-learn-inc
Hack The Box,workable,hack-the-box-ltd
hackajob,workable,hackajob
Hadley Designs,workable,hadley-designs
Haiqu Inc.,workable,haiqu-inc
Hakluyt,workable,hakluyt
Halcyon London International School,workable,halcyon-2
Hallson Hospitality,workable,hallson-hospitality
"Halo Industries, Inc.",workable,halo-industries
"Halstead Management Company, LLC",workable,halstead-management-company-llc
Hamiltonian Dynamics,workable,hamiltonian-dynamics
Hampton Healthcare,workable,hamptonhealthcare
"Handle, Inc.",workable,handle-inc
HanmiGlobal Saudi,workable,hanmiglobal-saudi
Hanna Interpreting Services LLC,workable,hanna-interpreting-services-llc
Happy Day Brands,workable,happyday
Happy Hour Games,workable,happy-hour-games
HappyFunCorp,workable,happyfuncorp-1
Harbr,workable,harbrdata
Harlem Children's Zone,workable,harlem-childrens-zone
Harmonic Fund Services,workable,harmonic-fund-services
Harmonic Security,workable,harmonic-security
Harvest,workable,harvest
Haus,workable,haus
Hawk-Eye Innovations,workable,hawk-eye-innovations
Hayfin Capital Management,workable,hayfin-capital-management
"Headworks, Inc.",workable,headworks-inc
HealingUS Centers,workable,healingus-centers
Health Care Informed,workable,health-care-informed
Health Link Talent,workable,health-link-talent
Healthcare Central London,workable,healthcare-central-london
Healthcare Management Administrators,workable,healthcare-management-administrators
HealthCorps,workable,healthcorpsorg
"HealthLink Dimensions, LLC",workable,healthlink-dimensions-llc
HealthOp Solutions,workable,healthop-solutions
HealthSnap,workable,healthsnap
Hearth Support Services,workable,hearth-support-services
HeartyyFresh,workable,heartyyfresh
HeavenHR,workable,heavenhr
HedgeServ,workable,hedgeserv-1
Hefring Engineering,workable,hefring-engineering
Helic Consultancy,workable,helic-consultancy
Helical,workable,helical
Hellas Gold S.A.,workable,eldoradogold
Hello Alice,workable,hello-alice
Hello Rache,workable,hello-rache
Hello Sunshine,workable,hello-sunshine
Help Scout,workable,help-scout
Helper Heroes,workable,helperheroes
HelpFlow,workable,helpflow
hemana,workable,hemana
Hemisphere Design Works,workable,hemispheredesignworks
HERA London,workable,hera-london
Heraklion International Airport,workable,heraklion-international-airport
hermeneutic Investments,workable,hermeneutic
Hertility Health,workable,hertilityhealth
Heska Corporation,workable,heska-corporation
Hex Trust,workable,hextrust
HGC Global Communications Limited,workable,hgc
Hi-Altitude Brands,workable,hialtitudebrands
HICX,workable,hicx-solutions
Hidden Valley Orchards,workable,hiddenvalleyorchards
High End Hiring,workable,high-end-hiring-3
High Rise Capital,workable,high-rise-capital
High Time Foods,workable,high-time-foods
Higher Learning Commission,workable,higher-learning-commission
Hike,workable,hike
Hilbert Investment Solutions,workable,hilbert-investment-solutions
Hilo By Aktiia,workable,hilobyaktiia
Hind Management,workable,hindmanagement
"Hint, Inc.",workable,hint
Hippo Digital,workable,hippo-digital
HipVan Pte Ltd,workable,hipvan-pte-ltd
Hireframe,workable,hireframe
"Hireio, Inc.",workable,hireio-inc
Hiring Street,workable,hiring-street-1
HIROTEC AMERICA,workable,hirotec-america
Hirsch,workable,hirsch
Hitch,workable,hitch-careers
Hive Healthcare,workable,hive-healthcare
Hmlet,workable,hmlet
HMTX Industries,workable,hmtx-industries
HOG TECHNOLOGIES,workable,hog-technologies
HOKALI,workable,hokali
Home Care Providers of Texas,workable,home-care-providers-of-texas-1
Home365,workable,home365
HomeBuddy,workable,homebuddy
Homeprotect,workable,homeprotect
Honda Indy Toronto,workable,honda-indy-toronto
Honest Networks,workable,honest-networks
HOOKBANG,workable,hookbang
Hop Labs,workable,hoplabs
Horizon Brands,workable,horizon-brands-group
Horizontal Digital,workable,horizontal-digital
Hosco,workable,hosco
Hospitable,workable,hospitable
"Hourly, Inc.",workable,hourly
"HousingPlus, Inc.",workable,housingplus-inc
Houst,workable,houst
Houston Behavioral Healthcare Hospital,workable,houston-behavioral-healthcare-hospital
Houston Properties Team,workable,houston-properties-team
HowNow,workable,hownow
Howso,workable,howso
HR Force International,workable,hr-force
HR Studio,workable,hr-studio
"HRINC(Cambodia)Co.,Ltd.",workable,hrinc-cambodia-co-dot-ltd
HSI,workable,hsi-1
HSO,workable,hso
Huawei Technologies,workable,huawei-16
Huawei Telekomünikasyon Dış Ticaret Ltd,workable,huawei-telekomunikasyon-dis-ticaret-ltd
"Hubb, Inc.",workable,hubb-inc
Hubble,workable,hubble
Hubtype,workable,hubtype
Huckberry,workable,huckberry
Huckletree,workable,huckletree
Huda Beauty,workable,hudabeauty
Hudson Data,workable,hudson-data
Hugging Face,workable,hugging-face
Hugging Face,workable,huggingface
Huk Gear,workable,marolina
"Human Made, makers of Altis DXP",workable,humanmade
Humara,workable,humara-2
Humi,workable,humi
Hummingbird Technologies Ltd,workable,hummingbird-technologies-ltd
Huntsville Memorial Hospital,workable,huntsville-memorial-hospital
Hutong School,workable,hutong-school-5
Huzzle,workable,huzzle
HXP,workable,humanitarianxp
Hybrid Holdings (PTY) LTD,workable,hybrid-holdings-pty-ltd
Hydrosat,workable,hydrosat
HyperLight,workable,hyperlight
Hyperon,workable,hyperon
HyperVerge,workable,hyperverge
hyu,workable,hyu
I.Rice & Company,workable,irice-and-company
IAPWE,workable,iapwe
IAS - the International AIDS Society,workable,iasociety
IAV Automotive Engineering Inc,workable,iav-automotive-engineering
IB3 Global Solutions,workable,ib3-global-solutions
ICARDA,workable,icarda
ICAST,workable,icast
ICBD,workable,icbd-holdings
ICEYE,workable,iceye
Icona Resorts,workable,icona-resorts
Idea Entity,workable,idea-entity
ideali,workable,ideali
IDEAtors Apprenticeship Program,workable,ideatorsrecruiting
IDEX,workable,idex
IDS Engineering Group,workable,ids-engineering-group
ieso,workable,ieso
iGATE Technology,workable,igate-technologies
iGenius,workable,igenius
Igloo,workable,iglooinsure
Ignite IT,workable,ignite-33
Ileg,workable,ileg
Iliad Partners,workable,iliad-partners
Illuma Technology,workable,illuma-technology
illuminating asia sg pte ltd,workable,illuminating-asia-sg-pte-ltd
ILO,workable,ilo
Imandra Inc.,workable,imandra
iMarketGlobal Inc,workable,imarketglobal-inc
iMarketing,workable,imarketing
IMImobile Pvt Ltd,workable,imimobile-pvt-ltd
immidi,workable,immidi
Immigrant Invest,workable,immigrant-invest-2
Impact Clients,workable,impact-clients
Impact Media,workable,impact-digital-group-inc
Impact Theory,workable,impact-theory
Impactual LLC,workable,impactual-llc
IMS,workable,ims
Indeavor,workable,indeavor
InDebted,workable,indebted
InDelivery sp z o.o,workable,indelivery
index,workable,index-4
Indian River Transport,workable,irtcareers
Indigo Solutions Group,workable,indigo-solutions-group
Indiko Data,workable,indikodata
Indra Park Air,workable,indra-park-air
Infini Capital Management Limited,workable,infini-capital-management-limited
Infleqtion,workable,coldquanta
InfluenceMap,workable,influencemap
InfoSum,workable,infosum
Infosys Singapore & Australia,workable,infosys-singaporeand-australia
Infotek Consulting LLC,workable,infotek-consulting
InfoTrack US,workable,infotrack-us
Infuse Consulting Ltd,workable,infuse-it
Inivos,workable,inivos
INJ Partners,workable,inj-partners-1
INK,workable,ink
Inkomoko,workable,inkomoko
Inland Family of Companies,workable,inland-companies
inMusic,workable,inmusic-1
Innocence Project,workable,innocence-project
Innovaccer Analytics,workable,innovaccer-analytics
InnovaPoint Infotech Pvt. Ltd.,workable,innovapoint-infotech-pvt-ltd
Innovative Rocket Technologies Inc.,workable,innovative-rocket-technologies-inc
Innovature BPO,workable,innovature-bpo-2
Innowell,workable,innowell
Inns of Aurora,workable,inns-of-aurora
inos Hellas. S.A.,workable,inos-hellas-sa
INSHUR,workable,inshur
Inside Real Estate,workable,inside-real-estate
Inside Sales Solutions,workable,inside-sales-solutions
Insight Investment,workable,insight-investment
Insignis,workable,insignis
Inspired Thinking Group (ITG),workable,itg
Inspiroz,workable,inspiroz1
Instagram,workable,instagram
INSTANDA,workable,instanda
Instant Underwriting,workable,instant-underwriting
"Instashowing, Inc.",workable,instashowing-inc
Integral Group Inc.,workable,integralgroup
"Integral Resources, LLC",workable,integral-resources-llc
Integrant,workable,integrant
Integrated Protection Systems,workable,ipssec
"Integrity Management Services, Inc.",workable,integritym
IntellaTriage,workable,intellatriage
Intelligent Change,workable,intelligentchange
Intelligo Group,workable,intelligo-group
IntelliShift,workable,intellishift
Inter Island Manpower Pte Ltd,workable,inter-island-manpower-pte-ltd
interactive investor,workable,interactive-investor
Interactive Strategies,workable,interactivestrategies
Interapt,workable,interapt
InterCloud,workable,intercloud
Interlaced,workable,interlaced
INTERSEC Group,workable,intersec-group
Intersog,workable,intersog-na
Interview Kickstart,workable,ikan
Intracom Telecom,workable,intracom-telecom-2
Intropic,workable,intropic
Intuita - Vacancies,workable,intuita-consulting
"Intuition Machines, Inc.",workable,imachines
inventi.jobs,workable,weareinventijobs
InvestNext,workable,investnext
Invision AI,workable,invisionai
IO Global,workable,io-global
IPConfigure,workable,ipconfigure
IPEX Group of Companies,workable,ipex
IPID,workable,ipid
iPullRank,workable,ipullrank
Ironhack,workable,ironhack
Ironwear,workable,ironwear
Irth Solutions,workable,irth-solutions
IS International Services,workable,is-international-services
iSchool,workable,ischool
Isla,workable,islacare
Isotron AI,workable,isotron-ai
Istorima,workable,istorima
it's electric,workable,itselectric
It's Pretty Hair,workable,itsprettyhair
iT1,workable,it1
ITAC,workable,itac-1
ITE MGMT,workable,ite-mgmt
iTechScope,workable,itechscope-3
Itecor,workable,itecor
Ithaca Hummus,workable,ithaca-hummus
IV.AI,workable,iv-ai
J. Blanton Plumbing,workable,j-blanton-plumbing
"Jaan Health, Inc.",workable,jaan-health-inc
Jack Wills,workable,jackwills
Jackbox Games,workable,jackbox-games
Jacob,workable,eatjacob
Jacobian,workable,jacobian
Jacuzzi Group,workable,jacuzzi-group
Jadeclass Education,workable,jadeclass-education
Jaded London,workable,jaded-london-2
Jagex: The RuneScape Company,workable,jagex-limited
JAINAM TECHNOLOGIES PVT LTD,workable,jainam-technologies-pvt-ltd
Jalasoft,workable,jalasoft
Jam+,workable,jam-4
James Allen,workable,james-allen
James S. McDonnell Foundation,workable,james-s-mcdonnell-foundation
Janes,workable,janes
Jarilo Design,workable,jarilo-design
Javelin Global Commodities,workable,javelin-global-commodities
Javelot,workable,javelot
JCC Greater Boston,workable,jcc-greater-boston
JeffreyM Consulting,workable,jeffreym-consulting
Jehlum,workable,jehlum
Jellyfish Group Ltd,workable,jellyfish-group-ltd
Jellyfish Pictures Ltd,workable,jellyfish-pictures-ltd
Jenzabar,workable,jenzabar1
Jerry,workable,jerry
Jiffy,workable,jiffyshirts
Jigsaw XYZ,workable,jigsaw-xyz
JITbase,workable,jitbase
JJ Buckley,workable,jj-buckley
JMAC Lending,workable,jmac-lending
JMP Securities LLC,workable,jmp-group
Job Board Fire,workable,jobboardfire
Job Bridge Global,workable,job-bridge-global-1
Jobble,workable,jobble-4
Jobgether,workable,jobgether
Jobicy,workable,jobicy
Jobint,workable,jobint-1
JobRack,workable,jobrack
JobSpot,workable,jobspot-2
Johnson Electric,workable,johnson-electric-4
Jomboy Media,workable,jomboy-media
Jon Ossoff for Senate,workable,jon-ossoff-for-senate
Joomag,workable,joomag
JOOR,workable,joor
Joramco,workable,joramco
Joss Search,workable,joss-search
Journey,workable,journeylive
Journey Beyond,workable,journey-beyond
Jump 450 Media,workable,jump450
Junglee Games,workable,junglee-games
Juno Bio,workable,junobio
Just Vision,workable,justvision
Just-Inspire Hospitality & Event Management,workable,just-inspire-hospitality-and-event-management
K1X,workable,k1x
K2D Strategies,workable,k2d-strategies
K3 Business Technologies,workable,k3btg
Kahoot!,workable,kahoot
Kahuna Workforce Solutions,workable,kahunaworkforce
Kaizen Asset Management Services,workable,kaizenams
Kaliber Asia,workable,kaliber-asia-sg
KAMI Workforce,workable,harmony-cloud-systems-pte-ltd
Kanopi,workable,kanopi
Kantox,workable,kantox
Kartu Prakerja,workable,kartu-prakerja
"Kaseware, Inc.",workable,kaseware-inc
Katalyst Fitness,workable,katalyst-fitness
Kate Farms,workable,kate-farms
Kaufman Rossin,workable,kaufmanrossin
Kaya,workable,kayaventures
Kayali,workable,kayali
Kayne Anderson Capital Advisors,workable,kaynecapital
KDA Consulting Inc,workable,kda-consulting
"Keeper Security, Inc.",workable,keepersecurity
Keepsafe,workable,keepsafe
Keepthinking,workable,keepthinking
Keller Executive Search,workable,keller-executive-search
Kenai Therapeutics,workable,kenai-therapeutics
Kentro,workable,kentro
Keragon,workable,keragon
"Kestra Medical Technologies, Inc",workable,kestra-medical-technologies-inc
Kettle,workable,kettle-2
Kettle & Fire,workable,kettle-and-fire
Kettler,workable,kettler
Keybee Hosting,workable,keybee-hosting
Keycafe,workable,keycafe
"KGS TECHNOLOGY GROUP, Inc.",workable,kgs-technology-group-inc
Kheiron Medical Technologies,workable,kheironmed
Khibraty,workable,khibraty
Kibo Ventures,workable,kibo-ventures-3
Kibo Ventures,workable,kibo-ventures-4
Kickr Design,workable,kickr-design
Kidadl,workable,kidadl
Kido,workable,kidoschools
Kiewit Mexico,workable,carreraskiewitmx
KIHOMAC,workable,kihomac
Kindred Nurseries,workable,kindredcareers
Kinetic Investments,workable,kinetic-investments
Kingdom Homes,workable,kingdom-homes
Kingmaker Limited,workable,kingmaker-limited
Kinsta,workable,kinsta
Kitman Labs,workable,kitman
Kitopi,workable,kitopi
Kixie,workable,kixie
Klass,workable,klass-capital
Klearly,workable,klearly
Kleen Test Products,workable,kleen-test-products
KLM Careers,workable,klm-careers-3
Knowhirematch,workable,knowhirematch-1
knowhirematch,workable,knowhirematch
Knowledge Futures,workable,knowledgefutures
Koala,workable,koala
Kobiton,workable,kobiton
Koda Health,workable,koda-health
Kody,workable,kody
Koi,workable,koi
"Komodo Co., Ltd.",workable,komodo-co-dot-ltd
Konew FinTech Corporation Limited,workable,konew-fintech
Kooner Fleet Management Solutions,workable,kooner-fleet-management-solutions
Kooth,workable,koothjobs
Korvia Consulting,workable,korvia
KPI Solutions,workable,kueckerpulseintegration
Kriya,workable,kriya
Kubicki Draper,workable,kubicki-draper
Kubicle,workable,kubicle
Kudos Services,workable,kudos-services
Kuhn Aviation,workable,kuhn-aviation
Kyboe Watches,workable,kyboe
Kynze,workable,kynze
L,workable,leg
L'Attitude Recruiting,workable,lattitude-recruiting
L'Renee & Associates,workable,lra
LA Clippers,workable,la-clippers
Laba Group,workable,laba
Label Your Data,workable,labelyourdata
LaBella Associates,workable,labella-associates
LabGenius,workable,labgenius
Laborup,workable,laborup
Lago,workable,lago-1
Lakeside Software,workable,lakeside-software
LANDBAY,workable,landbay
Landed,workable,careerslanded
Landtrust Title Services,workable,landtrust-title-services
Language Empire,workable,empire-group-1
LanguageWire,workable,languagewire
Lap of Love,workable,lapoflovejobs
Laravel,workable,laravel
Later + Mavrck,workable,later-5
LatinxEd,workable,latinxed
Launch Finance,workable,launchfinance
Launchpoint,workable,launchpointdev
Laundryheap,workable,laundryheap-2
Lawhive,workable,lawhive
Lawn Love,workable,lawn-love
LawnStarter,workable,lawnstarter
Lawyers in Local Government,workable,lawingov
Layer Labs (Cayman) Ltd.,workable,layer-labs-cayman-ltd
Lazarus Naturals,workable,lazarus-naturals
LCX,workable,lcx
LDX Digital,workable,ldx-digital
LDX Digital,workable,ldx-digital-2
Lead For America,workable,lead-for-america
Leadhome,workable,leadhome
Leadling,workable,leadling
LeadOwl,workable,leadowlhq
Leads.io,workable,leads-io
leadtech,workable,leadtech
Learner Education,workable,learner-education
Leena AI,workable,leenaai
LeetCode,workable,leetcode
Left Coast Naturals,workable,left-coast-naturals
Legacy Food Group,workable,legacy-food-group
Legacy People,workable,legacypeople
LegacyX Hiring,workable,legacyx-hiring
LegalMatch.com,workable,legalmatch
"LegalSifter, Inc.",workable,legalsifter-inc
Legatics,workable,legatics
Leigh and Co.,workable,leigh-and-co
Lemon.io,workable,lemon-dot-i-o
LendingOne,workable,lendingone
Lenses.io,workable,lensesio
Leo's Hospitality Group,workable,leos-hospitality-group
"Leupold + Stevens, Inc.",workable,leupold
LEVEE,workable,levee
Level Agency,workable,levelagency
LGFG Fashion House,workable,lgfg-fashion-house-8
LGI Homes,workable,lgihomes
"LGND AI, Inc.",workable,lgnd-ai-inc
"Liberty Behavioral & Community Services, Inc.",workable,liberty-behavioraland-community-services-inc
Liberum,workable,liberum
Libra Solutions,workable,libra-solutions
Lick,workable,lick-home-ltd
Life is Good,workable,life-is-good
Lifebit Biotech Ltd,workable,lifebit-biotech-ltd
Lifelinks International Resources,workable,lifelinks-international-resources
LifeMD,workable,lifemdcareers
LifeX,workable,lifex
Lighthouse Reports,workable,lighthouse-reports-2
Lighting New York,workable,lny
Lightmatter,workable,lightmatter
Likewise,workable,likewise
Limeroad,workable,limeroad
Limetree Bay Refinery & Terminal,workable,limetree-bay-refinery-and-terminal
Lincoln Avenue Communities,workable,lincolnavenue
Linearity,workable,linearity
LingoAce,workable,lingoace
Lingumi,workable,lingumi
LinkedIn,workable,linkedin
Liquid Development,workable,liquid-development
Listings Project,workable,listings-project
Lithos,workable,lithos
Littledata,workable,littledata
LiveData,workable,livedata
Living Room LA,workable,living-room-la
LIVunLtd,workable,livunltd
LLS,workable,lls
LM Designwerks Inc.,workable,lm-designwerks-inc
LMG Staffing Solutions,workable,lmg-staffing-solutions
Lo & Sons,workable,loandsons
Local Crafts,workable,localcrafts
"Local Projects, LLC",workable,local-projects-llc-1
LocalStack,workable,localstack
Locke Lord LLP,workable,locke-lord-llp
Lodge Brothers,workable,lodge-brothers
Lodge Management Group,workable,lodge-management
Lodgify,workable,lodgify
LOFT,workable,loft
LOGIC,workable,withlogic
Logical Clocks AB,workable,logical-clocks-ab
LogicGate,workable,logicgate
LogiNext,workable,loginext
Logitech,workable,logitech
London Film Academy,workable,london-film-academy
London Green Cycles,workable,london-green-cycles-lgc
Lone Rock Point,workable,lonerockpoint
Longshot Systems Ltd,workable,longshot-systems-ltd
Lookout Tavern,workable,lookout-tavern
LoopMe,workable,loopme
Lord,workable,lord
"Love Strategies, Inc.",workable,love-strategies-inc
Lovingly,workable,lovingly
LoyaltyLion,workable,loyaltylion-1
LPOD,workable,lpod
LRN Corporation,workable,lrn-corporation
Luke Recruitment,workable,luke-recruitment
Luminance,workable,luminance-1
Luminary Group,workable,luminary-group
Luminous Computing,workable,lmns
Lunit,workable,lunit
Luxico,workable,luxico-1
Luxus Worldwide,workable,luxus
Luxy Hair,workable,luxyhair
LV Petroleum,workable,lv-petroleum
Lytegen,workable,lytegen-1
M-Files,workable,m-files
m-hospitality,workable,m-hospitality-1
M.S. Walker,workable,mswalker
M/I Homes,workable,mi-homes
M2 Engineering,workable,m2-engineering
M247 Europe,workable,m247-europe
M3 Global Research,workable,m3gr
Maan Global Development,workable,maan-global-development
MacDonald-Miller Facility Solutions,workable,macdonald-miller
Macropace Technologies,workable,macropace-technologies
Mad Capital,workable,mad-capital
MadeTruly,workable,madetruly
Madwire,workable,madwire-1
Magic,workable,magicrecruitment
MAGIC,workable,magic-careers
"Magic Labs, Inc.",workable,magic-labs-inc
Magic Spoon,workable,magicspoon
Magnetic London Creative Services Ltd.,workable,magnetic-london-creative-services-ltd
Magpie Literacy,workable,magpieliteracy
Maid My Day Pty Ltd,workable,maidmyday
Maintain Technology Consulting,workable,maintain-technology-consulting
MAKAN,workable,makan
Make-A-Wish® Illinois,workable,make-a-wish-illinois
Makersite,workable,makersite
Manada Technologies,workable,manada-technologies
Managed Services,workable,managed-services
"Mandarich Law Group, LLP",workable,mandarich-law
Maneva,workable,maneva
Mangone Law Firm,workable,mangonelawfirm
Manila Recruitment,workable,manilarecruitment
Manna,workable,manna-1
ManpowerGroup Greece,workable,manpowergroup-greece-1
Mantis Security,workable,mantissecurity
Marble,workable,marble
March Networks,workable,march-networks
Marchay,workable,marchay-1
Marcura,workable,marcura
Mari,workable,mari-events
Marker.io,workable,marker-io
Marks & Clerk,workable,marksand-clerk
Marlowe Fire and Security,workable,marlowe-fire-and-security
Marshmallow,workable,marshmallow
Martin Brower,workable,martin-brower
Mash Staffing,workable,mash-staffing
Massachusetts Technology Collaborative,workable,masstech
Mast-Jägermeister US,workable,mast-jagermeister-us
Master It Behavior Therapy,workable,masterit-behavior-therapy
MasteryPrep,workable,masteryprep
Mat3ra,workable,mat3ra
MATCHES,workable,matchesfashion
Mathspace,workable,mathspace
Matrix Camps and Logistics,workable,matrix-camps-and-logistics
MATRIX Resources,workable,matrix-resources-1
Matternet,workable,matternet
Matthew Hoyle Financial Markets,workable,matthew-hoyle-financial-markets-1
Mattson,workable,mattson
Maven Pet,workable,maven-pet
Maverc Technologies,workable,maverctech
Maveris,workable,maveriscareers
Maviance,workable,maviance
"Max AI, Inc.",workable,maxcare
Max Borges Agency,workable,max-borges-agency
MaxAccelerate,workable,max-accelerate
maxRTE,workable,maxrte
Maxus Capital,workable,maxus-capital
Mayors Migration Council,workable,mayors-migration-council
Maza Financial,workable,maza-financial
MBA CSi,workable,mba-csi
McColm and Company,workable,mccolm-and-company
McLane Global,workable,mclane-global
MCS North America Inc.,workable,mcs-north-america-inc
Mealshare,workable,mealshare
MealSuite,workable,mealsuite
MeanPug Digital,workable,meanpug
Measured,workable,measured
MEDA Limited,workable,meda-limited
MedChart,workable,medchart
MediaMonks,workable,mediamonks
MediaRadar,workable,mediaradar
Mediavine,workable,mediavine
Medical Guardian,workable,medical-guardian
Medicare Singapore,workable,medicare-singapore
MedScope Installation,workable,medscope-installation
MedVA,workable,medva
Medvivo,workable,medvivo
Melco Resorts & Entertainment,workable,melco-resorts-and-entertainment
Melotech,workable,melotech
Meltwater,workable,meltwater
MEPCON AUDITING & CONSULTANCY SERVICES,workable,mepcon-auditing-and-consultancy-services
Meraki Group,workable,meraki-global
Mercata,workable,mercata
Mercenary,workable,mercenary
Mesh Systems,workable,meshsystems
MESHKI,workable,meshki
Metaculus,workable,metaculus
MetalBear,workable,metalbear
Metaplex Studios,workable,metaplex-studios
Meteor Education,workable,meteor-education
Methods Business and Digital Technology,workable,methods
Metova,workable,metova
METRUM,workable,metrum
MFS Africa,workable,mfs-africa
"Michael & Associates, Attorneys at Law",workable,michaelandassociates
"Micro-Leads, Inc.",workable,micro-leads
Microsoft,workable,microsoft
Microverse,workable,microverse
Middle Seat,workable,middle-seat
Middlebury College,workable,middleburycollege
Midea,workable,midea-america-corp
Midnite,workable,midnite
Mightybytes,workable,mightybytes
Mikinok Enterprises,workable,mikinok
Milani Cosmetics,workable,milanicosmetics
Miller International Inc.,workable,miller-international
Milo Enterprises Inc.,workable,milo-enterprises-inc
Mimica Automation,workable,mimica-automation
Mina Foundation,workable,mina-foundation
Mind Omega,workable,mind-omega-1
Mind the Product,workable,mindtheproduct
MindBridge Analytics Inc.,workable,mindbridge-analytics
Mindera,workable,minderacraft
Mindex,workable,mindex
Mindful Support Services,workable,mindful-support-services
Mindray North America,workable,mindray-north-america
Mindrift,workable,toloka-ai
Mindstone,workable,mindstone
Mine Tech Services,workable,minetechservices
Minerva Research Labs,workable,minervaresearchlabs
Mini-O,workable,mini-o
Minly,workable,minly
Mint Studios,workable,mint-studios
Mintago,workable,mintago
MIRA- Search,workable,mira-8
Miracle-Ear,workable,miracle-ear
Miray Holdings,workable,miraygroup
Misha Talent Acquisition,workable,misha-talent-acquisition
Mission 44,workable,mission-44
Mission Bit,workable,missionbit
MistyWest,workable,mistywest
MLabs,workable,mlabs
MMC Ventures,workable,mmcventures
MMI - Maritime and Mercantile International,workable,mmi-maritime-and-mercantile-international
Mo-Sys Engineering Ltd,workable,mo-sys
Mod Op,workable,mod-op
mod.io,workable,modio
MODANI FURNITURE,workable,modani-furniture
Modern AI,workable,modern-ai
Modern Family Law,workable,modern-family-law-1
Modern Selections,workable,modern-selections
Moesif,workable,moesif
Mom to Virtual Assistant,workable,momtovirtualassistant
Momentum IO,workable,momentumdesinglab
Momentum Services Ltd.,workable,momentum-services-ltd
MON Co.,workable,mon-co
Monarch Quantum,workable,monarch-quantum
Mondelez International,workable,mdlz
Moneyhub,workable,moneyhub
Moneythink,workable,moneythink
Monite,workable,monite
Mono,workable,mono
MONTANA CONSTRUCTION,workable,montana-construction
Montera,workable,montera
Montreal Analytics,workable,montrealanalytics
Montreal Associates,workable,montreal-associates
Moodle,workable,moodle
moomoo,workable,moomoo
Moonbug Entertainment,workable,moonbug-entertainment
Moonshot,workable,moonshot
More Staffing LLC,workable,more-staffing-llc
Moreton Capital Partners,workable,moreton-capital-partners
Morgan Fire Protection,workable,morgan-fire-protection
MORI,workable,babymori
Mori,workable,mori
Moro Tech,workable,moro-tech
Morressier,workable,morressier
Morrey Auto Group,workable,morrey-auto
Mosaic,workable,mosaic-app
MOSCOT,workable,moscot
Moth Drinks,workable,moth-drinks
Motivo Engineering,workable,motivo
Motor Coach Industries,workable,motor-coach-industries
Move,workable,move-talent
Move For Hunger,workable,move-for-hunger
Movement Labs,workable,movement-labs
Moxie Labs,workable,moxie-labs
MPF Federal,workable,mpf-federal-4
MRG Exams,workable,mrg-exams
MS Canada,workable,mscanada
MSL Engineering,workable,msl-engineering
MSNT.LLC,workable,msnt-dot-l-lc
MSR-FSR,workable,msr-fsr
MSS,workable,midwest-special-services
Multi Media LLC,workable,multimediallc
Multimedia,workable,multimediacl
Multiplica Talent,workable,multiplicatalent
Mumsnet,workable,mumsnet
Murmuration,workable,murmuration
Murphy Research,workable,murphy-research
Murray Franklyn,workable,murray-franklyn
Mursion Inc,workable,mursion-inc
Museum of Ice Cream,workable,museumoficecream
Musixmatch,workable,musixmatch
Mutual Mobile,workable,mutualmobile
Muume,workable,muume
Mvnifest,workable,mvnifest
Myndlift,workable,myndlift
MyOutDesk,workable,mod-careers
MySigrid,workable,mysigrid
MyTutor,workable,mytutor
Médecins du Monde,workable,medecins-du-monde
N2O,workable,n2o-1
n8n,workable,n8n
NA,workable,na2
Nairtime,workable,nairtime
"nanameue, Inc.",workable,nanameue
Nanocorp AG,workable,nanocorp
Napster,workable,napster
Nasoft.eg,workable,nasoft-eg
Natilus,workable,natilus
National Company For Learning & Education,workable,ncle
National Fitness Campaign,workable,national-fitness-campaign
NationSwell,workable,nationswell-1
Navarino,workable,navarino
Navion Senior Solutions,workable,navionsl
Navro,workable,navro
NCG Associates,workable,ncg-associates
Ndax Canada Inc.,workable,ndax
nDreams Limited,workable,ndreams
Neal R Gross & Co,workable,nrgco
NearNow,workable,nearnow
NEAT Method,workable,neat-method-careers
Nectafy,workable,nectafy
NEF,workable,nef
NEON Rated,workable,neon-rated
NeoReach,workable,neoreach
Ness Digital Engineering,workable,risk-focus-global
Nestle Waters North America,workable,nestle-waters-north-america
Net Natives,workable,net-natives-7
NetImpact Strategies,workable,netimpactstrategies
Netradyne,workable,netradyne-1
NetX,workable,netx
NeueHouse,workable,neuehouse
NeuGroup,workable,neugroup
Neural Magic,workable,neural-magic
NeuralFlex AI,workable,neuralflex-ai
NeuTalent,workable,neutalent
New Disabled South,workable,new-disabled-south
New Flyer,workable,new-flyer
New Home Star,workable,newhomestar
New Oakland Family Centers,workable,newoakland
New York City Tourism + Conventions,workable,nyctourism
New York Football Giants,workable,new-york-football-giants
New York Life,workable,new-york-life-63
New York Life,workable,new-york-life-60
New York Life Iowa office,workable,new-york-life-iowa-office
Newcode.ai,workable,newcode
Newrich Network,workable,newrich-network
NewsBreak,workable,newsbreak
Newton,workable,newton-europe
Next Job Abroad,workable,next-job-abroad
Nextep,workable,nextep-2
Nextern,workable,nextern
Nexus Studios,workable,nexusstudios
Nexvel,workable,nexvelsolutions
Neybox Digital Ltd.,workable,neybox-digital
NFI Group Inc.,workable,nfi-group-inc
Nido Living,workable,nidoliving
NiftyApes,workable,niftyapes
Nillion,workable,nillion
nimbyx,workable,nimbyx
NIN Delivers,workable,nin-delivers
NineTwoThree AI Studio,workable,ninetwothree-ai-studio
Ninja,workable,ananinja
Ninja Theory,workable,ninja-theory
Nippon Shokken U.S.A. Inc.,workable,nipponshokkenusa
Nitor,workable,nitor
Nitrogen,workable,nitrogenwealth
NIVA Health,workable,niva-health-2
NNC.,workable,nncpr
Noble,workable,wearenoble
Noble of Indiana,workable,noble-of-indiana
Nobox Aviation Recruitment,workable,nobox-hr-outsourcing-solutions
NoGigiddy,workable,nogigiddy
NoGood,workable,nogood
Nomad,workable,nomadglobal
Nood,workable,noodists
Noramtec Consultants,workable,noramtec-consultants
norbloc AB,workable,norbloc-se
Norfolk County,workable,norfolk-county
NORIT Activated Carbon,workable,norit
Normally,workable,normally
Northern Architectural Systems,workable,northern-architectural-systems
Northern California Behavioral Health System,workable,northern-california-behavioral-health-system
Northzone,workable,northzone
Notion Capital,workable,notion-vc
NOVA,workable,novainstall
Nova Wealth,workable,nova-wealth
NovaFori,workable,novafori
Novasign,workable,novasign
November Five,workable,novemberfive
"Novex, LLC",workable,novex-llc
Novo Holdings,workable,novoholdings
NOW Courier,workable,now-courier-ic
NQC,workable,nqc
Nu Quantum Ltd,workable,nu-quantum
Nuada,workable,nuadaco2
Nuclera,workable,nuclera
Nuovo Photography,workable,nuovophotography
NUS Enterprise,workable,nus-enterprise
nutpods,workable,nutpods
Nuvani London,workable,nuvani-london
Nuvei,workable,nuvei
NYC Alliance Company LLC,workable,nyc-alliance-company-llc
O'Hagan Meyer,workable,ohagan-meyer
O'Hara Corporation,workable,ohara-corporation
Oak Engage,workable,oakengage
Oak Ridge Tile and Home,workable,oak-ridge-tile-and-home
OBDeleven,workable,obdeleven
Oblivious,workable,oblivious
Ocean Casino Resort,workable,theoceanac
Ocean Outcomes,workable,ocean-outcomes
"OCT Consulting, LLC",workable,oct-consulting-llc
Octopus HR,workable,octopushr
Odeon Capital Group,workable,odeon-capital-group
Odin Mortgage,workable,odin-mortgage
ODK Media,workable,odk-media
ODORZX INC.,workable,odorzx
Office,workable,office
Offline,workable,offline
Ofload,workable,ofload
Ohalo,workable,ohalo
"OhmniLabs, Inc",workable,ohmnilabs
Oliva,workable,oliva1
Olive,workable,olive
Ombori,workable,ombori-career
Omen,workable,omen
Ometria,workable,ometria
Omnipresent,workable,omnipresent-group
Omron Asia Pacific Pte Ltd,workable,omron-asia-pacific-pte-ltd
Once,workable,getonce
One Of Us,workable,one-of-us
ONE Sotheby's International Realty,workable,one-sir
ONE2ONE Inc.,workable,one-2-one-computer-services-inc
Onedersquad,workable,onedersquad-1
OneImaging,workable,oneimaging-1
OneOcean,workable,oneocean
OnePlus North America,workable,oneplus-north-america
Oner Active UK Ltd,workable,oneractive
OneSpace,workable,onespace
OneTouch Direct,workable,otdcareers
Oneview Healthcare,workable,oneview-healthcare-plc
Onfido,workable,onfido
Online Education Services,workable,oes
Online Marketing Gurus,workable,onlinemarketinggurus
Onlock,workable,onlock
OnLogic,workable,onlogic-inc
OnlyExperts,workable,onlyexperts
OnMed,workable,onmed
Onomondo,workable,onomondo
OnScale,workable,onscale
Onside,workable,onside
OnZero,workable,onzero
OOCA,workable,oocahq
Opal,workable,opal-labs
Open,workable,beopen
"Open Systems International, Inc. (OSI)",workable,osii
OpenDataJobs,workable,opendatajobs
OPENLANE Europe,workable,openlane-europe
OpenMined,workable,openmined
Opensignal,workable,opensignal-limited
OpenSymmetry,workable,opensymmetry
OpenWorks Engineering,workable,openworks-engineering
Oppizi,workable,oppizi
OPPO US Research Center,workable,innopeaktech
OPTASY Inc.,workable,optasy
optiBPO,workable,optibpo
Optime Group,workable,optimegroup
Optimizon,workable,optimizon
OptiSigns Inc.,workable,optisigns-inc
OptiTrack,workable,optitrack
Opus 2,workable,opus2
Orbital,workable,orbital-witness-limited
Orchard Therapeutics,workable,orchard-therapeutics
Order Desk,workable,orderdesk
OrderMyGear,workable,ordermygear
Oredata Yazılım Anonim Şirketi,workable,oredata
Orgmento,workable,orgmento
Orgvue,workable,orgvue
Origin,workable,origin-10x
Origin Primary Limited,workable,origin-primary-limited
Orlando Informer,workable,orlando-informer
Orum,workable,orum
OSEA,workable,osea
OSL,workable,osldotcom
Othaim Holding,workable,othaim-holding
OTK Media,workable,otk-media
Otoqi,workable,otoqi
Ottimate,workable,ottimate
OUAI,workable,theouai
Our Home,workable,ourhomesnacks
Oura,workable,oura-health-ltd
Outdoorsy,workable,outdoorsy
Outfund,workable,outfund
Outlier.org,workable,outlier-dot-o-rg
Outsource Access,workable,outsource-access
Outwork Staffing,workable,outwork-staffing
Over The Moon,workable,over-the-moon-1
Oversee,workable,oversee-1
Overwatch Construction Management,workable,overwatchcm
owl.co,workable,owl-dot-co
Owlet Baby Care,workable,owlet-baby-care-1
Own,workable,own
Own Up,workable,own-up
Oxford Quantum Circuits,workable,oqc
Oxford University Innovation,workable,oxford-university-innovation
Ozone API,workable,ozoneapi
Pachama Inc,workable,pachama
Pacific Aviation,workable,pacificaviation
Pacific Defense,workable,pacific-defense
Pacific Health Group,workable,pacific-health-group
Packlane,workable,packlane
Packt,workable,packtpublishing
Pactera Singapore Pte Ltd,workable,pactera-singapore-pte-ltd
Paired,workable,paired
Paired,workable,pairedrecruiting
Paleovalley,workable,paleovalley-1
PalmHR,workable,palmhr
Palo Alto Mind Body,workable,pamb
Palona AI,workable,palona
PandaTree,workable,pandatree
Pangaia,workable,pangaia
Panic Stations,workable,panic-stations
Paper Giant,workable,papergiant
Paper Tiger,workable,papertiger
Papier,workable,papier
Papoutsanis SA,workable,papoutsanis-1
Paradigm Power Delivery Inc.,workable,paradigm-pd
Paragon Cyber Solutions,workable,paragoncybersolutions
Paragraf,workable,paragraf-1
Parallelz,workable,parallelz
Pardon,workable,pardon
Pareto Publishing - Make The Magic Happen,workable,pareto-publishing
Parimatch Tech,workable,pmtech
"Park Place Finance, LLC",workable,park-place-finance-llc
Parman Energy,workable,parmanenergy
PARS Therapy,workable,pars-therapy
PARTALE,workable,partale-talent
Partech,workable,partech
Partech Partners,workable,partechpartners
Partner One Capital,workable,partner-one-capital
PartnerCentric,workable,partnercentric
Pass the Keys,workable,passthekeys
Passage,workable,passage
Passion.io,workable,passionio
Passionfruit,workable,passionfruit
Path Construction,workable,path-construction
Pathway,workable,pathwaycom
PatientIQ,workable,patientiq
Patients Know Best,workable,patients
Patriot Software,workable,patriot-software
Patrique Mercier Recruitment By Cyriel,workable,patrique-mercier-recruitment-1
Patrique Mercier Recruitment By Nellie,workable,patrique-mercier-recruitment-fr
Pavago,workable,pavago
PAXT,workable,paxt
Payability,workable,payability
payabl.,workable,payabl
Paylidify,workable,paylidify
Paysure,workable,paysure
PeachPay,workable,peachpay
PeakMade Real Estate,workable,peak-made
Peaksware,workable,peaksware
Pearl,workable,pearltalent
Pearl Abyss Europe,workable,pearlabyss-europe
Pecan Ai,workable,pecan
Pele Soccer,workable,pelesoccer
Pelesys Learning Systems Inc.,workable,pelesys-learning-systems-inc
Penn Mutual Life Insurance,workable,pennmutual
Penny AI,workable,penny-ai
PenPal Schools,workable,penpal-schools
People for UNDP,workable,people4undp
People Powered,workable,peoplepowered
Pepper,workable,wearpepper
Pepperstone,workable,pepperstone
Perci Health,workable,percihealth
Pereview Software,workable,pereview-software
PerformYard,workable,performyard
Perry Homes,workable,perryhomes
Perry Weather,workable,perryweather
Persado,workable,persado
Persimmons,workable,persimmons-ai
PERSUIT,workable,persuit-1
PETBUDDY AB,workable,petbuddy
PetLabCo.,workable,petlab-co
PetroApp,workable,petroapp
Petsource Asia Limited,workable,petsource-asia-limited
PGTEK,workable,pgtek
Phasecraft,workable,phasecraft-1
Phasor Engineering Inc,workable,phasorengineering
"Phil, Inc",workable,philinc
Phillips Consulting,workable,phillips-consulting
Phillips Corporation,workable,phillips-corporation
Phlo - Digital Pharmacy,workable,wearephlo
Phocas Software,workable,phocassoftware
Phoenix Home Care and Hospice,workable,phoenix-home-care-and-hospice
Photobooth Supply Co,workable,photoboothsuppplyco
PhotoShelter,workable,photoshelter
Physera,workable,physera
PIC,workable,pension-services-corporation-limited
PicassoMD,workable,picassomd
Pierce Technology Corp,workable,pierce
Piggy,workable,piggy
Pilcrow,workable,pilcrow
Pilot,workable,pilot
Pinata,workable,pinata
Pineapple | Virtual Assistant Hub,workable,pineapple-staffing
Pinefield Industries Ltd,workable,pinefield
Pinely,workable,pinely
Pinewood.AI,workable,pinewoodaicareers
Pink Joint,workable,pink-joint
Pinkston,workable,pinkston
Pinnacle Middle East,workable,pinnacle-middle-east
Pinterest,workable,pinterest
Pion,workable,wearepion
Pioneer Management Consulting,workable,thepioneerteam
Pirata Group,workable,piratagroup
PIRATE,workable,pirate-studios
Pitch,workable,pitch-software
Pitch Marketing Group,workable,pitch-marketing-group
Pitchbox,workable,pitchbox
Pitchero,workable,pitchero
PIVOT Agency,workable,pivot-agency
Pix4D,workable,pix4d
"Pixelogic Media Partners, LLC",workable,pixelogicmedia
Pixomondo,workable,pxo
Pj Fitzpatrick,workable,pj-fitz
Places For Less,workable,places-for-less
Placewise,workable,placewise
Plain,workable,plain
Plan A,workable,plana
Planar Systems,workable,planar-systems
Planet.fans,workable,planet
PlanetArt,workable,planetart
Platinumlist,workable,platinum-list
Platzi,workable,platzi
Playfair,workable,playfair
Plume Labs,workable,plumelabs
Plumerai,workable,plumerai
Plutra Quantitative Trading,workable,plutra-quantitative-trading
PM2CM,workable,pm2cm
Podia,workable,podia
Pole Star Global,workable,pole-star-1
PolyAI,workable,poly-ai
pony.ai,workable,pony-dot-ai
Popmenu,workable,popmenu
Porkepic Solutions,workable,porkepic
Portless,workable,portless
PostHog,workable,posthog
Postman,workable,postman
Power Factors,workable,power-factors
PowerLines,workable,powerlines
Practi,workable,practihealth
Praecipio,workable,praecipio
PRAN GROUP AB,workable,prangroup
Pravaler,workable,pravaler-1
Praytell,workable,praytell
Precoa,workable,precoa
Predoc,workable,predoc
Premier Foods Asia,workable,premier-foods-asia
Premium Merchant Funding,workable,premium-merchant-funding-3
Premium Solutions Consultancy,workable,premium-solutions-consultancy
Prenda,workable,prenda
PrePass,workable,prepass
Pressed Roots,workable,pressed-roots
Prestage,workable,prestage
PreStocks,workable,prestocks
Prima Assicurazioni,workable,primait
PRIME,workable,drinkprime
Printec,workable,printec
Printfresh LLC,workable,printfresh
Prism Consulting Group Singapore,workable,prism-consulting-group-singapore
"Prisma International, Inc.",workable,prisma-3
Privy,workable,privy-2
Privyr,workable,privyr
Pro Aims Resources,workable,pro-aims-resources
ProArch,workable,proarch-3
Prochant US,workable,prochant-us
ProdPad,workable,prodpad
Productio,workable,productio
Professional Physical Therapy,workable,professional-pt
Proficio,workable,proficio-inc
ProgressSoft,workable,progressoft
ProjectFitter,workable,projectfitter
Prolific,workable,prolific-world
Prolucid Technologies,workable,prolucid-technologies
Prominence Advisors,workable,prominence-advisors
Prop Firm Match Global – FZCO,workable,pfm-global-fzco
PROPERTYLIMBROTHERSMEDIA PTE. LTD.,workable,propertylimbrothers
Prosci,workable,prosci
prosource.it- Americas,workable,prosource-dot-i-t
ProspHire,workable,prosphire
Prosync,workable,prosync
Protec Dental Laboratories Ltd,workable,protec-dental-laboratories
Protera,workable,protera
ProtoTech Solutions & Services Pvt Ltd,workable,prototech-solutions-and-services-pvt-ltd
Provider1st,workable,provider1st
Proximity Works,workable,prox-works
Proxxi Technology,workable,proxxiband
Proxymity,workable,proxymity
PRX,workable,prx
Psychology Today,workable,psychology-today
PT Pegadaian (Persero),workable,pegadaian
Pubguard,workable,pubguard
Publishers Clearing House,workable,publishers-clearing-house
Pulse Games,workable,pulsegames
"Pure Ground Ingredients, Inc.",workable,pgi-organics
Purple Carrot,workable,thepurplecarrot
pymetrics,workable,pymetrics
PÄRLA,workable,parla
Q5,workable,q5-partners
Qatalog,workable,qatalog
"QbDVision, Inc.",workable,qbdvision
QCP,workable,qcp-group
Qoala,workable,qoala
Qode,workable,qodeworld
QRA Corp,workable,qracorp
"quadric, Inc",workable,quadric-dot-i-o-inc
QUALCO,workable,qualco
Qualee,workable,qualee
Qualicom,workable,qualicom
Qualio,workable,qualio
Qualis LLC,workable,qualis-corporation
Qualitest,workable,qualitest-1
Quandela,workable,quandela
Quantexa,workable,quantexa
QuantHub,workable,quanthub
Quantic School of Business and Technology,workable,quantic-1
Quantis,workable,quantis
Quantum Fuel Systems LLC,workable,quantum-fuel-systems-llc
Quartic.ai,workable,quartic-ai
Queen Anna House of Fashion,workable,queen-anna-house-of-fashion
QuickStarter,workable,quickstarter
Quizizz,workable,quizizz
Quona Capital,workable,quona-capital-llc
Quontic,workable,quonticbank
qurba,workable,qurba
Qwinix,workable,qwinix
R2Net,workable,r2net
Race Communications,workable,racecommunications
Racing Breaks,workable,racingbreaks
Raft,workable,raftai
Rallye Motor Company,workable,rallye-motors
RAM Investment Advisors Limited,workable,ram-investment-advisors-limited
Rankings.io,workable,rankings
Rapsodo,workable,rapsodo
Raptee Energy,workable,raptee-energy
Rasid Holding Company,workable,rasidholding
Raspberry Pi Foundation,workable,raspberrypifoundation
"Raths, Raths & Johnson, Inc.",workable,raths-raths-and-johnson
Ravelin,workable,ravelin
Raw Signal Group,workable,rawsignalgroup
RDI,workable,rditrials
Re7 Capital,workable,re7-capital
Rea,workable,reaadvisory
Ready to Grow Gardens,workable,readytogrowgardens
Recover Medical Group,workable,recover-medical-group
"Recovery Partners, an ARMStrong Company",workable,recovery-partners
Recruit Loop,workable,recruitloop
Recurly,workable,recurly
Red Cedar Solutions,workable,red-cedar-solutions
RedLion Mobile,workable,redlion-mobility
Redox,workable,redox
REE Medical,workable,ree-medical
"Reebok International, Ltd",workable,reebok
REEDS Jewelers,workable,reeds
Reedsy,workable,reedsy
REEF,workable,nbrhd
Refloor,workable,refloor
Reform,workable,reform
Regional Airline Association,workable,regional-airline-association
Reliant AI,workable,reliant-ai
Relm Insurance,workable,relminsurance
Rely Health,workable,rely-health
Remegen Biosciences,workable,remegenbio
Remote Talent Cloud,workable,remote-talent-cloud
Remote VA,workable,remote-va
Remotebase,workable,remotebase
Remotivate LLC,workable,letsremotivate
RemotivateJobs,workable,remotivatejobs
Renew Home,workable,renewhome
Reno Orthopedic Center,workable,reno-orthopedic-center
Renovco Inc,workable,renovco
reqroo,workable,reqroo
Research Collaborative,workable,research-collaborative
Resident Advisor,workable,resident-advisor
Resola Inc,workable,resola
Resonate Solutions,workable,resonate-solutions
Resource Guru,workable,resource-guru
Resource Innovations,workable,resource-innovations
Respect,workable,respect
Respiris,workable,respiris
ResPro Health,workable,respro-health
Resultance,workable,resultance
Resy,workable,resy-1
Retail Circle,workable,retail-circle
Retail knights limited,workable,retail-knights-limited
RetinAI Medical,workable,retinai
Revaya,workable,revaya
Reveal Health Tech,workable,reveal-health-tech
ReversingLabs,workable,reversinglabs
Revive Media,workable,revive-media
Rewiring America,workable,rewiring-america
REX Architecture,workable,rex-architecture
Rezilient Health,workable,rezilient
Rhino Africa,workable,rhinoafrica
Ride Health,workable,ridehealth
Right Hook Digital,workable,righthookdigital
RightSite Health,workable,rightsite-health-1
Rimkus,workable,rimkus
Ripple Effect,workable,the-ripple-way
Rising Edge Group,workable,risingedgegroup
Rising Medical Solutions,workable,rising-medical-solutions-1
Riverlane,workable,riverlane
Riverside Insights,workable,riverside-insights
Riviana Foods,workable,riviana-foods
RIXO,workable,rixo
RLJ Lodging Trust,workable,rlj-lodging-trust
"RMF Engineering, Inc",workable,rmf-engineering-inc
RNA Analytics,workable,rna-analytics
Roark Capital,workable,roark-capital
Rock Petroleum,workable,rockpetroleum
Rockstar,workable,rockstar-3
Rocky Talkie,workable,rocky-talkie
Rokt,workable,rokt
Rolescale.com,workable,role-scale
Roljobs Technology Services Pvt. Ltd.,workable,roland-associates
ROLLER Software,workable,roller-software
Roote,workable,rooteco
Roster,workable,roster
Routable,workable,routable
RouteSmart Technologies Inc,workable,routesmart-technologies-inc
Roy's Towne Pub,workable,roys-towne-pub
Royalty Hospitality Staffing,workable,royalty-hospitality-staffing-1
RSA Global,workable,rsa-global
RTM Business Group,workable,rtm-business-group
Runna,workable,runna
Runway East,workable,runway-east
Rushable,workable,rushable
Rutledge Healthcare,workable,rutledge-healthcare
Ruvixx,workable,ruvixx
RxData,workable,rxdata
RXP,workable,rxp
Ryanair,workable,ryanair
Rydoo,workable,rydoo
RYNO Strategic Solutions,workable,ryno-strategic-solutions
RYSE Inc,workable,ryse
Rystad Energy,workable,rystad-energy
Saaf Finance,workable,saaf-finance
Saalex,workable,saalex
SAEKI,workable,saeki
Safe Direction,workable,safe-direction
Safesite and Foresight Insurance,workable,foresightgroup
SAGA Diagnostics,workable,saga-diagnostics
Sago,workable,sago-group
Saibber LLC,workable,saibberllc
SalesFit Staffing Solutions,workable,salesfit-staffing-solutions
Salesfolks,workable,salesfolks
SalesPlaybook AG,workable,thesalesplaybook
Salina,workable,salina
Salla,workable,salla
Salt Technologies,workable,salttechno
Sam,workable,sam-18
Sama,workable,samacoaching
SamCart,workable,samcart
SAMI Navantia,workable,saminavantia
Samsung SDS America,workable,samsung-sds-america
San Diego County Regional Airport Authority,workable,san-diego-county-regional-airport-authority
San Diego Foundation,workable,san-diego-foundation
San Francisco Wine Trading Company,workable,san-francisco-wine-trading-company-1
Sanction Scanner,workable,sanction-scanner
Sand Cherry Associates,workable,sand-cherry-associates-1
Sandalwood Engineering & Ergonomics,workable,sandalwood-engineering-and-ergonomics
SANDEMANs NEW Europe,workable,sandemans-new-europe
Sandpiper Productions,workable,sandpiper-productions
Sanford Health,workable,sanford-health
Sangoma,workable,sangoma-3
Sans,workable,sans-2
SAP Fioneer,workable,fioneer
Sapsol Technologies Inc,workable,sapsol-technologies-inc-7
Saskatchewan Roughriders,workable,saskatchewan-roughriders
SASMAR,workable,sasmar
Satoshi Energy,workable,satoshi-energy
SatVu,workable,satellitevu
Save More Marketplace,workable,save-more-marketplace-1
Savvy Talent,workable,savvytalent
Sawhorse Productions,workable,sawhorse-productions
Sawyer Studios,workable,sawyer-studios
SBP,workable,recruitamc
Scahill Law Group P.C.,workable,scahill-law-group
Scale Virtually,workable,scale-virtually
Scalepex,workable,scalepex
Scaling.com,workable,scalingcom
Scede.io,workable,scede-dot-io-2
Schilling Cider,workable,schilling-cider
Schneider Innovations,workable,schneiderinnovations
SchooLinks,workable,schoolinks
"Scientific Systems Company, Inc.",workable,ssci
SciTec,workable,scitec
Scorpio Electric,workable,scorpio-electric
Scout Clean Energy,workable,scout-clean-energy
Screenmedia Design Ltd,workable,screenmedia
ScreenPal,workable,screenpal
SDF Group,workable,sdfgroup
Seadev,workable,seadev
Seal & Design,workable,sealanddesign
Sealyme,workable,sealyme
Secret 6,workable,secret-6
Securibox,workable,securibox
Security Risk Advisors,workable,securityriskadvisors
SeedLegals,workable,seedlegals
Seeq,workable,seeq
Seervision,workable,seervision
Seismic,workable,seismic
SELIUK LTD,workable,seliuk-ltd
Semaphore,workable,semaphore
Sendinc,workable,sendinc
Seniorverse,workable,seniorverse
Sense,workable,sense
Senseye,workable,senseye
Sentec,workable,sentec
SEO Sherpa,workable,seosherpa
SEON Technologies,workable,seon-technologies-1
Sephora SEA,workable,sephora-sea
Seprod Limited,workable,seprod-limited
Sequel.io,workable,sequel
SerenityAG,workable,serenityag
Serko Ltd,workable,serko-ltd
Service,workable,getservice
ServisHero,workable,servishero
Session AI,workable,session-ai
Sessions II,workable,sessionsii
SH:24,workable,sh24
Shadow Light Studios,workable,shadow-light-studios
Shapeways,workable,shapeways-25
SheCodes,workable,shecodes
Shelter House,workable,shelter-house
Shepard Exposition Services,workable,shepard-exposition-services
Shero Commerce Inc.,workable,sherocommerce
Shift Robotics,workable,shift-robotics
Shiftmove,workable,shiftmove
Shinesty,workable,shinesty
Shipa,workable,shipa
"Shipbird, Inc.",workable,shipbird
Shippabo,workable,shippabo
Shockbyte,workable,shockbyte
Shop and Ship,workable,shop-and-ship
ShowMojo,workable,showmojo
SICE Pty Ltd,workable,siceanz
Side,workable,sideinc
Sidetrade,workable,sidetrade
Sigma Defense,workable,sigmadefense
SigTech,workable,sigtech
SIHAMCO,workable,sihamco
Silae,workable,silae
Silvur,workable,silvur
Sime Darby Property Berhad,workable,sime-darby-property-berhad
Simpay,workable,simpay
Simple Mills,workable,simple-mills-9
SimpleCITI,workable,simpleciti
Simprints,workable,simprints
Sinch,workable,sinch
Sinch Email,workable,mailgun
SINE Digital,workable,sinedigital
Single Grain,workable,single-grain
Singulier,workable,singulier
SIVVI.COM,workable,sivvi
Six Flags Qiddiya City and Aquarabia,workable,careers-sixflags-and-aquarabia
SJF Ventures,workable,sjf-ventures
Skeepers,workable,skeepers
Skeleton Technologies,workable,skeletontech
SketchDeck,workable,sketchdeck
SketchPro AI,workable,sketchpro-ai
Skimmer,workable,skimmer
Skin Analytics,workable,skinanalytics
Skiplagged,workable,skiplagged
Skrapp.io,workable,skrapp
Skufler,workable,skufler
Sky Mavis,workable,sky-mavis
SkyCell AG,workable,skycell-ag
SkyGig,workable,skygig
Skylight,workable,skylight
Skylight,workable,skylight-frame
Skype,workable,skype
Skyports,workable,skyports
SkySlope,workable,skyslope
"Skywalker Holdings, LLC",workable,skywalker
Slate,workable,slatecleaning
Slate Flosser,workable,slate-flosser
SLB Capturi,workable,slb
Sleek,workable,careers-at-sleek
Sleeping Dog Properties,workable,sleeping-dog-properties
Slip Robotics,workable,slip-robotics
SLK Development,workable,slk-development
Small Axe,workable,smallaxe
Smappee,workable,smappee
Smart Financial,workable,smart-financial
Smart Sitting,workable,smart-sitting
SmartCommerce,workable,smartcommerce
SmartCrowd,workable,smartcrowd
Smarter Good,workable,smartergood
SmartFinancial,workable,smartfinancial
SmartLab,workable,smartlablearning
SmartNews,workable,smartnews
SmartStay,workable,smartstay
SMB Team,workable,smb-team
Smood,workable,smood
Snapfish,workable,snapfish
SNIPEBRIDGE,workable,snipebridge
Snowball,workable,snowball-agency
Snuggs,workable,snuggs
Soar Software Development Company,workable,soar-software-development-company
Soar With Us,workable,soar-with-us
SocialRadar,workable,socialradar
Society Awards,workable,society-awards
Soda Data,workable,soda-data-nv
SOFTONE,workable,softone-technologies-s-a
Softship,workable,softship
SOGECLAIR,workable,sogeclair
SOHAIL SMART SOLUTION,workable,sohail-smart-solution
SolAmerica Energy,workable,solamerica-energy
Solance,workable,solance
SolarCity,workable,solarcity
Solawave,workable,solawave
Solirius Reply,workable,solirius-consulting-1
Solutions3 LLC,workable,solutions3-llc
Solvay Brussels School Lifelong Learning,workable,solvay-executive-education
Soneta Pty Ltd,workable,soneta-pty-ltd
Sophinea,workable,sophinea
Sopra Steria I2S,workable,soprasteria-i2s
SORACOM,workable,soracom
Sorted,workable,sorted
Sortly,workable,sortly
SourceCode Communications,workable,sourcecode-communications
Sourced By,workable,sourced-by
Sourcemap,workable,sourcemap
Sourgum,workable,sourgum
South Florida After School All Stars,workable,south-florida-after-school-all-stars
"Southeastern Archaeological Research, LLC. ""SEARCH""",workable,search
Southern National Roofing,workable,southern-national
SP Associates,workable,sp-associates
Space Inch,workable,spaceinch
Space Matrix Design Consultants,workable,space-matrix
Spark Solutions,workable,spark-solutions
SparkFun Electronics,workable,sparkfun-electronics-2
SparkPlug,workable,sparkplug
Sparx Engineering,workable,sparx-engineering
Spate,workable,spate
Special Projects,workable,special-projects
Specialised Force,workable,specialised-force
Specialized Technical Services – STS,workable,stsmiddleeast
Spectarium,workable,spectarium
Speech Graphics & Rapport,workable,speech-graphics
Speechmatics,workable,speechmatics-cantab
Speexx,workable,speexx
Spenmo,workable,spenmo
Sperasoft,workable,sperasoft
Spicy Minds Ltd,workable,spicy-minds
Spiff,workable,spiff
SPIN Global,workable,spin-global
Spindrift,workable,spindrift
Spitfire Audio,workable,spitfireaudio
Spitogatos,workable,spitogatos-gr
Spot Insurance,workable,spot-insurance
Spotlight Sports Group,workable,spotlightsportsgroup
Sprout.ai,workable,sprout-ai
Spruce,workable,spruce-2
SPT Groups,workable,spt-groups
SPT Labtech,workable,spt-labtech
Square Enix,workable,square-enix
squid.,workable,squid
Squiz,workable,squiz
"SSC Advisors, Inc.",workable,ssccpas
SSC HR Solutions,workable,ssc-hr
St. Joe County Public Library,workable,sjcpl
St. Luke's School,workable,st-lukes-school
Stacker,workable,stackerhq
Stacker Media,workable,stacker
Stafford Gray,workable,staffordgray
Stage 3 Separation,workable,s3s
stakefish,workable,stakefish
Stampede AI Ltd,workable,stampede-ai-ltd
Standing on Giants,workable,standing-on-giants
Stanhope Capital,workable,stanhope-capital
Starfish Hiring,workable,findstarfish
Starling,workable,starling-bank
Starry,workable,starry
Starttech Ventures,workable,starttechvc
Startup Creator,workable,decondia
Startup San Diego,workable,startup-san-diego
Startup Voyager Digital UK Limited,workable,startupvoyager
StartupBros,workable,startupbros
Startups.com,workable,startups
STAT Recovery Services,workable,stat-recovery-services
Station A,workable,stationa
Statistics & Data Corporation (SDC),workable,statistics-and-data-corporation-sdc
Steady Vision,workable,steadyvision
SteadyMD,workable,steadymd
Stealth Startup,workable,stealth-health
Steamship Insurance Management Services Ltd,workable,steamship-mutual-1
Steer,workable,steer-group
Steer Health,workable,steer-health
Stellar Cyber,workable,stellar-cyber
Stemcell Technologies UK Ltd,workable,stemcell-technologies-uk-ltd
Stepping Stone School,workable,steppingstoneschool
Stereolabs,workable,stereolabs
Stigg,workable,stigg
Stio,workable,stio
Stirling Q&R,workable,stirling-qr
Stitch,workable,stitchmoney
"Stitch Consulting Services, Inc.",workable,stitch-consulting-services-inc
Stockholm Environment Institute - U.S.,workable,sei
Stockholm Environment Institute Oxford Centre,workable,stockholm-environment-institute-oxford-centre
Stockholm Environment Institute U.S.,workable,stockholm-environment-institute-3
StoreHub,workable,storehub
"StoryTerrace, Your Personal Biographer",workable,storyterrace
STR,workable,str
Strand Finance Inc.,workable,strand-finance
Stranger Soccer,workable,stranger-soccer-1
Strategic Legal Practices,workable,slp
Stream Data Centers,workable,stream-dc
Streamline Innovations,workable,streamline-innovationsinc
Streamoid Technologies,workable,streamoid
Street Child,workable,streetchildcareers
StrideUp,workable,strideup
Stronger Consulting,workable,stronger-consulting
StructureFlow,workable,structureflow
STUDIO,workable,studio
Studio Dental,workable,studio-dental
Studio Gobo,workable,studiogobo
StudioXAG,workable,studioxag
Studyportals,workable,studyportals
Suade,workable,suade
Subscript,workable,subscript
Substance | Level Up by Substance,workable,getsubstance
Substrakt,workable,substrakt
Success Tutoring,workable,success-tutoring
Sumble Inc,workable,sumble-inc
Summus Global,workable,summusglobal
Sundae School,workable,sundae-school
Sundays For Dogs,workable,sundays-for-dogs
Sunlighten,workable,sunlighten
Sunrider Europe Inc,workable,dwed
Sunstone,workable,sunstone-eduversity
Suntria,workable,suntria
Supahands,workable,supahandsmy
Supermassive Games,workable,supermassive-games
Supernormal,workable,supernormal
Superprof,workable,superprof-1
SuperStaff,workable,apply-superstaffjobs
Supertech Group,workable,supertech-group
Supplied Talent,workable,suppliedtalent
SupplyCore,workable,supplycore-1
SupplyHouse.com,workable,supply-house
Support Shepherd,workable,jobssomewhere
SupportYourApp,workable,supportyourapp
Supy,workable,supy-2
Surge Entertainment,workable,surge-entertainment
Surich Asset Management Limited,workable,surich-asset-management-limited
SVP Vancouver,workable,svp-vancouver
Swans,workable,swans
Swap,workable,swap
Swarovski,workable,swarovski
Sweatcoin,workable,sweatcoin
sweet,workable,sweet
Sweeten,workable,sweeten
swift,workable,swift
Swift Engineering,workable,swiftengineering
SwiftX Inc.,workable,swiftx-express
Swing Development (SwingDev),workable,swingdev
Swire Properties,workable,swire-properties
Swiss Data Science Center,workable,sdsc
SWITCHBOARD,workable,switchboard
Switchboard Hiring,workable,switchboard-hiring-1
SWK Technologies,workable,swk-tech
Swvl,workable,swvl
Swyg,workable,swyg
Swytch Technology,workable,swytchbike
Sylvan Health,workable,sylvan-health
Symmetrio,workable,symmetrio
Symphony Solution Inc,workable,symphony-solution-inc-1
Syntiant,workable,syntiant
Systems Engineering Solutions Corporation,workable,systems-engineering-solutions-corporation
SZNS Solutions LLC,workable,szns
Sécheron Hasler Group,workable,secheron-s-dot-a
Sézane,workable,sezane-3
TA Digital India,workable,ta-digital-india
Tabeo Ltd.,workable,tabeo-ltd
"Tablet Command, Inc.",workable,tablet-command
Tactiq.io,workable,tactiqio
Tagup Inc.,workable,tagup
Taiga Motors,workable,taigamotors
Take Eat Easy,workable,take-eat-easy
Taksu Digital,workable,taksudigital
Talarico for Texas,workable,talarico-for-texas
Talence Group LLC,workable,talencegroup
Talent Level Up,workable,talentlevelup
Talent Trader Group,workable,talent-trader-group
Talent Voyager,workable,talent-voyager
Talent Worx,workable,talworx
Talent-360.me,workable,talent3600
TalentNow Solutions,workable,talentnow-solutions
talentpluto,workable,talentpluto
Tamkeen Technologies,workable,tamkeentech
Tamnoon.io,workable,tamnoon-dot-i-o
Tanco Engineering,workable,tanco-engineering
Tandem,workable,madeintandem
Tarjama,workable,tarjama
tarte cosmetics,workable,tarte-inc
TaskForce,workable,taskforce
TAT Technologies Ltd,workable,tat-technologies-ltd
Tatu City,workable,tatucity
Tava Health,workable,tava-health
TAWANTECH,workable,tawantech
TaxJar,workable,taxjar
TB Philly Inc.,workable,tb-philly-inc
Team Architects,workable,team-architects
Team TPS (The Paradigm Shifters),workable,teamtps
Tech Ahoy!,workable,techahoy
Tech Firefly,workable,techfirefly
Tech Will Save Us,workable,twsu
"TechFlow, Inc.",workable,techflow
Techland,workable,techland-1
Technance,workable,technance
TechOp Solutions International,workable,techop-solutions-international
Techpresso.io,workable,techpresso
Techsylvania,workable,techsylvania
TechTellent,workable,techtellent
TechWings,workable,techwings
Tecknoworks Europe,workable,tecknoworks
Tecsa,workable,tecsa
Tecsys Inc.,workable,tecsys
Teikametrics,workable,teikametrics
Telementum Global,workable,telementum
Teleport,workable,teleport-careers
Telestream,workable,telestream
Tellow,workable,tellow
Telum Media,workable,telum-media
Ten Group,workable,ten-group
Tenjin,workable,tenjin-inc
tentree,workable,tentree
Terabase Energy,workable,terabase-energy
Teragonia,workable,teragonia
Teramind,workable,teramind-1
Tes Global,workable,tes-global
Tesla Laboratories. Inc.,workable,tesla-labs
testRigor,workable,testrigor
Testronic,workable,testronic
TetraScience,workable,tetrascience
Texas Health Action,workable,texashealthaction
TextMaster,workable,textmaster
"TextNow, Inc.",workable,textnow-inc
TFT Global (USA) Inc.,workable,tft-global-usa-inc
Thanks,workable,thanks-co
The Alinea Group,workable,the-alinea-group-1
The Alliance for Gender Equality in Europe,workable,allianceforgenderequality
The American University of Paris,workable,the-american-university-of-paris
The Arc of Ocean County,workable,the-arc-of-ocean-county
The Asian American Foundation,workable,the-asian-american-foundation
The Back Room Offshoring Inc.,workable,backroomoffshoringinc
The Boundary,workable,the-boundary
The Boutique COO,workable,the-boutique-coo
The Brydon Group,workable,the-brydon-group
The Chope Group Pte Ltd,workable,the-chope-group-pte-ltd
The Closet Lover,workable,theclosetlover
The Common Market,workable,the-common-market
The Corporate Law Academy,workable,tcla
The Credit Pros,workable,the-credit-pros
The Dental Group,workable,thedentalgroup
The Dot Group,workable,the-dot-group-2
The Drum,workable,the-drum
The Education Equality Institute,workable,the-educational-equality-institute
The Fairness Project,workable,fairnessproject
The Fashion Goat Pty Ltd,workable,peppermayo
The Faulkner Automotive Group,workable,faulkner
The Flowery,workable,theflowery
The Flowery NY,workable,the-flowery-ny
The Focusrite Group,workable,focusrite
The Growth Center,workable,the-growth-center
The Herring Group,workable,the-herring-group
the Hiring Room,workable,the-hiring-room
The ICE List,workable,theicelist
The Influencer Marketing Factory,workable,influencer-marketing-factory
The Jewish Federations of North America,workable,the-jewish-federations-of-north-america
The June,workable,the-june
The London Display Company Limited,workable,the-london-display-company-limited
The London Interdisciplinary School,workable,lisacuk
The Luxury Closet,workable,the-luxury-closet
The McLean Group,workable,the-mclean-group
The Merry Beggars,workable,themerrybeggars
The People Group,workable,thepeoplegroup
The Proactive Technology Group,workable,the-proactive-technology-group
The QUIKRETE® Companies,workable,quikrete
The Scalable Company,workable,scalable
The Semios Group,workable,semios
The Shannon Agency,workable,the-shannon-agency
The Shipyard,workable,theshipyard
The Social Station,workable,the-social-station
The Symicor Group,workable,the-symicor-group-1
The Telegraph,workable,telegraph
The Treetop ABA Therapy,workable,the-treetop-aba
The Trustees of Reservations,workable,thetrustees
The Tsui Group,workable,thetsuigroup
The Wesley Hotel,workable,the-wesley-hotel
TheCasbah,workable,casbah
TheGuarantors,workable,the-guarantors
TheIncLab,workable,theinclab
TheList,workable,thelist-app
Theodora,workable,theodora-1
TherapyNotes.com,workable,therapynotes
TheSoul Group,workable,thesoul-publishing-1
Think-it,workable,think-it
ThinkingIT Corp.,workable,thinkingit
ThinkWell,workable,thinkwell
ThinScale,workable,thinscale-technology-ltd
Third Space Learning,workable,thirdspacelearning
Thorlabs,workable,thorlabs
Thoughtworks Canada,workable,connected
Threads Styling Ltd.,workable,threadsstyling
ThreatMetrix,workable,threatmetrix
"Threatswitch, Inc.",workable,threatswitch-inc
Thunderhead Engineering,workable,thunderheadeng
Tiburcio Vasquez Health Center,workable,tiburcio-vasquez-health-center
TickPick,workable,tickpick
Tiger Analytics Inc.,workable,tiger-analytics
Tikkas,workable,tikkas
"TileDB, Inc.",workable,tiledb
timeOS,workable,timeos
Timescapes,workable,timescapes-co
tink GmbH,workable,tink
Tinkergarten,workable,tinkergarten
Tios Capital,workable,tios-capital
Tiraz Asbani,workable,tiraz-asbani
Titan Cloud,workable,titan-cloud
Tito's Handmade Vodka,workable,titos-handmade-vodka
TMEIC Corporation Americas,workable,tmeic-corporation-americas
tmp,workable,the-marketing-practice
TMWUnlimited...,workable,tmw
Toggl,workable,toggl-track-plan
Tomorrow,workable,tomorrow-2
TOMORROW HIRE,workable,tomorrow-hire
Tomorrow's Journey,workable,tomorrows-journey
Too Sweet Cakes,workable,too-sweet-cakes
Top Talents London,workable,top-talents
Topco Sales,workable,topco-sales
Toppr,workable,toppr
TORKLAW,workable,torklaw
Toronto International College,workable,toronto-international-college
Toronto Lands Corporation,workable,toronto-lands-corporation
Tortuga,workable,tortuga
"Total Care Services, Inc.",workable,totalcareservices
"Total Life, Inc.",workable,total-life
Touchstone,workable,touchstone
"Tower Staffing, Inc.",workable,tower-staffing-inc
Tower Water,workable,tower-water
Toyota Tsusho Systems,workable,toyota-tsusho-systems
TP-Link Systems Inc.,workable,tp-link-usa-corp
Trading Tips,workable,tradingtips
TradingHub,workable,tradinghub
Trail of Bits,workable,trailofbits
Training The Street,workable,trainingthestreet
Trala,workable,trala
"Transcend Spatial Solutions, LLC",workable,transcend-spatial-solutions-llc
TransferGo,workable,transfergo
Transfermate,workable,transfermate
Transformations Community,workable,transformations-community
Transifex,workable,transifex
Transmax,workable,transmax
TransWest Mobility,workable,transwest
Trantor Software,workable,trantor
Travis CI,workable,travisci
Tree Fresno,workable,tree-fresno
Treewalk Consulting Inc.,workable,treewalk-accounting
Tresata,workable,tresata
Trexquant Investment,workable,trexquant
Tricoci University,workable,tricoci-university
Trifecta Retail Ventures,workable,trv
Trilagen,workable,trilagen
Trilo,workable,trilo
Trinny London,workable,trinnylondon
Trio scs,workable,trio-scs
Tripledot Studios,workable,tripledotstudios
Trivium,workable,trivium
"TRL11, Inc.",workable,trl11-inc
Trouva,workable,trouva
TRP Infrastructures,workable,trp-infrastructures
"TrueDialog, Inc.",workable,truedialog-inc
Truly,workable,truly
Trust Keith,workable,trust-keith
Trustmi Network Ltd.,workable,trustmi
Tsao Foundation,workable,tsao-foundation
TTP,workable,ttp
Tugende,workable,tugende
TurtleTree,workable,turtletree
Tutor Me Education,workable,tutor-me-education-1
Tutored by Teachers,workable,tutoredbyteachers
Tutors Green,workable,tutors-green-1
tvg,workable,tvg-hospitality
TWG Global AI,workable,twgai
Twine,workable,twine
Two,workable,twoinc
Two95 International Inc.,workable,two95-international-inc-3
Twos,workable,twos
TWOSENSE.AI,workable,twosense
Tyde Digital,workable,tyde-digital-1
TydeCo,workable,tydeco
Tyk Technologies,workable,tyk-technologies
Tymit,workable,tymit
U.S .Vision,workable,us-vision-3
Ubiqus Reporting Inc.,workable,ubiqus
UBREAKIFIX,workable,ubreakifix-20
UCP Oregon,workable,united-cerebral-palsy-of-oregon-sw-washington
Ultimate Performance,workable,ultimateperformance
Umniah,workable,umniah
Unacast,workable,unacast
UnboundEd,workable,unbounded
Unbox,workable,unbox
Uncapped,workable,uncapped
UNIFI Autism Care,workable,unifi-autism-care
Unifize,workable,unifize
Unimacts Global,workable,unimacts
Unimed Maritime Solutions,workable,universal-marine-medical
Union Heritage,workable,union-heritage
Union Home Mortgage,workable,union-home-mortgage
Union Maritime,workable,union-maritime
Uniphar Medtech,workable,uniphar-medtech
Unit8 SA,workable,unit8
Unite America,workable,uniteamerica
United Greeneries,workable,united-greeneries
UNITH,workable,unith
Universal Energy Solutions,workable,ues-careers
Universe,workable,universe-2
UniverseMT Corp.,workable,universemt-corp
University of Mount Saint Vincent,workable,university-of-mount-saint-vincent
University System of Maryland Office,workable,usm-office
unspun,workable,unspun
UNTUCKit,workable,untuckit
Unusual Machines,workable,unusual-machines
UpClear,workable,upclear
Upgrade,workable,upgrade-1
UpMail Solutions,workable,upmail
Urban,workable,urbanco
URBAN MONEY PVT LTD,workable,urban-money-pvt-ltd-2
Urbanise,workable,urbanise
Urbint,workable,urbint
Ursa Major Skincare,workable,ursa-major-vt
USA Clinics Group,workable,usa-vein-clinics
Userbrain,workable,userbrain
UserEvidence,workable,userevidence
UserZoom,workable,userzoom
Ushahidi,workable,ushahidi
UtilitiesOne,workable,utilitiesone-1
UTR Sports,workable,universal-tennis
"UWorld, LLC",workable,uworld
Uxbert Labs,workable,uxbert-labs-1
V3 Middle East Engineering Consultants,workable,v3-middle-east-engineering-consultants
V4C.ai,workable,v4c
Vable,workable,vable
Valatam,workable,valatam
Valer,workable,voluware
ValGenesis,workable,valgenesis-1
Validus Risk Management,workable,validus-risk-management
Valley Services,workable,valley-services
Valneva,workable,valneva
Valor Protection Safety Agency,workable,vpsa
Valsoft Corporation,workable,valsoft-corp
Vantage Point,workable,vantagepointconsult
Vasion,workable,vasion
Vatica Health,workable,vatica-health
VavaCars,workable,vavacars
Vayyar,workable,vayyar
Vcare Hospitality Services,workable,vcare-hospitality-services
"Vector North America, Inc.",workable,vectornorthamerica
Velan Studios,workable,velanstudios
Veld Capital,workable,veldcap
Velocity Trade,workable,velocity-trade
Velora,workable,velora
Velotio Technologies,workable,velotio
Ventrata,workable,ventrata
Venture Global Engineering,workable,venture-global-engineering
VentureFriends,workable,venturefriendsvc
Veracross,workable,veracross
Vercingetorix Technologies,workable,vercingetorix
Verinext,workable,verinext
Verisian,workable,verisian
Verista,workable,verista
Verlabs,workable,verlabs-com
Verneek,workable,verneek
"VersaTrial, Inc.",workable,versatrial
Vertex Sigma Software,workable,vertex-sigma-software
Vertin,workable,vertin
Verve Ventures,workable,verveventures
Veryday,workable,veryday
VesprSolar,workable,vesprsolar-1
Vessels Value Ltd,workable,vessels-value-ltd
Vesta Home,workable,vestahome
Vesynta,workable,vesynta
Veterans Engineering,workable,veterans-engineering-2
Veterans Launch Inc,workable,veterans-launch-inc
Veterinary Staffing Pros,workable,veterinary-staffing-pros-1
Vezeeta,workable,vezeeta
VIA,workable,via-science
Vibrant ABA,workable,vibrant-aba
Vidapp,workable,vidapp
Videobot Ltd,workable,vbot
VIGILINT,workable,vigilint
Vinmar International,workable,vinmar-international
Vinterior,workable,vinterior
Viralstyle,workable,viralstyle
Virgin,workable,virgin
Vironix AI,workable,vironix-ai
Virtasant,workable,virtasant
Virtual Assist,workable,virtual-assist
Virtusa Polaris,workable,virtusa-polaris
Visage.jobs,workable,visage-dot-j-obs-1
Visalaw AI,workable,visalawai
Visit.org,workable,visit
VisitorsCoverage Inc.,workable,visitorscoverage-inc
Vista Group,workable,vista-group
Visual BI Solutions Inc,workable,visualbi
Vita Green,workable,vitagreen
Vitae Health Systems,workable,vitae-health-systems
"Vitality Group International, Inc.",workable,vitalitygroup
Vitaly Health,workable,vitaly-health
Vivaldi Group,workable,vivaldi-group
Vivid Money,workable,vivid-money
Vix Technology,workable,vix-technology
Vizrt,workable,vizrt
Vogt Power,workable,vogtpower
VoicedIQ®,workable,voicediq
Volga Partners,workable,volga-partners
Volt.io,workable,volt-dot-i-o
Volution,workable,volution
Vortexa,workable,vortexa
Vouched,workable,vouched
Voyage Foods,workable,voyagefoods
Voyc,workable,voyc
Vuealta,workable,vuealta
Waed Ventures,workable,waed-1
Wake Research,workable,wake-research
Waking Up,workable,waking-up-1
Walking Tree,workable,walkingtree
Wallbox,workable,wallbox
Wallee,workable,wallee
Wallop,workable,walloprecruitment
WALT Labs,workable,walt-labs
Walter,workable,walter-careers
Wantable,workable,wantable-careers
WarrCloud,workable,warrcloud
Wasserman,workable,wasserman-1
WaterAid,workable,wateraid
Watson Institute,workable,watson-institute
"WaveStrong, Inc.",workable,wavestrong
Wavicle Data Solutions,workable,wavicle-data-solutions
Wayman Group,workable,wayman-group
Waypoint Maine,workable,waypointmaine
Wayzontech Services Pvt. Ltd.,workable,wayzontech-services-pvt-ltd
"WBParts, Inc.",workable,wbpartsinc
We Are Social,workable,we-are-social-1
WeatherBug,workable,weatherbug
Weave,workable,weave
WebCreators.in,workable,creators
webhotelier | primalres,workable,webhotelier
WebProps.org,workable,webprops
Weee!,workable,sayweee
Weekday AI,workable,weekday-1
Wefluens,workable,wefluens-1
Welcome,workable,welcome-jobs
Welovesupermom Pte Ltd,workable,welovesupermom-pte-ltd
WeNext Europe B.V.,workable,wenext-europe
WeSki,workable,weski
Westcoast Actuaries Inc.,workable,westcoast-actuaries-inc
Western Construction Group,workable,western-construction-group
whatsapp,workable,whatsapp
Whip Around,workable,whiparound
White Pearl Hospitality,workable,white-pearl-hospitality
"White Rabbit Ventures, LLC",workable,whiterabbit
White Swan Data,workable,whiteswandata
Whitespectre,workable,whitespectre
Whizz,workable,whizz
Wider Circle,workable,wider-circle
Widilo,workable,widilo
WiFi Tribe,workable,wifi-tribe
Wildlife Works,workable,wildlife-works
"WilkinGuttenplan, P.C.",workable,wilkinguttenplan
Willett Distillery,workable,willett-distillery
Williams Parker,workable,williams-parker
WINGS ICT SOLUTIONS S.A.,workable,wings-ii
"Wingz, Inc",workable,wingz
Wipro Technologies,workable,applied-value-tech
Wirecard Asia,workable,wirecard-asia-holding-pte-ltd
Wisdom Sprouts,workable,wisdom-sprouts
Wisevu,workable,wisevu
Withings,workable,withings
WittyCommerce,workable,wittycommerce
Wizcorp Inc,workable,wizcorp
Wizer,workable,wizer
WNS,workable,wnscareers
Wolf & Badger,workable,wolfandbadger
"Wolf Carries, LLC",workable,wolfcarries-llc
Wolff Olins,workable,wolff-olins
Women Donors Network,workable,womendonorsnetwork
Woof Together,workable,woof-together-1
Woolf,workable,woolf
Wooplr,workable,wooplr
WORDPRESS,workable,wordpress
Workable,workable,careers
Workana,workable,workana-premium
"Workbox Holdings, Inc.",workable,workbox-company
workers,workable,workers
Working Solutions,workable,working-solutions
"WorkMoney, Inc.",workable,workmoney
WorkMotion,workable,workmotion
WorkSquare,workable,worksquare
WorkStep,workable,workstep
Workx Middle East FZC LLC,workable,workx-middle-east-fzc-llc
Workyard,workable,workyard
"World Business Lenders, LLC",workable,commercial-lending
World Central Kitchen,workable,world-central-kitchen
WorldVia,workable,worldviatravel
Worth AI,workable,worthai
Woven,workable,woven
Wowza Media Systems,workable,wowza-media-systems
WP Media,workable,wp-media
WPT Global,workable,wpt-global
Writesonic,workable,writesonic
"WRMC, Inc.",workable,wrmc
WS Development,workable,ws-development
WSU Tech,workable,wsutech
WWF,workable,wwf
X UP Brands,workable,x-up-brands
X-PHY,workable,flexxon-1
Xe,workable,xe
XIO,workable,xio
Xodus Group,workable,xodus-group
XperiencOps Inc,workable,xops
Xplore Inc.,workable,xplore-inc
xponentiate,workable,xponentiate
Xpress Wellness Urgent Care,workable,xpress-wellness-urgent-care-2
XQ,workable,xqthesuperschoolproject
XR Extreme Reach,workable,extremereach
XXperiential Marketing Group,workable,xxperiential-marketing-group
Y Combinator,workable,ycombinator
Yahoo,workable,yahoo
YAP Global,workable,yap-global
YASO,workable,yaso
YayPay,workable,yaypay
YBF Ventures,workable,ybfventures
Yellow Leaf Hammocks,workable,yellowleaf
Yikodeen Footwear Limited,workable,yikodeen-footwear-limited
YMT,workable,yieldmartech
Yobota,workable,yobota
Yoda Tech,workable,yoda-tech
YouLend,workable,youlend-1
YouTrip,workable,youtrip
Yyyyyyyyyyy,workable,yyyyyyyyy
Zaelab,workable,zaelab
ZainCash,workable,zaincash-1
Zams,workable,zams
Zealthy,workable,zealthy
Zearn,workable,zearn
Zeel,workable,zeel
Zeelo,workable,zeelo
Zego,workable,zego
Zenara Health,workable,zenara-health
Zenarate,workable,zenarate
Zengistics,workable,zengistics
Zenoti,workable,zenoti
Zero Down Lease,workable,zero-down-lease
Zero Labs Automotive,workable,zerolabs
ZeroFox,workable,zerofox
zeroheight,workable,zeroheight
ZEST Preparatory Academy,workable,zestprep
Zgraph,workable,zgraph
Zicasso,workable,zicasso
Zifo,workable,zifo
ZigZag Global,workable,zigzag-global
ZILO,workable,zilo-1
Zinc,workable,zinc-work
Zinc Network,workable,zincnetwork
Zipdev,workable,zipdev
ZipLiens,workable,zipliens
Zipline.io,workable,zipline-io
Zirous,workable,zirous
Zirtual,workable,zirtual-llc
Ziyut Al Adaa,workable,ziyut-al-adaa
Zoomo,workable,zoomo
Zycus,workable,zycus-1
Zzish,workable,zzish
