name,ats,slug,source_url
"001-Dialysis Clinic, Inc.-Nashville, TN- Corporate Office",icims,careers-dialysisclinic.icims.com,https://careers-dialysisclinic.icims.com/jobs/search?ss=1
1199Funds,icims,ec-1199funds.icims.com,https://ec-1199funds.icims.com/jobs/search?ss=1
2020 Companies,icims,careers-2020companies.icims.com,https://careers-2020companies.icims.com/jobs/search?ss=1
2020 Companies,icims,talentline-2020companies.icims.com,https://talentline-2020companies.icims.com/jobs/search?ss=1
2Wglobal,icims,careers-2wglobal.icims.com,https://careers-2wglobal.icims.com/jobs/search?ss=1
360care LLC,icims,careers-360care.icims.com,https://careers-360care.icims.com/jobs/search?ss=1
42 North Dental,icims,careers-42northdental.icims.com,https://careers-42northdental.icims.com/jobs/search?ss=1
42 North Dental,icims,careers-gentledental.icims.com,https://careers-gentledental.icims.com/jobs/search?ss=1
42Northdental,icims,dentalcareers-42northdental.icims.com,https://dentalcareers-42northdental.icims.com/jobs/search?ss=1
"48Forty Solutions, LLC",icims,careers-48forty.icims.com,https://careers-48forty.icims.com/jobs/search?ss=1
"48Forty Solutions, LLC",icims,salaryjobs-48forty.icims.com,https://salaryjobs-48forty.icims.com/jobs/search?ss=1
7-Eleven,icims,operations-ok7-eleven.icims.com,https://operations-ok7-eleven.icims.com/jobs/search?ss=1
74Software,icims,careers-axway.icims.com,https://careers-axway.icims.com/jobs/search?ss=1
84Lumber,icims,careers-84lumber.icims.com,https://careers-84lumber.icims.com/jobs/search?ss=1
84Lumber,icims,careers2-84lumber.icims.com,https://careers2-84lumber.icims.com/jobs/search?ss=1
92nd Street Y,icims,external-92y.icims.com,https://external-92y.icims.com/jobs/search?ss=1
"[Brown Refrigeration Cooling, Heating, Plumbing and Electrical]]",icims,careers-brownref.icims.com,https://careers-brownref.icims.com/jobs/search?ss=1
[CJS Heating Cooling Plumbing]],icims,careers-cjsheatingandair.icims.com,https://careers-cjsheatingandair.icims.com/jobs/search?ss=1
[Haining Home Services],icims,careers-haininghomeservices.icims.com,https://careers-haininghomeservices.icims.com/jobs/search?ss=1
[Northern Comfort]],icims,careers-northerncomfortsystems.icims.com,https://careers-northerncomfortsystems.icims.com/jobs/search?ss=1
[ServiceOne],icims,career-serviceone.icims.com,https://career-serviceone.icims.com/jobs/search?ss=1
A.B May,icims,careers-abmay.icims.com,https://careers-abmay.icims.com/jobs/search?ss=1
A.C. Coy,icims,careers-accoy.icims.com,https://careers-accoy.icims.com/jobs/search?ss=1
A.C. Coy,icims,careers-prequel.icims.com,https://careers-prequel.icims.com/jobs/search?ss=1
A.C. Coy,icims,careers-tier1.icims.com,https://careers-tier1.icims.com/jobs/search?ss=1
A.W. Chesterton Company,icims,application-chesterton.icims.com,https://application-chesterton.icims.com/jobs/search?ss=1
A.W. Chesterton Company,icims,internalcareers-chesterton.icims.com,https://internalcareers-chesterton.icims.com/jobs/search?ss=1
A.W. Chesterton Company,icims,resume-chesterton.icims.com,https://resume-chesterton.icims.com/jobs/search?ss=1
AAA Life Insurance Company,icims,careers-aaalife.icims.com,https://careers-aaalife.icims.com/jobs/search?ss=1
Aarp,icims,careers-aarp.icims.com,https://careers-aarp.icims.com/jobs/search?ss=1
Aarp,icims,intern-aarp.icims.com,https://intern-aarp.icims.com/jobs/search?ss=1
Abacus,icims,careers-abacusplumbing.icims.com,https://careers-abacusplumbing.icims.com/jobs/search?ss=1
Abacus Technology,icims,careers-abacustech.icims.com,https://careers-abacustech.icims.com/jobs/search?ss=1
Abile Headquarters,icims,careers-abilegroup.icims.com,https://careers-abilegroup.icims.com/jobs/search?ss=1
ABILITY Website,icims,careers-abilitynetwork.icims.com,https://careers-abilitynetwork.icims.com/jobs/search?ss=1
Able,icims,globalcareers-n-able.icims.com,https://globalcareers-n-able.icims.com/jobs/search?ss=1
"Absolute Electrical, Heating, & Cooling",icims,careers-absolutefix.icims.com,https://careers-absolutefix.icims.com/jobs/search?ss=1
Absolute Services,icims,careers-absoluteservices.icims.com,https://careers-absoluteservices.icims.com/jobs/search?ss=1
Academy Air,icims,careers-academyair.icims.com,https://careers-academyair.icims.com/jobs/search?ss=1
Acadia Healthcare,icims,careers-acadiahealthcare.icims.com,https://careers-acadiahealthcare.icims.com/jobs/search?ss=1
Acadia Healthcare,icims,facilityjobs-acadiahealthcare.icims.com,https://facilityjobs-acadiahealthcare.icims.com/jobs/search?ss=1
Acadia Healthcare,icims,non-corporate-acadiahealthcare.icims.com,https://non-corporate-acadiahealthcare.icims.com/jobs/search?ss=1
Acadia Healthcare,icims,physicians-acadiahealthcare.icims.com,https://physicians-acadiahealthcare.icims.com/jobs/search?ss=1
Accentcare,icims,careers-accentcare.icims.com,https://careers-accentcare.icims.com/jobs/search?ss=1
"AccentCare, Inc.",icims,internal-accentcare.icims.com,https://internal-accentcare.icims.com/jobs/search?ss=1
Accion International,icims,jobs-accion.icims.com,https://jobs-accion.icims.com/jobs/search?ss=1
ACE Home Services,icims,careers-acehome.icims.com,https://careers-acehome.icims.com/jobs/search?ss=1
"Acero Charter Schools, Inc.",icims,careers-aceroschools.icims.com,https://careers-aceroschools.icims.com/jobs/search?ss=1
Actalent Services,icims,careers-actalentservices.icims.com,https://careers-actalentservices.icims.com/jobs/search?ss=1
"Active Media Services, Inc.",icims,jobs-activeinternational.icims.com,https://jobs-activeinternational.icims.com/jobs/search?ss=1
Acts,icims,careers-actslife.icims.com,https://careers-actslife.icims.com/jobs/search?ss=1
Acuity,icims,careers-myacuity.icims.com,https://careers-myacuity.icims.com/jobs/search?ss=1
Adastra Corporation,icims,careers-adastragrp.icims.com,https://careers-adastragrp.icims.com/jobs/search?ss=1
Addison,icims,careers-addison.icims.com,https://careers-addison.icims.com/jobs/search?ss=1
Adisseo,icims,careers-en-adisseo.icims.com,https://careers-en-adisseo.icims.com/jobs/search?ss=1
ADL,icims,careers-adl.icims.com,https://careers-adl.icims.com/jobs/search?ss=1
ADL,icims,internal-adl.icims.com,https://internal-adl.icims.com/jobs/search?ss=1
ADS Careers - ADS Pipe,icims,careers-ads-pipe.icims.com,https://careers-ads-pipe.icims.com/jobs/search?ss=1
ADS Careers - ADS Pipe,icims,careers-adspipe.icims.com,https://careers-adspipe.icims.com/jobs/search?ss=1
ADS Careers - ADS Pipe,icims,careers-cultec.icims.com,https://careers-cultec.icims.com/jobs/search?ss=1
ADS Careers - ADS Pipe,icims,careers-jetpolymer.icims.com,https://careers-jetpolymer.icims.com/jobs/search?ss=1
ADS Careers - ADS Pipe,icims,drivercareers-ads-pipe.icims.com,https://drivercareers-ads-pipe.icims.com/jobs/search?ss=1
ADS Careers - ADS Pipe,icims,drivercareers-adspipe.icims.com,https://drivercareers-adspipe.icims.com/jobs/search?ss=1
ADS Careers - ADS Pipe,icims,iwtcareers-ads-pipe.icims.com,https://iwtcareers-ads-pipe.icims.com/jobs/search?ss=1
Adstra,icims,careers-adstra.icims.com,https://careers-adstra.icims.com/jobs/search?ss=1
Adstra,icims,careers-alc.icims.com,https://careers-alc.icims.com/jobs/search?ss=1
Adstra,icims,careers-belardiwong.icims.com,https://careers-belardiwong.icims.com/jobs/search?ss=1
Advance Care Alliance Of NY Inc.,icims,careers-advancecarealliance.icims.com,https://careers-advancecarealliance.icims.com/jobs/search?ss=1
Advanced,icims,internationalcareers-oneadvanced.icims.com,https://internationalcareers-oneadvanced.icims.com/jobs/search?ss=1
Advanced Physical Therapy,icims,careers-advancedphysicaltherapy.icims.com,https://careers-advancedphysicaltherapy.icims.com/jobs/search?ss=1
Advancial Federal Credit Union,icims,careers-advancial.icims.com,https://careers-advancial.icims.com/jobs/search?ss=1
Advantage,icims,careers-feeltheadvantage.icims.com,https://careers-feeltheadvantage.icims.com/jobs/search?ss=1
Advantage Sales & Marketing LLC dba Advantage Solutions,icims,advantage2-asm.icims.com,https://advantage2-asm.icims.com/jobs/search?ss=1
Advantage Sales & Marketing LLC dba Advantage Solutions,icims,advantagetalentservices-usjobs.icims.com,https://advantagetalentservices-usjobs.icims.com/jobs/search?ss=1
Advantage Sales & Marketing LLC dba Advantage Solutions,icims,amp-uscareers.icims.com,https://amp-uscareers.icims.com/jobs/search?ss=1
Advantage Sales & Marketing LLC dba Advantage Solutions,icims,as-canada-careersfrench.icims.com,https://as-canada-careersfrench.icims.com/jobs/search?ss=1
Advantage Sales & Marketing LLC dba Advantage Solutions,icims,canadacareers-asm.icims.com,https://canadacareers-asm.icims.com/jobs/search?ss=1
Advantage Sales & Marketing LLC dba Advantage Solutions,icims,careers-asm.icims.com,https://careers-asm.icims.com/jobs/search?ss=1
Advantage Sales & Marketing LLC dba Advantage Solutions,icims,cds-canada-careersenglish.icims.com,https://cds-canada-careersenglish.icims.com/jobs/search?ss=1
Advantage Sales & Marketing LLC dba Advantage Solutions,icims,cds-canada-careersfrench.icims.com,https://cds-canada-careersfrench.icims.com/jobs/search?ss=1
Advantage Sales & Marketing LLC dba Advantage Solutions,icims,cds-uscareers.icims.com,https://cds-uscareers.icims.com/jobs/search?ss=1
Advantage Sales & Marketing LLC dba Advantage Solutions,icims,cds2-asm.icims.com,https://cds2-asm.icims.com/jobs/search?ss=1
Advantage Sales & Marketing LLC dba Advantage Solutions,icims,daymon-canadacareers.icims.com,https://daymon-canadacareers.icims.com/jobs/search?ss=1
Advantage Sales & Marketing LLC dba Advantage Solutions,icims,daymon-uscareers.icims.com,https://daymon-uscareers.icims.com/jobs/search?ss=1
Advantage Sales & Marketing LLC dba Advantage Solutions,icims,internal-asm.icims.com,https://internal-asm.icims.com/jobs/search?ss=1
Advantage Sales & Marketing LLC dba Advantage Solutions,icims,retailodyssey-uscareers.icims.com,https://retailodyssey-uscareers.icims.com/jobs/search?ss=1
Advantage Sales & Marketing LLC dba Advantage Solutions,icims,sas1-asm.icims.com,https://sas1-asm.icims.com/jobs/search?ss=1
Advantage Sales & Marketing LLC dba Advantage Solutions,icims,saspro-uscareers.icims.com,https://saspro-uscareers.icims.com/jobs/search?ss=1
Advantage Sales & Marketing LLC dba Advantage Solutions,icims,sasretail-uscareers.icims.com,https://sasretail-uscareers.icims.com/jobs/search?ss=1
Advantage Sales & Marketing LLC dba Advantage Solutions,icims,uscareers-asm.icims.com,https://uscareers-asm.icims.com/jobs/search?ss=1
Advantage Sales & Marketing LLC dba Advantage Solutions,icims,uscareers2-asm.icims.com,https://uscareers2-asm.icims.com/jobs/search?ss=1
Advantage Smollan,icims,careers-relfm.icims.com,https://careers-relfm.icims.com/jobs/search?ss=1
Advocates,icims,careers-advocatesinc.icims.com,https://careers-advocatesinc.icims.com/jobs/search?ss=1
Advocates,icims,internal-advocatesinc.icims.com,https://internal-advocatesinc.icims.com/jobs/search?ss=1
Aegis Living,icims,careers-aegisliving.icims.com,https://careers-aegisliving.icims.com/jobs/search?ss=1
Aegis Living,icims,careers2-aegisliving.icims.com,https://careers2-aegisliving.icims.com/jobs/search?ss=1
Aerotek,icims,canada-aerotek.icims.com,https://canada-aerotek.icims.com/jobs/search?ss=1
Aerotek,icims,careers-aerotek.icims.com,https://careers-aerotek.icims.com/jobs/search?ss=1
"Affiliated Engineers, Inc.",icims,careers-aeieng.icims.com,https://careers-aeieng.icims.com/jobs/search?ss=1
Affinius Capital,icims,careers-affiniuscapital.icims.com,https://careers-affiniuscapital.icims.com/jobs/search?ss=1
Affinius Capital,icims,careers-realco.icims.com,https://careers-realco.icims.com/jobs/search?ss=1
Affinius Capital,icims,careers-usaarealestatecareers.icims.com,https://careers-usaarealestatecareers.icims.com/jobs/search?ss=1
Affinius Capital,icims,ulscareers-realco.icims.com,https://ulscareers-realco.icims.com/jobs/search?ss=1
Affordable Care,icims,careers-affordablecare.icims.com,https://careers-affordablecare.icims.com/jobs/search?ss=1
Agapecare,icims,careers-agapecare.icims.com,https://careers-agapecare.icims.com/jobs/search?ss=1
"AGNC Mortgage Management, LLC.",icims,careers-agnc.icims.com,https://careers-agnc.icims.com/jobs/search?ss=1
Agrace Employment Opportunities - Agrace HospiceCare,icims,careers-agrace.icims.com,https://careers-agrace.icims.com/jobs/search?ss=1
AHMC Healthcare,icims,careers-ahmchealth.icims.com,https://careers-ahmchealth.icims.com/jobs/search?ss=1
AHRC Nassau,icims,advantagecarecareers-ahrc.icims.com,https://advantagecarecareers-ahrc.icims.com/jobs/search?ss=1
AHRC Nassau,icims,brookvillecareers-ahrc.icims.com,https://brookvillecareers-ahrc.icims.com/jobs/search?ss=1
AHRC Nassau,icims,careers-ahrc.icims.com,https://careers-ahrc.icims.com/jobs/search?ss=1
AHRC Nassau,icims,citizenscareers-ahrc.icims.com,https://citizenscareers-ahrc.icims.com/jobs/search?ss=1
AHRC Nassau,icims,internal-ahrc.icims.com,https://internal-ahrc.icims.com/jobs/search?ss=1
AIDS Healthcare Foundation,icims,aidatlanta-aidshealth.icims.com,https://aidatlanta-aidshealth.icims.com/jobs/search?ss=1
AIDS Healthcare Foundation,icims,careers-aidshealth.icims.com,https://careers-aidshealth.icims.com/jobs/search?ss=1
AIDS Healthcare Foundation,icims,fellowships-aidshealth.icims.com,https://fellowships-aidshealth.icims.com/jobs/search?ss=1
AIDS Healthcare Foundation,icims,global-careers-aidshealth.icims.com,https://global-careers-aidshealth.icims.com/jobs/search?ss=1
AIDS Healthcare Foundation,icims,internal-aidshealth.icims.com,https://internal-aidshealth.icims.com/jobs/search?ss=1
Aidt,icims,careers-aidt.icims.com,https://careers-aidt.icims.com/jobs/search?ss=1
AIDT,icims,resume-aidt.icims.com,https://resume-aidt.icims.com/jobs/search?ss=1
Aiicfl,icims,careers-aiicfl.icims.com,https://careers-aiicfl.icims.com/jobs/search?ss=1
Aimbridge Hospitality,icims,careers-aimbridge.icims.com,https://careers-aimbridge.icims.com/jobs/search?ss=1
Aimbridge Hospitality,icims,careersesp-aimbridge.icims.com,https://careersesp-aimbridge.icims.com/jobs/search?ss=1
Aimbridge Hospitality,icims,internal-aimbridge.icims.com,https://internal-aimbridge.icims.com/jobs/search?ss=1
Aioinissaydowa,icims,careers-aioinissaydowa.icims.com,https://careers-aioinissaydowa.icims.com/jobs/search?ss=1
Air America Air Conditioning & Plumbing,icims,careers-airamericaac.icims.com,https://careers-airamericaac.icims.com/jobs/search?ss=1
"Air Line Pilots Association, Int'l.",icims,jobs-alpa.icims.com,https://jobs-alpa.icims.com/jobs/search?ss=1
Air Methods,icims,aircom-airmethods.icims.com,https://aircom-airmethods.icims.com/jobs/search?ss=1
Air Methods,icims,careers-airmethods.icims.com,https://careers-airmethods.icims.com/jobs/search?ss=1
Air Methods,icims,careers-bluehawaiian.icims.com,https://careers-bluehawaiian.icims.com/jobs/search?ss=1
Air Methods,icims,clinical-jobs-airmethods.icims.com,https://clinical-jobs-airmethods.icims.com/jobs/search?ss=1
Air Methods,icims,corporate-airmethods.icims.com,https://corporate-airmethods.icims.com/jobs/search?ss=1
Air Methods,icims,dpl-airmethods.icims.com,https://dpl-airmethods.icims.com/jobs/search?ss=1
Air Methods,icims,internal-airmethods.icims.com,https://internal-airmethods.icims.com/jobs/search?ss=1
Air Methods,icims,mechanics-airmethods.icims.com,https://mechanics-airmethods.icims.com/jobs/search?ss=1
Air Methods,icims,pbs-airmethods.icims.com,https://pbs-airmethods.icims.com/jobs/search?ss=1
Air Methods,icims,pilot-careers-airmethods.icims.com,https://pilot-careers-airmethods.icims.com/jobs/search?ss=1
Air Methods,icims,unitedrotorcraft-airmethods.icims.com,https://unitedrotorcraft-airmethods.icims.com/jobs/search?ss=1
Air Tech of League City,icims,careers-bobsacandheat.icims.com,https://careers-bobsacandheat.icims.com/jobs/search?ss=1
Air Techs of Houston,icims,careers-airtechofhouston.icims.com,https://careers-airtechofhouston.icims.com/jobs/search?ss=1
Aireon,icims,careers-aireon.icims.com,https://careers-aireon.icims.com/jobs/search?ss=1
Airlines Reporting Corporation,icims,careers-arccorp.icims.com,https://careers-arccorp.icims.com/jobs/search?ss=1
Airswift,icims,careers-energy-worley.icims.com,https://careers-energy-worley.icims.com/jobs/search?ss=1
Airswift,icims,primat-registrations.icims.com,https://primat-registrations.icims.com/jobs/search?ss=1
Airswift,icims,registrations-energyresourcing.icims.com,https://registrations-energyresourcing.icims.com/jobs/search?ss=1
"AIT Worldwide Logistics, Inc",icims,apac-external-aitworldwide.icims.com,https://apac-external-aitworldwide.icims.com/jobs/search?ss=1
"AIT Worldwide Logistics, Inc",icims,austria-careers-aitworldwide.icims.com,https://austria-careers-aitworldwide.icims.com/jobs/search?ss=1
"AIT Worldwide Logistics, Inc",icims,careers-aitworldwide.icims.com,https://careers-aitworldwide.icims.com/jobs/search?ss=1
"AIT Worldwide Logistics, Inc",icims,emea-external-aitworldwide.icims.com,https://emea-external-aitworldwide.icims.com/jobs/search?ss=1
"AIT Worldwide Logistics, Inc",icims,german-external-aitworldwide.icims.com,https://german-external-aitworldwide.icims.com/jobs/search?ss=1
"AIT Worldwide Logistics, Inc",icims,ireland-careers-aitworldwide.icims.com,https://ireland-careers-aitworldwide.icims.com/jobs/search?ss=1
"AIT Worldwide Logistics, Inc",icims,italy-careers-aitworldwide.icims.com,https://italy-careers-aitworldwide.icims.com/jobs/search?ss=1
"AIT Worldwide Logistics, Inc",icims,netherlands-careers-aitworldwide.icims.com,https://netherlands-careers-aitworldwide.icims.com/jobs/search?ss=1
"AIT Worldwide Logistics, Inc",icims,prague-careers-aitworldwide.icims.com,https://prague-careers-aitworldwide.icims.com/jobs/search?ss=1
"AIT Worldwide Logistics, Inc",icims,switzerland-careers-aitworldwide.icims.com,https://switzerland-careers-aitworldwide.icims.com/jobs/search?ss=1
"AIT Worldwide Logistics, Inc",icims,turkey-careers-aitworldwide.icims.com,https://turkey-careers-aitworldwide.icims.com/jobs/search?ss=1
"AIT Worldwide Logistics, Inc",icims,uk-career-aitworldwide.icims.com,https://uk-career-aitworldwide.icims.com/jobs/search?ss=1
Ajg,icims,indiajobs-ajg.icims.com,https://indiajobs-ajg.icims.com/jobs/search?ss=1
Ajg,icims,usjobs-ajg.icims.com,https://usjobs-ajg.icims.com/jobs/search?ss=1
Ajinomoto Foods North America,icims,career-ajinomotofoods.icims.com,https://career-ajinomotofoods.icims.com/jobs/search?ss=1
Ajinomoto Health & Nutrition North America Inc,icims,careers-aci.icims.com,https://careers-aci.icims.com/jobs/search?ss=1
Ajinomoto Health & Nutrition North America Inc,icims,careers-ajiusa.icims.com,https://careers-ajiusa.icims.com/jobs/search?ss=1
Ajinomotofoods,icims,careers-ajinomotofoods.icims.com,https://careers-ajinomotofoods.icims.com/jobs/search?ss=1
Ajinomotofoods,icims,careerssalaried-ajinomotofoods.icims.com,https://careerssalaried-ajinomotofoods.icims.com/jobs/search?ss=1
Akahi Associates,icims,careers-akahillc.icims.com,https://careers-akahillc.icims.com/jobs/search?ss=1
Akima,icims,careers-akima.icims.com,https://careers-akima.icims.com/jobs/search?ss=1
Akima,icims,offer-akima.icims.com,https://offer-akima.icims.com/jobs/search?ss=1
Aktuelle jobmuligheder på {virksomhed},icims,careers-dn-merlinentertainments.icims.com,https://careers-dn-merlinentertainments.icims.com/jobs/search?ss=1
Alaska Airlines,icims,corporatejobs-alaskaair.icims.com,https://corporatejobs-alaskaair.icims.com/jobs/search?ss=1
Alaska Airlines,icims,employee-alaskaair.icims.com,https://employee-alaskaair.icims.com/jobs/search?ss=1
Alaska Airlines,icims,flightattendantjobs-alaskaair.icims.com,https://flightattendantjobs-alaskaair.icims.com/jobs/search?ss=1
Albany,icims,careers-albany.icims.com,https://careers-albany.icims.com/jobs/search?ss=1
Albert Einstein College of Medicine,icims,employee-einstein.icims.com,https://employee-einstein.icims.com/jobs/search?ss=1
Alberta Securities Commission,icims,careers-asc.icims.com,https://careers-asc.icims.com/jobs/search?ss=1
ALC Digital,icims,idify-careers.icims.com,https://idify-careers.icims.com/jobs/search?ss=1
Alcami,icims,careers-alcami.icims.com,https://careers-alcami.icims.com/jobs/search?ss=1
Alegeus,icims,careers-alegeus.icims.com,https://careers-alegeus.icims.com/jobs/search?ss=1
"Alera Group, Inc.",icims,gcgcareers-aleragroup.icims.com,https://gcgcareers-aleragroup.icims.com/jobs/search?ss=1
"Alera Group, Inc.",icims,internal-aleragroup.icims.com,https://internal-aleragroup.icims.com/jobs/search?ss=1
Aleragroup,icims,careers-aleragroup.icims.com,https://careers-aleragroup.icims.com/jobs/search?ss=1
Alex Lee,icims,alexleecareers-alexlee.icims.com,https://alexleecareers-alexlee.icims.com/jobs/search?ss=1
Alex Lee,icims,careers-justsave.icims.com,https://careers-justsave.icims.com/jobs/search?ss=1
Alex Lee,icims,careers-lowesfoods.icims.com,https://careers-lowesfoods.icims.com/jobs/search?ss=1
Alex Lee,icims,careers-mdi.icims.com,https://careers-mdi.icims.com/jobs/search?ss=1
Alex Lee,icims,careers-souto.icims.com,https://careers-souto.icims.com/jobs/search?ss=1
Alex Lee,icims,careers-wleeflowers.icims.com,https://careers-wleeflowers.icims.com/jobs/search?ss=1
Alexandra Lozano Immigration Law PLLC,icims,careers-abogadaalexandra.icims.com,https://careers-abogadaalexandra.icims.com/jobs/search?ss=1
All Hours,icims,aircomfort-solutionstulsa.icims.com,https://aircomfort-solutionstulsa.icims.com/jobs/search?ss=1
All Hours,icims,career-oceansideserviceinc.icims.com,https://career-oceansideserviceinc.icims.com/jobs/search?ss=1
All Hours,icims,careers-airtempairconditioning.icims.com,https://careers-airtempairconditioning.icims.com/jobs/search?ss=1
All Hours,icims,careers-allhoursplumbingslc.icims.com,https://careers-allhoursplumbingslc.icims.com/jobs/search?ss=1
All Hours,icims,careers-anumber1air.icims.com,https://careers-anumber1air.icims.com/jobs/search?ss=1
All Hours,icims,careers-apexservicepartners.icims.com,https://careers-apexservicepartners.icims.com/jobs/search?ss=1
All Hours,icims,careers-assurancepower.icims.com,https://careers-assurancepower.icims.com/jobs/search?ss=1
All Hours,icims,careers-azaircond.icims.com,https://careers-azaircond.icims.com/jobs/search?ss=1
All Hours,icims,careers-bruniandcampisi.icims.com,https://careers-bruniandcampisi.icims.com/jobs/search?ss=1
All Hours,icims,careers-callbuck.icims.com,https://careers-callbuck.icims.com/jobs/search?ss=1
All Hours,icims,careers-calldougs.icims.com,https://careers-calldougs.icims.com/jobs/search?ss=1
All Hours,icims,careers-calljazz.icims.com,https://careers-calljazz.icims.com/jobs/search?ss=1
All Hours,icims,careers-calltheb.icims.com,https://careers-calltheb.icims.com/jobs/search?ss=1
All Hours,icims,careers-canfieldph.icims.com,https://careers-canfieldph.icims.com/jobs/search?ss=1
All Hours,icims,careers-carolinaconditions.icims.com,https://careers-carolinaconditions.icims.com/jobs/search?ss=1
All Hours,icims,careers-christianhvac.icims.com,https://careers-christianhvac.icims.com/jobs/search?ss=1
All Hours,icims,careers-comfortmasterinc.icims.com,https://careers-comfortmasterinc.icims.com/jobs/search?ss=1
All Hours,icims,careers-davishc.icims.com,https://careers-davishc.icims.com/jobs/search?ss=1
All Hours,icims,careers-fantesphvac.icims.com,https://careers-fantesphvac.icims.com/jobs/search?ss=1
All Hours,icims,careers-folkeshomeservices.icims.com,https://careers-folkeshomeservices.icims.com/jobs/search?ss=1
All Hours,icims,careers-genejohnsonplumbing.icims.com,https://careers-genejohnsonplumbing.icims.com/jobs/search?ss=1
All Hours,icims,careers-goarco.icims.com,https://careers-goarco.icims.com/jobs/search?ss=1
All Hours,icims,careers-henco.icims.com,https://careers-henco.icims.com/jobs/search?ss=1
All Hours,icims,careers-hockersplumbing.icims.com,https://careers-hockersplumbing.icims.com/jobs/search?ss=1
All Hours,icims,careers-hoffmanplumbing.icims.com,https://careers-hoffmanplumbing.icims.com/jobs/search?ss=1
All Hours,icims,careers-holtplumbingandheating.icims.com,https://careers-holtplumbingandheating.icims.com/jobs/search?ss=1
All Hours,icims,careers-homecomfortusa.icims.com,https://careers-homecomfortusa.icims.com/jobs/search?ss=1
All Hours,icims,careers-imsheatingandair.icims.com,https://careers-imsheatingandair.icims.com/jobs/search?ss=1
All Hours,icims,careers-joneshava.icims.com,https://careers-joneshava.icims.com/jobs/search?ss=1
All Hours,icims,careers-jordanairinc.icims.com,https://careers-jordanairinc.icims.com/jobs/search?ss=1
All Hours,icims,careers-kellammechanical.icims.com,https://careers-kellammechanical.icims.com/jobs/search?ss=1
All Hours,icims,careers-legacyac.icims.com,https://careers-legacyac.icims.com/jobs/search?ss=1
All Hours,icims,careers-legacyheatingandairinc.icims.com,https://careers-legacyheatingandairinc.icims.com/jobs/search?ss=1
All Hours,icims,careers-mauzy.icims.com,https://careers-mauzy.icims.com/jobs/search?ss=1
All Hours,icims,careers-metroairmn.icims.com,https://careers-metroairmn.icims.com/jobs/search?ss=1
All Hours,icims,careers-onecallhouston.icims.com,https://careers-onecallhouston.icims.com/jobs/search?ss=1
All Hours,icims,careers-pridemechanicalllc.icims.com,https://careers-pridemechanicalllc.icims.com/jobs/search?ss=1
All Hours,icims,careers-robertsac.icims.com,https://careers-robertsac.icims.com/jobs/search?ss=1
All Hours,icims,careers-rockheating.icims.com,https://careers-rockheating.icims.com/jobs/search?ss=1
All Hours,icims,careers-sherlockair.icims.com,https://careers-sherlockair.icims.com/jobs/search?ss=1
All Hours,icims,careers-southernairms.icims.com,https://careers-southernairms.icims.com/jobs/search?ss=1
All Hours,icims,careers-stevesplumbinghawaii.icims.com,https://careers-stevesplumbinghawaii.icims.com/jobs/search?ss=1
All Hours,icims,careers-superiorcomfortinc.icims.com,https://careers-superiorcomfortinc.icims.com/jobs/search?ss=1
All Hours,icims,careers-theawefactor.icims.com,https://careers-theawefactor.icims.com/jobs/search?ss=1
All Hours,icims,careers-tmscomfort.icims.com,https://careers-tmscomfort.icims.com/jobs/search?ss=1
All Hours,icims,careers-tradeupsoutheastregion.icims.com,https://careers-tradeupsoutheastregion.icims.com/jobs/search?ss=1
All Hours,icims,careers-tritonair.icims.com,https://careers-tritonair.icims.com/jobs/search?ss=1
All Hours,icims,careers-veteranair.icims.com,https://careers-veteranair.icims.com/jobs/search?ss=1
All Hours,icims,careers-waccamawcooling.icims.com,https://careers-waccamawcooling.icims.com/jobs/search?ss=1
All Hours,icims,careers-westallisheating.icims.com,https://careers-westallisheating.icims.com/jobs/search?ss=1
All Native Group,icims,careers-allnativegroup.icims.com,https://careers-allnativegroup.icims.com/jobs/search?ss=1
All PRo,icims,careers-allproplumbers.icims.com,https://careers-allproplumbers.icims.com/jobs/search?ss=1
All Star Physical Therapy,icims,careers-allstarphysicaltherapy.icims.com,https://careers-allstarphysicaltherapy.icims.com/jobs/search?ss=1
All Ways Caring HomeCare,icims,careers-allwayscaring.icims.com,https://careers-allwayscaring.icims.com/jobs/search?ss=1
Allan Myers,icims,careershub-allanmyers.icims.com,https://careershub-allanmyers.icims.com/jobs/search?ss=1
Allanmyers,icims,chesapeakeva-allanmyers.icims.com,https://chesapeakeva-allanmyers.icims.com/jobs/search?ss=1
Allanmyers,icims,craftprofessionals-allanmyers.icims.com,https://craftprofessionals-allanmyers.icims.com/jobs/search?ss=1
Allanmyers,icims,craftprofessionalsdcva-allanmyers.icims.com,https://craftprofessionalsdcva-allanmyers.icims.com/jobs/search?ss=1
Allanmyers,icims,craftprofessionalsmdde-allanmyers.icims.com,https://craftprofessionalsmdde-allanmyers.icims.com/jobs/search?ss=1
Allanmyers,icims,craftprofessionalspa-allanmyers.icims.com,https://craftprofessionalspa-allanmyers.icims.com/jobs/search?ss=1
Allanmyers,icims,fairfaxva-allanmyers.icims.com,https://fairfaxva-allanmyers.icims.com/jobs/search?ss=1
Allanmyers,icims,materials-allanmyers.icims.com,https://materials-allanmyers.icims.com/jobs/search?ss=1
Allanmyers,icims,professional-allanmyers.icims.com,https://professional-allanmyers.icims.com/jobs/search?ss=1
Allanmyers,icims,richmondva-allanmyers.icims.com,https://richmondva-allanmyers.icims.com/jobs/search?ss=1
Allanmyers,icims,studentsandgraduates-allanmyers.icims.com,https://studentsandgraduates-allanmyers.icims.com/jobs/search?ss=1
Allanmyers,icims,tradeandhighschool-allanmyers.icims.com,https://tradeandhighschool-allanmyers.icims.com/jobs/search?ss=1
Allanmyers,icims,transportation-allanmyers.icims.com,https://transportation-allanmyers.icims.com/jobs/search?ss=1
Allegheny Health Network Careers,icims,careers-ahnneighborhood.icims.com,https://careers-ahnneighborhood.icims.com/jobs/search?ss=1
Allegis Group Jobs,icims,careers-allegisgroup.icims.com,https://careers-allegisgroup.icims.com/jobs/search?ss=1
Allegispartners,icims,careers-allegispartners.icims.com,https://careers-allegispartners.icims.com/jobs/search?ss=1
Alliance Laundry Systems,icims,distribution-alliancelaundry.icims.com,https://distribution-alliancelaundry.icims.com/jobs/search?ss=1
Alliance Laundry Systems,icims,internal-alliancelaundry.icims.com,https://internal-alliancelaundry.icims.com/jobs/search?ss=1
Alliance Laundry Systems,icims,manitowoc-alliancelaundry.icims.com,https://manitowoc-alliancelaundry.icims.com/jobs/search?ss=1
Alliance Laundry Systems,icims,uscareeropenings-alliancelaundry.icims.com,https://uscareeropenings-alliancelaundry.icims.com/jobs/search?ss=1
"Allied Consultants, Inc.",icims,careers-alliedconsultants.icims.com,https://careers-alliedconsultants.icims.com/jobs/search?ss=1
Allied Universal,icims,aujscareers-aus.icims.com,https://aujscareers-aus.icims.com/jobs/search?ss=1
Allied Universal,icims,corporatecareers-alliedbarton.icims.com,https://corporatecareers-alliedbarton.icims.com/jobs/search?ss=1
Allied Universal,icims,corporatecareers-aus.icims.com,https://corporatecareers-aus.icims.com/jobs/search?ss=1
Allied Universal,icims,internalcareers-aus.icims.com,https://internalcareers-aus.icims.com/jobs/search?ss=1
Allied Universal,icims,internalsecurityjobs-aus.icims.com,https://internalsecurityjobs-aus.icims.com/jobs/search?ss=1
Allied Universal,icims,securitycareers-alliedbarton.icims.com,https://securitycareers-alliedbarton.icims.com/jobs/search?ss=1
Allied Universal,icims,securitycareers-aus.icims.com,https://securitycareers-aus.icims.com/jobs/search?ss=1
Allied Universal,icims,securitycareerscanada-aus.icims.com,https://securitycareerscanada-aus.icims.com/jobs/search?ss=1
Allied Universal,icims,startup-aus.icims.com,https://startup-aus.icims.com/jobs/search?ss=1
"Allspring Global Investments Holdings, LLC",icims,careers-allspringglobal.icims.com,https://careers-allspringglobal.icims.com/jobs/search?ss=1
Alpha Omega Hospice,icims,careers-alphaomegahospice.icims.com,https://careers-alphaomegahospice.icims.com/jobs/search?ss=1
Alro,icims,jobs-alro.icims.com,https://jobs-alro.icims.com/jobs/search?ss=1
Alro Steel Corporation,icims,hub-alro.icims.com,https://hub-alro.icims.com/jobs/search?ss=1
AltaPointe Health Systems,icims,careers-altapointe.icims.com,https://careers-altapointe.icims.com/jobs/search?ss=1
AltaPointe Health Systems,icims,internal-altapointe.icims.com,https://internal-altapointe.icims.com/jobs/search?ss=1
Altorfer,icims,careers-altorfer.icims.com,https://careers-altorfer.icims.com/jobs/search?ss=1
Altus Hospice,icims,careers-altushospice.icims.com,https://careers-altushospice.icims.com/jobs/search?ss=1
Alumus,icims,careers-alumus.icims.com,https://careers-alumus.icims.com/jobs/search?ss=1
Amalgamated Life Insurance,icims,jobs-amalgamatedlife.icims.com,https://jobs-amalgamatedlife.icims.com/jobs/search?ss=1
Amazing Lash Studio,icims,amazinglashstudio-wellbizbrands.icims.com,https://amazinglashstudio-wellbizbrands.icims.com/jobs/search?ss=1
Amd,icims,campus-amd.icims.com,https://campus-amd.icims.com/jobs/search?ss=1
Amd,icims,careers-amd.icims.com,https://careers-amd.icims.com/jobs/search?ss=1
Amd,icims,global-external-amd.icims.com,https://global-external-amd.icims.com/jobs/search?ss=1
Amd,icims,globalcampus-amd.icims.com,https://globalcampus-amd.icims.com/jobs/search?ss=1
Amd,icims,internal-amd.icims.com,https://internal-amd.icims.com/jobs/search?ss=1
Amd,icims,ur-hiringportal-amd.icims.com,https://ur-hiringportal-amd.icims.com/jobs/search?ss=1
"AMD, Inc.",icims,campuscanada-amd.icims.com,https://campuscanada-amd.icims.com/jobs/search?ss=1
"AMD, Inc.",icims,canadacareers-amd.icims.com,https://canadacareers-amd.icims.com/jobs/search?ss=1
Amedisys,icims,careersen-amedisys.icims.com,https://careersen-amedisys.icims.com/jobs/search?ss=1
Amer Sports Company,icims,amersportscareers-wilson.icims.com,https://amersportscareers-wilson.icims.com/jobs/search?ss=1
Amer Sports Company,icims,ascicareers-wilson.icims.com,https://ascicareers-wilson.icims.com/jobs/search?ss=1
Amer Sports Company,icims,aswocareers-wilson.icims.com,https://aswocareers-wilson.icims.com/jobs/search?ss=1
Amer Sports Company,icims,careers-amersports.icims.com,https://careers-amersports.icims.com/jobs/search?ss=1
Amer Sports Company,icims,careers-precor.icims.com,https://careers-precor.icims.com/jobs/search?ss=1
Amer Sports Company,icims,careers-wilson.icims.com,https://careers-wilson.icims.com/jobs/search?ss=1
Amer Sports Company,icims,internal-wilson.icims.com,https://internal-wilson.icims.com/jobs/search?ss=1
Amer Sports Company,icims,precorcareers-wilson.icims.com,https://precorcareers-wilson.icims.com/jobs/search?ss=1
America First Credit Union,icims,careers-americafirst.icims.com,https://careers-americafirst.icims.com/jobs/search?ss=1
American Addiction Centers,icims,careers-americanaddictioncenters.icims.com,https://careers-americanaddictioncenters.icims.com/jobs/search?ss=1
American Arbitration Association,icims,careers-adr.icims.com,https://careers-adr.icims.com/jobs/search?ss=1
American Association for Cancer Research,icims,careers-aacr.icims.com,https://careers-aacr.icims.com/jobs/search?ss=1
American Builders Supply,icims,careers-americanbuildsupply.icims.com,https://careers-americanbuildsupply.icims.com/jobs/search?ss=1
American Consulting,icims,careers-americanconsulting.icims.com,https://careers-americanconsulting.icims.com/jobs/search?ss=1
American Consulting,icims,careers-mec.icims.com,https://careers-mec.icims.com/jobs/search?ss=1
American Enterprise Institute,icims,careers-aei.icims.com,https://careers-aei.icims.com/jobs/search?ss=1
American Enterprise Institute,icims,internships-aei.icims.com,https://internships-aei.icims.com/jobs/search?ss=1
American Heart Association,icims,careers-heart.icims.com,https://careers-heart.icims.com/jobs/search?ss=1
American Heart Association,icims,heartcorps-heart.icims.com,https://heartcorps-heart.icims.com/jobs/search?ss=1
American Heart Association,icims,internal-heart.icims.com,https://internal-heart.icims.com/jobs/search?ss=1
American Heart Association,icims,intlcareers-heart.icims.com,https://intlcareers-heart.icims.com/jobs/search?ss=1
American Line Builders Joint Apprenticeship and Training Committee (ALBAT),icims,careers-albat.icims.com,https://careers-albat.icims.com/jobs/search?ss=1
American Public Health Association (APHA),icims,careers-apha.icims.com,https://careers-apha.icims.com/jobs/search?ss=1
American Public Health Association (APHA),icims,internships-apha.icims.com,https://internships-apha.icims.com/jobs/search?ss=1
AMERICAN SENIOR BENEFITS LLC,icims,careers-americanseniorbenefits.icims.com,https://careers-americanseniorbenefits.icims.com/jobs/search?ss=1
American Structurepoint,icims,careers-structurepoint.icims.com,https://careers-structurepoint.icims.com/jobs/search?ss=1
AMERICAN SYSTEMS,icims,careers-americansystems.icims.com,https://careers-americansystems.icims.com/jobs/search?ss=1
AMERICAN SYSTEMS,icims,careers-epsilon.icims.com,https://careers-epsilon.icims.com/jobs/search?ss=1
American Vision Partners,icims,jobs-americanvisionpartners.icims.com,https://jobs-americanvisionpartners.icims.com/jobs/search?ss=1
Americanstandard,icims,canadacareers-americanstandard.icims.com,https://canadacareers-americanstandard.icims.com/jobs/search?ss=1
Americanstandard,icims,careers-americanstandard.icims.com,https://careers-americanstandard.icims.com/jobs/search?ss=1
Americanstandard,icims,mexicocareers-americanstandard.icims.com,https://mexicocareers-americanstandard.icims.com/jobs/search?ss=1
Americas,icims,campus-americas.icims.com,https://campus-americas.icims.com/jobs/search?ss=1
Americas,icims,careers-americas.icims.com,https://careers-americas.icims.com/jobs/search?ss=1
Amerit Fleet Solutions,icims,careers-ameritfleet.icims.com,https://careers-ameritfleet.icims.com/jobs/search?ss=1
Amerit Fleet Solutions,icims,corporate-ameritfleetsolutions.icims.com,https://corporate-ameritfleetsolutions.icims.com/jobs/search?ss=1
Amerit Fleet Solutions,icims,vectorcareers-ameritfleet.icims.com,https://vectorcareers-ameritfleet.icims.com/jobs/search?ss=1
Amgh,icims,airmed-international-amgh.icims.com,https://airmed-international-amgh.icims.com/jobs/search?ss=1
Amgh,icims,airmedcare-network-amgh.icims.com,https://airmedcare-network-amgh.icims.com/jobs/search?ss=1
Amgh,icims,guardian-flight-amgh.icims.com,https://guardian-flight-amgh.icims.com/jobs/search?ss=1
Amica,icims,careersds-amica.icims.com,https://careersds-amica.icims.com/jobs/search?ss=1
Amica,icims,careersen-amica.icims.com,https://careersen-amica.icims.com/jobs/search?ss=1
Amica - Amica Mature Lifestyles,icims,alljobs-amica.icims.com,https://alljobs-amica.icims.com/jobs/search?ss=1
Amica - Amica Mature Lifestyles,icims,volunteer-amica.icims.com,https://volunteer-amica.icims.com/jobs/search?ss=1
Amivero,icims,careers-amivero.icims.com,https://careers-amivero.icims.com/jobs/search?ss=1
Ampact,icims,careers-ampact.icims.com,https://careers-ampact.icims.com/jobs/search?ss=1
Ampact,icims,careers-servetogrow.icims.com,https://careers-servetogrow.icims.com/jobs/search?ss=1
Ampact,icims,fl-readingmathcorps.icims.com,https://fl-readingmathcorps.icims.com/jobs/search?ss=1
Ampact,icims,headinghomecorps-ampact.icims.com,https://headinghomecorps-ampact.icims.com/jobs/search?ss=1
Ampact,icims,headinghomecorps-readingmathcorps.icims.com,https://headinghomecorps-readingmathcorps.icims.com/jobs/search?ss=1
Ampact,icims,recovery-ampact.icims.com,https://recovery-ampact.icims.com/jobs/search?ss=1
Ampact,icims,servicesite-ampact.icims.com,https://servicesite-ampact.icims.com/jobs/search?ss=1
Ampact,icims,summerimpactcorps-readingmathcorps.icims.com,https://summerimpactcorps-readingmathcorps.icims.com/jobs/search?ss=1
Amr,icims,comtranscareers-amr.icims.com,https://comtranscareers-amr.icims.com/jobs/search?ss=1
Amr,icims,ruralmetrocareers-amr.icims.com,https://ruralmetrocareers-amr.icims.com/jobs/search?ss=1
"AmTrust Financial Services, Inc.",icims,careers-amtrustgroup.icims.com,https://careers-amtrustgroup.icims.com/jobs/search?ss=1
"Amyx, Inc.",icims,careers-amyx.icims.com,https://careers-amyx.icims.com/jobs/search?ss=1
Analexarcfield,icims,careers-analexarcfield.icims.com,https://careers-analexarcfield.icims.com/jobs/search?ss=1
"Analysis Group, Inc.",icims,analystcareers-analysisgroup.icims.com,https://analystcareers-analysisgroup.icims.com/jobs/search?ss=1
"Analysis Group, Inc.",icims,associatecareers-analysisgroup.icims.com,https://associatecareers-analysisgroup.icims.com/jobs/search?ss=1
"Analysis Group, Inc.",icims,datasciencecareers-analysisgroup.icims.com,https://datasciencecareers-analysisgroup.icims.com/jobs/search?ss=1
"Analysis Group, Inc.",icims,professionalcareers-analysisgroup.icims.com,https://professionalcareers-analysisgroup.icims.com/jobs/search?ss=1
Andersentax,icims,careerscampus-andersentax.icims.com,https://careerscampus-andersentax.icims.com/jobs/search?ss=1
Andersentax,icims,careersexp-andersentax.icims.com,https://careersexp-andersentax.icims.com/jobs/search?ss=1
Andersentax,icims,careerspm-andersentax.icims.com,https://careerspm-andersentax.icims.com/jobs/search?ss=1
Anderson Air Cooling & Heating,icims,careers-andersonairllc.icims.com,https://careers-andersonairllc.icims.com/jobs/search?ss=1
Anesthesia jobs | U.S. Anesthesia Partners,icims,careers-usap.icims.com,https://careers-usap.icims.com/jobs/search?ss=1
Anesthesia jobs | U.S. Anesthesia Partners,icims,clinical-usap.icims.com,https://clinical-usap.icims.com/jobs/search?ss=1
"Anne Arundel Dermatology, P.A.",icims,careers-aadermatology.icims.com,https://careers-aadermatology.icims.com/jobs/search?ss=1
Annunci di lavoro a Trinseo LLC,icims,it-emeacareers-trinseo.icims.com,https://it-emeacareers-trinseo.icims.com/jobs/search?ss=1
Another Source,icims,careers-anothersource.icims.com,https://careers-anothersource.icims.com/jobs/search?ss=1
Another Source,icims,careers2-anothersource.icims.com,https://careers2-anothersource.icims.com/jobs/search?ss=1
Aon,icims,australia-aon.icims.com,https://australia-aon.icims.com/jobs/search?ss=1
Aon,icims,australia-careers-aon.icims.com,https://australia-careers-aon.icims.com/jobs/search?ss=1
Aon,icims,canadaenglish-aon.icims.com,https://canadaenglish-aon.icims.com/jobs/search?ss=1
Aon,icims,canadaenglish-careers-aon.icims.com,https://canadaenglish-careers-aon.icims.com/jobs/search?ss=1
Aon,icims,careers-hong-kong-aon.icims.com,https://careers-hong-kong-aon.icims.com/jobs/search?ss=1
Aon,icims,china-careers-aon.icims.com,https://china-careers-aon.icims.com/jobs/search?ss=1
Aon,icims,chinese-careers-aon.icims.com,https://chinese-careers-aon.icims.com/jobs/search?ss=1
Aon,icims,english-careers-aon.icims.com,https://english-careers-aon.icims.com/jobs/search?ss=1
Aon,icims,french-careers-aon.icims.com,https://french-careers-aon.icims.com/jobs/search?ss=1
Aon,icims,globalinternal-aon.icims.com,https://globalinternal-aon.icims.com/jobs/search?ss=1
Aon,icims,india-careers-aon.icims.com,https://india-careers-aon.icims.com/jobs/search?ss=1
Aon,icims,ireland-careers-aon.icims.com,https://ireland-careers-aon.icims.com/jobs/search?ss=1
Aon,icims,italian-careers-aon.icims.com,https://italian-careers-aon.icims.com/jobs/search?ss=1
Aon,icims,japan-careers-aon.icims.com,https://japan-careers-aon.icims.com/jobs/search?ss=1
Aon,icims,korean-careers-aon.icims.com,https://korean-careers-aon.icims.com/jobs/search?ss=1
Aon,icims,malaysia-careers-aon.icims.com,https://malaysia-careers-aon.icims.com/jobs/search?ss=1
Aon,icims,newzealand-aon.icims.com,https://newzealand-aon.icims.com/jobs/search?ss=1
Aon,icims,newzealand-careers-aon.icims.com,https://newzealand-careers-aon.icims.com/jobs/search?ss=1
Aon,icims,philippines-careers-aon.icims.com,https://philippines-careers-aon.icims.com/jobs/search?ss=1
Aon,icims,poland-aon.icims.com,https://poland-aon.icims.com/jobs/search?ss=1
Aon,icims,poland-careers-aon.icims.com,https://poland-careers-aon.icims.com/jobs/search?ss=1
Aon,icims,polish-careers-aon.icims.com,https://polish-careers-aon.icims.com/jobs/search?ss=1
Aon,icims,portuguese-careers-aon.icims.com,https://portuguese-careers-aon.icims.com/jobs/search?ss=1
Aon,icims,singapore-careers-aon.icims.com,https://singapore-careers-aon.icims.com/jobs/search?ss=1
Aon,icims,spanish-careers-aon.icims.com,https://spanish-careers-aon.icims.com/jobs/search?ss=1
Aon,icims,thailand-careers-aon.icims.com,https://thailand-careers-aon.icims.com/jobs/search?ss=1
Aon,icims,uk-aon.icims.com,https://uk-aon.icims.com/jobs/search?ss=1
Aon,icims,uk-careers-aon.icims.com,https://uk-careers-aon.icims.com/jobs/search?ss=1
Aon,icims,uk-strozfriedberg-aon.icims.com,https://uk-strozfriedberg-aon.icims.com/jobs/search?ss=1
Aon,icims,unitedstates-aon.icims.com,https://unitedstates-aon.icims.com/jobs/search?ss=1
Aon,icims,us-careers-aon.icims.com,https://us-careers-aon.icims.com/jobs/search?ss=1
Aon,icims,us-strozfriedberg-aon.icims.com,https://us-strozfriedberg-aon.icims.com/jobs/search?ss=1
Aon,icims,usstrozfriedberg-careers-aon.icims.com,https://usstrozfriedberg-careers-aon.icims.com/jobs/search?ss=1
Aon,icims,vietnam-careers-aon.icims.com,https://vietnam-careers-aon.icims.com/jobs/search?ss=1
Aon,icims,workinsightsprogramme-aon.icims.com,https://workinsightsprogramme-aon.icims.com/jobs/search?ss=1
"APDerm Management, LLC",icims,careers-apderm.icims.com,https://careers-apderm.icims.com/jobs/search?ss=1
"APDerm Management, LLC",icims,careersbcps-apderm.icims.com,https://careersbcps-apderm.icims.com/jobs/search?ss=1
"APDerm Management, LLC",icims,physicians-appcareers-apderm.icims.com,https://physicians-appcareers-apderm.icims.com/jobs/search?ss=1
Apetito,icims,careers-apetito.icims.com,https://careers-apetito.icims.com/jobs/search?ss=1
Apetito,icims,internal-apetito.icims.com,https://internal-apetito.icims.com/jobs/search?ss=1
Apetito,icims,wiltshirefarmfoods-apetito.icims.com,https://wiltshirefarmfoods-apetito.icims.com/jobs/search?ss=1
"Apogee Engineering, LLC",icims,careers-apogeeusa.icims.com,https://careers-apogeeusa.icims.com/jobs/search?ss=1
"Apollo Retail Job Openings at Channel Partner Solutions, LLC.",icims,careers-apolloretail.icims.com,https://careers-apolloretail.icims.com/jobs/search?ss=1
Apple Air Heating & Cooling,icims,careers-appleairli.icims.com,https://careers-appleairli.icims.com/jobs/search?ss=1
Applied Fundamentals,icims,careers-appliedfundamentals.icims.com,https://careers-appliedfundamentals.icims.com/jobs/search?ss=1
Applied Medical,icims,hub-appliedmedical.icims.com,https://hub-appliedmedical.icims.com/jobs/search?ss=1
"Applied Systems, Inc.",icims,canada-appliedsystems.icims.com,https://canada-appliedsystems.icims.com/jobs/search?ss=1
"Applied Systems, Inc.",icims,careers-appliedsystems.icims.com,https://careers-appliedsystems.icims.com/jobs/search?ss=1
"Applied Systems, Inc.",icims,careers-ezlynx.icims.com,https://careers-ezlynx.icims.com/jobs/search?ss=1
"Applied Systems, Inc.",icims,globalcareers-appliedsystems.icims.com,https://globalcareers-appliedsystems.icims.com/jobs/search?ss=1
"Applied Systems, Inc.",icims,globalcareers-ivans-appliedsystems.icims.com,https://globalcareers-ivans-appliedsystems.icims.com/jobs/search?ss=1
"Applied Systems, Inc.",icims,globalcareers-ivansinsurance.icims.com,https://globalcareers-ivansinsurance.icims.com/jobs/search?ss=1
"Applied Systems, Inc.",icims,northernireland-appliedsystems.icims.com,https://northernireland-appliedsystems.icims.com/jobs/search?ss=1
"Applied Systems, Inc.",icims,roi-appliedsystems.icims.com,https://roi-appliedsystems.icims.com/jobs/search?ss=1
"Applied Systems, Inc.",icims,uk-appliedsystems.icims.com,https://uk-appliedsystems.icims.com/jobs/search?ss=1
Appliedmedical,icims,amecareers-appliedmedical.icims.com,https://amecareers-appliedmedical.icims.com/jobs/search?ss=1
Appliedmedical,icims,amecarrieres-appliedmedical.icims.com,https://amecarrieres-appliedmedical.icims.com/jobs/search?ss=1
Appliedmedical,icims,amjcareers-appliedmedical.icims.com,https://amjcareers-appliedmedical.icims.com/jobs/search?ss=1
Appliedmedical,icims,apaccareers-appliedmedical.icims.com,https://apaccareers-appliedmedical.icims.com/jobs/search?ss=1
Appliedmedical,icims,clinicaldevelopment-appliedmedical.icims.com,https://clinicaldevelopment-appliedmedical.icims.com/jobs/search?ss=1
Appliedmedical,icims,corporate-appliedmedical.icims.com,https://corporate-appliedmedical.icims.com/jobs/search?ss=1
Appliedmedical,icims,engineering-appliedmedical.icims.com,https://engineering-appliedmedical.icims.com/jobs/search?ss=1
Appliedmedical,icims,menat-appliedmedical.icims.com,https://menat-appliedmedical.icims.com/jobs/search?ss=1
Applus+,icims,careers-applusna.icims.com,https://careers-applusna.icims.com/jobs/search?ss=1
Applus+,icims,careers-applususa.icims.com,https://careers-applususa.icims.com/jobs/search?ss=1
Apply Now,icims,careers-cummingselec.icims.com,https://careers-cummingselec.icims.com/jobs/search?ss=1
Aprilaire,icims,careers-aprilaire.icims.com,https://careers-aprilaire.icims.com/jobs/search?ss=1
Aprilaire,icims,internal-aprilaire.icims.com,https://internal-aprilaire.icims.com/jobs/search?ss=1
Aptean,icims,asiapac-aptean.icims.com,https://asiapac-aptean.icims.com/jobs/search?ss=1
Aptean,icims,emea-aptean.icims.com,https://emea-aptean.icims.com/jobs/search?ss=1
Aptean,icims,internal-aptean.icims.com,https://internal-aptean.icims.com/jobs/search?ss=1
Aptive,icims,careers-aptiveresources.icims.com,https://careers-aptiveresources.icims.com/jobs/search?ss=1
Aptive,icims,internal-aptiveresources.icims.com,https://internal-aptiveresources.icims.com/jobs/search?ss=1
Aquafin Swim School,icims,careers-aquafinswimschool.icims.com,https://careers-aquafinswimschool.icims.com/jobs/search?ss=1
ARAG North America,icims,careers-araglegal.icims.com,https://careers-araglegal.icims.com/jobs/search?ss=1
ARC-One,icims,arc-onesolutions.icims.com,https://arc-onesolutions.icims.com/jobs/search?ss=1
Arcfield,icims,careers-arcfield.icims.com,https://careers-arcfield.icims.com/jobs/search?ss=1
Arcfield1,icims,careers-arcfield1.icims.com,https://careers-arcfield1.icims.com/jobs/search?ss=1
Arch,icims,careers-arch.icims.com,https://careers-arch.icims.com/jobs/search?ss=1
Arch,icims,philippinescareers-arch.icims.com,https://philippinescareers-arch.icims.com/jobs/search?ss=1
Arco,icims,apply-arco.icims.com,https://apply-arco.icims.com/jobs/search?ss=1
Arco,icims,careers-arco.icims.com,https://careers-arco.icims.com/jobs/search?ss=1
ARCO Canada,icims,careers-arcocanada.icims.com,https://careers-arcocanada.icims.com/jobs/search?ss=1
"Arctic Air Heating, Cooling, Plumbing & Electrical",icims,careers-arcticairav.icims.com,https://careers-arcticairav.icims.com/jobs/search?ss=1
Arcusfm,icims,careers-arcusfm.icims.com,https://careers-arcusfm.icims.com/jobs/search?ss=1
Arcusfm,icims,joinourtalentcommunity-arcusfm.icims.com,https://joinourtalentcommunity-arcusfm.icims.com/jobs/search?ss=1
"Arcwood Environmental, LLC",icims,careers-arcwoodenviro.icims.com,https://careers-arcwoodenviro.icims.com/jobs/search?ss=1
Ardent Eagle Solutions,icims,careers-ardent-eagle.icims.com,https://careers-ardent-eagle.icims.com/jobs/search?ss=1
Ardent Eagle Solutions,icims,careers-ardenteagle.icims.com,https://careers-ardenteagle.icims.com/jobs/search?ss=1
Ardent Health Services,icims,careers-ardenthealth.icims.com,https://careers-ardenthealth.icims.com/jobs/search?ss=1
Arizona College of Nursing,icims,careers-arizonacollege.icims.com,https://careers-arizonacollege.icims.com/jobs/search?ss=1
Arkansas Federal Credit Union,icims,careers-afcu.icims.com,https://careers-afcu.icims.com/jobs/search?ss=1
Arm,icims,earlycareers-arm.icims.com,https://earlycareers-arm.icims.com/jobs/search?ss=1
Arm,icims,experienced-arm.icims.com,https://experienced-arm.icims.com/jobs/search?ss=1
Arm,icims,invitetoapply-arm.icims.com,https://invitetoapply-arm.icims.com/jobs/search?ss=1
Armor Health,icims,careers-ehs.icims.com,https://careers-ehs.icims.com/jobs/search?ss=1
Arobs Transilvania Software,icims,careers-arobs.icims.com,https://careers-arobs.icims.com/jobs/search?ss=1
Arrow,icims,careers-arrow.icims.com,https://careers-arrow.icims.com/jobs/search?ss=1
Arrow Engineering Inc.,icims,careers-arrowonline.icims.com,https://careers-arrowonline.icims.com/jobs/search?ss=1
Arrow Transportation Systems Inc.,icims,careers-arrowtransportation.icims.com,https://careers-arrowtransportation.icims.com/jobs/search?ss=1
ARS,icims,careers-ars.icims.com,https://careers-ars.icims.com/jobs/search?ss=1
ARS,icims,internal-ars.icims.com,https://internal-ars.icims.com/jobs/search?ss=1
Artemis,icims,artemisarc-aptiveresources.icims.com,https://artemisarc-aptiveresources.icims.com/jobs/search?ss=1
Artemis Gold Inc,icims,careers-artemisgoldinc.icims.com,https://careers-artemisgoldinc.icims.com/jobs/search?ss=1
Arteriors Home,icims,careers-arteriorshome.icims.com,https://careers-arteriorshome.icims.com/jobs/search?ss=1
Arthur D. Little,icims,careers-adlittle.icims.com,https://careers-adlittle.icims.com/jobs/search?ss=1
Arthur D. Little,icims,careerswe-adlittle.icims.com,https://careerswe-adlittle.icims.com/jobs/search?ss=1
Arthur D. Little,icims,internships-adlittle.icims.com,https://internships-adlittle.icims.com/jobs/search?ss=1
Arthur D. Little,icims,internshipswe-adlittle.icims.com,https://internshipswe-adlittle.icims.com/jobs/search?ss=1
AS Heating Cooling & Plumbing,icims,careers-airservicesheatingac.icims.com,https://careers-airservicesheatingac.icims.com/jobs/search?ss=1
Ascend Federal Credit Union,icims,external-ascendfcu.icims.com,https://external-ascendfcu.icims.com/jobs/search?ss=1
Ascension,icims,amitajobs-ascension.icims.com,https://amitajobs-ascension.icims.com/jobs/search?ss=1
Ascension,icims,ascensionjobs2-ascension.icims.com,https://ascensionjobs2-ascension.icims.com/jobs/search?ss=1
Ascension Recruitment,icims,ascensionjobs1-ascension.icims.com,https://ascensionjobs1-ascension.icims.com/jobs/search?ss=1
Ascension Recruitment,icims,nursing-ascension.icims.com,https://nursing-ascension.icims.com/jobs/search?ss=1
Ascension Recruitment,icims,providerjobs-ascension.icims.com,https://providerjobs-ascension.icims.com/jobs/search?ss=1
Ascension Recruitment,icims,technology-ascension.icims.com,https://technology-ascension.icims.com/jobs/search?ss=1
Ascension Recruitment,icims,university-ascension.icims.com,https://university-ascension.icims.com/jobs/search?ss=1
ASHP,icims,careers-ashp.icims.com,https://careers-ashp.icims.com/jobs/search?ss=1
Ashton,icims,careers-ashton.icims.com,https://careers-ashton.icims.com/jobs/search?ss=1
Aspirations Care,icims,careers-aspirationscare.icims.com,https://careers-aspirationscare.icims.com/jobs/search?ss=1
"Aspire Indiana Health, Inc",icims,careers-aspireindiana.icims.com,https://careers-aspireindiana.icims.com/jobs/search?ss=1
"Aspire Indiana Health, Inc",icims,internal-aspireindiana.icims.com,https://internal-aspireindiana.icims.com/jobs/search?ss=1
Assembly NA,icims,careers-assemblyna.icims.com,https://careers-assemblyna.icims.com/jobs/search?ss=1
Assertio Therapeutics,icims,careers-assertiotx.icims.com,https://careers-assertiotx.icims.com/jobs/search?ss=1
Associates,icims,jobs-snyder-associates.icims.com,https://jobs-snyder-associates.icims.com/jobs/search?ss=1
Association of Public Health Laboratories,icims,careers-aphl.icims.com,https://careers-aphl.icims.com/jobs/search?ss=1
Astoria,icims,careers-astoria.icims.com,https://careers-astoria.icims.com/jobs/search?ss=1
Astrion,icims,astrioncareers-astrion.icims.com,https://astrioncareers-astrion.icims.com/jobs/search?ss=1
"Atara Biotherapeutics, Inc.",icims,careers-atarabio.icims.com,https://careers-atarabio.icims.com/jobs/search?ss=1
Atchley Heating & Cooling,icims,careers-atchleyair.icims.com,https://careers-atchleyair.icims.com/jobs/search?ss=1
Athletico Physical Therapy Careers,icims,careers-athletico.icims.com,https://careers-athletico.icims.com/jobs/search?ss=1
Athletico Physical Therapy Careers,icims,clinicalexternal-athletico.icims.com,https://clinicalexternal-athletico.icims.com/jobs/search?ss=1
Athletico Physical Therapy Careers,icims,internal-athletico.icims.com,https://internal-athletico.icims.com/jobs/search?ss=1
"ATI Holdings, LLC",icims,careers-atipt.icims.com,https://careers-atipt.icims.com/jobs/search?ss=1
Atlas Van Lines,icims,careers-atlasworldgroupinc.icims.com,https://careers-atlasworldgroupinc.icims.com/jobs/search?ss=1
Atlas World Group,icims,careers-atlasvanlinescanada.icims.com,https://careers-atlasvanlinescanada.icims.com/jobs/search?ss=1
Atlassian,icims,campus-apac-atlassian.icims.com,https://campus-apac-atlassian.icims.com/jobs/search?ss=1
Atlassian,icims,campus-globalcareers-atlassian.icims.com,https://campus-globalcareers-atlassian.icims.com/jobs/search?ss=1
Atlassian,icims,campus-india-atlassian.icims.com,https://campus-india-atlassian.icims.com/jobs/search?ss=1
Atlassian,icims,careers-apac-atlassian.icims.com,https://careers-apac-atlassian.icims.com/jobs/search?ss=1
Atlassian,icims,globalcareers-atlassian.icims.com,https://globalcareers-atlassian.icims.com/jobs/search?ss=1
Atmi,icims,globalcareers-atmi.icims.com,https://globalcareers-atmi.icims.com/jobs/search?ss=1
"Atomic Energy of Canada, Ltd",icims,careersen-aecl.icims.com,https://careersen-aecl.icims.com/jobs/search?ss=1
"Atomic Energy of Canada, Ltd",icims,careersfr-aecl.icims.com,https://careersfr-aecl.icims.com/jobs/search?ss=1
Atria,icims,atriahomecare-atria.icims.com,https://atriahomecare-atria.icims.com/jobs/search?ss=1
Atria,icims,atriaretirementcanada-atria.icims.com,https://atriaretirementcanada-atria.icims.com/jobs/search?ss=1
Atria,icims,communityleadership-atria.icims.com,https://communityleadership-atria.icims.com/jobs/search?ss=1
Atria,icims,supportcenter-atria.icims.com,https://supportcenter-atria.icims.com/jobs/search?ss=1
Atria Senior Living,icims,asl-departmentdirectorwagedisplay.icims.com,https://asl-departmentdirectorwagedisplay.icims.com/jobs/search?ss=1
Atria Senior Living,icims,asl-frontlinewagedisplay.icims.com,https://asl-frontlinewagedisplay.icims.com/jobs/search?ss=1
Atria Senior Living,icims,communitysupport-atria.icims.com,https://communitysupport-atria.icims.com/jobs/search?ss=1
Atria Senior Living,icims,holiday-departmentdirectorwagedisplay.icims.com,https://holiday-departmentdirectorwagedisplay.icims.com/jobs/search?ss=1
Atria Senior Living,icims,holiday-frontlinewagedisplay.icims.com,https://holiday-frontlinewagedisplay.icims.com/jobs/search?ss=1
Atria Senior Living,icims,holidaycommunityleadership-atria.icims.com,https://holidaycommunityleadership-atria.icims.com/jobs/search?ss=1
Atria Senior Living,icims,holidaycommunitysupport-atria.icims.com,https://holidaycommunitysupport-atria.icims.com/jobs/search?ss=1
Atrium Works,icims,gsk-us-earlytalent.icims.com,https://gsk-us-earlytalent.icims.com/jobs/search?ss=1
Atrium Works,icims,pfizerfutures-atriumworks.icims.com,https://pfizerfutures-atriumworks.icims.com/jobs/search?ss=1
Atrium Works,icims,pfizerstatistics-internprogram-atriumworks.icims.com,https://pfizerstatistics-internprogram-atriumworks.icims.com/jobs/search?ss=1
Atrium Works,icims,pfizerswp-atriumworks.icims.com,https://pfizerswp-atriumworks.icims.com/jobs/search?ss=1
Atriumstaff,icims,careers-atriumstaff.icims.com,https://careers-atriumstaff.icims.com/jobs/search?ss=1
Attain Finance,icims,1stheritage-attainfinance.icims.com,https://1stheritage-attainfinance.icims.com/jobs/search?ss=1
Attain Finance,icims,1stheritage-curo.icims.com,https://1stheritage-curo.icims.com/jobs/search?ss=1
Attain Finance,icims,1stheritage-smcredit.icims.com,https://1stheritage-smcredit.icims.com/jobs/search?ss=1
Attain Finance,icims,careers-attainfinance.icims.com,https://careers-attainfinance.icims.com/jobs/search?ss=1
Attain Finance,icims,careers-heightsfinance.icims.com,https://careers-heightsfinance.icims.com/jobs/search?ss=1
Attain Finance,icims,careers-smcredit.icims.com,https://careers-smcredit.icims.com/jobs/search?ss=1
Attain Finance,icims,curobrands-curo.icims.com,https://curobrands-curo.icims.com/jobs/search?ss=1
Attain Finance,icims,heightsfinance-attainfinance.icims.com,https://heightsfinance-attainfinance.icims.com/jobs/search?ss=1
Attain Finance,icims,heightsfinance-curo.icims.com,https://heightsfinance-curo.icims.com/jobs/search?ss=1
Attain Finance,icims,lenddirect-attainfinance.icims.com,https://lenddirect-attainfinance.icims.com/jobs/search?ss=1
"Audacy, Inc.",icims,careers-audacy.icims.com,https://careers-audacy.icims.com/jobs/search?ss=1
"Audacy, Inc.",icims,internal-audacy.icims.com,https://internal-audacy.icims.com/jobs/search?ss=1
Aurobindousa,icims,careers-acrotech-aurobindousa.icims.com,https://careers-acrotech-aurobindousa.icims.com/jobs/search?ss=1
Aurobindousa,icims,careers-aurobindousa.icims.com,https://careers-aurobindousa.icims.com/jobs/search?ss=1
Aurora Staffing,icims,careers-aurora.icims.com,https://careers-aurora.icims.com/jobs/search?ss=1
Austin Police Department,icims,apdbackground-austintexas.icims.com,https://apdbackground-austintexas.icims.com/jobs/search?ss=1
Austin Police Department,icims,apdintake-austintexas.icims.com,https://apdintake-austintexas.icims.com/jobs/search?ss=1
Auxis- US,icims,jobs-auxis.icims.com,https://jobs-auxis.icims.com/jobs/search?ss=1
Available positions with C & F Finance Company,icims,careers-finance-cffc.icims.com,https://careers-finance-cffc.icims.com/jobs/search?ss=1
Available Work at AIT Home Delivery,icims,careers-aithomedelivery.icims.com,https://careers-aithomedelivery.icims.com/jobs/search?ss=1
Avalara,icims,careersbr-avalara.icims.com,https://careersbr-avalara.icims.com/jobs/search?ss=1
Avalara,icims,careersind-avalara.icims.com,https://careersind-avalara.icims.com/jobs/search?ss=1
Avalara,icims,careersnoa-avalara.icims.com,https://careersnoa-avalara.icims.com/jobs/search?ss=1
Avamere Family of Companies,icims,careers-avamere.icims.com,https://careers-avamere.icims.com/jobs/search?ss=1
Avamere Family of Companies,icims,careers-exiges.icims.com,https://careers-exiges.icims.com/jobs/search?ss=1
Avamere Family of Companies,icims,ovation-avamere.icims.com,https://ovation-avamere.icims.com/jobs/search?ss=1
"AVIAN, LLC",icims,careers-avian.icims.com,https://careers-avian.icims.com/jobs/search?ss=1
"AVIAN, LLC",icims,careers-levelupllc.icims.com,https://careers-levelupllc.icims.com/jobs/search?ss=1
Avidity,icims,careers-avidity.icims.com,https://careers-avidity.icims.com/jobs/search?ss=1
Avidity,icims,careers-experiencewave.icims.com,https://careers-experiencewave.icims.com/jobs/search?ss=1
Avidity,icims,careers-mccurrach.icims.com,https://careers-mccurrach.icims.com/jobs/search?ss=1
Avidity,icims,grocery-avidity.icims.com,https://grocery-avidity.icims.com/jobs/search?ss=1
Avidity,icims,hub-weareavidity.icims.com,https://hub-weareavidity.icims.com/jobs/search?ss=1
Avidity,icims,internal-mccurrach.icims.com,https://internal-mccurrach.icims.com/jobs/search?ss=1
Avionyx,icims,careers-avionyx.icims.com,https://careers-avionyx.icims.com/jobs/search?ss=1
Avison Young,icims,careers-avisonyounguk.icims.com,https://careers-avisonyounguk.icims.com/jobs/search?ss=1
Avison Young,icims,early-careers-avisonyounguk.icims.com,https://early-careers-avisonyounguk.icims.com/jobs/search?ss=1
Avison Young,icims,us-avisonyoung.icims.com,https://us-avisonyoung.icims.com/jobs/search?ss=1
Avispl,icims,apaccareers-avispl.icims.com,https://apaccareers-avispl.icims.com/jobs/search?ss=1
Avispl,icims,canadacareers-avispl.icims.com,https://canadacareers-avispl.icims.com/jobs/search?ss=1
Avispl,icims,germanycareers-avispl.icims.com,https://germanycareers-avispl.icims.com/jobs/search?ss=1
Avispl,icims,indiacareers-avispl.icims.com,https://indiacareers-avispl.icims.com/jobs/search?ss=1
Avispl,icims,mexicocareers-avispl.icims.com,https://mexicocareers-avispl.icims.com/jobs/search?ss=1
Avispl,icims,uaecareers-avispl.icims.com,https://uaecareers-avispl.icims.com/jobs/search?ss=1
Avispl,icims,ukcareers-avispl.icims.com,https://ukcareers-avispl.icims.com/jobs/search?ss=1
Avispl,icims,uscareers-avispl.icims.com,https://uscareers-avispl.icims.com/jobs/search?ss=1
Avitapharmacy,icims,apply-avitapharmacy.icims.com,https://apply-avitapharmacy.icims.com/jobs/search?ss=1
Avon,icims,careers-avon.icims.com,https://careers-avon.icims.com/jobs/search?ss=1
Avondale,icims,careers-avondale.icims.com,https://careers-avondale.icims.com/jobs/search?ss=1
Avondale,icims,careers-parkplace.icims.com,https://careers-parkplace.icims.com/jobs/search?ss=1
Axa,icims,careers-en-axa.icims.com,https://careers-en-axa.icims.com/jobs/search?ss=1
Axa,icims,careers-fr-axa.icims.com,https://careers-fr-axa.icims.com/jobs/search?ss=1
Axalta,icims,careers-axaltacs.icims.com,https://careers-axaltacs.icims.com/jobs/search?ss=1
Axsom Air of LA,icims,careers-axsomair.icims.com,https://careers-axsomair.icims.com/jobs/search?ss=1
B. Braun Medical Inc. - Company,icims,bbrauncareers-bbraun.icims.com,https://bbrauncareers-bbraun.icims.com/jobs/search?ss=1
B. Braun Medical Inc. - Company,icims,bbrauninternal-bbraun.icims.com,https://bbrauninternal-bbraun.icims.com/jobs/search?ss=1
B3H — Building Freedom's Team,icims,jobs-b3h.icims.com,https://jobs-b3h.icims.com/jobs/search?ss=1
Bags,icims,careers-bags.icims.com,https://careers-bags.icims.com/jobs/search?ss=1
Baker Brothers,icims,careers-bakerbrothersplumbing.icims.com,https://careers-bakerbrothersplumbing.icims.com/jobs/search?ss=1
Baldwin Heating & Cooling,icims,careers-baldwinhvac.icims.com,https://careers-baldwinhvac.icims.com/jobs/search?ss=1
Ball Heating & Air Conditioning,icims,careers-callballthatsall.icims.com,https://careers-callballthatsall.icims.com/jobs/search?ss=1
"Bank of China, U.S.A.",icims,careers-bocusa.icims.com,https://careers-bocusa.icims.com/jobs/search?ss=1
Banking Career Opportunities at Citizens & Farmers Bank,icims,careers-bank-cffc.icims.com,https://careers-bank-cffc.icims.com/jobs/search?ss=1
BankNewport,icims,careers-banknewport.icims.com,https://careers-banknewport.icims.com/jobs/search?ss=1
"BankOnIT, LLC",icims,careers-bankonitusa.icims.com,https://careers-bankonitusa.icims.com/jobs/search?ss=1
"BankOnIT, LLC",icims,careers-navanta.icims.com,https://careers-navanta.icims.com/jobs/search?ss=1
Banner Life Insurance Company,icims,careers-bannerlife.icims.com,https://careers-bannerlife.icims.com/jobs/search?ss=1
Banner Life Insurance Company,icims,careers-lgamerica.icims.com,https://careers-lgamerica.icims.com/jobs/search?ss=1
Banner Life Insurance Company,icims,internal-lgamerica.icims.com,https://internal-lgamerica.icims.com/jobs/search?ss=1
Banyan Global,icims,careers-banyanglobal.icims.com,https://careers-banyanglobal.icims.com/jobs/search?ss=1
Baptist Emergency Hospital Careers,icims,careers-baptistemergencyhospital.icims.com,https://careers-baptistemergencyhospital.icims.com/jobs/search?ss=1
Baptist Emergency Hospital Careers,icims,careers-baptistneighborhoodhospital.icims.com,https://careers-baptistneighborhoodhospital.icims.com/jobs/search?ss=1
Baptist Health,icims,careers-baptisthealthal.icims.com,https://careers-baptisthealthal.icims.com/jobs/search?ss=1
Baptist Health Care,icims,careers-bhcpns.icims.com,https://careers-bhcpns.icims.com/jobs/search?ss=1
Baptist Health System,icims,external-bmcjax.icims.com,https://external-bmcjax.icims.com/jobs/search?ss=1
Baptist Health System,icims,externalphy-bmcjax.icims.com,https://externalphy-bmcjax.icims.com/jobs/search?ss=1
Barkers Heating & Cooling,icims,careers-barkerservices.icims.com,https://careers-barkerservices.icims.com/jobs/search?ss=1
Barnard Construction Company,icims,jobs-barnard-inc.icims.com,https://jobs-barnard-inc.icims.com/jobs/search?ss=1
"Barnes & Noble Education, Inc.",icims,careers-bncollege.icims.com,https://careers-bncollege.icims.com/jobs/search?ss=1
"Barnes & Noble Education, Inc.",icims,careers-bned.icims.com,https://careers-bned.icims.com/jobs/search?ss=1
"Barnes & Noble Education, Inc.",icims,corporateinternal-bned.icims.com,https://corporateinternal-bned.icims.com/jobs/search?ss=1
"Barnes & Noble Education, Inc.",icims,mbsjobs-bncollege.icims.com,https://mbsjobs-bncollege.icims.com/jobs/search?ss=1
"Barnes & Noble Education, Inc.",icims,retailinternal-bncollege.icims.com,https://retailinternal-bncollege.icims.com/jobs/search?ss=1
Barrios Technology HQ,icims,careers-barrios.icims.com,https://careers-barrios.icims.com/jobs/search?ss=1
Barrios Technology HQ,icims,collegerecruitment-barrios.icims.com,https://collegerecruitment-barrios.icims.com/jobs/search?ss=1
Barstow & Sons Heating and Cooling,icims,careers-barstowhvac.icims.com,https://careers-barstowhvac.icims.com/jobs/search?ss=1
Bartlett & West,icims,careers-bartwest.icims.com,https://careers-bartwest.icims.com/jobs/search?ss=1
Bartlett & West,icims,careers-civilassociates.icims.com,https://careers-civilassociates.icims.com/jobs/search?ss=1
Bartlett Tree Experts Careers Center,icims,canadacareers-bartlett.icims.com,https://canadacareers-bartlett.icims.com/jobs/search?ss=1
Bartlett Tree Experts Careers Center,icims,englishcareers-bartlett.icims.com,https://englishcareers-bartlett.icims.com/jobs/search?ss=1
Bartlett Tree Experts Careers Center,icims,spanishcareers-bartlett.icims.com,https://spanishcareers-bartlett.icims.com/jobs/search?ss=1
Bartlett Tree Experts Careers Center,icims,ukcareers-bartlett.icims.com,https://ukcareers-bartlett.icims.com/jobs/search?ss=1
Barton Associates,icims,careers-bartonassociates.icims.com,https://careers-bartonassociates.icims.com/jobs/search?ss=1
Barton Associates,icims,careers-bartonhealthcarestaffing.icims.com,https://careers-bartonhealthcarestaffing.icims.com/jobs/search?ss=1
"Bass Underwriters, Inc.",icims,careers-bassuw.icims.com,https://careers-bassuw.icims.com/jobs/search?ss=1
"Bass Underwriters, Inc.",icims,careers-gridironins.icims.com,https://careers-gridironins.icims.com/jobs/search?ss=1
"Bass Underwriters, Inc.",icims,careers-instechnologies.icims.com,https://careers-instechnologies.icims.com/jobs/search?ss=1
Bassett Healthcare Network,icims,learningexperiences-bassett.icims.com,https://learningexperiences-bassett.icims.com/jobs/search?ss=1
Bassett Services,icims,careers-bassettservices.icims.com,https://careers-bassettservices.icims.com/jobs/search?ss=1
Baton Rouge Physical Therapy - Lake,icims,careers-batonrougephysicaltherapy.icims.com,https://careers-batonrougephysicaltherapy.icims.com/jobs/search?ss=1
BayCare Medical Group,icims,app-baycaremedicalgroup.icims.com,https://app-baycaremedicalgroup.icims.com/jobs/search?ss=1
BayCare Medical Group,icims,physicians-baycaremedicalgroup.icims.com,https://physicians-baycaremedicalgroup.icims.com/jobs/search?ss=1
Baycenter,icims,careers-baycenter.icims.com,https://careers-baycenter.icims.com/jobs/search?ss=1
Baylor Scott & White Emergency Hospital,icims,careers-baylorscottandwhiteeh.icims.com,https://careers-baylorscottandwhiteeh.icims.com/jobs/search?ss=1
Baylor Scott & White Emergency Hospital,icims,careers-bemcataubrey.icims.com,https://careers-bemcataubrey.icims.com/jobs/search?ss=1
Baylor Scott & White Emergency Hospital,icims,careers-scottandwhiteeh.icims.com,https://careers-scottandwhiteeh.icims.com/jobs/search?ss=1
BCore,icims,careers-bcore.icims.com,https://careers-bcore.icims.com/jobs/search?ss=1
bcore,icims,careers-explore.icims.com,https://careers-explore.icims.com/jobs/search?ss=1
BCYF Youth Engagement & Employment | Boston.gov,icims,successlink-boston.icims.com,https://successlink-boston.icims.com/jobs/search?ss=1
BDO Belgium,icims,careers-bdobelgium.icims.com,https://careers-bdobelgium.icims.com/jobs/search?ss=1
Beaumont Hospital,icims,alliedhealth-beaumonthospital.icims.com,https://alliedhealth-beaumonthospital.icims.com/jobs/search?ss=1
Beaumont Hospital,icims,beaumontcareers-beaumonthospital.icims.com,https://beaumontcareers-beaumonthospital.icims.com/jobs/search?ss=1
Beaumont Hospital,icims,doctor-beaumonthospital.icims.com,https://doctor-beaumonthospital.icims.com/jobs/search?ss=1
Beaumont Hospital,icims,general-beaumonthospital.icims.com,https://general-beaumonthospital.icims.com/jobs/search?ss=1
Beaumont Hospital,icims,internal-beaumonthospital.icims.com,https://internal-beaumonthospital.icims.com/jobs/search?ss=1
Beaumont Hospital,icims,nurses-beaumonthospital.icims.com,https://nurses-beaumonthospital.icims.com/jobs/search?ss=1
Beazer,icims,careers-beazer.icims.com,https://careers-beazer.icims.com/jobs/search?ss=1
Beazley,icims,careers-beazley.icims.com,https://careers-beazley.icims.com/jobs/search?ss=1
Beazley,icims,frenchcareers-beazley.icims.com,https://frenchcareers-beazley.icims.com/jobs/search?ss=1
Becket-Chimney Corners YMCA,icims,careers-becket-ymca.icims.com,https://careers-becket-ymca.icims.com/jobs/search?ss=1
Becket-Chimney Corners YMCA,icims,employees-becket-ymca.icims.com,https://employees-becket-ymca.icims.com/jobs/search?ss=1
"Bee Line Staff | Cleaning and Janitorial Services, Chicago",icims,careers-beelineimage.icims.com,https://careers-beelineimage.icims.com/jobs/search?ss=1
"Bee Line Staff | Cleaning and Janitorial Services, Chicago",icims,spanish-beelineimage.icims.com,https://spanish-beelineimage.icims.com/jobs/search?ss=1
Beebe Healthcare,icims,careers-beebehealthcare.icims.com,https://careers-beebehealthcare.icims.com/jobs/search?ss=1
Beebe Healthcare,icims,employees-beebehealthcare.icims.com,https://employees-beebehealthcare.icims.com/jobs/search?ss=1
Beech Acres Parenting Center,icims,careers-beechacres.icims.com,https://careers-beechacres.icims.com/jobs/search?ss=1
Beehiveinsurance,icims,careers-beehiveinsurance.icims.com,https://careers-beehiveinsurance.icims.com/jobs/search?ss=1
Beitzel Corporation,icims,beitzelcareers-beitzelpillar.icims.com,https://beitzelcareers-beitzelpillar.icims.com/jobs/search?ss=1
Bell Integration,icims,jobs-bell-group.icims.com,https://jobs-bell-group.icims.com/jobs/search?ss=1
Benaroya Research Institute,icims,careers-benaroyaresearch.icims.com,https://careers-benaroyaresearch.icims.com/jobs/search?ss=1
Benedictine,icims,careers-bhshealth.icims.com,https://careers-bhshealth.icims.com/jobs/search?ss=1
Benedictine,icims,internal-bhshealth.icims.com,https://internal-bhshealth.icims.com/jobs/search?ss=1
Benefit Cosmetics,icims,careers-benefitcosmeticsuk.icims.com,https://careers-benefitcosmeticsuk.icims.com/jobs/search?ss=1
Benevis,icims,careers-benevis.icims.com,https://careers-benevis.icims.com/jobs/search?ss=1
Benjamin Moore & Co,icims,careers-benjaminmoore.icims.com,https://careers-benjaminmoore.icims.com/jobs/search?ss=1
Bergelectric Corp,icims,careers-bergelectric.icims.com,https://careers-bergelectric.icims.com/jobs/search?ss=1
Berkeys,icims,careers-berkeys.icims.com,https://careers-berkeys.icims.com/jobs/search?ss=1
Berkley,icims,careers-apac-berkley.icims.com,https://careers-apac-berkley.icims.com/jobs/search?ss=1
Berkley,icims,careers-berkley.icims.com,https://careers-berkley.icims.com/jobs/search?ss=1
Berkley,icims,careers-canada-berkley.icims.com,https://careers-canada-berkley.icims.com/jobs/search?ss=1
Berkley,icims,careers-germany-berkley.icims.com,https://careers-germany-berkley.icims.com/jobs/search?ss=1
Berkley,icims,careers-spain-berkley.icims.com,https://careers-spain-berkley.icims.com/jobs/search?ss=1
Berkley,icims,careers-uknordicswitz-berkley.icims.com,https://careers-uknordicswitz-berkley.icims.com/jobs/search?ss=1
Berkley Care Group,icims,careers-berkleycaregroup.icims.com,https://careers-berkleycaregroup.icims.com/jobs/search?ss=1
Berkshire Hathaway GUARD Insurance Companies,icims,careers-biberk.icims.com,https://careers-biberk.icims.com/jobs/search?ss=1
Berkshire Hathaway GUARD Insurance Companies,icims,careers-guard.icims.com,https://careers-guard.icims.com/jobs/search?ss=1
Best Home Services (Naples),icims,careers-besthomeservices.icims.com,https://careers-besthomeservices.icims.com/jobs/search?ss=1
Bethelpointe,icims,careers-bethelpointe.icims.com,https://careers-bethelpointe.icims.com/jobs/search?ss=1
"Bethesda Lutheran Communities, Inc.",icims,careers-bethesdalc.icims.com,https://careers-bethesdalc.icims.com/jobs/search?ss=1
"Bethesda Lutheran Communities, Inc.",icims,careers2-bethesdalc.icims.com,https://careers2-bethesdalc.icims.com/jobs/search?ss=1
"Better Health Group Services, Inc.",icims,careers-betterhealthgroup.icims.com,https://careers-betterhealthgroup.icims.com/jobs/search?ss=1
Beyondsoft,icims,careers-beyondsoft.icims.com,https://careers-beyondsoft.icims.com/jobs/search?ss=1
Beyondsoft,icims,us-careers-beyondsoft.icims.com,https://us-careers-beyondsoft.icims.com/jobs/search?ss=1
Beyondsoft,icims,us-contractwork.icims.com,https://us-contractwork.icims.com/jobs/search?ss=1
Bhmcny,icims,careers-bhmcny.icims.com,https://careers-bhmcny.icims.com/jobs/search?ss=1
Bi-Con Services,icims,bicon-bi-conservices.icims.com,https://bicon-bi-conservices.icims.com/jobs/search?ss=1
Bi-Con Services,icims,engineering-bi-conservices.icims.com,https://engineering-bi-conservices.icims.com/jobs/search?ss=1
Bi-Con Services,icims,thesafetygroup-bi-conservices.icims.com,https://thesafetygroup-bi-conservices.icims.com/jobs/search?ss=1
Bi-Mart Corporation,icims,careers-bimart.icims.com,https://careers-bimart.icims.com/jobs/search?ss=1
Bi-Mart Corporation,icims,cascadefarm-bimart.icims.com,https://cascadefarm-bimart.icims.com/jobs/search?ss=1
Bi-Mart Corporation,icims,employees-bimart.icims.com,https://employees-bimart.icims.com/jobs/search?ss=1
Bicester,icims,careers-bicester.icims.com,https://careers-bicester.icims.com/jobs/search?ss=1
BigBear.ai,icims,internal-bigbearai.icims.com,https://internal-bigbearai.icims.com/jobs/search?ss=1
Bigbearai,icims,careers-bigbearai.icims.com,https://careers-bigbearai.icims.com/jobs/search?ss=1
BIM Corporate Head Office,icims,careersen-baffinland.icims.com,https://careersen-baffinland.icims.com/jobs/search?ss=1
BIM Corporate Head Office,icims,inuktitutcareers-baffinland.icims.com,https://inuktitutcareers-baffinland.icims.com/jobs/search?ss=1
"Bio-Rad Laboratories, Inc.",icims,careers-biorad.icims.com,https://careers-biorad.icims.com/jobs/search?ss=1
"Bio-Rad Laboratories, Inc.",icims,careers-de-biorad.icims.com,https://careers-de-biorad.icims.com/jobs/search?ss=1
"Bio-Rad Laboratories, Inc.",icims,careers-employees-biorad.icims.com,https://careers-employees-biorad.icims.com/jobs/search?ss=1
"Bio-Rad Laboratories, Inc.",icims,careers-en-biorad.icims.com,https://careers-en-biorad.icims.com/jobs/search?ss=1
"Bio-Rad Laboratories, Inc.",icims,careers-es-biorad.icims.com,https://careers-es-biorad.icims.com/jobs/search?ss=1
"Bio-Rad Laboratories, Inc.",icims,careers-frca-biorad.icims.com,https://careers-frca-biorad.icims.com/jobs/search?ss=1
"Bio-Rad Laboratories, Inc.",icims,careers-frfr-biorad.icims.com,https://careers-frfr-biorad.icims.com/jobs/search?ss=1
"Bio-Rad Laboratories, Inc.",icims,careers-it-biorad.icims.com,https://careers-it-biorad.icims.com/jobs/search?ss=1
"Bio-Rad Laboratories, Inc.",icims,careers-ja-biorad.icims.com,https://careers-ja-biorad.icims.com/jobs/search?ss=1
"Bio-Rad Laboratories, Inc.",icims,careers-pt-biorad.icims.com,https://careers-pt-biorad.icims.com/jobs/search?ss=1
"Bio-Rad Laboratories, Inc.",icims,careers-zh-biorad.icims.com,https://careers-zh-biorad.icims.com/jobs/search?ss=1
Birdsong Hearing Benefits,icims,birdsongcareers-demant.icims.com,https://birdsongcareers-demant.icims.com/jobs/search?ss=1
"BISSELL Homecare, Inc",icims,careers-bissell.icims.com,https://careers-bissell.icims.com/jobs/search?ss=1
"BISSELL Homecare, Inc",icims,careers-rugdoctor.icims.com,https://careers-rugdoctor.icims.com/jobs/search?ss=1
Bjc,icims,careers-bjc.icims.com,https://careers-bjc.icims.com/jobs/search?ss=1
Bjc,icims,internal-bjc.icims.com,https://internal-bjc.icims.com/jobs/search?ss=1
BJs Restaurants,icims,internal-bjsrestaurants.icims.com,https://internal-bjsrestaurants.icims.com/jobs/search?ss=1
Bjsrestaurants,icims,hourlycareers-bjsrestaurants.icims.com,https://hourlycareers-bjsrestaurants.icims.com/jobs/search?ss=1
Bjsrestaurants,icims,managementcareers-bjsrestaurants.icims.com,https://managementcareers-bjsrestaurants.icims.com/jobs/search?ss=1
Blackhawk Network,icims,achievers-blackhawknetwork.icims.com,https://achievers-blackhawknetwork.icims.com/jobs/search?ss=1
Blackhawk Network,icims,apac-blackhawknetwork.icims.com,https://apac-blackhawknetwork.icims.com/jobs/search?ss=1
Blackhawk Network,icims,cardpool-blackhawknetwork.icims.com,https://cardpool-blackhawknetwork.icims.com/jobs/search?ss=1
Blackhawk Network,icims,careers-blackhawknetwork.icims.com,https://careers-blackhawknetwork.icims.com/jobs/search?ss=1
Blackhawk Network,icims,cashstar-blackhawknetwork.icims.com,https://cashstar-blackhawknetwork.icims.com/jobs/search?ss=1
Blackhawk Network,icims,els-blackhawknetwork.icims.com,https://els-blackhawknetwork.icims.com/jobs/search?ss=1
Blackhawk Network,icims,emea-blackhawknetwork.icims.com,https://emea-blackhawknetwork.icims.com/jobs/search?ss=1
Blackhawk Network,icims,intelispend-blackhawknetwork.icims.com,https://intelispend-blackhawknetwork.icims.com/jobs/search?ss=1
Blackhawk Technical College,icims,careers-blackhawk.icims.com,https://careers-blackhawk.icims.com/jobs/search?ss=1
Blackhawk Technical College,icims,instructional-blackhawk.icims.com,https://instructional-blackhawk.icims.com/jobs/search?ss=1
Blackline,icims,apaccareersite-blackline.icims.com,https://apaccareersite-blackline.icims.com/jobs/search?ss=1
Blackline,icims,non-uscareersite-blackline.icims.com,https://non-uscareersite-blackline.icims.com/jobs/search?ss=1
Blade,icims,careers-blade.icims.com,https://careers-blade.icims.com/jobs/search?ss=1
Blainsupply,icims,careers-blainsupply.icims.com,https://careers-blainsupply.icims.com/jobs/search?ss=1
Blainsupplyff,icims,storecareers-blainsupplyff.icims.com,https://storecareers-blainsupplyff.icims.com/jobs/search?ss=1
Blanchard Machinery,icims,careers-blanchard.icims.com,https://careers-blanchard.icims.com/jobs/search?ss=1
Blanchard Machinery,icims,careers2-blanchard.icims.com,https://careers2-blanchard.icims.com/jobs/search?ss=1
Blancotacoandtequila,icims,hourlyjobs-blancotacoandtequila.icims.com,https://hourlyjobs-blancotacoandtequila.icims.com/jobs/search?ss=1
Blarney Castle Oil,icims,careers-blarneycastleoil.icims.com,https://careers-blarneycastleoil.icims.com/jobs/search?ss=1
Blaze,icims,careers-blazeair.icims.com,https://careers-blazeair.icims.com/jobs/search?ss=1
Blick Art Materials,icims,alljobs-dickblick.icims.com,https://alljobs-dickblick.icims.com/jobs/search?ss=1
Blick Art Materials,icims,careers-dickblick.icims.com,https://careers-dickblick.icims.com/jobs/search?ss=1
Blick Art Materials,icims,homeoffice-dickblick.icims.com,https://homeoffice-dickblick.icims.com/jobs/search?ss=1
Blue Ridge Health,icims,careers-blueridgehealth.icims.com,https://careers-blueridgehealth.icims.com/jobs/search?ss=1
BlueGrace Logistics,icims,careers-bluegracegroup.icims.com,https://careers-bluegracegroup.icims.com/jobs/search?ss=1
Bluehawk,icims,careers-bluehawk.icims.com,https://careers-bluehawk.icims.com/jobs/search?ss=1
Blueheron,icims,careers-blueheron.icims.com,https://careers-blueheron.icims.com/jobs/search?ss=1
BlueSprig,icims,careers-bluesprigpediatrics.icims.com,https://careers-bluesprigpediatrics.icims.com/jobs/search?ss=1
BlueSprig,icims,careers-floridaautismcenter.icims.com,https://careers-floridaautismcenter.icims.com/jobs/search?ss=1
BlueSprig,icims,careers-tbh-bluesprigpediatrics.icims.com,https://careers-tbh-bluesprigpediatrics.icims.com/jobs/search?ss=1
BlueSprig,icims,external-fusionautism.icims.com,https://external-fusionautism.icims.com/jobs/search?ss=1
BluPeak Credit Union - About,icims,careers-blupeak.icims.com,https://careers-blupeak.icims.com/jobs/search?ss=1
BluPeak Credit Union - About,icims,careers-usecu.icims.com,https://careers-usecu.icims.com/jobs/search?ss=1
Blythedale Children's Hospital,icims,careers-blythedale.icims.com,https://careers-blythedale.icims.com/jobs/search?ss=1
BNH,icims,careers-bnh.icims.com,https://careers-bnh.icims.com/jobs/search?ss=1
Boafit,icims,careers-boafit.icims.com,https://careers-boafit.icims.com/jobs/search?ss=1
Bosselman,icims,careers-bosselman.icims.com,https://careers-bosselman.icims.com/jobs/search?ss=1
Boston Career Center | Human Resources | City of Boston,icims,careercenter-boston.icims.com,https://careercenter-boston.icims.com/jobs/search?ss=1
Boston Career Center | Human Resources | City of Boston,icims,city-boston.icims.com,https://city-boston.icims.com/jobs/search?ss=1
Boston Career Center | Human Resources | City of Boston,icims,civil-boston.icims.com,https://civil-boston.icims.com/jobs/search?ss=1
Boston Career Center | Human Resources | City of Boston,icims,doit-boston.icims.com,https://doit-boston.icims.com/jobs/search?ss=1
Boston Career Center | Human Resources | City of Boston,icims,employeeconnect-boston.icims.com,https://employeeconnect-boston.icims.com/jobs/search?ss=1
Boston Pizza,icims,careers-bostonpizza.icims.com,https://careers-bostonpizza.icims.com/jobs/search?ss=1
Boston Water and Sewer Commission,icims,careers-bwsc.icims.com,https://careers-bwsc.icims.com/jobs/search?ss=1
Bottom Line,icims,careers-bottomline.icims.com,https://careers-bottomline.icims.com/jobs/search?ss=1
Boudreau Pipeline Corporation,icims,careers-basebandusa.icims.com,https://careers-basebandusa.icims.com/jobs/search?ss=1
Boudreau Pipeline Corporation,icims,careers-boudreaupipeline.icims.com,https://careers-boudreaupipeline.icims.com/jobs/search?ss=1
Boyd Gaming,icims,careers-belterraandameristarsckc.icims.com,https://careers-belterraandameristarsckc.icims.com/jobs/search?ss=1
Boyne Resorts,icims,careers-cypress.icims.com,https://careers-cypress.icims.com/jobs/search?ss=1
Boyneresorts,icims,careers-boyneresorts.icims.com,https://careers-boyneresorts.icims.com/jobs/search?ss=1
Boys & Girls Clubs of America,icims,careers-bgca.icims.com,https://careers-bgca.icims.com/jobs/search?ss=1
Boys & Girls Clubs of America,icims,clubjobs-bgca.icims.com,https://clubjobs-bgca.icims.com/jobs/search?ss=1
"Brandes Associates, Inc.",icims,careers-brandesassociates.icims.com,https://careers-brandesassociates.icims.com/jobs/search?ss=1
Brasfieldgorrie,icims,field-brasfieldgorrie.icims.com,https://field-brasfieldgorrie.icims.com/jobs/search?ss=1
Brasfieldgorrie,icims,jobs-brasfieldgorrie.icims.com,https://jobs-brasfieldgorrie.icims.com/jobs/search?ss=1
Brasfieldgorrie,icims,pylon-brasfieldgorrie.icims.com,https://pylon-brasfieldgorrie.icims.com/jobs/search?ss=1
BreakThrough Physical Therapy,icims,careers-breakthroughphysicaltherapy.icims.com,https://careers-breakthroughphysicaltherapy.icims.com/jobs/search?ss=1
Brewers Job Opportunities | brewers.com: Job Opportunities,icims,careers-brewers.icims.com,https://careers-brewers.icims.com/jobs/search?ss=1
Brewers Job Opportunities | brewers.com: Job Opportunities,icims,internal-brewers.icims.com,https://internal-brewers.icims.com/jobs/search?ss=1
Bricodepot,icims,recrute-bricodepot.icims.com,https://recrute-bricodepot.icims.com/jobs/search?ss=1
Bridgenext,icims,careers-bridgenext.icims.com,https://careers-bridgenext.icims.com/jobs/search?ss=1
Bridgenext,icims,careers-definition6.icims.com,https://careers-definition6.icims.com/jobs/search?ss=1
Bridgenext,icims,careers-emtecinc.icims.com,https://careers-emtecinc.icims.com/jobs/search?ss=1
Bridgenext,icims,careers-wave6.icims.com,https://careers-wave6.icims.com/jobs/search?ss=1
Bridgewater,icims,careers-bridgewater.icims.com,https://careers-bridgewater.icims.com/jobs/search?ss=1
Brighton Hospice,icims,careers-brightonhospice.icims.com,https://careers-brightonhospice.icims.com/jobs/search?ss=1
BrightSpring Health Services,icims,contractor-brightspring.icims.com,https://contractor-brightspring.icims.com/jobs/search?ss=1
BrightSpring Health Services - BrightSpring Health Services,icims,careers-brightspring.icims.com,https://careers-brightspring.icims.com/jobs/search?ss=1
BrightView LLC,icims,careers-brightviewhealth.icims.com,https://careers-brightviewhealth.icims.com/jobs/search?ss=1
"Brightview Senior Living, LLC",icims,associates-brightviewseniorliving.icims.com,https://associates-brightviewseniorliving.icims.com/jobs/search?ss=1
"Brightview Senior Living, LLC",icims,careers-brightviewseniorliving.icims.com,https://careers-brightviewseniorliving.icims.com/jobs/search?ss=1
Brinkmann Constructors - St. Louis,icims,careers-brinkmannconstructors.icims.com,https://careers-brinkmannconstructors.icims.com/jobs/search?ss=1
BriteBox Electrical Services,icims,careers-briteboxelectrical.icims.com,https://careers-briteboxelectrical.icims.com/jobs/search?ss=1
British American Household Staffing,icims,jobs-bahs.icims.com,https://jobs-bahs.icims.com/jobs/search?ss=1
Brittainresorts,icims,litchfieldinn-brittainresorts.icims.com,https://litchfieldinn-brittainresorts.icims.com/jobs/search?ss=1
BRMi,icims,careers-brmi.icims.com,https://careers-brmi.icims.com/jobs/search?ss=1
Broadway Support Services,icims,careersbroadwaysupportservices-nationaldebtrelief.icims.com,https://careersbroadwaysupportservices-nationaldebtrelief.icims.com/jobs/search?ss=1
BronxCare Health System,icims,careers-bronxcare.icims.com,https://careers-bronxcare.icims.com/jobs/search?ss=1
Brookdale Community College,icims,careers-brookdalecc.icims.com,https://careers-brookdalecc.icims.com/jobs/search?ss=1
Brookdale Community College,icims,employees-brookdalecc.icims.com,https://employees-brookdalecc.icims.com/jobs/search?ss=1
Brookhaven Hospice,icims,careers-brookhavenhospice.icims.com,https://careers-brookhavenhospice.icims.com/jobs/search?ss=1
Brooklyn Public Library,icims,careers-bklynlibrary.icims.com,https://careers-bklynlibrary.icims.com/jobs/search?ss=1
Brooklyn Public Library,icims,internal-bklynlibrary.icims.com,https://internal-bklynlibrary.icims.com/jobs/search?ss=1
Brooks Bothers,icims,careers-brooksbrothers.icims.com,https://careers-brooksbrothers.icims.com/jobs/search?ss=1
Brother,icims,careers-usa-brother.icims.com,https://careers-usa-brother.icims.com/jobs/search?ss=1
Brown Heating & Cooling,icims,careers-brownheatingandcooling.icims.com,https://careers-brownheatingandcooling.icims.com/jobs/search?ss=1
Bruker Corporation,icims,chinesecareers-bruker.icims.com,https://chinesecareers-bruker.icims.com/jobs/search?ss=1
Bruker Corporation,icims,earlycareers-bruker.icims.com,https://earlycareers-bruker.icims.com/jobs/search?ss=1
Bruker Corporation,icims,employeecareers-bruker.icims.com,https://employeecareers-bruker.icims.com/jobs/search?ss=1
Bruker Corporation,icims,englishcareers-bruker.icims.com,https://englishcareers-bruker.icims.com/jobs/search?ss=1
Bruker Corporation,icims,frenchcareers-bruker.icims.com,https://frenchcareers-bruker.icims.com/jobs/search?ss=1
Bruker Corporation,icims,germancareers-bruker.icims.com,https://germancareers-bruker.icims.com/jobs/search?ss=1
Bruker Corporation,icims,portuguesecareers-bruker.icims.com,https://portuguesecareers-bruker.icims.com/jobs/search?ss=1
Bruker Corporation,icims,spanishcareers-bruker.icims.com,https://spanishcareers-bruker.icims.com/jobs/search?ss=1
Bruker Corporation,icims,uscareers-bruker.icims.com,https://uscareers-bruker.icims.com/jobs/search?ss=1
Bruker Corporation,icims,worldwidecareers-bruker.icims.com,https://worldwidecareers-bruker.icims.com/jobs/search?ss=1
"Bruno Independent Living Aids, Inc.",icims,careers-bruno.icims.com,https://careers-bruno.icims.com/jobs/search?ss=1
Bruton Knowles - About us | Work with us - vacancies,icims,careers-brutonknowles.icims.com,https://careers-brutonknowles.icims.com/jobs/search?ss=1
Buckeye,icims,careers-buckeye.icims.com,https://careers-buckeye.icims.com/jobs/search?ss=1
Buckingham Companies,icims,careers-buckinghamcompanies.icims.com,https://careers-buckinghamcompanies.icims.com/jobs/search?ss=1
Bud Anderson Home Services,icims,careers-budhvac.icims.com,https://careers-budhvac.icims.com/jobs/search?ss=1
Buffalo Trace Distillery,icims,careers-btd.icims.com,https://careers-btd.icims.com/jobs/search?ss=1
Bug House Pest Control,icims,bughouse-rollins.icims.com,https://bughouse-rollins.icims.com/jobs/search?ss=1
Build a Career at PSI | PSI,icims,careers-atl.icims.com,https://careers-atl.icims.com/jobs/search?ss=1
Build a Career at PSI | PSI,icims,careers-plansys.icims.com,https://careers-plansys.icims.com/jobs/search?ss=1
Build a Career at PSI | PSI,icims,careers-prosphere.icims.com,https://careers-prosphere.icims.com/jobs/search?ss=1
Build a Career at PSI | PSI,icims,careers-pst.icims.com,https://careers-pst.icims.com/jobs/search?ss=1
Build a Career at PSI | PSI,icims,careers-ql.icims.com,https://careers-ql.icims.com/jobs/search?ss=1
Building & Earth Sciences,icims,careers-buildingandearth.icims.com,https://careers-buildingandearth.icims.com/jobs/search?ss=1
"Business Network Consulting, Ltd",icims,careers-bncsystems.icims.com,https://careers-bncsystems.icims.com/jobs/search?ss=1
"Business Network Consulting, Ltd",icims,careers-legalworkspace.icims.com,https://careers-legalworkspace.icims.com/jobs/search?ss=1
BusPatrol,icims,careers-buspatrol.icims.com,https://careers-buspatrol.icims.com/jobs/search?ss=1
BusPatrol,icims,india-careers-buspatrol.icims.com,https://india-careers-buspatrol.icims.com/jobs/search?ss=1
Busybeeschildcare,icims,careers-busybeeschildcare.icims.com,https://careers-busybeeschildcare.icims.com/jobs/search?ss=1
Buzzi Unicem USA,icims,careers-buzziunicemusa.icims.com,https://careers-buzziunicemusa.icims.com/jobs/search?ss=1
Bwfed,icims,careers-bwfed.icims.com,https://careers-bwfed.icims.com/jobs/search?ss=1
By Light HQ,icims,jobs-axom.icims.com,https://jobs-axom.icims.com/jobs/search?ss=1
By Light HQ,icims,jobs-bylight.icims.com,https://jobs-bylight.icims.com/jobs/search?ss=1
By Light HQ,icims,jobs-bylighttechnologiesltd.icims.com,https://jobs-bylighttechnologiesltd.icims.com/jobs/search?ss=1
By Light HQ,icims,jobs-cesi.icims.com,https://jobs-cesi.icims.com/jobs/search?ss=1
By Light HQ,icims,jobs-metova.icims.com,https://jobs-metova.icims.com/jobs/search?ss=1
By Light HQ,icims,jobs-phacil.icims.com,https://jobs-phacil.icims.com/jobs/search?ss=1
"C & F Mortgage Corporation (Midlothian, VA)",icims,careers-mortgage-cffc.icims.com,https://careers-mortgage-cffc.icims.com/jobs/search?ss=1
"C&C Meyers Heating, Cooling & Plumbing",icims,careers-ccmyersservice.icims.com,https://careers-ccmyersservice.icims.com/jobs/search?ss=1
CA - Better Buzz UTC Headquarters,icims,careers-betterbuzzcoffee.icims.com,https://careers-betterbuzzcoffee.icims.com/jobs/search?ss=1
CAA Executive Search,icims,search-caa.icims.com,https://search-caa.icims.com/jobs/search?ss=1
Cabot Corporation,icims,brazilcareers-cabot.icims.com,https://brazilcareers-cabot.icims.com/jobs/search?ss=1
Cabot Corporation,icims,chinacareers-cabot.icims.com,https://chinacareers-cabot.icims.com/jobs/search?ss=1
Cabot Corporation,icims,czech-cabot.icims.com,https://czech-cabot.icims.com/jobs/search?ss=1
Cabot Corporation,icims,dutch-cabot.icims.com,https://dutch-cabot.icims.com/jobs/search?ss=1
Cabot Corporation,icims,globalcareers-cabot.icims.com,https://globalcareers-cabot.icims.com/jobs/search?ss=1
Cabot Corporation,icims,indonesiacareers-cabot.icims.com,https://indonesiacareers-cabot.icims.com/jobs/search?ss=1
Cabot Corporation,icims,italian-cabot.icims.com,https://italian-cabot.icims.com/jobs/search?ss=1
Cabot Corporation,icims,nacareers-cabot.icims.com,https://nacareers-cabot.icims.com/jobs/search?ss=1
Cabot Corporation,icims,rowenglishcareers-cabot.icims.com,https://rowenglishcareers-cabot.icims.com/jobs/search?ss=1
CACI Products Company,icims,careers-cpco-inc.icims.com,https://careers-cpco-inc.icims.com/jobs/search?ss=1
Cactus Communications,icims,internal-cactusglobal.icims.com,https://internal-cactusglobal.icims.com/jobs/search?ss=1
Cactusglobal,icims,careers-gta-cactusglobal.icims.com,https://careers-gta-cactusglobal.icims.com/jobs/search?ss=1
Cactusglobal,icims,general-cactusglobal.icims.com,https://general-cactusglobal.icims.com/jobs/search?ss=1
Cadence Education,icims,careers-cadence-education.icims.com,https://careers-cadence-education.icims.com/jobs/search?ss=1
Cadence McShane Construction,icims,careers-cadence-mcshane.icims.com,https://careers-cadence-mcshane.icims.com/jobs/search?ss=1
"Cadent, LLC",icims,careers-cadent.icims.com,https://careers-cadent.icims.com/jobs/search?ss=1
Caes,icims,careers-caes.icims.com,https://careers-caes.icims.com/jobs/search?ss=1
"Cajun Industries, LLC | Employment",icims,careers-cajunusa.icims.com,https://careers-cajunusa.icims.com/jobs/search?ss=1
Cakecareers,icims,applymanagementjobs-cakecareers.icims.com,https://applymanagementjobs-cakecareers.icims.com/jobs/search?ss=1
Cakecareers,icims,applysupportcenterjobs-cakecareers.icims.com,https://applysupportcenterjobs-cakecareers.icims.com/jobs/search?ss=1
Cakecareers,icims,hourlyjobs-cakecareers.icims.com,https://hourlyjobs-cakecareers.icims.com/jobs/search?ss=1
"Cal-Maine Foods, Inc.",icims,careers-echolakefoods.icims.com,https://careers-echolakefoods.icims.com/jobs/search?ss=1
CalAmp,icims,careers-calamp.icims.com,https://careers-calamp.icims.com/jobs/search?ss=1
CalAmp,icims,careers2-calamp.icims.com,https://careers2-calamp.icims.com/jobs/search?ss=1
CalAmp,icims,careers3-calamp.icims.com,https://careers3-calamp.icims.com/jobs/search?ss=1
CalAmp,icims,careers4-calamp.icims.com,https://careers4-calamp.icims.com/jobs/search?ss=1
CalAmp,icims,careers5-calamp.icims.com,https://careers5-calamp.icims.com/jobs/search?ss=1
Califia Farms,icims,careers-califiafarms.icims.com,https://careers-califiafarms.icims.com/jobs/search?ss=1
Calmainefoods,icims,careers-calmainefoods.icims.com,https://careers-calmainefoods.icims.com/jobs/search?ss=1
Calo,icims,careers-calo.icims.com,https://careers-calo.icims.com/jobs/search?ss=1
Calspan Corporation,icims,careers-calspan.icims.com,https://careers-calspan.icims.com/jobs/search?ss=1
Calspan Corporation,icims,careers2-calspan.icims.com,https://careers2-calspan.icims.com/jobs/search?ss=1
Cambrex,icims,careers-cambrex.icims.com,https://careers-cambrex.icims.com/jobs/search?ss=1
Cambrex,icims,careersse-cambrex.icims.com,https://careersse-cambrex.icims.com/jobs/search?ss=1
"Cambrian Homecare, Inc.",icims,careers-cambrianhomecare.icims.com,https://careers-cambrianhomecare.icims.com/jobs/search?ss=1
Cambridge Memorial Hospital,icims,encareers-cmh.icims.com,https://encareers-cmh.icims.com/jobs/search?ss=1
Cambridge Memorial Hospital,icims,internal-cmh.icims.com,https://internal-cmh.icims.com/jobs/search?ss=1
Cambridge Memorial Hospital,icims,physician-cmh.icims.com,https://physician-cmh.icims.com/jobs/search?ss=1
"Campus Apartments, LLC",icims,careers-campusapts.icims.com,https://careers-campusapts.icims.com/jobs/search?ss=1
CAMRIS International,icims,careers-africabureau.icims.com,https://careers-africabureau.icims.com/jobs/search?ss=1
CAMRIS International,icims,careers-camris.icims.com,https://careers-camris.icims.com/jobs/search?ss=1
CAMRIS International,icims,careers-vysnova.icims.com,https://careers-vysnova.icims.com/jobs/search?ss=1
CAMRIS International,icims,partner-camris.icims.com,https://partner-camris.icims.com/jobs/search?ss=1
Candidates | Precision Solutions | Open Positions at Precision Solutions,icims,jobs-precisionsolutions.icims.com,https://jobs-precisionsolutions.icims.com/jobs/search?ss=1
Canon Business Process Services,icims,careers-cbps.icims.com,https://careers-cbps.icims.com/jobs/search?ss=1
Canon Business Process Services,icims,international-cbps.icims.com,https://international-cbps.icims.com/jobs/search?ss=1
Canon Careers,icims,external-canoncareers.icims.com,https://external-canoncareers.icims.com/jobs/search?ss=1
Canon Careers,icims,intranet-canon.icims.com,https://intranet-canon.icims.com/jobs/search?ss=1
Canon Careers,icims,jobs-canon.icims.com,https://jobs-canon.icims.com/jobs/search?ss=1
Canon Careers,icims,jobs-cusa.icims.com,https://jobs-cusa.icims.com/jobs/search?ss=1
Canon Careers,icims,main-canoncareers.icims.com,https://main-canoncareers.icims.com/jobs/search?ss=1
Canoncanada,icims,careers-canoncanada.icims.com,https://careers-canoncanada.icims.com/jobs/search?ss=1
Canoncanada,icims,carrieres-canoncanada.icims.com,https://carrieres-canoncanada.icims.com/jobs/search?ss=1
Canoncareers,icims,canada-canoncareers.icims.com,https://canada-canoncareers.icims.com/jobs/search?ss=1
Canyon Ranch,icims,careers-canyonranch.icims.com,https://careers-canyonranch.icims.com/jobs/search?ss=1
Capital Blue Cross,icims,careers-capbluecross.icims.com,https://careers-capbluecross.icims.com/jobs/search?ss=1
Capital Blue Cross,icims,careers-geneia.icims.com,https://careers-geneia.icims.com/jobs/search?ss=1
Capitol Physical Therapy,icims,careers-capitolphysicaltherapy.icims.com,https://careers-capitolphysicaltherapy.icims.com/jobs/search?ss=1
CAPREIT,icims,careers-capreit.icims.com,https://careers-capreit.icims.com/jobs/search?ss=1
CAPREIT,icims,careers-capreitcareers.icims.com,https://careers-capreitcareers.icims.com/jobs/search?ss=1
CAPREIT,icims,careers2-capreit.icims.com,https://careers2-capreit.icims.com/jobs/search?ss=1
CAPREIT,icims,employees2-capreit.icims.com,https://employees2-capreit.icims.com/jobs/search?ss=1
CapRelo,icims,careers-caprelo.icims.com,https://careers-caprelo.icims.com/jobs/search?ss=1
CAPTRUST,icims,careers-captrust.icims.com,https://careers-captrust.icims.com/jobs/search?ss=1
CAPTRUST,icims,financialadvisorcareers-captrust.icims.com,https://financialadvisorcareers-captrust.icims.com/jobs/search?ss=1
CAPTRUST,icims,interncareers-captrust.icims.com,https://interncareers-captrust.icims.com/jobs/search?ss=1
Care Design New York,icims,careers-caredesignny.icims.com,https://careers-caredesignny.icims.com/jobs/search?ss=1
Care Design New York,icims,careers-partnerscares.icims.com,https://careers-partnerscares.icims.com/jobs/search?ss=1
Care Design New York,icims,careers-phpcares.icims.com,https://careers-phpcares.icims.com/jobs/search?ss=1
Care Hospice,icims,careers-carehospice.icims.com,https://careers-carehospice.icims.com/jobs/search?ss=1
"Care Hospice, Inc.",icims,careers-hospicehomeaz.icims.com,https://careers-hospicehomeaz.icims.com/jobs/search?ss=1
CareCentrix,icims,careers-carecentrix.icims.com,https://careers-carecentrix.icims.com/jobs/search?ss=1
Career Center,icims,careers-mcmc.icims.com,https://careers-mcmc.icims.com/jobs/search?ss=1
Career Openings at CommunityAmerica Credit Union,icims,careers-cacu.icims.com,https://careers-cacu.icims.com/jobs/search?ss=1
Career Openings at CommunityAmerica Credit Union,icims,copperfinancial-cacu.icims.com,https://copperfinancial-cacu.icims.com/jobs/search?ss=1
Career Openings at KB Home,icims,careers-kbhome.icims.com,https://careers-kbhome.icims.com/jobs/search?ss=1
Career Opportunities,icims,careers-atcc.icims.com,https://careers-atcc.icims.com/jobs/search?ss=1
Career Opportunities,icims,careers-eastwestbank.icims.com,https://careers-eastwestbank.icims.com/jobs/search?ss=1
Career Opportunities,icims,careers-wipfli.icims.com,https://careers-wipfli.icims.com/jobs/search?ss=1
Career Opportunities,icims,careers-wipfliindia.icims.com,https://careers-wipfliindia.icims.com/jobs/search?ss=1
Career Opportunities,icims,corporatecareers-efgusa.icims.com,https://corporatecareers-efgusa.icims.com/jobs/search?ss=1
Career Opportunities,icims,internal-atcc.icims.com,https://internal-atcc.icims.com/jobs/search?ss=1
Career Opportunities,icims,jobs-electricities.icims.com,https://jobs-electricities.icims.com/jobs/search?ss=1
Career Opportunities,icims,referral-wipfli.icims.com,https://referral-wipfli.icims.com/jobs/search?ss=1
Career Opportunities - Isagenix Careers - Isagenix.com,icims,careers-isagenix.icims.com,https://careers-isagenix.icims.com/jobs/search?ss=1
Career Opportunities at Avison Young,icims,canada-english-avisonyoung.icims.com,https://canada-english-avisonyoung.icims.com/jobs/search?ss=1
Career Opportunities at Avison Young,icims,canada-french-avisonyoung.icims.com,https://canada-french-avisonyoung.icims.com/jobs/search?ss=1
Career Opportunities at CAES Systems LLC,icims,careers-frontgrade.icims.com,https://careers-frontgrade.icims.com/jobs/search?ss=1
Career Opportunities at Community Choice Financial Family of Brands,icims,careers-ccf.icims.com,https://careers-ccf.icims.com/jobs/search?ss=1
Career Opportunities at Community Choice Financial Family of Brands,icims,corporate-tmxfinancefamily.icims.com,https://corporate-tmxfinancefamily.icims.com/jobs/search?ss=1
Career Opportunities at Concentra,icims,careers-myconcentra.icims.com,https://careers-myconcentra.icims.com/jobs/search?ss=1
Career Opportunities at Concentra,icims,concentrajobs-selectmedicalcorp.icims.com,https://concentrajobs-selectmedicalcorp.icims.com/jobs/search?ss=1
"Career Opportunities at EBSCO Information Services, LLC",icims,careers-ebscoind.icims.com,https://careers-ebscoind.icims.com/jobs/search?ss=1
"Career Opportunities at EBSCO Information Services, LLC",icims,globalcareers-ebscoind.icims.com,https://globalcareers-ebscoind.icims.com/jobs/search?ss=1
"Career Opportunities at EBSCO Information Services, LLC",icims,university-ebscoind.icims.com,https://university-ebscoind.icims.com/jobs/search?ss=1
Career Opportunities at Latham & Watkins LLP,icims,asia-associatecareers-lw.icims.com,https://asia-associatecareers-lw.icims.com/jobs/search?ss=1
Career Opportunities at Latham & Watkins LLP,icims,associatecareers-lw.icims.com,https://associatecareers-lw.icims.com/jobs/search?ss=1
Career Opportunities at Latham & Watkins LLP,icims,eume-associatecareers-lw.icims.com,https://eume-associatecareers-lw.icims.com/jobs/search?ss=1
Career Opportunities at Latham & Watkins LLP,icims,uk-associatecareers-lw.icims.com,https://uk-associatecareers-lw.icims.com/jobs/search?ss=1
Career Opportunities at Latham & Watkins LLP,icims,us-associatecareers-lw.icims.com,https://us-associatecareers-lw.icims.com/jobs/search?ss=1
Career opportunities at Magnera,icims,careers-magnera.icims.com,https://careers-magnera.icims.com/jobs/search?ss=1
"Career Opportunities at Ventra Health, Inc.",icims,careers-ventrahealth.icims.com,https://careers-ventrahealth.icims.com/jobs/search?ss=1
"Career Opportunities at Ventra Health, Inc.",icims,globalcareers-ventrahealth.icims.com,https://globalcareers-ventrahealth.icims.com/jobs/search?ss=1
Career Opportunities with Kurita America,icims,careers-kurita.icims.com,https://careers-kurita.icims.com/jobs/search?ss=1
Career Opportunities with Kurita America,icims,careers-uswaterservices.icims.com,https://careers-uswaterservices.icims.com/jobs/search?ss=1
Career Opportunities | Joint Commission,icims,careers-jointcommission.icims.com,https://careers-jointcommission.icims.com/jobs/search?ss=1
Career Opportunities | Joint Commission,icims,contract-careers-jointcommission.icims.com,https://contract-careers-jointcommission.icims.com/jobs/search?ss=1
Career Opportunities | Joint Commission,icims,internal-jointcommission.icims.com,https://internal-jointcommission.icims.com/jobs/search?ss=1
Career Opportunities | Qinetiq US,icims,careers-avantus.icims.com,https://careers-avantus.icims.com/jobs/search?ss=1
Career Opportunities | Qinetiq US,icims,careers-e3federalsolutions.icims.com,https://careers-e3federalsolutions.icims.com/jobs/search?ss=1
Career Opportunities | Qinetiq US,icims,careers-qinetiqus.icims.com,https://careers-qinetiqus.icims.com/jobs/search?ss=1
Career Opportunities | Qinetiq US,icims,dataworks-e3federalsolutions.icims.com,https://dataworks-e3federalsolutions.icims.com/jobs/search?ss=1
Career Opportunities | Vanir CM,icims,careers-vanir.icims.com,https://careers-vanir.icims.com/jobs/search?ss=1
Careers,icims,advancedmanufacturing-careers.icims.com,https://advancedmanufacturing-careers.icims.com/jobs/search?ss=1
Careers,icims,fjlord-careers.icims.com,https://fjlord-careers.icims.com/jobs/search?ss=1
Careers and Jobs at Perry's Ice CreamPerry's Ice Cream,icims,careers-perrysicecream.icims.com,https://careers-perrysicecream.icims.com/jobs/search?ss=1
Careers Centre,icims,careers-advantagesmollan.icims.com,https://careers-advantagesmollan.icims.com/jobs/search?ss=1
Careers Centre,icims,careers-flixmedia.icims.com,https://careers-flixmedia.icims.com/jobs/search?ss=1
Careers Centre,icims,careers-gigretail.icims.com,https://careers-gigretail.icims.com/jobs/search?ss=1
Careers Centre,icims,careers-relfmireland.icims.com,https://careers-relfmireland.icims.com/jobs/search?ss=1
Careers Centre,icims,jobs-retailactive.icims.com,https://jobs-retailactive.icims.com/jobs/search?ss=1
Careers in Caregiving | The Right Job For You | AveannaHealthcare.com,icims,biweekly-portal-aveanna.icims.com,https://biweekly-portal-aveanna.icims.com/jobs/search?ss=1
Careers in Caregiving | The Right Job For You | AveannaHealthcare.com,icims,caregivers-portal-aveanna.icims.com,https://caregivers-portal-aveanna.icims.com/jobs/search?ss=1
Careers Ontario Health atHome,icims,careersen-ccac.icims.com,https://careersen-ccac.icims.com/jobs/search?ss=1
Careers Ontario Health atHome,icims,healthcareathomejobs-en.icims.com,https://healthcareathomejobs-en.icims.com/jobs/search?ss=1
Careers Ontario Health atHome,icims,lhinjobs-en.icims.com,https://lhinjobs-en.icims.com/jobs/search?ss=1
Careers with daa | daa,icims,jobs-daa.icims.com,https://jobs-daa.icims.com/jobs/search?ss=1
"Careers, job vacancies | Darlows",icims,careers-darlows.icims.com,https://careers-darlows.icims.com/jobs/search?ss=1
"Careers, job vacancies | haart",icims,careers-haart.icims.com,https://careers-haart.icims.com/jobs/search?ss=1
"Careers, job vacancies | Haybrook",icims,careers-haybrook.icims.com,https://careers-haybrook.icims.com/jobs/search?ss=1
"Careers, Jobs and Online Applications | WinCo Foods",icims,careers-winco.icims.com,https://careers-winco.icims.com/jobs/search?ss=1
"Careers, Jobs and Online Applications | WinCo Foods",icims,internal-winco.icims.com,https://internal-winco.icims.com/jobs/search?ss=1
Careers/ Human Resources | Princeton Plasma Physics Lab | PPPL,icims,pppl-princeton.icims.com,https://pppl-princeton.icims.com/jobs/search?ss=1
Careers/Employment at Assisted Living Communities - Wesley Enhanced Living,icims,careers-wel.icims.com,https://careers-wel.icims.com/jobs/search?ss=1
Careforth,icims,careers-careforth.icims.com,https://careers-careforth.icims.com/jobs/search?ss=1
Caregiver Homes,icims,internalcareers-seniorlink.icims.com,https://internalcareers-seniorlink.icims.com/jobs/search?ss=1
Caregiver Services and Support,icims,careers-caregiverhomes.icims.com,https://careers-caregiverhomes.icims.com/jobs/search?ss=1
Caregiver Services and Support,icims,careers-seniorlink.icims.com,https://careers-seniorlink.icims.com/jobs/search?ss=1
Caregiver Services and Support,icims,internalpostings-careforth.icims.com,https://internalpostings-careforth.icims.com/jobs/search?ss=1
Carenet Health,icims,careers-carenethealthcare.icims.com,https://careers-carenethealthcare.icims.com/jobs/search?ss=1
CarePartners,icims,careers-carepartners.icims.com,https://careers-carepartners.icims.com/jobs/search?ss=1
CarePoint Health Management Associates,icims,careers-carepointhealth.icims.com,https://careers-carepointhealth.icims.com/jobs/search?ss=1
CarePoint Health Management Associates,icims,internal-carepointhealth.icims.com,https://internal-carepointhealth.icims.com/jobs/search?ss=1
"CareRing Health, LLC",icims,careers-hwh-careringhealth.icims.com,https://careers-hwh-careringhealth.icims.com/jobs/search?ss=1
"CareRing Health, LLC",icims,careers-patriot-careringhealth.icims.com,https://careers-patriot-careringhealth.icims.com/jobs/search?ss=1
Carle Health,icims,careers-carle.icims.com,https://careers-carle.icims.com/jobs/search?ss=1
Carle Health,icims,careers2-carle.icims.com,https://careers2-carle.icims.com/jobs/search?ss=1
Carle Health,icims,internal-carle.icims.com,https://internal-carle.icims.com/jobs/search?ss=1
Carle Health,icims,providerinternal-carle.icims.com,https://providerinternal-carle.icims.com/jobs/search?ss=1
"Carollo Engineers, Inc",icims,canada-careers-carollo.icims.com,https://canada-careers-carollo.icims.com/jobs/search?ss=1
"Carollo Engineers, Inc",icims,careers-carollo.icims.com,https://careers-carollo.icims.com/jobs/search?ss=1
"Carollo Engineers, Inc",icims,employment-carollo.icims.com,https://employment-carollo.icims.com/jobs/search?ss=1
Carrefour,icims,recrute2-carrefour.icims.com,https://recrute2-carrefour.icims.com/jobs/search?ss=1
Carrefour France,icims,recrute1-carrefour.icims.com,https://recrute1-carrefour.icims.com/jobs/search?ss=1
Carrières - LHIN - Santé à domicile Ontario | Offres d’emploi,icims,healthcareathomejobs-fr.icims.com,https://healthcareathomejobs-fr.icims.com/jobs/search?ss=1
Carrières - LHIN - Santé à domicile Ontario | Offres d’emploi,icims,lhinjobs-fr.icims.com,https://lhinjobs-fr.icims.com/jobs/search?ss=1
Carrières | InnovMetric Software | Offres d'emploi à InnovMetric Logiciels|Software,icims,french-innovmetric.icims.com,https://french-innovmetric.icims.com/jobs/search?ss=1
Cascade Management Careers,icims,careers-cascade-management.icims.com,https://careers-cascade-management.icims.com/jobs/search?ss=1
Cascade Management Careers,icims,internal-cascade-management.icims.com,https://internal-cascade-management.icims.com/jobs/search?ss=1
"Casella Waste Systems, Inc.",icims,careers-casella.icims.com,https://careers-casella.icims.com/jobs/search?ss=1
"Casella Waste Systems, Inc.",icims,careers2-casella.icims.com,https://careers2-casella.icims.com/jobs/search?ss=1
"Casella Waste Systems, Inc.",icims,driver-tech-casella.icims.com,https://driver-tech-casella.icims.com/jobs/search?ss=1
"Casella Waste Systems, Inc.",icims,internal-casella.icims.com,https://internal-casella.icims.com/jobs/search?ss=1
"Castle Management, LLC",icims,careers-castlegroup.icims.com,https://careers-castlegroup.icims.com/jobs/search?ss=1
Catalyst Brands,icims,careers-catalystbrand.icims.com,https://careers-catalystbrand.icims.com/jobs/search?ss=1
Catholic Charities of Onondaga County,icims,jobs-ccoc.icims.com,https://jobs-ccoc.icims.com/jobs/search?ss=1
Catholic Charities of Onondaga County,icims,toomey-ccoc.icims.com,https://toomey-ccoc.icims.com/jobs/search?ss=1
Catholic Charities West Michigan,icims,careers-ccwestmi.icims.com,https://careers-ccwestmi.icims.com/jobs/search?ss=1
Catholic Eldercare,icims,careers-catholiceldercare.icims.com,https://careers-catholiceldercare.icims.com/jobs/search?ss=1
Catholic Health,icims,careers-chsli.icims.com,https://careers-chsli.icims.com/jobs/search?ss=1
Catholic Health Internal Job Opportunities,icims,employees-chsli.icims.com,https://employees-chsli.icims.com/jobs/search?ss=1
Cayuse Holdings,icims,careers-cayuseholdings.icims.com,https://careers-cayuseholdings.icims.com/jobs/search?ss=1
Cbcare,icims,careers-cbcare.icims.com,https://careers-cbcare.icims.com/jobs/search?ss=1
Cbcare,icims,homecare-cbcare.icims.com,https://homecare-cbcare.icims.com/jobs/search?ss=1
CCAC Heating & Cooling,icims,careers-ccacac.icims.com,https://careers-ccacac.icims.com/jobs/search?ss=1
CCMSI,icims,careers-ccmsi.icims.com,https://careers-ccmsi.icims.com/jobs/search?ss=1
CCR Commercial Refrigeration,icims,careers-ccr.icims.com,https://careers-ccr.icims.com/jobs/search?ss=1
CCR Commercial Refrigeration 的职位列表,icims,careers-ccr-ch.icims.com,https://careers-ccr-ch.icims.com/jobs/search?ss=1
CCS Medical,icims,careers-ccs-medical.icims.com,https://careers-ccs-medical.icims.com/jobs/search?ss=1
CCSWW,icims,careers-ccsww.icims.com,https://careers-ccsww.icims.com/jobs/search?ss=1
CCSWW,icims,cca-ccsww.icims.com,https://cca-ccsww.icims.com/jobs/search?ss=1
CCSWW,icims,ccsking-ccsww.icims.com,https://ccsking-ccsww.icims.com/jobs/search?ss=1
CCSWW,icims,ccsnw-ccsww.icims.com,https://ccsnw-ccsww.icims.com/jobs/search?ss=1
CCSWW,icims,ccssw-ccsww.icims.com,https://ccssw-ccsww.icims.com/jobs/search?ss=1
CCSWW,icims,chs-ccsww.icims.com,https://chs-ccsww.icims.com/jobs/search?ss=1
CCSWW,icims,fbh-ccsww.icims.com,https://fbh-ccsww.icims.com/jobs/search?ss=1
CCSWW,icims,internal-ccsww.icims.com,https://internal-ccsww.icims.com/jobs/search?ss=1
CCSWW,icims,ltc-ccsww.icims.com,https://ltc-ccsww.icims.com/jobs/search?ss=1
CECO Environmental,icims,apaccareers-cecoenviro.icims.com,https://apaccareers-cecoenviro.icims.com/jobs/search?ss=1
CECO Environmental,icims,careers-aarding-cecoenviro.icims.com,https://careers-aarding-cecoenviro.icims.com/jobs/search?ss=1
CECO Environmental,icims,careers-canada-cecoenviro.icims.com,https://careers-canada-cecoenviro.icims.com/jobs/search?ss=1
CECO Environmental,icims,careers-compasswater-cecoenviro.icims.com,https://careers-compasswater-cecoenviro.icims.com/jobs/search?ss=1
CECO Environmental,icims,careers-india-cecoenviro.icims.com,https://careers-india-cecoenviro.icims.com/jobs/search?ss=1
CECO Environmental,icims,careers-kemco-cecoenviro.icims.com,https://careers-kemco-cecoenviro.icims.com/jobs/search?ss=1
CECO Environmental,icims,careers-singapore-cecoenviro.icims.com,https://careers-singapore-cecoenviro.icims.com/jobs/search?ss=1
CECO Environmental,icims,careers-transcend-cecoenviro.icims.com,https://careers-transcend-cecoenviro.icims.com/jobs/search?ss=1
CECO Environmental,icims,careers-uae-cecoenviro.icims.com,https://careers-uae-cecoenviro.icims.com/jobs/search?ss=1
CECO Environmental,icims,careers-usa-cecoenviro.icims.com,https://careers-usa-cecoenviro.icims.com/jobs/search?ss=1
CECO Environmental,icims,careers-wakefield-cecoenviro.icims.com,https://careers-wakefield-cecoenviro.icims.com/jobs/search?ss=1
CECO Environmental,icims,careers-wkgermany-cecoenviro.icims.com,https://careers-wkgermany-cecoenviro.icims.com/jobs/search?ss=1
CECO Environmental,icims,emeacareers-cecoenviro.icims.com,https://emeacareers-cecoenviro.icims.com/jobs/search?ss=1
CECO Environmental 的职位列表,icims,careers-chn-cecoenviro.icims.com,https://careers-chn-cecoenviro.icims.com/jobs/search?ss=1
CECO Environmental 的职位列表,icims,careers-wkasiachn-cecoenviro.icims.com,https://careers-wkasiachn-cecoenviro.icims.com/jobs/search?ss=1
CECO Environmental의 채용 정보,icims,careers-kor-cecoenviro.icims.com,https://careers-kor-cecoenviro.icims.com/jobs/search?ss=1
Cedar Falls Utilities,icims,careers-cedarfallsutilities.icims.com,https://careers-cedarfallsutilities.icims.com/jobs/search?ss=1
Cedarfair,icims,careers-cedarfair.icims.com,https://careers-cedarfair.icims.com/jobs/search?ss=1
Cedarfair,icims,careersca-cedarfair.icims.com,https://careersca-cedarfair.icims.com/jobs/search?ss=1
Cedarfair,icims,entertainment-cedarfair.icims.com,https://entertainment-cedarfair.icims.com/jobs/search?ss=1
Cedarfair,icims,jobs-cedarfair.icims.com,https://jobs-cedarfair.icims.com/jobs/search?ss=1
Cedarfair,icims,jobsca-cedarfair.icims.com,https://jobsca-cedarfair.icims.com/jobs/search?ss=1
Celanese International Corporation,icims,asiacareers-celanese.icims.com,https://asiacareers-celanese.icims.com/jobs/search?ss=1
Celanese International Corporation,icims,career-celanese.icims.com,https://career-celanese.icims.com/jobs/search?ss=1
Celanese International Corporation,icims,europecareers-celanese.icims.com,https://europecareers-celanese.icims.com/jobs/search?ss=1
Celanese International Corporation,icims,germancareers-celanese.icims.com,https://germancareers-celanese.icims.com/jobs/search?ss=1
Celanese International Corporation,icims,globalcareers-celanese.icims.com,https://globalcareers-celanese.icims.com/jobs/search?ss=1
Celldex Therapeutics,icims,careers-celldex.icims.com,https://careers-celldex.icims.com/jobs/search?ss=1
Cellular Sales,icims,careers-cellularsales.icims.com,https://careers-cellularsales.icims.com/jobs/search?ss=1
"Center for Internet Security, Inc.",icims,careers-cisecurity.icims.com,https://careers-cisecurity.icims.com/jobs/search?ss=1
"Center for Internet Security, Inc.",icims,internal-cisecurity.icims.com,https://internal-cisecurity.icims.com/jobs/search?ss=1
Centerline Logistics Corporation,icims,californiaoregon-harleymarine.icims.com,https://californiaoregon-harleymarine.icims.com/jobs/search?ss=1
Centerline Logistics Corporation,icims,jobs-centerlinelogistics.icims.com,https://jobs-centerlinelogistics.icims.com/jobs/search?ss=1
Centerline Logistics Corporation,icims,jobs-harleymarine.icims.com,https://jobs-harleymarine.icims.com/jobs/search?ss=1
Centerra-SRS,icims,jobs-centerrasrs.icims.com,https://jobs-centerrasrs.icims.com/jobs/search?ss=1
Centers,icims,careers-centersusa.icims.com,https://careers-centersusa.icims.com/jobs/search?ss=1
Central Health,icims,careers-centralhealth.icims.com,https://careers-centralhealth.icims.com/jobs/search?ss=1
Central Health,icims,communitycare-centralhealth.icims.com,https://communitycare-centralhealth.icims.com/jobs/search?ss=1
Central Health,icims,employees-centralhealth.icims.com,https://employees-centralhealth.icims.com/jobs/search?ss=1
Central Jersey Medical Center,icims,careers-cjmc.icims.com,https://careers-cjmc.icims.com/jobs/search?ss=1
Central Jersey Medical Center,icims,careers-jrmc.icims.com,https://careers-jrmc.icims.com/jobs/search?ss=1
Central Maine Healthcare,icims,careers-centralmainehealthcare-ph.icims.com,https://careers-centralmainehealthcare-ph.icims.com/jobs/search?ss=1
Central States Funds/TeamCare,icims,careers-centralstatesfunds.icims.com,https://careers-centralstatesfunds.icims.com/jobs/search?ss=1
CentraState,icims,careers-centrastate.icims.com,https://careers-centrastate.icims.com/jobs/search?ss=1
CentraState,icims,internalcareers-centrastate.icims.com,https://internalcareers-centrastate.icims.com/jobs/search?ss=1
Centric Brands,icims,careers-bcbg.icims.com,https://careers-bcbg.icims.com/jobs/search?ss=1
Centric Brands,icims,careers-buffalojeans.icims.com,https://careers-buffalojeans.icims.com/jobs/search?ss=1
Centric Brands,icims,careers-centricbrands.icims.com,https://careers-centricbrands.icims.com/jobs/search?ss=1
Centric Brands,icims,careers-centricbrandsasia.icims.com,https://careers-centricbrandsasia.icims.com/jobs/search?ss=1
Centric Brands,icims,careers-centricbrandseurope.icims.com,https://careers-centricbrandseurope.icims.com/jobs/search?ss=1
Centric Brands,icims,careers-robertgraham.icims.com,https://careers-robertgraham.icims.com/jobs/search?ss=1
Centric Brands,icims,careersfr-buffalojeans.icims.com,https://careersfr-buffalojeans.icims.com/jobs/search?ss=1
Centric Brands,icims,jobs-juicycouture.icims.com,https://jobs-juicycouture.icims.com/jobs/search?ss=1
Certara,icims,apaccareers-certara.icims.com,https://apaccareers-certara.icims.com/jobs/search?ss=1
Certara,icims,emeacareers-certara.icims.com,https://emeacareers-certara.icims.com/jobs/search?ss=1
Certara,icims,employees-certara.icims.com,https://employees-certara.icims.com/jobs/search?ss=1
Certara,icims,uscareers-certara.icims.com,https://uscareers-certara.icims.com/jobs/search?ss=1
Cfasupply,icims,careers-cfasupply.icims.com,https://careers-cfasupply.icims.com/jobs/search?ss=1
CFR Careers Center,icims,careers-cfr.icims.com,https://careers-cfr.icims.com/jobs/search?ss=1
"CHA, Inc",icims,jobs-challp.icims.com,https://jobs-challp.icims.com/jobs/search?ss=1
Champion AC,icims,careers-championac.icims.com,https://careers-championac.icims.com/jobs/search?ss=1
Champion Comfort Experts Heating & Cooling,icims,careers-championcomfortexperts.icims.com,https://careers-championcomfortexperts.icims.com/jobs/search?ss=1
Champion International Moving,icims,careers-champmove.icims.com,https://careers-champmove.icims.com/jobs/search?ss=1
Channell Heating & Cooling,icims,careers-channellandsonsac.icims.com,https://careers-channellandsonsac.icims.com/jobs/search?ss=1
CHAPMAN BROS,icims,careers-chapmanbros.icims.com,https://careers-chapmanbros.icims.com/jobs/search?ss=1
"Charah Solutions, Inc.",icims,constructiontrade-charah.icims.com,https://constructiontrade-charah.icims.com/jobs/search?ss=1
"Charah Solutions, Inc.",icims,professional-charah.icims.com,https://professional-charah.icims.com/jobs/search?ss=1
Charles Schwab Corporation,icims,career-schwab.icims.com,https://career-schwab.icims.com/jobs/search?ss=1
Charles Schwab Corporation,icims,internal-schwab.icims.com,https://internal-schwab.icims.com/jobs/search?ss=1
Charon Technology,icims,careers-charontech.icims.com,https://careers-charontech.icims.com/jobs/search?ss=1
Charter,icims,careers-charter.icims.com,https://careers-charter.icims.com/jobs/search?ss=1
Charter,icims,employees-charter.icims.com,https://employees-charter.icims.com/jobs/search?ss=1
Charter Communications,icims,offer-charter.icims.com,https://offer-charter.icims.com/jobs/search?ss=1
Charter Communications,icims,referral-charter.icims.com,https://referral-charter.icims.com/jobs/search?ss=1
CHC Helicopter,icims,careers-chc.icims.com,https://careers-chc.icims.com/jobs/search?ss=1
CHC Helicopter,icims,careers-chcbrazil.icims.com,https://careers-chcbrazil.icims.com/jobs/search?ss=1
CHC Helicopter,icims,careers-chccrew.icims.com,https://careers-chccrew.icims.com/jobs/search?ss=1
CHC Helicopter,icims,careers-heli-one.icims.com,https://careers-heli-one.icims.com/jobs/search?ss=1
CHC Helicopter,icims,careers-offshore-services-australia.icims.com,https://careers-offshore-services-australia.icims.com/jobs/search?ss=1
Chemtrade,icims,careers-chemtradelogistics.icims.com,https://careers-chemtradelogistics.icims.com/jobs/search?ss=1
Chemtrade,icims,careers2-chemtradelogistics.icims.com,https://careers2-chemtradelogistics.icims.com/jobs/search?ss=1
Chenega Corp,icims,careers-chenega.icims.com,https://careers-chenega.icims.com/jobs/search?ss=1
Cherokeenation,icims,jobs-cherokeenation.icims.com,https://jobs-cherokeenation.icims.com/jobs/search?ss=1
Chestnut Health Systems,icims,careers-chestnut.icims.com,https://careers-chestnut.icims.com/jobs/search?ss=1
Chewton Rose Estate Agents,icims,chewtonrose-careers.icims.com,https://chewtonrose-careers.icims.com/jobs/search?ss=1
"Chick-fil-A, Inc.",icims,events-chickfila.icims.com,https://events-chickfila.icims.com/jobs/search?ss=1
Chickfila,icims,careers-chickfila.icims.com,https://careers-chickfila.icims.com/jobs/search?ss=1
Children's Hospital Los Angeles,icims,internal-rnresidency-chla.icims.com,https://internal-rnresidency-chla.icims.com/jobs/search?ss=1
Children's Mercy KC,icims,faculty-childrensmercykc.icims.com,https://faculty-childrensmercykc.icims.com/jobs/search?ss=1
Children's Mercy KC,icims,jobs-childrensmercykc.icims.com,https://jobs-childrensmercykc.icims.com/jobs/search?ss=1
Children's Mercy KC,icims,nopush-childrensmercykc.icims.com,https://nopush-childrensmercykc.icims.com/jobs/search?ss=1
Chimerix,icims,careers-chimerix.icims.com,https://careers-chimerix.icims.com/jobs/search?ss=1
Chippewa Valley Technical College,icims,careers-cvtc.icims.com,https://careers-cvtc.icims.com/jobs/search?ss=1
"Chiron Technology Services, Inc.",icims,careers-chirontech.icims.com,https://careers-chirontech.icims.com/jobs/search?ss=1
Chla,icims,careers-chla.icims.com,https://careers-chla.icims.com/jobs/search?ss=1
Choice Healthcare Services,icims,careers-mychildrenschoice.icims.com,https://careers-mychildrenschoice.icims.com/jobs/search?ss=1
Choice Healthcare Services,icims,dentistchoicehealthcare-mychildrenschoice.icims.com,https://dentistchoicehealthcare-mychildrenschoice.icims.com/jobs/search?ss=1
Chord Specialty Dental Partners,icims,careers-chordsdp.icims.com,https://careers-chordsdp.icims.com/jobs/search?ss=1
Christian Care,icims,careers-christiancare.icims.com,https://careers-christiancare.icims.com/jobs/search?ss=1
Christian Health Care Center,icims,careers-chccnj.icims.com,https://careers-chccnj.icims.com/jobs/search?ss=1
Chrysalis,icims,careers-chrysalis.icims.com,https://careers-chrysalis.icims.com/jobs/search?ss=1
CHS,icims,careers-chsamerica.icims.com,https://careers-chsamerica.icims.com/jobs/search?ss=1
CHS,icims,careers-kghp.icims.com,https://careers-kghp.icims.com/jobs/search?ss=1
CHS,icims,careers-peoplepremier.icims.com,https://careers-peoplepremier.icims.com/jobs/search?ss=1
Chugach,icims,careers-chugach.icims.com,https://careers-chugach.icims.com/jobs/search?ss=1
Chumash Enterprises,icims,careers-chumashcareers.icims.com,https://careers-chumashcareers.icims.com/jobs/search?ss=1
Church World Service,icims,careers-cwsglobal.icims.com,https://careers-cwsglobal.icims.com/jobs/search?ss=1
Church World Service,icims,la-careers-cwsglobal.icims.com,https://la-careers-cwsglobal.icims.com/jobs/search?ss=1
Church World Service,icims,local-careers-cwsglobal.icims.com,https://local-careers-cwsglobal.icims.com/jobs/search?ss=1
Cielo | Search Open Positions,icims,careers-cielotalent.icims.com,https://careers-cielotalent.icims.com/jobs/search?ss=1
Cipd,icims,careers-cipd.icims.com,https://careers-cipd.icims.com/jobs/search?ss=1
Circare,icims,careers-circare.icims.com,https://careers-circare.icims.com/jobs/search?ss=1
Citizens Energy Group,icims,bargaininginternal-citizensenergygroup.icims.com,https://bargaininginternal-citizensenergygroup.icims.com/jobs/search?ss=1
Citizens Energy Group,icims,careers-citizensenergygroup.icims.com,https://careers-citizensenergygroup.icims.com/jobs/search?ss=1
Citizens Energy Group,icims,internal-citizensenergygroup.icims.com,https://internal-citizensenergygroup.icims.com/jobs/search?ss=1
Citrin Holdings LLC,icims,careers-citrin.icims.com,https://careers-citrin.icims.com/jobs/search?ss=1
City National Bank of Florida,icims,careers-citynational.icims.com,https://careers-citynational.icims.com/jobs/search?ss=1
City of Brampton,icims,careersff-brampton.icims.com,https://careersff-brampton.icims.com/jobs/search?ss=1
City of Brampton,icims,careerstto-brampton.icims.com,https://careerstto-brampton.icims.com/jobs/search?ss=1
City of Guelph,icims,careers-guelph.icims.com,https://careers-guelph.icims.com/jobs/search?ss=1
City of Hoover,icims,careers-hooveralabama.icims.com,https://careers-hooveralabama.icims.com/jobs/search?ss=1
City of Hoover,icims,careershub-hooveralabama.icims.com,https://careershub-hooveralabama.icims.com/jobs/search?ss=1
City of Hoover,icims,certifications-hooveralabama.icims.com,https://certifications-hooveralabama.icims.com/jobs/search?ss=1
City of Hoover,icims,internal-hooveralabama.icims.com,https://internal-hooveralabama.icims.com/jobs/search?ss=1
"Civil & Environmental Consultants, Inc.",icims,careers-cecinc.icims.com,https://careers-cecinc.icims.com/jobs/search?ss=1
Civilian Medical Jobs,icims,careers-civilianmedicaljobs.icims.com,https://careers-civilianmedicaljobs.icims.com/jobs/search?ss=1
Clarkson University,icims,careerhub-clarkson.icims.com,https://careerhub-clarkson.icims.com/jobs/search?ss=1
Clarkson University,icims,careers-clarkson.icims.com,https://careers-clarkson.icims.com/jobs/search?ss=1
Clarkson University,icims,faculty-clarkson.icims.com,https://faculty-clarkson.icims.com/jobs/search?ss=1
Clarkson University,icims,union-clarkson.icims.com,https://union-clarkson.icims.com/jobs/search?ss=1
Claro Enterprise Solutions LLC,icims,careers-usclaro.icims.com,https://careers-usclaro.icims.com/jobs/search?ss=1
Clearwater Living,icims,careers-clearwaterliving.icims.com,https://careers-clearwaterliving.icims.com/jobs/search?ss=1
Cleary Gottlieb Steen & Hamilton LLP,icims,careers-clearygottlieb.icims.com,https://careers-clearygottlieb.icims.com/jobs/search?ss=1
Clinton Health Access Initiative,icims,careers-chai.icims.com,https://careers-chai.icims.com/jobs/search?ss=1
CLS Living,icims,careers-clsliving.icims.com,https://careers-clsliving.icims.com/jobs/search?ss=1
Clyde Companies,icims,careers-bridgesource.icims.com,https://careers-bridgesource.icims.com/jobs/search?ss=1
Clydecapitalgroup,icims,careers-clydecapitalgroup.icims.com,https://careers-clydecapitalgroup.icims.com/jobs/search?ss=1
Clydeinc,icims,careers-clydeinc.icims.com,https://careers-clydeinc.icims.com/jobs/search?ss=1
CMD Electric,icims,careers-cmdelectric.icims.com,https://careers-cmdelectric.icims.com/jobs/search?ss=1
Cmsnextech,icims,careers-cmsnextech.icims.com,https://careers-cmsnextech.icims.com/jobs/search?ss=1
Cnb,icims,careers-cnb.icims.com,https://careers-cnb.icims.com/jobs/search?ss=1
CNH Industrial,icims,careers-cnhind.icims.com,https://careers-cnhind.icims.com/jobs/search?ss=1
CNH Industrial,icims,internal-cnhind.icims.com,https://internal-cnhind.icims.com/jobs/search?ss=1
CNH Industrial,icims,jobs-cnhind.icims.com,https://jobs-cnhind.icims.com/jobs/search?ss=1
Co,icims,careers-ies-co.icims.com,https://careers-ies-co.icims.com/jobs/search?ss=1
Coalfire Federal,icims,federal-coalfire.icims.com,https://federal-coalfire.icims.com/jobs/search?ss=1
"Coastal Home Air Conditioning, Heating",icims,careers-coastalhomeservicesinc.icims.com,https://careers-coastalhomeservicesinc.icims.com/jobs/search?ss=1
Cobank,icims,careers-cobank.icims.com,https://careers-cobank.icims.com/jobs/search?ss=1
CoDev,icims,careers-codev.icims.com,https://careers-codev.icims.com/jobs/search?ss=1
"Cohen & Co Advisory, LLC",icims,all-opportunities-cohenco.icims.com,https://all-opportunities-cohenco.icims.com/jobs/search?ss=1
"Cohen & Co Advisory, LLC",icims,careers-cohenco.icims.com,https://careers-cohenco.icims.com/jobs/search?ss=1
"Cohen & Co Advisory, LLC",icims,careers-cohencpa.icims.com,https://careers-cohencpa.icims.com/jobs/search?ss=1
"Cohen & Co Advisory, LLC",icims,experienced-opportunities-cohenco.icims.com,https://experienced-opportunities-cohenco.icims.com/jobs/search?ss=1
"Cohen & Co Advisory, LLC",icims,experienced-opportunities-cohencpa.icims.com,https://experienced-opportunities-cohencpa.icims.com/jobs/search?ss=1
"Cohen & Co Advisory, LLC",icims,internandentrylevel-opportunities-cohenco.icims.com,https://internandentrylevel-opportunities-cohenco.icims.com/jobs/search?ss=1
"Cohen & Co Advisory, LLC",icims,internandentrylevel-opportunities-cohencpa.icims.com,https://internandentrylevel-opportunities-cohencpa.icims.com/jobs/search?ss=1
Collaboration Betters The World,icims,careers-collaborationbetterstheworldvi.icims.com,https://careers-collaborationbetterstheworldvi.icims.com/jobs/search?ss=1
Collaboration Betters The World,icims,jobs-collaborationbetterstheworld.icims.com,https://jobs-collaborationbetterstheworld.icims.com/jobs/search?ss=1
Collier Comfort,icims,careers-collierscomfort.icims.com,https://careers-collierscomfort.icims.com/jobs/search?ss=1
Colliers Project Leaders,icims,careers-colliersprojects.icims.com,https://careers-colliersprojects.icims.com/jobs/search?ss=1
Colliers Project Leaders,icims,careers-mhpm.icims.com,https://careers-mhpm.icims.com/jobs/search?ss=1
Colliers Project Leaders,icims,frcareers-colliersprojects.icims.com,https://frcareers-colliersprojects.icims.com/jobs/search?ss=1
Colliersengineering,icims,careers-colliersengineering.icims.com,https://careers-colliersengineering.icims.com/jobs/search?ss=1
Colonialoaks,icims,careers-colonialoaks.icims.com,https://careers-colonialoaks.icims.com/jobs/search?ss=1
Colonialoaksretirement,icims,careers-colonialoaksretirement.icims.com,https://careers-colonialoaksretirement.icims.com/jobs/search?ss=1
Colorado in Motion,icims,careers-coloradoinmotion.icims.com,https://careers-coloradoinmotion.icims.com/jobs/search?ss=1
Colorado State University-Global Campus,icims,faculty-csuglobal.icims.com,https://faculty-csuglobal.icims.com/jobs/search?ss=1
Colorado State University-Global Campus,icims,internal-csuglobal.icims.com,https://internal-csuglobal.icims.com/jobs/search?ss=1
Colorado State University-Global Campus,icims,staff-csuglobal.icims.com,https://staff-csuglobal.icims.com/jobs/search?ss=1
Columbia Basin Health Association,icims,external-cbha.icims.com,https://external-cbha.icims.com/jobs/search?ss=1
Columbususa,icims,external-columbususa.icims.com,https://external-columbususa.icims.com/jobs/search?ss=1
"Come, Join Us",icims,careers-cannacabana.icims.com,https://careers-cannacabana.icims.com/jobs/search?ss=1
Comed,icims,careers-comed.icims.com,https://careers-comed.icims.com/jobs/search?ss=1
Comfort Dynamics,icims,careers-comfortdynamicstn.icims.com,https://careers-comfortdynamicstn.icims.com/jobs/search?ss=1
Commercial Real Estate Company,icims,careers-conorcommercial-mcshane.icims.com,https://careers-conorcommercial-mcshane.icims.com/jobs/search?ss=1
"CommIT Enterprises, Inc.",icims,careers-commitent.icims.com,https://careers-commitent.icims.com/jobs/search?ss=1
Committee for Public Counsel Services,icims,careers-publiccounsel.icims.com,https://careers-publiccounsel.icims.com/jobs/search?ss=1
Committee for Public Counsel Services,icims,employees-publiccounsel.icims.com,https://employees-publiccounsel.icims.com/jobs/search?ss=1
Common Securitization Solutions,icims,careers-commonsecuritization.icims.com,https://careers-commonsecuritization.icims.com/jobs/search?ss=1
Common Securitization Solutions,icims,careers-usfintech.icims.com,https://careers-usfintech.icims.com/jobs/search?ss=1
Commonspirit,icims,careers-commonspirit.icims.com,https://careers-commonspirit.icims.com/jobs/search?ss=1
Commonspirit,icims,internal-commonspirit.icims.com,https://internal-commonspirit.icims.com/jobs/search?ss=1
Commonspirit,icims,providers-commonspirit.icims.com,https://providers-commonspirit.icims.com/jobs/search?ss=1
CommonSpirit Health | Preboard,icims,affiliates-commonspirit.icims.com,https://affiliates-commonspirit.icims.com/jobs/search?ss=1
CommonSpirit Health | Preboard,icims,employee-vmmc.icims.com,https://employee-vmmc.icims.com/jobs/search?ss=1
Commonwealth Financial Network,icims,careers-commonwealth.icims.com,https://careers-commonwealth.icims.com/jobs/search?ss=1
Commonwealth Trading Partners,icims,careers-ctp-inc.icims.com,https://careers-ctp-inc.icims.com/jobs/search?ss=1
Community Health System,icims,careers-communitymedical.icims.com,https://careers-communitymedical.icims.com/jobs/search?ss=1
Community Health System,icims,internal-communitymedical.icims.com,https://internal-communitymedical.icims.com/jobs/search?ss=1
Community Memorial Hospital - Ventura,icims,careers-cmhshealth.icims.com,https://careers-cmhshealth.icims.com/jobs/search?ss=1
Community Memorial Hospital - Ventura,icims,careers-mycmh.icims.com,https://careers-mycmh.icims.com/jobs/search?ss=1
Community Transit,icims,careers-commtrans.icims.com,https://careers-commtrans.icims.com/jobs/search?ss=1
Community Transit,icims,drive4us-commtrans.icims.com,https://drive4us-commtrans.icims.com/jobs/search?ss=1
Communitybankna,icims,careers-communitybankna.icims.com,https://careers-communitybankna.icims.com/jobs/search?ss=1
Complex Care Solutions,icims,careers-complexcaresolutions.icims.com,https://careers-complexcaresolutions.icims.com/jobs/search?ss=1
ComPsych Corporation,icims,careers-compsych.icims.com,https://careers-compsych.icims.com/jobs/search?ss=1
ComPsych Corporation,icims,employees-compsych.icims.com,https://employees-compsych.icims.com/jobs/search?ss=1
ComPsych Corporation,icims,internationalcareers-compsych.icims.com,https://internationalcareers-compsych.icims.com/jobs/search?ss=1
Concora Credit Inc.,icims,careers-concoracredit.icims.com,https://careers-concoracredit.icims.com/jobs/search?ss=1
Concora Credit Inc.,icims,careers-genesis-fs.icims.com,https://careers-genesis-fs.icims.com/jobs/search?ss=1
Concord,icims,careers-concord.icims.com,https://careers-concord.icims.com/jobs/search?ss=1
Cone Health,icims,internal-conehealth.icims.com,https://internal-conehealth.icims.com/jobs/search?ss=1
Conehealth,icims,careers-conehealth.icims.com,https://careers-conehealth.icims.com/jobs/search?ss=1
Confluence Health,icims,internal-confluencehealth.icims.com,https://internal-confluencehealth.icims.com/jobs/search?ss=1
Confluencehealth,icims,externalnr-confluencehealth.icims.com,https://externalnr-confluencehealth.icims.com/jobs/search?ss=1
Confluencehealth,icims,externalr-confluencehealth.icims.com,https://externalr-confluencehealth.icims.com/jobs/search?ss=1
Confluenthealth,icims,careers-confluenthealth.icims.com,https://careers-confluenthealth.icims.com/jobs/search?ss=1
Connection,icims,careers-connection.icims.com,https://careers-connection.icims.com/jobs/search?ss=1
Connections Health Solutions,icims,careers-connectionsarizona.icims.com,https://careers-connectionsarizona.icims.com/jobs/search?ss=1
Connections Health Solutions,icims,careers-connectionshs.icims.com,https://careers-connectionshs.icims.com/jobs/search?ss=1
ConnectiveRx,icims,careers-connectiverx.icims.com,https://careers-connectiverx.icims.com/jobs/search?ss=1
Consilio,icims,careers-consilio-lod.icims.com,https://careers-consilio-lod.icims.com/jobs/search?ss=1
Consilio,icims,careers-consilio-skye.icims.com,https://careers-consilio-skye.icims.com/jobs/search?ss=1
Consilio,icims,careers-consilio.icims.com,https://careers-consilio.icims.com/jobs/search?ss=1
Consor Engineers,icims,careers-consoreng.icims.com,https://careers-consoreng.icims.com/jobs/search?ss=1
Consor Engineers,icims,globalhub-consoreng.icims.com,https://globalhub-consoreng.icims.com/jobs/search?ss=1
Constellationenergy,icims,careers-constellationenergy.icims.com,https://careers-constellationenergy.icims.com/jobs/search?ss=1
Constellationenergy,icims,employees-constellationenergy.icims.com,https://employees-constellationenergy.icims.com/jobs/search?ss=1
ConstructConnect,icims,careers-constructconnect.icims.com,https://careers-constructconnect.icims.com/jobs/search?ss=1
Construction Management Careers | Walbridge,icims,careers-walbridge.icims.com,https://careers-walbridge.icims.com/jobs/search?ss=1
Contec Inc.,icims,careers-contecinc.icims.com,https://careers-contecinc.icims.com/jobs/search?ss=1
Continuum Hospice,icims,careers-continuumhospice.icims.com,https://careers-continuumhospice.icims.com/jobs/search?ss=1
Control Systems,icims,careers-controlsystems.icims.com,https://careers-controlsystems.icims.com/jobs/search?ss=1
ConvergeOne,icims,c1-india.icims.com,https://c1-india.icims.com/jobs/search?ss=1
ConvergeOne,icims,careers-c1.icims.com,https://careers-c1.icims.com/jobs/search?ss=1
ConvergeOne,icims,careers-convergeone.icims.com,https://careers-convergeone.icims.com/jobs/search?ss=1
Conway Regional Health System,icims,opportunities-dardanelle.icims.com,https://opportunities-dardanelle.icims.com/jobs/search?ss=1
Conwayregional,icims,careers-conwayregional.icims.com,https://careers-conwayregional.icims.com/jobs/search?ss=1
Cook Group,icims,americas-cookmedical.icims.com,https://americas-cookmedical.icims.com/jobs/search?ss=1
Cook Group,icims,apac-cookmedical.icims.com,https://apac-cookmedical.icims.com/jobs/search?ss=1
Cook Group,icims,emea-cookmedical.icims.com,https://emea-cookmedical.icims.com/jobs/search?ss=1
Cook Group,icims,internal-cookmedical.icims.com,https://internal-cookmedical.icims.com/jobs/search?ss=1
Coolray,icims,careers-coolrayal.icims.com,https://careers-coolrayal.icims.com/jobs/search?ss=1
Coolray,icims,careers-coolraytn.icims.com,https://careers-coolraytn.icims.com/jobs/search?ss=1
Coolsys,icims,jobs-coolsys.icims.com,https://jobs-coolsys.icims.com/jobs/search?ss=1
Cooper Parry,icims,careers-cooperparry.icims.com,https://careers-cooperparry.icims.com/jobs/search?ss=1
Cooper Parry,icims,ecrcareers-cooperparry.icims.com,https://ecrcareers-cooperparry.icims.com/jobs/search?ss=1
Cooper University Hospital,icims,careers-cooperhealth.icims.com,https://careers-cooperhealth.icims.com/jobs/search?ss=1
Cooper University Hospital,icims,intranet-cooperhealth.icims.com,https://intranet-cooperhealth.icims.com/jobs/search?ss=1
Copperknoll,icims,careers-copperknoll.icims.com,https://careers-copperknoll.icims.com/jobs/search?ss=1
CoralTree Hospitality,icims,careers-coraltreehospitality.icims.com,https://careers-coraltreehospitality.icims.com/jobs/search?ss=1
CoralTree Hospitality,icims,employees-coraltreehospitality.icims.com,https://employees-coraltreehospitality.icims.com/jobs/search?ss=1
CoralTree Hospitality,icims,lowe-coraltreehospitality.icims.com,https://lowe-coraltreehospitality.icims.com/jobs/search?ss=1
CoralTree Hospitality,icims,townandcountry-coraltreehospitality.icims.com,https://townandcountry-coraltreehospitality.icims.com/jobs/search?ss=1
Cordis,icims,careerseng-cordis.icims.com,https://careerseng-cordis.icims.com/jobs/search?ss=1
Cordis Corporation,icims,careersger-cordis.icims.com,https://careersger-cordis.icims.com/jobs/search?ss=1
Cordis Corporation,icims,careersspa-cordis.icims.com,https://careersspa-cordis.icims.com/jobs/search?ss=1
Cordis Corporation,icims,jobs-cordis.icims.com,https://jobs-cordis.icims.com/jobs/search?ss=1
Cordoba Corporation,icims,careers-cordobacorp.icims.com,https://careers-cordobacorp.icims.com/jobs/search?ss=1
Corgan,icims,campus-corgan.icims.com,https://campus-corgan.icims.com/jobs/search?ss=1
Corgan,icims,campus-us-corgan.icims.com,https://campus-us-corgan.icims.com/jobs/search?ss=1
Corgan,icims,careers-corgan.icims.com,https://careers-corgan.icims.com/jobs/search?ss=1
Corgan,icims,careers-old-corgan.icims.com,https://careers-old-corgan.icims.com/jobs/search?ss=1
Corgan,icims,careers-us-corgan.icims.com,https://careers-us-corgan.icims.com/jobs/search?ss=1
Corgan,icims,join-corgan.icims.com,https://join-corgan.icims.com/jobs/search?ss=1
Cornerstone Relocation Group,icims,careers-crgglobal.icims.com,https://careers-crgglobal.icims.com/jobs/search?ss=1
Cornerstone Research,icims,corpadmin-chire.icims.com,https://corpadmin-chire.icims.com/jobs/search?ss=1
Cornerstone Research,icims,corpadminuk-chire.icims.com,https://corpadminuk-chire.icims.com/jobs/search?ss=1
Cornerstone Research,icims,exp-chire.icims.com,https://exp-chire.icims.com/jobs/search?ss=1
Cornerstone Research,icims,expbe-chire.icims.com,https://expbe-chire.icims.com/jobs/search?ss=1
Cornerstone Research,icims,expuk-chire.icims.com,https://expuk-chire.icims.com/jobs/search?ss=1
Cornerstone Research,icims,grad-chire.icims.com,https://grad-chire.icims.com/jobs/search?ss=1
Cornerstone Research,icims,gradbe-chire.icims.com,https://gradbe-chire.icims.com/jobs/search?ss=1
Cornerstone Research,icims,graduk-chire.icims.com,https://graduk-chire.icims.com/jobs/search?ss=1
Cornerstone Research,icims,ug-chire.icims.com,https://ug-chire.icims.com/jobs/search?ss=1
Cornerstone Research,icims,ugbe-chire.icims.com,https://ugbe-chire.icims.com/jobs/search?ss=1
Cornerstone Research,icims,uguk-chire.icims.com,https://uguk-chire.icims.com/jobs/search?ss=1
Corporate Chaplains of America,icims,careers-chaplain.icims.com,https://careers-chaplain.icims.com/jobs/search?ss=1
Corporate Office (099) - GSO,icims,corporatecareers-thefreshmarket.icims.com,https://corporatecareers-thefreshmarket.icims.com/jobs/search?ss=1
Corporate Office (099) - GSO,icims,fieldhourly-thefreshmarket.icims.com,https://fieldhourly-thefreshmarket.icims.com/jobs/search?ss=1
Corporate Office (099) - GSO,icims,fieldmanagement-thefreshmarket.icims.com,https://fieldmanagement-thefreshmarket.icims.com/jobs/search?ss=1
Corporate Office (099) - GSO,icims,team-thefreshmarket.icims.com,https://team-thefreshmarket.icims.com/jobs/search?ss=1
Corporate Travel Management Inc.,icims,na-ctm.icims.com,https://na-ctm.icims.com/jobs/search?ss=1
CORT,icims,apply-cort.icims.com,https://apply-cort.icims.com/jobs/search?ss=1
Cort,icims,careers-cort.icims.com,https://careers-cort.icims.com/jobs/search?ss=1
Cort,icims,corteventscareers-cort.icims.com,https://corteventscareers-cort.icims.com/jobs/search?ss=1
Cort,icims,destinationservicescareers-cort.icims.com,https://destinationservicescareers-cort.icims.com/jobs/search?ss=1
Cort,icims,partyrentalcareers-cort.icims.com,https://partyrentalcareers-cort.icims.com/jobs/search?ss=1
Costco,icims,careers-costco.icims.com,https://careers-costco.icims.com/jobs/search?ss=1
Costco,icims,pharmacycareers-costco.icims.com,https://pharmacycareers-costco.icims.com/jobs/search?ss=1
Cote Electric,icims,careers-coteelectric.icims.com,https://careers-coteelectric.icims.com/jobs/search?ss=1
Cote’s,icims,careers-cotesmechanical.icims.com,https://careers-cotesmechanical.icims.com/jobs/search?ss=1
Cotiviti,icims,careers-cotiviti.icims.com,https://careers-cotiviti.icims.com/jobs/search?ss=1
Cotiviti,icims,globalcareers-cotiviti.icims.com,https://globalcareers-cotiviti.icims.com/jobs/search?ss=1
Cougar Mechanical,icims,careers-cougarmechanical.icims.com,https://careers-cougarmechanical.icims.com/jobs/search?ss=1
"Country Fair, Inc.",icims,careers-country-fair.icims.com,https://careers-country-fair.icims.com/jobs/search?ss=1
Courtesy,icims,careers-courtesy.icims.com,https://careers-courtesy.icims.com/jobs/search?ss=1
Covenant Careers - Covenant Health,icims,ahp-covenanthealth.icims.com,https://ahp-covenanthealth.icims.com/jobs/search?ss=1
Covenant Careers - Covenant Health,icims,careers-covenanthealth.icims.com,https://careers-covenanthealth.icims.com/jobs/search?ss=1
Covenant Careers - Covenant Health,icims,employeecareers-covenanthealth.icims.com,https://employeecareers-covenanthealth.icims.com/jobs/search?ss=1
Covenant Eyes,icims,careers-covenanteyes.icims.com,https://careers-covenanteyes.icims.com/jobs/search?ss=1
Covenant Health Volunteer Portal,icims,volunteer-covenanthealth.icims.com,https://volunteer-covenanthealth.icims.com/jobs/search?ss=1
CoventBridge Group,icims,careers-coventbridge.icims.com,https://careers-coventbridge.icims.com/jobs/search?ss=1
CoventBridge Group,icims,careers-midwestupic.icims.com,https://careers-midwestupic.icims.com/jobs/search?ss=1
Coventry,icims,careers-coventry.icims.com,https://careers-coventry.icims.com/jobs/search?ss=1
CPI Card Group,icims,careers-cpicardgroup.icims.com,https://careers-cpicardgroup.icims.com/jobs/search?ss=1
"CPI Plumbing, Heating & Cooling",icims,careers-cpiplumbing.icims.com,https://careers-cpiplumbing.icims.com/jobs/search?ss=1
CPM Associates,icims,careers-cpm.icims.com,https://careers-cpm.icims.com/jobs/search?ss=1
Crash Champions,icims,ate-crashchampions.icims.com,https://ate-crashchampions.icims.com/jobs/search?ss=1
Crash Champions,icims,employees-crashchampions.icims.com,https://employees-crashchampions.icims.com/jobs/search?ss=1
Crash Champions,icims,field-crashchampions.icims.com,https://field-crashchampions.icims.com/jobs/search?ss=1
"Cravath, Swaine & Moore LLP",icims,careers-cravath.icims.com,https://careers-cravath.icims.com/jobs/search?ss=1
Creativehealthsolutions,icims,careers-creativehealthsolutions.icims.com,https://careers-creativehealthsolutions.icims.com/jobs/search?ss=1
Creekside,icims,careers-creekside.icims.com,https://careers-creekside.icims.com/jobs/search?ss=1
Cregger,icims,careers-creggerplumbing.icims.com,https://careers-creggerplumbing.icims.com/jobs/search?ss=1
Crescent Hospice.,icims,careers-crescenthospice.icims.com,https://careers-crescenthospice.icims.com/jobs/search?ss=1
Cretex,icims,careers-cretex.icims.com,https://careers-cretex.icims.com/jobs/search?ss=1
Cretex,icims,cretex-companies.icims.com,https://cretex-companies.icims.com/jobs/search?ss=1
Cretex,icims,cretexmedicalcdt-cretex.icims.com,https://cretexmedicalcdt-cretex.icims.com/jobs/search?ss=1
Cretex,icims,junopacific-cretex.icims.com,https://junopacific-cretex.icims.com/jobs/search?ss=1
Cretex,icims,meier-cretex.icims.com,https://meier-cretex.icims.com/jobs/search?ss=1
Cretex,icims,qts-cretex.icims.com,https://qts-cretex.icims.com/jobs/search?ss=1
Cretex,icims,rms-cretex.icims.com,https://rms-cretex.icims.com/jobs/search?ss=1
Cretex,icims,rmssurgical-cretex.icims.com,https://rmssurgical-cretex.icims.com/jobs/search?ss=1
Cretex,icims,spectralytics-cretex.icims.com,https://spectralytics-cretex.icims.com/jobs/search?ss=1
Critical Start,icims,careers-criticalstart.icims.com,https://careers-criticalstart.icims.com/jobs/search?ss=1
Crossmark,icims,frcacareers-crossmark.icims.com,https://frcacareers-crossmark.icims.com/jobs/search?ss=1
CROSSMARK,icims,productconnectionscareers-wisinternational.icims.com,https://productconnectionscareers-wisinternational.icims.com/jobs/search?ss=1
Crossmark,icims,uscareers-crossmark.icims.com,https://uscareers-crossmark.icims.com/jobs/search?ss=1
Crum & Forster (United States Fire Insurance Company),icims,careers-cfins.icims.com,https://careers-cfins.icims.com/jobs/search?ss=1
Crum & Forster (United States Fire Insurance Company),icims,incareers-cfins.icims.com,https://incareers-cfins.icims.com/jobs/search?ss=1
Ctg,icims,canjobs-ctg.icims.com,https://canjobs-ctg.icims.com/jobs/search?ss=1
Ctg,icims,usjobs-ctg.icims.com,https://usjobs-ctg.icims.com/jobs/search?ss=1
CTI Foods,icims,careers-ctifoods.icims.com,https://careers-ctifoods.icims.com/jobs/search?ss=1
"CTIS, Inc.",icims,careers-ctisinc.icims.com,https://careers-ctisinc.icims.com/jobs/search?ss=1
CTL-SystemWare,icims,careers-ctl-systemware.icims.com,https://careers-ctl-systemware.icims.com/jobs/search?ss=1
Cubesmart,icims,corpjobs-cubesmart.icims.com,https://corpjobs-cubesmart.icims.com/jobs/search?ss=1
Cubesmart,icims,storejobs-cubesmart.icims.com,https://storejobs-cubesmart.icims.com/jobs/search?ss=1
Culinarydropout,icims,hourlyjobs-culinarydropout.icims.com,https://hourlyjobs-culinarydropout.icims.com/jobs/search?ss=1
Culmen International LLC,icims,careers-culmen.icims.com,https://careers-culmen.icims.com/jobs/search?ss=1
Culmen International LLC,icims,uk-culmen.icims.com,https://uk-culmen.icims.com/jobs/search?ss=1
Cundall,icims,careers-cundall.icims.com,https://careers-cundall.icims.com/jobs/search?ss=1
Cundall,icims,earlycareers-cundall.icims.com,https://earlycareers-cundall.icims.com/jobs/search?ss=1
"Curana Health, Inc.",icims,app-career-curanahealth.icims.com,https://app-career-curanahealth.icims.com/jobs/search?ss=1
"Curana Health, Inc.",icims,general-careers-curanahealth.icims.com,https://general-careers-curanahealth.icims.com/jobs/search?ss=1
"Curana Health, Inc.",icims,physicians-careers-curanahealth.icims.com,https://physicians-careers-curanahealth.icims.com/jobs/search?ss=1
Curohs,icims,careers-curohs.icims.com,https://careers-curohs.icims.com/jobs/search?ss=1
Curohs,icims,internal-curohs.icims.com,https://internal-curohs.icims.com/jobs/search?ss=1
Current Employment Opportunities | Victoria,icims,careersen-victoria.icims.com,https://careersen-victoria.icims.com/jobs/search?ss=1
Current Open Positions - Bergmann,icims,careers-bergmannpc.icims.com,https://careers-bergmannpc.icims.com/jobs/search?ss=1
Current Open Positions - Colliers,icims,careers-cplusa.icims.com,https://careers-cplusa.icims.com/jobs/search?ss=1
Current Open Positions - Maser Consulting PA,icims,careers-kfwengineers.icims.com,https://careers-kfwengineers.icims.com/jobs/search?ss=1
Current Open Positions - Maser Consulting PA,icims,careers-mg2.icims.com,https://careers-mg2.icims.com/jobs/search?ss=1
"Current Open Positions at ValidaTek, Inc",icims,careers-validatek.icims.com,https://careers-validatek.icims.com/jobs/search?ss=1
Current Openings at HarmonyCares,icims,careers-harmonycares.icims.com,https://careers-harmonycares.icims.com/jobs/search?ss=1
Current Openings at Lewis Brisbois,icims,careers-lewisbrisbois.icims.com,https://careers-lewisbrisbois.icims.com/jobs/search?ss=1
Current Openings at Rotech Healthcare Inc.,icims,employees-rotech.icims.com,https://employees-rotech.icims.com/jobs/search?ss=1
"Current Openings at Wolf & Company, P.C.",icims,career-portal-wolfandco.icims.com,https://career-portal-wolfandco.icims.com/jobs/search?ss=1
"Current Openings at Wolf & Company, P.C.",icims,careers-wolfandco.icims.com,https://careers-wolfandco.icims.com/jobs/search?ss=1
Current Opportunities - Seven Hills Foundation,icims,careers-sevenhills.icims.com,https://careers-sevenhills.icims.com/jobs/search?ss=1
Current Opportunities - Seven Hills Foundation,icims,internalcareers-sevenhills.icims.com,https://internalcareers-sevenhills.icims.com/jobs/search?ss=1
"Current Opportunities at Axient, LLC",icims,careers-axient.icims.com,https://careers-axient.icims.com/jobs/search?ss=1
"Current Opportunities at Axient, LLC",icims,careers-quantitech.icims.com,https://careers-quantitech.icims.com/jobs/search?ss=1
"Current Opportunities at Axient, LLC",icims,mei-careers-quantitech.icims.com,https://mei-careers-quantitech.icims.com/jobs/search?ss=1
Current Opportunities at BerryDunn,icims,careers-berrydunn.icims.com,https://careers-berrydunn.icims.com/jobs/search?ss=1
Current Opportunities at BerryDunn,icims,executivefit-berrydunn.icims.com,https://executivefit-berrydunn.icims.com/jobs/search?ss=1
Current Opportunities at Genus PLC,icims,careers-genusplc.icims.com,https://careers-genusplc.icims.com/jobs/search?ss=1
Current Opportunities at Genus PLC,icims,careershub-genusplc.icims.com,https://careershub-genusplc.icims.com/jobs/search?ss=1
Current Opportunities at Genus PLC,icims,es-careers-genusplc.icims.com,https://es-careers-genusplc.icims.com/jobs/search?ss=1
Current Opportunities at Genus PLC,icims,promarcareers-genusplc.icims.com,https://promarcareers-genusplc.icims.com/jobs/search?ss=1
Current Opportunities at SEG,icims,seg-quantitech.icims.com,https://seg-quantitech.icims.com/jobs/search?ss=1
Current Opportunities at Torys,icims,careers-torys.icims.com,https://careers-torys.icims.com/jobs/search?ss=1
Current Opportunities at Torys,icims,us-careers-torys.icims.com,https://us-careers-torys.icims.com/jobs/search?ss=1
Current Opportunities | The Law Society of Ontario,icims,careersen-lsuc.icims.com,https://careersen-lsuc.icims.com/jobs/search?ss=1
Current Vacancies at Dalriada Trustees,icims,dalriadacareers-3173.icims.com,https://dalriadacareers-3173.icims.com/jobs/search?ss=1
Current Vacancies at Mantle Hosting,icims,mantleservicescareers-3173.icims.com,https://mantleservicescareers-3173.icims.com/jobs/search?ss=1
Current Vacancies at Spence & Partners,icims,spenceandpartnerscareers-3173.icims.com,https://spenceandpartnerscareers-3173.icims.com/jobs/search?ss=1
Curtis Lumber Co Inc.,icims,careers-curtislumber.icims.com,https://careers-curtislumber.icims.com/jobs/search?ss=1
"Customer Value Partners, Inc",icims,careers-cvpcorp.icims.com,https://careers-cvpcorp.icims.com/jobs/search?ss=1
"Customer Value Partners, Inc",icims,careers2-cvpcorp.icims.com,https://careers2-cvpcorp.icims.com/jobs/search?ss=1
Customer0,icims,careers-customer0.icims.com,https://careers-customer0.icims.com/jobs/search?ss=1
Customer0,icims,globalcareers-customer0.icims.com,https://globalcareers-customer0.icims.com/jobs/search?ss=1
Cuyahoga County Board of Developmental Disabilities,icims,careers-cuyahogabdd.icims.com,https://careers-cuyahogabdd.icims.com/jobs/search?ss=1
Cuyahoga County Board of Developmental Disabilities,icims,internal-cuyahogabdd.icims.com,https://internal-cuyahogabdd.icims.com/jobs/search?ss=1
Cvent,icims,indiacareers-cvent.icims.com,https://indiacareers-cvent.icims.com/jobs/search?ss=1
D'Addario,icims,careers-daddario.icims.com,https://careers-daddario.icims.com/jobs/search?ss=1
Daddario,icims,productioncareers-daddario.icims.com,https://productioncareers-daddario.icims.com/jobs/search?ss=1
Daftar Pekerjaan di Danone,icims,idapply-danone.icims.com,https://idapply-danone.icims.com/jobs/search?ss=1
Daifuku,icims,careers-dac-daifuku.icims.com,https://careers-dac-daifuku.icims.com/jobs/search?ss=1
Daifuku,icims,careers-daifuku-america.icims.com,https://careers-daifuku-america.icims.com/jobs/search?ss=1
Daifuku,icims,careers-els-daifuku.icims.com,https://careers-els-daifuku.icims.com/jobs/search?ss=1
Daifuku,icims,careers-jbw.icims.com,https://careers-jbw.icims.com/jobs/search?ss=1
Daifuku,icims,careers-wyn.icims.com,https://careers-wyn.icims.com/jobs/search?ss=1
Daifuku Onboarding,icims,careers-crus-daifuku.icims.com,https://careers-crus-daifuku.icims.com/jobs/search?ss=1
Daktronics,icims,careers-daktronics.icims.com,https://careers-daktronics.icims.com/jobs/search?ss=1
"Damar Services, Inc",icims,internal-damar.icims.com,https://internal-damar.icims.com/jobs/search?ss=1
"Damar Services, Inc – Contract opportunities at Damar Services, Inc.",icims,community-based-damar.icims.com,https://community-based-damar.icims.com/jobs/search?ss=1
"Damar Services, Inc.",icims,careers-damar.icims.com,https://careers-damar.icims.com/jobs/search?ss=1
"Damar Services, Inc.",icims,damar-healthservices-careers.icims.com,https://damar-healthservices-careers.icims.com/jobs/search?ss=1
"Damar Services, Inc.",icims,damar-internships-damar.icims.com,https://damar-internships-damar.icims.com/jobs/search?ss=1
"Damar Services, Inc.",icims,partners-damar.icims.com,https://partners-damar.icims.com/jobs/search?ss=1
Dana-Farber Cancer Institute,icims,careers-dfci.icims.com,https://careers-dfci.icims.com/jobs/search?ss=1
Dana-Farber Cancer Institute,icims,internal-dfci.icims.com,https://internal-dfci.icims.com/jobs/search?ss=1
Danis Construction,icims,careers-danis.icims.com,https://careers-danis.icims.com/jobs/search?ss=1
Danone,icims,enapply-danone.icims.com,https://enapply-danone.icims.com/jobs/search?ss=1
Danone,icims,enusapply-danone.icims.com,https://enusapply-danone.icims.com/jobs/search?ss=1
Danone şirketinde İş Listeleri,icims,trapply-danone.icims.com,https://trapply-danone.icims.com/jobs/search?ss=1
Danoneの求人情報,icims,jpapply-danone.icims.com,https://jpapply-danone.icims.com/jobs/search?ss=1
"Danos, LLC",icims,field-danos.icims.com,https://field-danos.icims.com/jobs/search?ss=1
"Danos, LLC",icims,field-english-danos.icims.com,https://field-english-danos.icims.com/jobs/search?ss=1
"Danos, LLC",icims,field-spanish-danos.icims.com,https://field-spanish-danos.icims.com/jobs/search?ss=1
"Danos, LLC",icims,spanish-danos.icims.com,https://spanish-danos.icims.com/jobs/search?ss=1
"Danos, LLC",icims,staff-danos.icims.com,https://staff-danos.icims.com/jobs/search?ss=1
"Darby Dental Supply, LLC",icims,careers-darby.icims.com,https://careers-darby.icims.com/jobs/search?ss=1
Dartmouth Health,icims,careers-dartmouth-hitchcock.icims.com,https://careers-dartmouth-hitchcock.icims.com/jobs/search?ss=1
Dartmouth Health,icims,internal-dartmouth-hitchcock.icims.com,https://internal-dartmouth-hitchcock.icims.com/jobs/search?ss=1
Dartmouth Health,icims,providers-dartmouth-hitchcock.icims.com,https://providers-dartmouth-hitchcock.icims.com/jobs/search?ss=1
Databankimx,icims,careers-databankimx.icims.com,https://careers-databankimx.icims.com/jobs/search?ss=1
Davidson Hospitality Group,icims,careers-davidsonhospitality.icims.com,https://careers-davidsonhospitality.icims.com/jobs/search?ss=1
Davidson Hospitality Group,icims,internal-davidsonhospitality.icims.com,https://internal-davidsonhospitality.icims.com/jobs/search?ss=1
Davidson Hospitality Group,icims,jobs-davidsonhospitality.icims.com,https://jobs-davidsonhospitality.icims.com/jobs/search?ss=1
Davidson Hospitality Group,icims,management-davidsonhospitality.icims.com,https://management-davidsonhospitality.icims.com/jobs/search?ss=1
"Davison Heating, Cooling, & Plumbing",icims,careers-davisonheating.icims.com,https://careers-davisonheating.icims.com/jobs/search?ss=1
Dawn Meats Group,icims,careers-dawnmeats.icims.com,https://careers-dawnmeats.icims.com/jobs/search?ss=1
Dawn Meats Group,icims,careers-dunbia.icims.com,https://careers-dunbia.icims.com/jobs/search?ss=1
Dawn Meats Group,icims,graduate-roi-dunbia.icims.com,https://graduate-roi-dunbia.icims.com/jobs/search?ss=1
Dawn Meats Group,icims,graduate-uk-dunbia.icims.com,https://graduate-uk-dunbia.icims.com/jobs/search?ss=1
Dawn Meats Group,icims,nonjobboard-dunbia.icims.com,https://nonjobboard-dunbia.icims.com/jobs/search?ss=1
Daytonfreight,icims,careers-daytonfreight.icims.com,https://careers-daytonfreight.icims.com/jobs/search?ss=1
DCH Health Care Authority,icims,careers-dchsystem.icims.com,https://careers-dchsystem.icims.com/jobs/search?ss=1
DDC,icims,ddccareers-nova.icims.com,https://ddccareers-nova.icims.com/jobs/search?ss=1
DDN | DataDirect Networks,icims,careers-ddn.icims.com,https://careers-ddn.icims.com/jobs/search?ss=1
DDN | DataDirect Networks,icims,external-tintri.icims.com,https://external-tintri.icims.com/jobs/search?ss=1
DecisionPoint,icims,careers-decisionpointcorp.icims.com,https://careers-decisionpointcorp.icims.com/jobs/search?ss=1
Deerfield Management Companies,icims,careers-alivamab.icims.com,https://careers-alivamab.icims.com/jobs/search?ss=1
Deerfield Management Companies,icims,careers-alo.icims.com,https://careers-alo.icims.com/jobs/search?ss=1
Deerfield Management Companies,icims,careers-aperturagtx.icims.com,https://careers-aperturagtx.icims.com/jobs/search?ss=1
Deerfield Management Companies,icims,careers-aphage.icims.com,https://careers-aphage.icims.com/jobs/search?ss=1
Deerfield Management Companies,icims,careers-avancecare.icims.com,https://careers-avancecare.icims.com/jobs/search?ss=1
Deerfield Management Companies,icims,careers-civetta.icims.com,https://careers-civetta.icims.com/jobs/search?ss=1
Deerfield Management Companies,icims,careers-dracenpharma.icims.com,https://careers-dracenpharma.icims.com/jobs/search?ss=1
Deerfield Management Companies,icims,careers-excelsiorci.icims.com,https://careers-excelsiorci.icims.com/jobs/search?ss=1
Deerfield Management Companies,icims,careers-neomorph.icims.com,https://careers-neomorph.icims.com/jobs/search?ss=1
Deerfield Management Companies,icims,careers-novocardia.icims.com,https://careers-novocardia.icims.com/jobs/search?ss=1
Deerfield Management Companies,icims,careers-pairwiseplants.icims.com,https://careers-pairwiseplants.icims.com/jobs/search?ss=1
Deerfield Management Companies,icims,careers-sollistx.icims.com,https://careers-sollistx.icims.com/jobs/search?ss=1
Deerfield Management Companies,icims,careers-stelexis.icims.com,https://careers-stelexis.icims.com/jobs/search?ss=1
Deerfield Management Companies,icims,careers-vanguard.icims.com,https://careers-vanguard.icims.com/jobs/search?ss=1
Deerfield Management Companies,icims,careers-vanovahealth.icims.com,https://careers-vanovahealth.icims.com/jobs/search?ss=1
Deerfield Management Companies,icims,careers-vibliome.icims.com,https://careers-vibliome.icims.com/jobs/search?ss=1
Deerfield Management Companies,icims,careers-vicinitas.icims.com,https://careers-vicinitas.icims.com/jobs/search?ss=1
Deerfield Management Companies,icims,careers8-deerfield.icims.com,https://careers8-deerfield.icims.com/jobs/search?ss=1
Deerfield Management Companies,icims,careers9-deerfield.icims.com,https://careers9-deerfield.icims.com/jobs/search?ss=1
Delaware North,icims,anzcareers-delawarenorth.icims.com,https://anzcareers-delawarenorth.icims.com/jobs/search?ss=1
Delaware North,icims,ukcareers-delawarenorth.icims.com,https://ukcareers-delawarenorth.icims.com/jobs/search?ss=1
Delawarenorth,icims,dashboard-delawarenorth.icims.com,https://dashboard-delawarenorth.icims.com/jobs/search?ss=1
Delawarenorth,icims,internal-delawarenorth.icims.com,https://internal-delawarenorth.icims.com/jobs/search?ss=1
Delawarenorth,icims,uk-careers-delawarenorth.icims.com,https://uk-careers-delawarenorth.icims.com/jobs/search?ss=1
Delawarenorth,icims,uk-casual-delawarenorth.icims.com,https://uk-casual-delawarenorth.icims.com/jobs/search?ss=1
Delawarenorth,icims,us-careers-delawarenorth.icims.com,https://us-careers-delawarenorth.icims.com/jobs/search?ss=1
Delawarenorth,icims,usexpress-careers-delawarenorth.icims.com,https://usexpress-careers-delawarenorth.icims.com/jobs/search?ss=1
Delawarenorth,icims,ushourly-careers-delawarenorth.icims.com,https://ushourly-careers-delawarenorth.icims.com/jobs/search?ss=1
Demant,icims,careers-audtalent.icims.com,https://careers-audtalent.icims.com/jobs/search?ss=1
Demant,icims,careers-demant.icims.com,https://careers-demant.icims.com/jobs/search?ss=1
Demant,icims,careers-hearinglife.icims.com,https://careers-hearinglife.icims.com/jobs/search?ss=1
Demant,icims,careers-visionrt.icims.com,https://careers-visionrt.icims.com/jobs/search?ss=1
Dendreon Pharmaceuticals LLC,icims,careers-dendreon.icims.com,https://careers-dendreon.icims.com/jobs/search?ss=1
Dent AC & Plumbing,icims,careers-dentairconditioning.icims.com,https://careers-dentairconditioning.icims.com/jobs/search?ss=1
Dental,icims,opportunities-midwest-dental.icims.com,https://opportunities-midwest-dental.icims.com/jobs/search?ss=1
Dental Careers | Dental Care Alliance,icims,dcacareers-dentalcarealliance.icims.com,https://dcacareers-dentalcarealliance.icims.com/jobs/search?ss=1
Dental Careers | Dental Care Alliance,icims,doctorcareers-dentalcarealliance.icims.com,https://doctorcareers-dentalcarealliance.icims.com/jobs/search?ss=1
Dental Careers | Dental Care Alliance,icims,employee-dentalcarealliance.icims.com,https://employee-dentalcarealliance.icims.com/jobs/search?ss=1
Dental Careers | Dental Care Alliance,icims,professional-dentalcarealliance.icims.com,https://professional-dentalcarealliance.icims.com/jobs/search?ss=1
Dental Office,icims,careers-mb2dental.icims.com,https://careers-mb2dental.icims.com/jobs/search?ss=1
Dental Office,icims,dentalcareers-mb2dental.icims.com,https://dentalcareers-mb2dental.icims.com/jobs/search?ss=1
Derek Sawyer,icims,careers-dereksawyers.icims.com,https://careers-dereksawyers.icims.com/jobs/search?ss=1
Deschutes Wilderness Therapy,icims,careers-deschuteswildernesstherapy.icims.com,https://careers-deschuteswildernesstherapy.icims.com/jobs/search?ss=1
Design Workshop,icims,careers-designworkshop.icims.com,https://careers-designworkshop.icims.com/jobs/search?ss=1
Designer Brands Canada,icims,careersensw-townshoes.icims.com,https://careersensw-townshoes.icims.com/jobs/search?ss=1
Designerbrands,icims,careersendsw-designerbrands.icims.com,https://careersendsw-designerbrands.icims.com/jobs/search?ss=1
Designerbrands,icims,careersensc-designerbrands.icims.com,https://careersensc-designerbrands.icims.com/jobs/search?ss=1
Devereux,icims,careers-cck.icims.com,https://careers-cck.icims.com/jobs/search?ss=1
Devereux,icims,careers-devereux.icims.com,https://careers-devereux.icims.com/jobs/search?ss=1
Devereux,icims,internal-cck.icims.com,https://internal-cck.icims.com/jobs/search?ss=1
Devereux,icims,internal-devereux.icims.com,https://internal-devereux.icims.com/jobs/search?ss=1
Dewberry,icims,careers-dewberry.icims.com,https://careers-dewberry.icims.com/jobs/search?ss=1
"Dickey's Barbecue Restaurants, Inc.",icims,careers-dickeys.icims.com,https://careers-dickeys.icims.com/jobs/search?ss=1
DiDi Global,icims,careers-didiglobal.icims.com,https://careers-didiglobal.icims.com/jobs/search?ss=1
Dierksen Hospice,icims,careers-dierksenhospice.icims.com,https://careers-dierksenhospice.icims.com/jobs/search?ss=1
Dignity Health St. Rose Dominican Careers,icims,careers-strosenh.icims.com,https://careers-strosenh.icims.com/jobs/search?ss=1
"Dilling Heating, Cooling, Plumbing & Electric",icims,careers-dillingheating.icims.com,https://careers-dillingheating.icims.com/jobs/search?ss=1
Dillon Consulting Limited,icims,external-dillon.icims.com,https://external-dillon.icims.com/jobs/search?ss=1
"Dipple Plumbing, Electrical, Heating & Air",icims,careers-dippleservices.icims.com,https://careers-dippleservices.icims.com/jobs/search?ss=1
"Discount Drains Plumbing, Heating, & Cooling",icims,careers-discountdrains.icims.com,https://careers-discountdrains.icims.com/jobs/search?ss=1
Discount Plumbing,icims,careers-discountplumbingrooterinc.icims.com,https://careers-discountplumbingrooterinc.icims.com/jobs/search?ss=1
Discounttire,icims,careers-discounttire.icims.com,https://careers-discounttire.icims.com/jobs/search?ss=1
Discounttire,icims,jobs-discounttire.icims.com,https://jobs-discounttire.icims.com/jobs/search?ss=1
Discounttire,icims,servicemanagement-discounttire.icims.com,https://servicemanagement-discounttire.icims.com/jobs/search?ss=1
Dish,icims,attract-careers1-dish.icims.com,https://attract-careers1-dish.icims.com/jobs/search?ss=1
Dish,icims,attract-careers2-dish.icims.com,https://attract-careers2-dish.icims.com/jobs/search?ss=1
Diversicare,icims,healthcare-diversicare.icims.com,https://healthcare-diversicare.icims.com/jobs/search?ss=1
Dlz,icims,careers-dlz.icims.com,https://careers-dlz.icims.com/jobs/search?ss=1
DLZ Corporation,icims,pathways-dlz.icims.com,https://pathways-dlz.icims.com/jobs/search?ss=1
DM Estate Staffing,icims,jobs-dmestatestaffing.icims.com,https://jobs-dmestatestaffing.icims.com/jobs/search?ss=1
DM Estate Staffing,icims,jobs-domesticmatch.icims.com,https://jobs-domesticmatch.icims.com/jobs/search?ss=1
DMI,icims,careers-dminc.icims.com,https://careers-dminc.icims.com/jobs/search?ss=1
Docusign,icims,apjcareers-docusign.icims.com,https://apjcareers-docusign.icims.com/jobs/search?ss=1
Docusign,icims,canadacareers-docusign.icims.com,https://canadacareers-docusign.icims.com/jobs/search?ss=1
Docusign,icims,emeacareers-docusign.icims.com,https://emeacareers-docusign.icims.com/jobs/search?ss=1
Docusign,icims,employees-docusign.icims.com,https://employees-docusign.icims.com/jobs/search?ss=1
Docusign,icims,latamcareers-docusign.icims.com,https://latamcareers-docusign.icims.com/jobs/search?ss=1
Docusign,icims,uscareers-docusign.icims.com,https://uscareers-docusign.icims.com/jobs/search?ss=1
Docusign Careers,icims,hubcareers-docusign.icims.com,https://hubcareers-docusign.icims.com/jobs/search?ss=1
Docusign Careers,icims,indiacareers-docusign.icims.com,https://indiacareers-docusign.icims.com/jobs/search?ss=1
Doherty Enterprises,icims,careers-dohertyinc.icims.com,https://careers-dohertyinc.icims.com/jobs/search?ss=1
Dole,icims,careers-dole.icims.com,https://careers-dole.icims.com/jobs/search?ss=1
DOLLAR GENERAL,icims,internal-dollargeneral.icims.com,https://internal-dollargeneral.icims.com/jobs/search?ss=1
DOLLAR GENERAL,icims,login-dollargeneral.icims.com,https://login-dollargeneral.icims.com/jobs/search?ss=1
Dollargeneral,icims,distribution-dollargeneral.icims.com,https://distribution-dollargeneral.icims.com/jobs/search?ss=1
Dollargeneral,icims,distributionmgmt-dollargeneral.icims.com,https://distributionmgmt-dollargeneral.icims.com/jobs/search?ss=1
Dollargeneral,icims,dmrd-dollargeneral.icims.com,https://dmrd-dollargeneral.icims.com/jobs/search?ss=1
Dollargeneral,icims,driver-dollargeneral.icims.com,https://driver-dollargeneral.icims.com/jobs/search?ss=1
Dollargeneral,icims,retail-dollargeneral.icims.com,https://retail-dollargeneral.icims.com/jobs/search?ss=1
Dollargeneral,icims,ssc-dollargeneral.icims.com,https://ssc-dollargeneral.icims.com/jobs/search?ss=1
Dollargeneral,icims,storemanager-dollargeneral.icims.com,https://storemanager-dollargeneral.icims.com/jobs/search?ss=1
Donohoe | Join Our Team,icims,jobs1-donohoe.icims.com,https://jobs1-donohoe.icims.com/jobs/search?ss=1
"DoubleStar, Inc.",icims,careers-doublestarinc.icims.com,https://careers-doublestarinc.icims.com/jobs/search?ss=1
Doughbird,icims,hourlyjobs-doughbird.icims.com,https://hourlyjobs-doughbird.icims.com/jobs/search?ss=1
"Dowa THT America, Inc.",icims,careers-dowa-tht.icims.com,https://careers-dowa-tht.icims.com/jobs/search?ss=1
Doyon,icims,careers-doyon.icims.com,https://careers-doyon.icims.com/jobs/search?ss=1
Dragonfly,icims,careers-dragonflytransitions.icims.com,https://careers-dragonflytransitions.icims.com/jobs/search?ss=1
Drees Homes,icims,careers-dreeshomes.icims.com,https://careers-dreeshomes.icims.com/jobs/search?ss=1
DrFirst,icims,careers-drfirst.icims.com,https://careers-drfirst.icims.com/jobs/search?ss=1
DriSteem,icims,careers-dristeem.icims.com,https://careers-dristeem.icims.com/jobs/search?ss=1
Drugs for Neglected Diseases initiative,icims,careers-dndi.icims.com,https://careers-dndi.icims.com/jobs/search?ss=1
Drybar Shops,icims,drybarshops-wellbizbrands.icims.com,https://drybarshops-wellbizbrands.icims.com/jobs/search?ss=1
Dsw,icims,careersen-dsw.icims.com,https://careersen-dsw.icims.com/jobs/search?ss=1
Dudek,icims,careers-dudek.icims.com,https://careers-dudek.icims.com/jobs/search?ss=1
Duluth Trading Company,icims,careers-duluthtrading.icims.com,https://careers-duluthtrading.icims.com/jobs/search?ss=1
Dunhamssports,icims,careers-dunhamssports.icims.com,https://careers-dunhamssports.icims.com/jobs/search?ss=1
DWF Law LLP,icims,careershub-dwfgroup.icims.com,https://careershub-dwfgroup.icims.com/jobs/search?ss=1
Dwfgroup,icims,careers-dwfgroup.icims.com,https://careers-dwfgroup.icims.com/jobs/search?ss=1
Dwfgroup,icims,northernirelandcareers-dwfgroup.icims.com,https://northernirelandcareers-dwfgroup.icims.com/jobs/search?ss=1
"Dynamic Engineering Consultants, PC",icims,careers-dynamicec.icims.com,https://careers-dynamicec.icims.com/jobs/search?ss=1
Dynamic Homes,icims,careers-dynamichomes.icims.com,https://careers-dynamichomes.icims.com/jobs/search?ss=1
E-Therapy,icims,careers-electronic-therapy.icims.com,https://careers-electronic-therapy.icims.com/jobs/search?ss=1
"E2 Consulting Engineers, Inc.",icims,careers-e2.icims.com,https://careers-e2.icims.com/jobs/search?ss=1
e4health,icims,careers-e4health.icims.com,https://careers-e4health.icims.com/jobs/search?ss=1
e4health,icims,careers-intellisiq.icims.com,https://careers-intellisiq.icims.com/jobs/search?ss=1
"Eagle Foods, LLC",icims,careers-eaglefoods.icims.com,https://careers-eaglefoods.icims.com/jobs/search?ss=1
Eagle Lake Camps,icims,eaglelake-navigators.icims.com,https://eaglelake-navigators.icims.com/jobs/search?ss=1
"Eagle Pharmaceuticals, Inc.",icims,careers-eaglepharmaceuticals.icims.com,https://careers-eaglepharmaceuticals.icims.com/jobs/search?ss=1
EagleBank,icims,careers-eaglebankcorp.icims.com,https://careers-eaglebankcorp.icims.com/jobs/search?ss=1
EaglePicher Technologies,icims,careers-eaglepicher.icims.com,https://careers-eaglepicher.icims.com/jobs/search?ss=1
Eagleview,icims,careers-apac-eagleview.icims.com,https://careers-apac-eagleview.icims.com/jobs/search?ss=1
Eagleview,icims,careers-eagleview.icims.com,https://careers-eagleview.icims.com/jobs/search?ss=1
East Penn Manufacturing Company,icims,careers-eastpennmanufacturing.icims.com,https://careers-eastpennmanufacturing.icims.com/jobs/search?ss=1
East Penn Manufacturing Company,icims,careerscentral-eastpennmanufacturing.icims.com,https://careerscentral-eastpennmanufacturing.icims.com/jobs/search?ss=1
East Penn Manufacturing Company,icims,careerseast-eastpennmanufacturing.icims.com,https://careerseast-eastpennmanufacturing.icims.com/jobs/search?ss=1
East Penn Manufacturing Company,icims,careersiowa-eastpennmanufacturing.icims.com,https://careersiowa-eastpennmanufacturing.icims.com/jobs/search?ss=1
East Penn Manufacturing Company,icims,careersnavitas-eastpennmanufacturing.icims.com,https://careersnavitas-eastpennmanufacturing.icims.com/jobs/search?ss=1
East Penn Manufacturing Company,icims,careersnc-eastpennmanufacturing.icims.com,https://careersnc-eastpennmanufacturing.icims.com/jobs/search?ss=1
East Penn Manufacturing Company,icims,careerspt-eastpennmanufacturing.icims.com,https://careerspt-eastpennmanufacturing.icims.com/jobs/search?ss=1
East Penn Manufacturing Company,icims,careersstudent-eastpennmanufacturing.icims.com,https://careersstudent-eastpennmanufacturing.icims.com/jobs/search?ss=1
East Penn Manufacturing Company,icims,careerstexas-eastpennmanufacturing.icims.com,https://careerstexas-eastpennmanufacturing.icims.com/jobs/search?ss=1
East Penn Manufacturing Company,icims,careersutah-eastpennmanufacturing.icims.com,https://careersutah-eastpennmanufacturing.icims.com/jobs/search?ss=1
East Penn Manufacturing Company,icims,careerswest-eastpennmanufacturing.icims.com,https://careerswest-eastpennmanufacturing.icims.com/jobs/search?ss=1
East Penn Manufacturing Company,icims,internal-eastpennmanufacturing.icims.com,https://internal-eastpennmanufacturing.icims.com/jobs/search?ss=1
East Penn Manufacturing Company,icims,internal1-eastpennmanufacturing.icims.com,https://internal1-eastpennmanufacturing.icims.com/jobs/search?ss=1
East Penn Manufacturing Company,icims,internal9b-eastpennmanufacturing.icims.com,https://internal9b-eastpennmanufacturing.icims.com/jobs/search?ss=1
East Penn Manufacturing Company,icims,internal9c-eastpennmanufacturing.icims.com,https://internal9c-eastpennmanufacturing.icims.com/jobs/search?ss=1
East Penn Manufacturing Company,icims,internal9d-eastpennmanufacturing.icims.com,https://internal9d-eastpennmanufacturing.icims.com/jobs/search?ss=1
East Penn Manufacturing Company,icims,internal9v-eastpennmanufacturing.icims.com,https://internal9v-eastpennmanufacturing.icims.com/jobs/search?ss=1
East Penn Manufacturing Company,icims,internala5-eastpennmanufacturing.icims.com,https://internala5-eastpennmanufacturing.icims.com/jobs/search?ss=1
Easterseals Southern California,icims,careers-essc.icims.com,https://careers-essc.icims.com/jobs/search?ss=1
Echostar,icims,attract-careers1-echostar.icims.com,https://attract-careers1-echostar.icims.com/jobs/search?ss=1
Echostar,icims,ihstechnicians-echostar.icims.com,https://ihstechnicians-echostar.icims.com/jobs/search?ss=1
EchoStar,icims,india-external-dish.icims.com,https://india-external-dish.icims.com/jobs/search?ss=1
EchoStar,icims,questionnaire3-dish.icims.com,https://questionnaire3-dish.icims.com/jobs/search?ss=1
ECS Limited,icims,careers-ecscapitolservices.icims.com,https://careers-ecscapitolservices.icims.com/jobs/search?ss=1
ECS Limited,icims,universityprograms-ecslimited.icims.com,https://universityprograms-ecslimited.icims.com/jobs/search?ss=1
Ecslimited,icims,careers-ecslimited.icims.com,https://careers-ecslimited.icims.com/jobs/search?ss=1
Ecslimited,icims,jobs-ecslimited.icims.com,https://jobs-ecslimited.icims.com/jobs/search?ss=1
Ed Morse Automotive,icims,careers-edmorse.icims.com,https://careers-edmorse.icims.com/jobs/search?ss=1
Ed Morse Automotive,icims,colorado-edmorse.icims.com,https://colorado-edmorse.icims.com/jobs/search?ss=1
Eddie Bauer,icims,careers-eddiebauerbrand.icims.com,https://careers-eddiebauerbrand.icims.com/jobs/search?ss=1
EDF power solutions,icims,caenglish-edf-re.icims.com,https://caenglish-edf-re.icims.com/jobs/search?ss=1
EDF power solutions,icims,cafrench-edf-re.icims.com,https://cafrench-edf-re.icims.com/jobs/search?ss=1
EDF power solutions,icims,careers-edf-re.icims.com,https://careers-edf-re.icims.com/jobs/search?ss=1
"Edgewater Federal Solutions, Inc.",icims,careers-edgewaterit.icims.com,https://careers-edgewaterit.icims.com/jobs/search?ss=1
Edgewood Properties,icims,jobs-edgewoodproperties.icims.com,https://jobs-edgewoodproperties.icims.com/jobs/search?ss=1
Edmund Optics,icims,careers-edmundoptics.icims.com,https://careers-edmundoptics.icims.com/jobs/search?ss=1
EDSI,icims,careers-edsisolutions.icims.com,https://careers-edsisolutions.icims.com/jobs/search?ss=1
Educational Media Foundation,icims,careers-kloveair1.icims.com,https://careers-kloveair1.icims.com/jobs/search?ss=1
Educational Media Foundation,icims,internal-kloveair1.icims.com,https://internal-kloveair1.icims.com/jobs/search?ss=1
Educator's Ally | Independent School Teaching Jobs,icims,applicants-educatorsally.icims.com,https://applicants-educatorsally.icims.com/jobs/search?ss=1
Efficient Systems Heating & Cooling,icims,careers-efficient-systems.icims.com,https://careers-efficient-systems.icims.com/jobs/search?ss=1
EFG Companies,icims,careers-efgusa.icims.com,https://careers-efgusa.icims.com/jobs/search?ss=1
Eide Bailly LLP,icims,clients-eidebailly.icims.com,https://clients-eidebailly.icims.com/jobs/search?ss=1
Eide Bailly LLP,icims,internal-eidebailly.icims.com,https://internal-eidebailly.icims.com/jobs/search?ss=1
Eidebailly,icims,campus-eidebailly.icims.com,https://campus-eidebailly.icims.com/jobs/search?ss=1
Eidebailly,icims,external-eidebailly.icims.com,https://external-eidebailly.icims.com/jobs/search?ss=1
Eidebailly,icims,india-eidebailly.icims.com,https://india-eidebailly.icims.com/jobs/search?ss=1
Eidebailly,icims,jobs-eidebailly.icims.com,https://jobs-eidebailly.icims.com/jobs/search?ss=1
eimagine,icims,afitstaffing-eimagine.icims.com,https://afitstaffing-eimagine.icims.com/jobs/search?ss=1
eimagine,icims,careers-afitstaffing.icims.com,https://careers-afitstaffing.icims.com/jobs/search?ss=1
eimagine,icims,careers-eimagine.icims.com,https://careers-eimagine.icims.com/jobs/search?ss=1
Einstein,icims,careers-einstein.icims.com,https://careers-einstein.icims.com/jobs/search?ss=1
Einstein,icims,faculty-einstein.icims.com,https://faculty-einstein.icims.com/jobs/search?ss=1
El Paso Physical Therapy Services,icims,careers-elpasophysicaltherapy.icims.com,https://careers-elpasophysicaltherapy.icims.com/jobs/search?ss=1
Elderwood/Pediatric/PostAcute/Woodmark,icims,careers-postacute-affiliates.icims.com,https://careers-postacute-affiliates.icims.com/jobs/search?ss=1
Electric Power Engineers,icims,careers-epeconsulting.icims.com,https://careers-epeconsulting.icims.com/jobs/search?ss=1
Electric Power Systems International,icims,careers-epsii.icims.com,https://careers-epsii.icims.com/jobs/search?ss=1
Electric Power Systems International,icims,careers-highpriority.icims.com,https://careers-highpriority.icims.com/jobs/search?ss=1
Electric Power Systems International,icims,careers-nassusa-epsii.icims.com,https://careers-nassusa-epsii.icims.com/jobs/search?ss=1
Electric Power Systems International,icims,eps-careers-epsii.icims.com,https://eps-careers-epsii.icims.com/jobs/search?ss=1
Electro Rent Corporation,icims,careers-asia-electrorent.icims.com,https://careers-asia-electrorent.icims.com/jobs/search?ss=1
Electro Rent Corporation,icims,careers-electrorent.icims.com,https://careers-electrorent.icims.com/jobs/search?ss=1
Electro Rent Corporation,icims,careers-emea-electrorent.icims.com,https://careers-emea-electrorent.icims.com/jobs/search?ss=1
"Electronic Systems, Inc. (ESI)",icims,careers-esinc.icims.com,https://careers-esinc.icims.com/jobs/search?ss=1
Element Materials Technology,icims,element-ext-ger.icims.com,https://element-ext-ger.icims.com/jobs/search?ss=1
Element Materials Technology,icims,element-ext-hub.icims.com,https://element-ext-hub.icims.com/jobs/search?ss=1
Element Materials Technology,icims,element-ext-row.icims.com,https://element-ext-row.icims.com/jobs/search?ss=1
Element Materials Technology,icims,element-ext-us.icims.com,https://element-ext-us.icims.com/jobs/search?ss=1
Element Resources,icims,external-3-elementrellc.icims.com,https://external-3-elementrellc.icims.com/jobs/search?ss=1
Elements Massage,icims,elementsmassage-wellbizbrands.icims.com,https://elementsmassage-wellbizbrands.icims.com/jobs/search?ss=1
Elite Physical Therapy,icims,careers-elitephysicaltherapy.icims.com,https://careers-elitephysicaltherapy.icims.com/jobs/search?ss=1
Elizabeth Seton Children’s,icims,careers-setonchildrens.icims.com,https://careers-setonchildrens.icims.com/jobs/search?ss=1
Ellisontechnologies,icims,careers-ellisontechnologies.icims.com,https://careers-ellisontechnologies.icims.com/jobs/search?ss=1
Ellucian,icims,referral-ellucian.icims.com,https://referral-ellucian.icims.com/jobs/search?ss=1
Ellucian,icims,usa-ellucian.icims.com,https://usa-ellucian.icims.com/jobs/search?ss=1
ELS | NEWHIRE PORTAL,icims,careers-elitelineservices.icims.com,https://careers-elitelineservices.icims.com/jobs/search?ss=1
ELS | NEWHIRE PORTAL,icims,careers2-wyn.icims.com,https://careers2-wyn.icims.com/jobs/search?ss=1
ELS | POST-OFFER PORTAL,icims,careers-daifuku-canada.icims.com,https://careers-daifuku-canada.icims.com/jobs/search?ss=1
Elwyn,icims,careers-elwyn.icims.com,https://careers-elwyn.icims.com/jobs/search?ss=1
Elwyn,icims,employees-elwyn.icims.com,https://employees-elwyn.icims.com/jobs/search?ss=1
Embark Behavioral Health,icims,careers-embarkbh.icims.com,https://careers-embarkbh.icims.com/jobs/search?ss=1
Embark Behavioral Health,icims,careers-embarknationwide.icims.com,https://careers-embarknationwide.icims.com/jobs/search?ss=1
EMCOR Group Inc,icims,careers-emcorgroup.icims.com,https://careers-emcorgroup.icims.com/jobs/search?ss=1
Emera,icims,careers-emera.icims.com,https://careers-emera.icims.com/jobs/search?ss=1
Emera,icims,emera-energy-emera.icims.com,https://emera-energy-emera.icims.com/jobs/search?ss=1
Emera,icims,emera-newfoundland-emera.icims.com,https://emera-newfoundland-emera.icims.com/jobs/search?ss=1
Emergent Careers,icims,external-emergent-mythics.icims.com,https://external-emergent-mythics.icims.com/jobs/search?ss=1
Emerus,icims,careers-ascensionwisconsinhospital.icims.com,https://careers-ascensionwisconsinhospital.icims.com/jobs/search?ss=1
Emerus,icims,careers-christianacarenh.icims.com,https://careers-christianacarenh.icims.com/jobs/search?ss=1
Emerus,icims,careers-emerus.icims.com,https://careers-emerus.icims.com/jobs/search?ss=1
Emerus,icims,careers-memorialhermanneh.icims.com,https://careers-memorialhermanneh.icims.com/jobs/search?ss=1
Emerus,icims,careers-monhealth.icims.com,https://careers-monhealth.icims.com/jobs/search?ss=1
Emerus,icims,careers-multicareocedjobs.icims.com,https://careers-multicareocedjobs.icims.com/jobs/search?ss=1
Emerus,icims,careers-wellspannh.icims.com,https://careers-wellspannh.icims.com/jobs/search?ss=1
Emler Swim School,icims,careers-emlerswimschool.icims.com,https://careers-emlerswimschool.icims.com/jobs/search?ss=1
Emmes,icims,employees-emmes.icims.com,https://employees-emmes.icims.com/jobs/search?ss=1
Emmes,icims,globalcareers-emmes.icims.com,https://globalcareers-emmes.icims.com/jobs/search?ss=1
Emmes,icims,uscareers-emmes.icims.com,https://uscareers-emmes.icims.com/jobs/search?ss=1
Emory Careers,icims,careers-emory.icims.com,https://careers-emory.icims.com/jobs/search?ss=1
Emory Careers,icims,clinical-emory.icims.com,https://clinical-emory.icims.com/jobs/search?ss=1
Emory Careers,icims,ecpi-emory.icims.com,https://ecpi-emory.icims.com/jobs/search?ss=1
Emory Careers,icims,ehccareers-emory.icims.com,https://ehccareers-emory.icims.com/jobs/search?ss=1
Emory Careers,icims,euvcareers-emory.icims.com,https://euvcareers-emory.icims.com/jobs/search?ss=1
Emory Careers,icims,faculty-emory.icims.com,https://faculty-emory.icims.com/jobs/search?ss=1
Emory Careers,icims,internal-emory.icims.com,https://internal-emory.icims.com/jobs/search?ss=1
Emory Careers,icims,non-clinical-emory.icims.com,https://non-clinical-emory.icims.com/jobs/search?ss=1
Emory Careers,icims,nursing-emory.icims.com,https://nursing-emory.icims.com/jobs/search?ss=1
Emory Careers,icims,staff-emory.icims.com,https://staff-emory.icims.com/jobs/search?ss=1
Empeople Credit Union,icims,careers-empeople.icims.com,https://careers-empeople.icims.com/jobs/search?ss=1
"empirical foods, inc",icims,careers-empiricalfoods.icims.com,https://careers-empiricalfoods.icims.com/jobs/search?ss=1
Employment,icims,careers-chsi.icims.com,https://careers-chsi.icims.com/jobs/search?ss=1
Employment + Internships | Oakland Museum of California,icims,careers-museumca.icims.com,https://careers-museumca.icims.com/jobs/search?ss=1
Employment - Suttle-Straus,icims,external-suttle-straus.icims.com,https://external-suttle-straus.icims.com/jobs/search?ss=1
Employment and Career Opportunities at Fisher Investments UK,icims,ukcareers-fishercareers.icims.com,https://ukcareers-fishercareers.icims.com/jobs/search?ss=1
Employment Listings,icims,careers-rosepestsolutions.icims.com,https://careers-rosepestsolutions.icims.com/jobs/search?ss=1
Employment Opportunities,icims,careers-alaskausa.icims.com,https://careers-alaskausa.icims.com/jobs/search?ss=1
Employment Opportunities,icims,careers-globalcu.icims.com,https://careers-globalcu.icims.com/jobs/search?ss=1
Employment Opportunities - Macalester College,icims,careers-macalester.icims.com,https://careers-macalester.icims.com/jobs/search?ss=1
Employment Opportunities at A.M. Best,icims,careers-ambest.icims.com,https://careers-ambest.icims.com/jobs/search?ss=1
Employment Opportunities at A.M. Best,icims,internationalcareers-ambest.icims.com,https://internationalcareers-ambest.icims.com/jobs/search?ss=1
Employment Services - Orange County Public Schools,icims,administrators-ocps.icims.com,https://administrators-ocps.icims.com/jobs/search?ss=1
Employment Services - Orange County Public Schools,icims,classified-ocps.icims.com,https://classified-ocps.icims.com/jobs/search?ss=1
Employment Services - Orange County Public Schools,icims,teachers-ocps.icims.com,https://teachers-ocps.icims.com/jobs/search?ss=1
Employment | DePaul,icims,careers-depaul.icims.com,https://careers-depaul.icims.com/jobs/search?ss=1
Employment | Foreign Affairs,icims,careers-foreignaffairs-cfr.icims.com,https://careers-foreignaffairs-cfr.icims.com/jobs/search?ss=1
Employment | Lubricants and Services | Petrochoice Lubrication,icims,careers-petrochoice.icims.com,https://careers-petrochoice.icims.com/jobs/search?ss=1
Employment | Lubricants and Services | Petrochoice Lubrication,icims,driver-petrochoice.icims.com,https://driver-petrochoice.icims.com/jobs/search?ss=1
Employment | Student Life Christian Summer Camps,icims,studentlife-lifeway.icims.com,https://studentlife-lifeway.icims.com/jobs/search?ss=1
Empower Pharmacy,icims,internal-empowerpharmacy.icims.com,https://internal-empowerpharmacy.icims.com/jobs/search?ss=1
Empowerme,icims,careers-empowerme.icims.com,https://careers-empowerme.icims.com/jobs/search?ss=1
Empowerpharmacy,icims,applycareers-empowerpharmacy.icims.com,https://applycareers-empowerpharmacy.icims.com/jobs/search?ss=1
Empowerpharmacy,icims,careers-empowerpharmacy.icims.com,https://careers-empowerpharmacy.icims.com/jobs/search?ss=1
EMS,icims,careers-emscrm.icims.com,https://careers-emscrm.icims.com/jobs/search?ss=1
emsCharts,icims,careers-emscharts.icims.com,https://careers-emscharts.icims.com/jobs/search?ss=1
Encantado Technical Solutions,icims,careers-encantadotech.icims.com,https://careers-encantadotech.icims.com/jobs/search?ss=1
Encore Fire Protection,icims,careers-encorefireprotection.icims.com,https://careers-encorefireprotection.icims.com/jobs/search?ss=1
Encyclis,icims,careers-encyclis.icims.com,https://careers-encyclis.icims.com/jobs/search?ss=1
Endeavor Air,icims,careers-endeavorair.icims.com,https://careers-endeavorair.icims.com/jobs/search?ss=1
Endeavor Air,icims,internal-endeavorair.icims.com,https://internal-endeavorair.icims.com/jobs/search?ss=1
"Endeavor Schools, LLC",icims,careers-endeavorschoolsllc.icims.com,https://careers-endeavorschoolsllc.icims.com/jobs/search?ss=1
Endologix,icims,careerseu-endologix.icims.com,https://careerseu-endologix.icims.com/jobs/search?ss=1
Endologix,icims,careersus-endologix.icims.com,https://careersus-endologix.icims.com/jobs/search?ss=1
Endologix,icims,internal-endologix.icims.com,https://internal-endologix.icims.com/jobs/search?ss=1
Enercon,icims,collegecareers-enercon.icims.com,https://collegecareers-enercon.icims.com/jobs/search?ss=1
Enercon,icims,industrycareers-enercon.icims.com,https://industrycareers-enercon.icims.com/jobs/search?ss=1
Energizer,icims,jobs-energizerholdings.icims.com,https://jobs-energizerholdings.icims.com/jobs/search?ss=1
Energizerholdings,icims,careers-energizerholdings.icims.com,https://careers-energizerholdings.icims.com/jobs/search?ss=1
Enerpac,icims,careers-enerpac.icims.com,https://careers-enerpac.icims.com/jobs/search?ss=1
Enerpac,icims,global-enerpac.icims.com,https://global-enerpac.icims.com/jobs/search?ss=1
ENFRA,icims,careers-bernhard.icims.com,https://careers-bernhard.icims.com/jobs/search?ss=1
ENFRA,icims,careers-enfra.icims.com,https://careers-enfra.icims.com/jobs/search?ss=1
ENFRA,icims,craftcareers-bernhard.icims.com,https://craftcareers-bernhard.icims.com/jobs/search?ss=1
ENFRA,icims,craftcareers-enfra.icims.com,https://craftcareers-enfra.icims.com/jobs/search?ss=1
Englewood,icims,careers-englewood.icims.com,https://careers-englewood.icims.com/jobs/search?ss=1
Englobecorp,icims,careers-englobecorp.icims.com,https://careers-englobecorp.icims.com/jobs/search?ss=1
Englobecorp,icims,careers2-englobecorp.icims.com,https://careers2-englobecorp.icims.com/jobs/search?ss=1
Enhabit Home Health & Hospice,icims,careers-ehhi.icims.com,https://careers-ehhi.icims.com/jobs/search?ss=1
Entarian,icims,careers-entarian.icims.com,https://careers-entarian.icims.com/jobs/search?ss=1
Entegrisinc,icims,globalcareers-entegrisinc.icims.com,https://globalcareers-entegrisinc.icims.com/jobs/search?ss=1
Enterprise,icims,france-erac.icims.com,https://france-erac.icims.com/jobs/search?ss=1
Enterprise,icims,ger-erac.icims.com,https://ger-erac.icims.com/jobs/search?ss=1
Enterprise,icims,ire-erac.icims.com,https://ire-erac.icims.com/jobs/search?ss=1
Enterprise,icims,uk-erac.icims.com,https://uk-erac.icims.com/jobs/search?ss=1
Enterprise Holdings Careers - Canada,icims,cae-erac.icims.com,https://cae-erac.icims.com/jobs/search?ss=1
Enterprise Holdings Careers - Canada,icims,caf-erac.icims.com,https://caf-erac.icims.com/jobs/search?ss=1
Enterprise Holdings Careers - Canada,icims,nationalalamoca-erac.icims.com,https://nationalalamoca-erac.icims.com/jobs/search?ss=1
Enterprise Holdings Careers - Canada,icims,nationalalamocafr-erac.icims.com,https://nationalalamocafr-erac.icims.com/jobs/search?ss=1
Enterprise Holdings Careers - PR,icims,pr-erac.icims.com,https://pr-erac.icims.com/jobs/search?ss=1
Enterprise Holdings Careers - US Homepage,icims,nationalalamo-erac.icims.com,https://nationalalamo-erac.icims.com/jobs/search?ss=1
Enterprise Holdings Careers - US Homepage,icims,us-erac.icims.com,https://us-erac.icims.com/jobs/search?ss=1
Enterprises,icims,bluecrane-runway.icims.com,https://bluecrane-runway.icims.com/jobs/search?ss=1
Enterprises,icims,heartland-forward.icims.com,https://heartland-forward.icims.com/jobs/search?ss=1
Enterprises,icims,nwa-runway.icims.com,https://nwa-runway.icims.com/jobs/search?ss=1
Enterprises,icims,walton-enterprises.icims.com,https://walton-enterprises.icims.com/jobs/search?ss=1
Enterprises,icims,weioffice-foundation.icims.com,https://weioffice-foundation.icims.com/jobs/search?ss=1
Envision Physician Services,icims,nonclinical-careers-shcr.icims.com,https://nonclinical-careers-shcr.icims.com/jobs/search?ss=1
Envoy Air Inc.,icims,bahamas-envoyair.icims.com,https://bahamas-envoyair.icims.com/jobs/search?ss=1
Envoy Air Inc.,icims,canada-envoyair.icims.com,https://canada-envoyair.icims.com/jobs/search?ss=1
Envoy Air Inc.,icims,careers-envoyair.icims.com,https://careers-envoyair.icims.com/jobs/search?ss=1
Envoy Air Inc.,icims,caribbean-envoyair.icims.com,https://caribbean-envoyair.icims.com/jobs/search?ss=1
Envoy Air Inc.,icims,us-envoyair.icims.com,https://us-envoyair.icims.com/jobs/search?ss=1
Envoy Hospice,icims,careers-envoyhospice.icims.com,https://careers-envoyhospice.icims.com/jobs/search?ss=1
"Epika Fleet Services, Inc.",icims,afscareers-epikafleet.icims.com,https://afscareers-epikafleet.icims.com/jobs/search?ss=1
"Epika Fleet Services, Inc.",icims,crfleetcareers-epikafleet.icims.com,https://crfleetcareers-epikafleet.icims.com/jobs/search?ss=1
"Epika Fleet Services, Inc.",icims,cscareers-epikafleet.icims.com,https://cscareers-epikafleet.icims.com/jobs/search?ss=1
"Epika Fleet Services, Inc.",icims,downtimecareers-epikafleet.icims.com,https://downtimecareers-epikafleet.icims.com/jobs/search?ss=1
"Epika Fleet Services, Inc.",icims,fmmcareer-epikafleet.icims.com,https://fmmcareer-epikafleet.icims.com/jobs/search?ss=1
"Epika Fleet Services, Inc.",icims,freewayfleetservicescareers-epikafleet.icims.com,https://freewayfleetservicescareers-epikafleet.icims.com/jobs/search?ss=1
"Epika Fleet Services, Inc.",icims,lubezonecareers-epikafleet.icims.com,https://lubezonecareers-epikafleet.icims.com/jobs/search?ss=1
"Epika Fleet Services, Inc.",icims,managedmobilecareers-epikafleet.icims.com,https://managedmobilecareers-epikafleet.icims.com/jobs/search?ss=1
"Epika Fleet Services, Inc.",icims,mesocareers-epikafleet.icims.com,https://mesocareers-epikafleet.icims.com/jobs/search?ss=1
"Epika Fleet Services, Inc.",icims,pennjerseycareers-epikafleet.icims.com,https://pennjerseycareers-epikafleet.icims.com/jobs/search?ss=1
"Epika Fleet Services, Inc.",icims,prestigecareers-epikafleet.icims.com,https://prestigecareers-epikafleet.icims.com/jobs/search?ss=1
"Epika Fleet Services, Inc.",icims,pushpullcareers-epikafleet.icims.com,https://pushpullcareers-epikafleet.icims.com/jobs/search?ss=1
Epstein Becker & Green P.C.,icims,attorney-ebglaw.icims.com,https://attorney-ebglaw.icims.com/jobs/search?ss=1
Epstein Becker & Green P.C.,icims,students-ebglaw.icims.com,https://students-ebglaw.icims.com/jobs/search?ss=1
Equans,icims,beluxenglish-equans.icims.com,https://beluxenglish-equans.icims.com/jobs/search?ss=1
Equans,icims,beluxfrench-equans.icims.com,https://beluxfrench-equans.icims.com/jobs/search?ss=1
EQUANS,icims,enfrench-equans.icims.com,https://enfrench-equans.icims.com/jobs/search?ss=1
Equans,icims,frfrench-equans.icims.com,https://frfrench-equans.icims.com/jobs/search?ss=1
Equans,icims,ukenglish-equans.icims.com,https://ukenglish-equans.icims.com/jobs/search?ss=1
Erac,icims,internal-erac.icims.com,https://internal-erac.icims.com/jobs/search?ss=1
ERMCO,icims,careers-ermcoeci.icims.com,https://careers-ermcoeci.icims.com/jobs/search?ss=1
Ernest,icims,careers-ernest.icims.com,https://careers-ernest.icims.com/jobs/search?ss=1
ERP International,icims,careers-erpinternational.icims.com,https://careers-erpinternational.icims.com/jobs/search?ss=1
ERS,icims,careers-ers.icims.com,https://careers-ers.icims.com/jobs/search?ss=1
Es,icims,careers-publicis-es.icims.com,https://careers-publicis-es.icims.com/jobs/search?ss=1
Eskenazi Medical Group,icims,careers-eskenazihealth.icims.com,https://careers-eskenazihealth.icims.com/jobs/search?ss=1
Essen Medical Associates,icims,careers-essenmed.icims.com,https://careers-essenmed.icims.com/jobs/search?ss=1
Essense of Australia,icims,aus-essense.icims.com,https://aus-essense.icims.com/jobs/search?ss=1
Essense of Australia,icims,aus-truesociety.icims.com,https://aus-truesociety.icims.com/jobs/search?ss=1
Essense of Australia,icims,careers-essensedesigns.icims.com,https://careers-essensedesigns.icims.com/jobs/search?ss=1
Essense of Australia,icims,careers-truesociety.icims.com,https://careers-truesociety.icims.com/jobs/search?ss=1
Essense of Australia,icims,de-truesociety.icims.com,https://de-truesociety.icims.com/jobs/search?ss=1
Essense of Australia,icims,eu-essense.icims.com,https://eu-essense.icims.com/jobs/search?ss=1
Essense of Australia,icims,eu-truesociety.icims.com,https://eu-truesociety.icims.com/jobs/search?ss=1
Estes Forwarding Worldwide,icims,careers-efwnow.icims.com,https://careers-efwnow.icims.com/jobs/search?ss=1
Eugene Family YMCA,icims,careers-eugenefamily-ymca.icims.com,https://careers-eugenefamily-ymca.icims.com/jobs/search?ss=1
Event at PDS Health,icims,events-pacificdentalservices.icims.com,https://events-pacificdentalservices.icims.com/jobs/search?ss=1
Events at MedStar Health,icims,events-medstarhealth.icims.com,https://events-medstarhealth.icims.com/jobs/search?ss=1
Events at State Farm,icims,events-statefarm.icims.com,https://events-statefarm.icims.com/jobs/search?ss=1
EverWatch,icims,aces-everwatchsolutions.icims.com,https://aces-everwatchsolutions.icims.com/jobs/search?ss=1
EverWatch,icims,braintrust-everwatchsolutions.icims.com,https://braintrust-everwatchsolutions.icims.com/jobs/search?ss=1
EverWatch,icims,everwatch-everwatchsolutions.icims.com,https://everwatch-everwatchsolutions.icims.com/jobs/search?ss=1
eviCore,icims,careers-evicore.icims.com,https://careers-evicore.icims.com/jobs/search?ss=1
Evidence in Motion,icims,careers-evidenceinmotion.icims.com,https://careers-evidenceinmotion.icims.com/jobs/search?ss=1
EVMS,icims,careers-evms.icims.com,https://careers-evms.icims.com/jobs/search?ss=1
EVMS,icims,internal-evms.icims.com,https://internal-evms.icims.com/jobs/search?ss=1
Exagen,icims,careers-exagen.icims.com,https://careers-exagen.icims.com/jobs/search?ss=1
Exciting Career Opportunities | BC Ferries - British Columbia Ferry Services Inc.,icims,careers-bcferries.icims.com,https://careers-bcferries.icims.com/jobs/search?ss=1
ExecuSearch,icims,careers-execusearchchi.icims.com,https://careers-execusearchchi.icims.com/jobs/search?ss=1
Exeloncorp,icims,confidential-exeloncorp.icims.com,https://confidential-exeloncorp.icims.com/jobs/search?ss=1
Experience details & registration,icims,student-se.icims.com,https://student-se.icims.com/jobs/search?ss=1
Expleo,icims,careers-expleo-jobs.icims.com,https://careers-expleo-jobs.icims.com/jobs/search?ss=1
Expleo,icims,expleo-jobs-ae-en.icims.com,https://expleo-jobs-ae-en.icims.com/jobs/search?ss=1
Expleo,icims,expleo-jobs-af.icims.com,https://expleo-jobs-af.icims.com/jobs/search?ss=1
Expleo,icims,expleo-jobs-afportal.icims.com,https://expleo-jobs-afportal.icims.com/jobs/search?ss=1
Expleo,icims,expleo-jobs-apac.icims.com,https://expleo-jobs-apac.icims.com/jobs/search?ss=1
Expleo,icims,expleo-jobs-apacportal.icims.com,https://expleo-jobs-apacportal.icims.com/jobs/search?ss=1
Expleo,icims,expleo-jobs-be-en.icims.com,https://expleo-jobs-be-en.icims.com/jobs/search?ss=1
Expleo,icims,expleo-jobs-ca-en.icims.com,https://expleo-jobs-ca-en.icims.com/jobs/search?ss=1
Expleo,icims,expleo-jobs-ch-en.icims.com,https://expleo-jobs-ch-en.icims.com/jobs/search?ss=1
Expleo,icims,expleo-jobs-eg-en.icims.com,https://expleo-jobs-eg-en.icims.com/jobs/search?ss=1
Expleo,icims,expleo-jobs-es-en.icims.com,https://expleo-jobs-es-en.icims.com/jobs/search?ss=1
Expleo,icims,expleo-jobs-eu.icims.com,https://expleo-jobs-eu.icims.com/jobs/search?ss=1
Expleo,icims,expleo-jobs-euportal.icims.com,https://expleo-jobs-euportal.icims.com/jobs/search?ss=1
Expleo,icims,expleo-jobs-gb-en.icims.com,https://expleo-jobs-gb-en.icims.com/jobs/search?ss=1
Expleo,icims,expleo-jobs-ie-en.icims.com,https://expleo-jobs-ie-en.icims.com/jobs/search?ss=1
Expleo,icims,expleo-jobs-in-en.icims.com,https://expleo-jobs-in-en.icims.com/jobs/search?ss=1
Expleo,icims,expleo-jobs-me.icims.com,https://expleo-jobs-me.icims.com/jobs/search?ss=1
Expleo,icims,expleo-jobs-meportal.icims.com,https://expleo-jobs-meportal.icims.com/jobs/search?ss=1
Expleo,icims,expleo-jobs-mx-en.icims.com,https://expleo-jobs-mx-en.icims.com/jobs/search?ss=1
Expleo,icims,expleo-jobs-my-en.icims.com,https://expleo-jobs-my-en.icims.com/jobs/search?ss=1
Expleo,icims,expleo-jobs-nalatam.icims.com,https://expleo-jobs-nalatam.icims.com/jobs/search?ss=1
Expleo,icims,expleo-jobs-nalatamportal.icims.com,https://expleo-jobs-nalatamportal.icims.com/jobs/search?ss=1
Expleo,icims,expleo-jobs-ni-en.icims.com,https://expleo-jobs-ni-en.icims.com/jobs/search?ss=1
Expleo,icims,expleo-jobs-nl-en.icims.com,https://expleo-jobs-nl-en.icims.com/jobs/search?ss=1
Expleo,icims,expleo-jobs-ph-en.icims.com,https://expleo-jobs-ph-en.icims.com/jobs/search?ss=1
Expleo,icims,expleo-jobs-pt-en.icims.com,https://expleo-jobs-pt-en.icims.com/jobs/search?ss=1
Expleo,icims,expleo-jobs-ro-en.icims.com,https://expleo-jobs-ro-en.icims.com/jobs/search?ss=1
Expleo,icims,expleo-jobs-se-en.icims.com,https://expleo-jobs-se-en.icims.com/jobs/search?ss=1
Expleo,icims,expleo-jobs-us-en.icims.com,https://expleo-jobs-us-en.icims.com/jobs/search?ss=1
Expleo,icims,expleo-jobs-za-en.icims.com,https://expleo-jobs-za-en.icims.com/jobs/search?ss=1
Expleo,icims,external-northamerica-expleo.icims.com,https://external-northamerica-expleo.icims.com/jobs/search?ss=1
Expleo,icims,stirlingdynamics-jobs-expleo.icims.com,https://stirlingdynamics-jobs-expleo.icims.com/jobs/search?ss=1
Explore Learning Careers,icims,careers-explorelearning.icims.com,https://careers-explorelearning.icims.com/jobs/search?ss=1
Exponent Inc.,icims,careers-exponent.icims.com,https://careers-exponent.icims.com/jobs/search?ss=1
EXPRESS,icims,bonobos-guideshop.icims.com,https://bonobos-guideshop.icims.com/jobs/search?ss=1
EXPRESS,icims,careers-express.icims.com,https://careers-express.icims.com/jobs/search?ss=1
EXPRESS,icims,expr-bonobos.icims.com,https://expr-bonobos.icims.com/jobs/search?ss=1
EXPRESS,icims,jobs-express.icims.com,https://jobs-express.icims.com/jobs/search?ss=1
Extensis Group,icims,careers-extensisgroup.icims.com,https://careers-extensisgroup.icims.com/jobs/search?ss=1
Extensis Group,icims,careers-extensishr.icims.com,https://careers-extensishr.icims.com/jobs/search?ss=1
Extensis Group,icims,careers-playabowls.icims.com,https://careers-playabowls.icims.com/jobs/search?ss=1
Extensis Group,icims,careers2-extensisgroup.icims.com,https://careers2-extensisgroup.icims.com/jobs/search?ss=1
Extensis Group,icims,careers2-extensishr.icims.com,https://careers2-extensishr.icims.com/jobs/search?ss=1
EyeSouth Partners LLC,icims,careers-eyesouthpartners.icims.com,https://careers-eyesouthpartners.icims.com/jobs/search?ss=1
EyeSouth Partners LLC,icims,careers2-eyesouthpartners.icims.com,https://careers2-eyesouthpartners.icims.com/jobs/search?ss=1
F.H. Furr,icims,careers-fhfurr.icims.com,https://careers-fhfurr.icims.com/jobs/search?ss=1
"Facility Solutions Group, Inc.",icims,careers-fsg.icims.com,https://careers-fsg.icims.com/jobs/search?ss=1
Fairview,icims,ebenezer-fairview.icims.com,https://ebenezer-fairview.icims.com/jobs/search?ss=1
Fairview,icims,external-fairview.icims.com,https://external-fairview.icims.com/jobs/search?ss=1
Fairview,icims,internal-fairview.icims.com,https://internal-fairview.icims.com/jobs/search?ss=1
Fairview,icims,provider-fairview.icims.com,https://provider-fairview.icims.com/jobs/search?ss=1
Fairview,icims,range-fairview.icims.com,https://range-fairview.icims.com/jobs/search?ss=1
FaithBridge,icims,fb-careers-jacksonhealthcare.icims.com,https://fb-careers-jacksonhealthcare.icims.com/jobs/search?ss=1
"Falconwood, Inc. Headquarters",icims,careers-falconwood.icims.com,https://careers-falconwood.icims.com/jobs/search?ss=1
Fallon Health,icims,jobs-fchp.icims.com,https://jobs-fchp.icims.com/jobs/search?ss=1
"Family Health Care Centers of Greater Los Angeles, Inc.",icims,careers-fhccgla.icims.com,https://careers-fhccgla.icims.com/jobs/search?ss=1
"Family Residences and Essential Enterprises, Inc.",icims,careers-familyres.icims.com,https://careers-familyres.icims.com/jobs/search?ss=1
Farm Business Consultants,icims,careersen-fbc.icims.com,https://careersen-fbc.icims.com/jobs/search?ss=1
Farm Business Consultants,icims,internalen-fbc.icims.com,https://internalen-fbc.icims.com/jobs/search?ss=1
Fast Enterprises,icims,apply-fastenterprises.icims.com,https://apply-fastenterprises.icims.com/jobs/search?ss=1
Fast Enterprises,icims,careers-fastenterprises.icims.com,https://careers-fastenterprises.icims.com/jobs/search?ss=1
Fast Pace Health,icims,internal-fastpacehealth.icims.com,https://internal-fastpacehealth.icims.com/jobs/search?ss=1
Fast Pace Health,icims,internal-fastpacemedical.icims.com,https://internal-fastpacemedical.icims.com/jobs/search?ss=1
Fastpacehealth,icims,careers-fastpacehealth.icims.com,https://careers-fastpacehealth.icims.com/jobs/search?ss=1
Fastpacemedical,icims,careers-fastpacemedical.icims.com,https://careers-fastpacemedical.icims.com/jobs/search?ss=1
Fdcorp,icims,careers-fdcorp.icims.com,https://careers-fdcorp.icims.com/jobs/search?ss=1
Fdcorpcan,icims,careers-fdcorpcan.icims.com,https://careers-fdcorpcan.icims.com/jobs/search?ss=1
Feather Sound Country Club,icims,careers-feathersoundcc.icims.com,https://careers-feathersoundcc.icims.com/jobs/search?ss=1
"Federal Data Systems, LLC",icims,careers-feddata.icims.com,https://careers-feddata.icims.com/jobs/search?ss=1
Federal Realty Investment Trust,icims,careers-federalrealty.icims.com,https://careers-federalrealty.icims.com/jobs/search?ss=1
Federated Mutual Insurance Company,icims,careers-federatedinsurance.icims.com,https://careers-federatedinsurance.icims.com/jobs/search?ss=1
FedEx Employees Credit Association (Main Branch),icims,jobs-fecca.icims.com,https://jobs-fecca.icims.com/jobs/search?ss=1
FEDNOT,icims,careers-fednot.icims.com,https://careers-fednot.icims.com/jobs/search?ss=1
Felton,icims,apply-felton.icims.com,https://apply-felton.icims.com/jobs/search?ss=1
Felton,icims,careers-felton.icims.com,https://careers-felton.icims.com/jobs/search?ss=1
Ferrellgas,icims,careers-ferrellgas.icims.com,https://careers-ferrellgas.icims.com/jobs/search?ss=1
Festival Career | A Great Place to Work,icims,careers-festfoods.icims.com,https://careers-festfoods.icims.com/jobs/search?ss=1
FGF,icims,careerscoopinternen-fgfbrands.icims.com,https://careerscoopinternen-fgfbrands.icims.com/jobs/search?ss=1
FGF,icims,careersen-rdjbakeries.icims.com,https://careersen-rdjbakeries.icims.com/jobs/search?ss=1
FGF,icims,careersen-snackruptors.icims.com,https://careersen-snackruptors.icims.com/jobs/search?ss=1
FGF,icims,careersen-wonderbrands.icims.com,https://careersen-wonderbrands.icims.com/jobs/search?ss=1
FGF,icims,careersenus-fgfbrands.icims.com,https://careersenus-fgfbrands.icims.com/jobs/search?ss=1
FGF,icims,carrieresfr-wonderbrands.icims.com,https://carrieresfr-wonderbrands.icims.com/jobs/search?ss=1
FGF Brands,icims,careersen-fgfbrands.icims.com,https://careersen-fgfbrands.icims.com/jobs/search?ss=1
"Fidelity National Financial, Inc.",icims,careers-fnf.icims.com,https://careers-fnf.icims.com/jobs/search?ss=1
"Fidelity National Financial, Inc.",icims,external-homewarranty.icims.com,https://external-homewarranty.icims.com/jobs/search?ss=1
Fidenza,icims,careers-fidenza.icims.com,https://careers-fidenza.icims.com/jobs/search?ss=1
Filtration Group Corp,icims,careers-filtrationgroupcorp.icims.com,https://careers-filtrationgroupcorp.icims.com/jobs/search?ss=1
Filtration Group Corp,icims,internal-filtrationgroupcorp.icims.com,https://internal-filtrationgroupcorp.icims.com/jobs/search?ss=1
Find a Job,icims,careerportaln-vistacommunityclinic.icims.com,https://careerportaln-vistacommunityclinic.icims.com/jobs/search?ss=1
Find a Job,icims,careerportalp-vistacommunityclinic.icims.com,https://careerportalp-vistacommunityclinic.icims.com/jobs/search?ss=1
Find a Job | PlaceMe Recruitment - PlaceMe Recruitment,icims,jobs-placeme.icims.com,https://jobs-placeme.icims.com/jobs/search?ss=1
Find your calling at Match Retail,icims,careers-wow.icims.com,https://careers-wow.icims.com/jobs/search?ss=1
Fire & Ice,icims,careers-indoortemp.icims.com,https://careers-indoortemp.icims.com/jobs/search?ss=1
Firebirds International LLC,icims,careers-firebirdsrestaurants.icims.com,https://careers-firebirdsrestaurants.icims.com/jobs/search?ss=1
Firebirds International LLC,icims,jobs-firebirdsrestaurants.icims.com,https://jobs-firebirdsrestaurants.icims.com/jobs/search?ss=1
First American Bank,icims,careers-firstambank.icims.com,https://careers-firstambank.icims.com/jobs/search?ss=1
First Citizens Bank,icims,campus-firstcitizens.icims.com,https://campus-firstcitizens.icims.com/jobs/search?ss=1
First Light Wilderness Therapy,icims,careers-firstlightwildernesstherapy.icims.com,https://careers-firstlightwildernesstherapy.icims.com/jobs/search?ss=1
First Supply,icims,external-1supply.icims.com,https://external-1supply.icims.com/jobs/search?ss=1
First Supply,icims,external-firstsupply.icims.com,https://external-firstsupply.icims.com/jobs/search?ss=1
First Supply,icims,external-gerhards.icims.com,https://external-gerhards.icims.com/jobs/search?ss=1
Firstcitizens,icims,external-firstcitizens.icims.com,https://external-firstcitizens.icims.com/jobs/search?ss=1
Firsthealth,icims,leadershipmanagement-firsthealth.icims.com,https://leadershipmanagement-firsthealth.icims.com/jobs/search?ss=1
Firsthealth,icims,nonclinical-firsthealth.icims.com,https://nonclinical-firsthealth.icims.com/jobs/search?ss=1
"FirstHealth of the Carolinas, Inc.",icims,employees-firsthealth.icims.com,https://employees-firsthealth.icims.com/jobs/search?ss=1
Firstwatch,icims,hourly-firstwatch.icims.com,https://hourly-firstwatch.icims.com/jobs/search?ss=1
Fisher Careers,icims,jobs-fishercareers.icims.com,https://jobs-fishercareers.icims.com/jobs/search?ss=1
Fit for Work,icims,careers-fitforwork.icims.com,https://careers-fitforwork.icims.com/jobs/search?ss=1
Fitness Together,icims,fitnesstogether-wellbizbrands.icims.com,https://fitnesstogether-wellbizbrands.icims.com/jobs/search?ss=1
Flad Architects,icims,external-fladarchitects.icims.com,https://external-fladarchitects.icims.com/jobs/search?ss=1
"Flagger Force, LLC",icims,office-flaggerforce.icims.com,https://office-flaggerforce.icims.com/jobs/search?ss=1
Flanigan's Enterprises Inc.,icims,careers-flanigans.icims.com,https://careers-flanigans.icims.com/jobs/search?ss=1
Flatwater Group,icims,careers-flatwater-group.icims.com,https://careers-flatwater-group.icims.com/jobs/search?ss=1
Fleet Feet,icims,employees-fleetfeet.icims.com,https://employees-fleetfeet.icims.com/jobs/search?ss=1
Flex Wheels,icims,careers-flexwheels.icims.com,https://careers-flexwheels.icims.com/jobs/search?ss=1
Florida East Coast Railway,icims,careers-fecrwy.icims.com,https://careers-fecrwy.icims.com/jobs/search?ss=1
Florida Medical Clinic,icims,careers-floridamedclinic.icims.com,https://careers-floridamedclinic.icims.com/jobs/search?ss=1
FLOW | Ops,icims,internal-flowmetro.icims.com,https://internal-flowmetro.icims.com/jobs/search?ss=1
Fluxys,icims,fr-careers-fluxys.icims.com,https://fr-careers-fluxys.icims.com/jobs/search?ss=1
Fluxys,icims,nl-careers-fluxys.icims.com,https://nl-careers-fluxys.icims.com/jobs/search?ss=1
Flydubai,icims,uaenationals-flydubai.icims.com,https://uaenationals-flydubai.icims.com/jobs/search?ss=1
Flynt Management Group,icims,careers-lfp.icims.com,https://careers-lfp.icims.com/jobs/search?ss=1
Flynt Management Group,icims,careers2-lfp.icims.com,https://careers2-lfp.icims.com/jobs/search?ss=1
FlyOver Attractions,icims,external-flyoverattractions.icims.com,https://external-flyoverattractions.icims.com/jobs/search?ss=1
FlyOver Attractions,icims,external-flyovercanada.icims.com,https://external-flyovercanada.icims.com/jobs/search?ss=1
FlyOver Attractions,icims,flyoverattractions-pursuit.icims.com,https://flyoverattractions-pursuit.icims.com/jobs/search?ss=1
Flyporter,icims,careers-flyporter.icims.com,https://careers-flyporter.icims.com/jobs/search?ss=1
Flysfo,icims,external-flysfo.icims.com,https://external-flysfo.icims.com/jobs/search?ss=1
Fmglobal,icims,jobs-fmglobal.icims.com,https://jobs-fmglobal.icims.com/jobs/search?ss=1
Fmglobal,icims,university-fmglobal.icims.com,https://university-fmglobal.icims.com/jobs/search?ss=1
Foley & Lardner LLP,icims,careers-foley.icims.com,https://careers-foley.icims.com/jobs/search?ss=1
"Fontainebleau Florida Hotel, LLC",icims,careers-fontainebleau.icims.com,https://careers-fontainebleau.icims.com/jobs/search?ss=1
Foot Locker,icims,de-corp-footlocker.icims.com,https://de-corp-footlocker.icims.com/jobs/search?ss=1
Foot Locker,icims,de-dc-footlocker.icims.com,https://de-dc-footlocker.icims.com/jobs/search?ss=1
Foot Locker,icims,du-corp-footlocker.icims.com,https://du-corp-footlocker.icims.com/jobs/search?ss=1
Foot Locker,icims,du-dc-footlocker.icims.com,https://du-dc-footlocker.icims.com/jobs/search?ss=1
Foot Locker,icims,es-corp-footlocker.icims.com,https://es-corp-footlocker.icims.com/jobs/search?ss=1
Foot Locker,icims,fr-corp-footlocker.icims.com,https://fr-corp-footlocker.icims.com/jobs/search?ss=1
Foot Locker,icims,internal-footlocker.icims.com,https://internal-footlocker.icims.com/jobs/search?ss=1
Foot Locker,icims,it-corp-footlocker.icims.com,https://it-corp-footlocker.icims.com/jobs/search?ss=1
Foot Locker,icims,referrals-footlocker.icims.com,https://referrals-footlocker.icims.com/jobs/search?ss=1
Footlocker,icims,ap-corp-footlocker.icims.com,https://ap-corp-footlocker.icims.com/jobs/search?ss=1
Footlocker,icims,ap-retail-footlocker.icims.com,https://ap-retail-footlocker.icims.com/jobs/search?ss=1
Footlocker,icims,at-retail-footlocker.icims.com,https://at-retail-footlocker.icims.com/jobs/search?ss=1
Footlocker,icims,bldu-retail-footlocker.icims.com,https://bldu-retail-footlocker.icims.com/jobs/search?ss=1
Footlocker,icims,ca-corp-footlocker.icims.com,https://ca-corp-footlocker.icims.com/jobs/search?ss=1
Footlocker,icims,ca-retail-footlocker.icims.com,https://ca-retail-footlocker.icims.com/jobs/search?ss=1
Footlocker,icims,caretailcareers-footlocker.icims.com,https://caretailcareers-footlocker.icims.com/jobs/search?ss=1
Footlocker,icims,chge-retail-footlocker.icims.com,https://chge-retail-footlocker.icims.com/jobs/search?ss=1
Footlocker,icims,es-retail-footlocker.icims.com,https://es-retail-footlocker.icims.com/jobs/search?ss=1
Footlocker,icims,espr-retail-footlocker.icims.com,https://espr-retail-footlocker.icims.com/jobs/search?ss=1
Footlocker,icims,eu-corp-footlocker.icims.com,https://eu-corp-footlocker.icims.com/jobs/search?ss=1
Footlocker,icims,eu-dc-footlocker.icims.com,https://eu-dc-footlocker.icims.com/jobs/search?ss=1
Footlocker,icims,fr-retail-footlocker.icims.com,https://fr-retail-footlocker.icims.com/jobs/search?ss=1
Footlocker,icims,frca-retail-footlocker.icims.com,https://frca-retail-footlocker.icims.com/jobs/search?ss=1
Footlocker,icims,ge-retail-footlocker.icims.com,https://ge-retail-footlocker.icims.com/jobs/search?ss=1
Footlocker,icims,ie-retail-footlocker.icims.com,https://ie-retail-footlocker.icims.com/jobs/search?ss=1
Footlocker,icims,it-retail-footlocker.icims.com,https://it-retail-footlocker.icims.com/jobs/search?ss=1
Footlocker,icims,nldu-retail-footlocker.icims.com,https://nldu-retail-footlocker.icims.com/jobs/search?ss=1
Footlocker,icims,nlen-retail-footlocker.icims.com,https://nlen-retail-footlocker.icims.com/jobs/search?ss=1
Footlocker,icims,uk-retail-footlocker.icims.com,https://uk-retail-footlocker.icims.com/jobs/search?ss=1
Footlocker,icims,us-cc-footlocker.icims.com,https://us-cc-footlocker.icims.com/jobs/search?ss=1
Footlocker,icims,us-corp-footlocker.icims.com,https://us-corp-footlocker.icims.com/jobs/search?ss=1
Footlocker,icims,us-dc-footlocker.icims.com,https://us-dc-footlocker.icims.com/jobs/search?ss=1
Footlocker,icims,us-retail-footlocker.icims.com,https://us-retail-footlocker.icims.com/jobs/search?ss=1
Forefrontdermatology,icims,careers-forefrontdermatology.icims.com,https://careers-forefrontdermatology.icims.com/jobs/search?ss=1
Forum Credit Union,icims,careers-forumcu.icims.com,https://careers-forumcu.icims.com/jobs/search?ss=1
Foulks Southern Air - Hammond,icims,careers-foulksheatingandcooling.icims.com,https://careers-foulksheatingandcooling.icims.com/jobs/search?ss=1
"Foundation Building Materials, LLC",icims,ca-careers-fbmsales.icims.com,https://ca-careers-fbmsales.icims.com/jobs/search?ss=1
"Foundation Building Materials, LLC",icims,careers-fbmsales.icims.com,https://careers-fbmsales.icims.com/jobs/search?ss=1
"Foundation Building Materials, LLC",icims,careers-udhgroup.icims.com,https://careers-udhgroup.icims.com/jobs/search?ss=1
"Foundation Building Materials, LLC",icims,careers2-fbmsales.icims.com,https://careers2-fbmsales.icims.com/jobs/search?ss=1
"Foundation Building Materials, LLC",icims,driver-careers-udhgroup.icims.com,https://driver-careers-udhgroup.icims.com/jobs/search?ss=1
"Foundation Finance Company, LLC",icims,internal-foundationfinance.icims.com,https://internal-foundationfinance.icims.com/jobs/search?ss=1
Foundation Health,icims,careers-fhp.icims.com,https://careers-fhp.icims.com/jobs/search?ss=1
Foundation Health,icims,physicians-fhp.icims.com,https://physicians-fhp.icims.com/jobs/search?ss=1
Foundation YMCA of Wilson,icims,careers-wilsonnc-ymca.icims.com,https://careers-wilsonnc-ymca.icims.com/jobs/search?ss=1
Foundationfinance,icims,careers-foundationfinance.icims.com,https://careers-foundationfinance.icims.com/jobs/search?ss=1
Fountain Tire,icims,careersen-fountaintire.icims.com,https://careersen-fountaintire.icims.com/jobs/search?ss=1
Fountain Tire,icims,corporate-fountaintire.icims.com,https://corporate-fountaintire.icims.com/jobs/search?ss=1
"Foxhole Technology, Inc.",icims,careers-foxholetechnology.icims.com,https://careers-foxholetechnology.icims.com/jobs/search?ss=1
Foxrestaurants,icims,corporatecareers-foxrestaurants.icims.com,https://corporatecareers-foxrestaurants.icims.com/jobs/search?ss=1
Framatome Inc.,icims,careers-framatome.icims.com,https://careers-framatome.icims.com/jobs/search?ss=1
Framatome Inc.,icims,careers-framatomecanada.icims.com,https://careers-framatomecanada.icims.com/jobs/search?ss=1
Franciscan Ministries,icims,careers-astralatauburn.icims.com,https://careers-astralatauburn.icims.com/jobs/search?ss=1
Franciscan Ministries,icims,careers-astralatfranklin.icims.com,https://careers-astralatfranklin.icims.com/jobs/search?ss=1
Franciscan Ministries,icims,careers-copperwoodseniorliving.icims.com,https://careers-copperwoodseniorliving.icims.com/jobs/search?ss=1
Franciscan Ministries,icims,careers-featherstoneliving.icims.com,https://careers-featherstoneliving.icims.com/jobs/search?ss=1
Franciscan Ministries,icims,careers-franciscanministries.icims.com,https://careers-franciscanministries.icims.com/jobs/search?ss=1
Franciscan Ministries,icims,careers-quartetseniorliving.icims.com,https://careers-quartetseniorliving.icims.com/jobs/search?ss=1
Frank Gay Commercial - Orlando,icims,careers-frankgaycommerical.icims.com,https://careers-frankgaycommerical.icims.com/jobs/search?ss=1
Frank Gay Residential - Orlando,icims,careers-frankgayresidential.icims.com,https://careers-frankgayresidential.icims.com/jobs/search?ss=1
Frankrimerman,icims,careers-frankrimerman.icims.com,https://careers-frankrimerman.icims.com/jobs/search?ss=1
Fraser Health Authority,icims,events-fraserhealth.icims.com,https://events-fraserhealth.icims.com/jobs/search?ss=1
Fraser Health Authority,icims,internal-fraserhealth.icims.com,https://internal-fraserhealth.icims.com/jobs/search?ss=1
Fraserhealth,icims,careers-fraserhealth.icims.com,https://careers-fraserhealth.icims.com/jobs/search?ss=1
Fred Hutchinson Cancer Center,icims,careers-fhcrc.icims.com,https://careers-fhcrc.icims.com/jobs/search?ss=1
Fred Hutchinson Cancer Center,icims,careers-scca.icims.com,https://careers-scca.icims.com/jobs/search?ss=1
Fred Hutchinson Cancer Center,icims,hub-fhcrc.icims.com,https://hub-fhcrc.icims.com/jobs/search?ss=1
"Fred Hutchinson Cancer Research Center, Seattle Cancer Care Alliance",icims,faculty-fhcrc.icims.com,https://faculty-fhcrc.icims.com/jobs/search?ss=1
"Fred Hutchinson Cancer Research Center, Seattle Cancer Care Alliance",icims,internal-fhcrc.icims.com,https://internal-fhcrc.icims.com/jobs/search?ss=1
"Fred Hutchinson Cancer Research Center, Seattle Cancer Care Alliance",icims,southafrica-fhcrc.icims.com,https://southafrica-fhcrc.icims.com/jobs/search?ss=1
"Fred Hutchinson Cancer Research Center, Seattle Cancer Care Alliance",icims,uganda-fhcrc.icims.com,https://uganda-fhcrc.icims.com/jobs/search?ss=1
Fresenius Kabi Limited,icims,careers-fresenius-kabi.icims.com,https://careers-fresenius-kabi.icims.com/jobs/search?ss=1
Friendship Public Charter School,icims,careers-friendshipschools.icims.com,https://careers-friendshipschools.icims.com/jobs/search?ss=1
"frontdoor, Inc.",icims,careers-frontdoor.icims.com,https://careers-frontdoor.icims.com/jobs/search?ss=1
Frontier Hospice,icims,careers-frontierhospice.icims.com,https://careers-frontierhospice.icims.com/jobs/search?ss=1
Frontier Technology Inc.,icims,careers-fti-net.icims.com,https://careers-fti-net.icims.com/jobs/search?ss=1
Frontier Technology Inc.,icims,careers-ftidefense.icims.com,https://careers-ftidefense.icims.com/jobs/search?ss=1
Frontwave Credit Union,icims,careers-frontwavecu.icims.com,https://careers-frontwavecu.icims.com/jobs/search?ss=1
Fruit of the Loom,icims,careers-fotlinc.icims.com,https://careers-fotlinc.icims.com/jobs/search?ss=1
Fruit of the Loom,icims,germanycareers-fotlinc.icims.com,https://germanycareers-fotlinc.icims.com/jobs/search?ss=1
Fruit of the Loom,icims,hourly-fotlinc.icims.com,https://hourly-fotlinc.icims.com/jobs/search?ss=1
Fruit of the Loom,icims,irelandcareers-fotlinc.icims.com,https://irelandcareers-fotlinc.icims.com/jobs/search?ss=1
FUJIFILM,icims,dimatixcareers-fujifilm.icims.com,https://dimatixcareers-fujifilm.icims.com/jobs/search?ss=1
FUJIFILM,icims,internal-fujifilm.icims.com,https://internal-fujifilm.icims.com/jobs/search?ss=1
FUJIFILM,icims,uscareers-fujifilm.icims.com,https://uscareers-fujifilm.icims.com/jobs/search?ss=1
FUJIFILM,icims,uscareershub-fujifilm.icims.com,https://uscareershub-fujifilm.icims.com/jobs/search?ss=1
FUJIFILM,icims,uscareersnr-fujifilm.icims.com,https://uscareersnr-fujifilm.icims.com/jobs/search?ss=1
Fujifilm Canada | About Fujifilm,icims,canadacareers-fujifilm.icims.com,https://canadacareers-fujifilm.icims.com/jobs/search?ss=1
Fullbloom,icims,specializededucationservices-fullbloom.icims.com,https://specializededucationservices-fullbloom.icims.com/jobs/search?ss=1
Fulshear Transition,icims,careers-fulsheartransition.icims.com,https://careers-fulsheartransition.icims.com/jobs/search?ss=1
Fulton Bank,icims,careers-fult.icims.com,https://careers-fult.icims.com/jobs/search?ss=1
Fulton Bank,icims,students-fult.icims.com,https://students-fult.icims.com/jobs/search?ss=1
"Fundamental Administrative Services, LLC",icims,alleganynursingandrehab-careers-fundltc.icims.com,https://alleganynursingandrehab-careers-fundltc.icims.com/jobs/search?ss=1
"Fundamental Administrative Services, LLC",icims,belltowerskillednursing-careers-fundltc.icims.com,https://belltowerskillednursing-careers-fundltc.icims.com/jobs/search?ss=1
"Fundamental Administrative Services, LLC",icims,bennettsvillehrc-careers-fundltc.icims.com,https://bennettsvillehrc-careers-fundltc.icims.com/jobs/search?ss=1
"Fundamental Administrative Services, LLC",icims,berlinnursingandrehab-careers-fundltc.icims.com,https://berlinnursingandrehab-careers-fundltc.icims.com/jobs/search?ss=1
"Fundamental Administrative Services, LLC",icims,bremondnursing-careers-fundltc.icims.com,https://bremondnursing-careers-fundltc.icims.com/jobs/search?ss=1
"Fundamental Administrative Services, LLC",icims,bridgecrestsuites-careers-fundltc.icims.com,https://bridgecrestsuites-careers-fundltc.icims.com/jobs/search?ss=1
"Fundamental Administrative Services, LLC",icims,brownfieldcare-careers-fundltc.icims.com,https://brownfieldcare-careers-fundltc.icims.com/jobs/search?ss=1
"Fundamental Administrative Services, LLC",icims,calhounconvalescentcenter-careers-fundltc.icims.com,https://calhounconvalescentcenter-careers-fundltc.icims.com/jobs/search?ss=1
"Fundamental Administrative Services, LLC",icims,cantonoakstexas-careers-fundltc.icims.com,https://cantonoakstexas-careers-fundltc.icims.com/jobs/search?ss=1
"Fundamental Administrative Services, LLC",icims,centraldesertbh-careers-fundltc.icims.com,https://centraldesertbh-careers-fundltc.icims.com/jobs/search?ss=1
"Fundamental Administrative Services, LLC",icims,coastalrehab-careers-fundltc.icims.com,https://coastalrehab-careers-fundltc.icims.com/jobs/search?ss=1
"Fundamental Administrative Services, LLC",icims,collegeparkrehabc-careers-fundltc.icims.com,https://collegeparkrehabc-careers-fundltc.icims.com/jobs/search?ss=1
"Fundamental Administrative Services, LLC",icims,corinthrehabsuites-careers-fundltc.icims.com,https://corinthrehabsuites-careers-fundltc.icims.com/jobs/search?ss=1
"Fundamental Administrative Services, LLC",icims,courtyardsatpasadena-careers-fundltc.icims.com,https://courtyardsatpasadena-careers-fundltc.icims.com/jobs/search?ss=1
"Fundamental Administrative Services, LLC",icims,creeksideterracerehab-careers-fundltc.icims.com,https://creeksideterracerehab-careers-fundltc.icims.com/jobs/search?ss=1
"Fundamental Administrative Services, LLC",icims,crimsonheights-careers-fundltc.icims.com,https://crimsonheights-careers-fundltc.icims.com/jobs/search?ss=1
"Fundamental Administrative Services, LLC",icims,devlinmanornursingandrehab-careers-fundltc.icims.com,https://devlinmanornursingandrehab-careers-fundltc.icims.com/jobs/search?ss=1
"Fundamental Administrative Services, LLC",icims,edgewoodrehab-careers-fundltc.icims.com,https://edgewoodrehab-careers-fundltc.icims.com/jobs/search?ss=1
"Fundamental Administrative Services, LLC",icims,fairfieldhealthcenter-careers-fundltc.icims.com,https://fairfieldhealthcenter-careers-fundltc.icims.com/jobs/search?ss=1
"Fundamental Administrative Services, LLC",icims,faithhealthcentersnf-careers-fundltc.icims.com,https://faithhealthcentersnf-careers-fundltc.icims.com/jobs/search?ss=1
"Fundamental Administrative Services, LLC",icims,falconridgerehabsuites-careers-fundltc.icims.com,https://falconridgerehabsuites-careers-fundltc.icims.com/jobs/search?ss=1
"Fundamental Administrative Services, LLC",icims,foresthavennursingcenter-careers-fundltc.icims.com,https://foresthavennursingcenter-careers-fundltc.icims.com/jobs/search?ss=1
"Fundamental Administrative Services, LLC",icims,foundersplazaskillednursing-careers-fundltc.icims.com,https://foundersplazaskillednursing-careers-fundltc.icims.com/jobs/search?ss=1
"Fundamental Administrative Services, LLC",icims,greenvalleyrehabsuites-careers-fundltc.icims.com,https://greenvalleyrehabsuites-careers-fundltc.icims.com/jobs/search?ss=1
"Fundamental Administrative Services, LLC",icims,hallmarkhealthcarecenter-careers-fundltc.icims.com,https://hallmarkhealthcarecenter-careers-fundltc.icims.com/jobs/search?ss=1
"Fundamental Administrative Services, LLC",icims,harmonmedicalrehab-careers-fundltc.icims.com,https://harmonmedicalrehab-careers-fundltc.icims.com/jobs/search?ss=1
"Fundamental Administrative Services, LLC",icims,hillsideheightsrehab-careers-fundltc.icims.com,https://hillsideheightsrehab-careers-fundltc.icims.com/jobs/search?ss=1
"Fundamental Administrative Services, LLC",icims,horizonhealthandrehab-careers-fundltc.icims.com,https://horizonhealthandrehab-careers-fundltc.icims.com/jobs/search?ss=1
"Fundamental Administrative Services, LLC",icims,horizonspecialtyhenderson-careers-fundltc.icims.com,https://horizonspecialtyhenderson-careers-fundltc.icims.com/jobs/search?ss=1
"Fundamental Administrative Services, LLC",icims,horizonspecialtyhosp-careers-fundltc.icims.com,https://horizonspecialtyhosp-careers-fundltc.icims.com/jobs/search?ss=1
"Fundamental Administrative Services, LLC",icims,jolleyacreshealthcarecenter-careers-fundltc.icims.com,https://jolleyacreshealthcarecenter-careers-fundltc.icims.com/jobs/search?ss=1
"Fundamental Administrative Services, LLC",icims,juliamanornursingandrehab-careers-fundltc.icims.com,https://juliamanornursingandrehab-careers-fundltc.icims.com/jobs/search?ss=1
"Fundamental Administrative Services, LLC",icims,lakecityscrantonhc-careers-fundltc.icims.com,https://lakecityscrantonhc-careers-fundltc.icims.com/jobs/search?ss=1
"Fundamental Administrative Services, LLC",icims,lakeemorypostacutecare-careers-fundltc.icims.com,https://lakeemorypostacutecare-careers-fundltc.icims.com/jobs/search?ss=1
"Fundamental Administrative Services, LLC",icims,lancasterhealthcenter-careers-fundltc.icims.com,https://lancasterhealthcenter-careers-fundltc.icims.com/jobs/search?ss=1
"Fundamental Administrative Services, LLC",icims,lasbrisasrehabsuites-careers-fundltc.icims.com,https://lasbrisasrehabsuites-careers-fundltc.icims.com/jobs/search?ss=1
"Fundamental Administrative Services, LLC",icims,lasventanascarecenter-careers-fundltc.icims.com,https://lasventanascarecenter-careers-fundltc.icims.com/jobs/search?ss=1
"Fundamental Administrative Services, LLC",icims,losarcoscarecenter-careers-fundltc.icims.com,https://losarcoscarecenter-careers-fundltc.icims.com/jobs/search?ss=1
"Fundamental Administrative Services, LLC",icims,magnoliamanorgreenville-careers-fundltc.icims.com,https://magnoliamanorgreenville-careers-fundltc.icims.com/jobs/search?ss=1
"Fundamental Administrative Services, LLC",icims,magnoliamanorgreenwood-careers-fundltc.icims.com,https://magnoliamanorgreenwood-careers-fundltc.icims.com/jobs/search?ss=1
"Fundamental Administrative Services, LLC",icims,magnoliamanorinman-careers-fundltc.icims.com,https://magnoliamanorinman-careers-fundltc.icims.com/jobs/search?ss=1
"Fundamental Administrative Services, LLC",icims,magnoliamanorrockhill-careers-fundltc.icims.com,https://magnoliamanorrockhill-careers-fundltc.icims.com/jobs/search?ss=1
"Fundamental Administrative Services, LLC",icims,magnoliamanorspartanburg-careers-fundltc.icims.com,https://magnoliamanorspartanburg-careers-fundltc.icims.com/jobs/search?ss=1
"Fundamental Administrative Services, LLC",icims,meadowbrookcarectr-careers-fundltc.icims.com,https://meadowbrookcarectr-careers-fundltc.icims.com/jobs/search?ss=1
"Fundamental Administrative Services, LLC",icims,midlandsbehavioralhealth-careers-fundltc.icims.com,https://midlandsbehavioralhealth-careers-fundltc.icims.com/jobs/search?ss=1
"Fundamental Administrative Services, LLC",icims,midlandshealthandrehab-careers-fundltc.icims.com,https://midlandshealthandrehab-careers-fundltc.icims.com/jobs/search?ss=1
"Fundamental Administrative Services, LLC",icims,miravistacourt-careers-fundltc.icims.com,https://miravistacourt-careers-fundltc.icims.com/jobs/search?ss=1
"Fundamental Administrative Services, LLC",icims,morannursingandrehab-careers-fundltc.icims.com,https://morannursingandrehab-careers-fundltc.icims.com/jobs/search?ss=1
"Fundamental Administrative Services, LLC",icims,nlasvegascc-careers-fundltc.icims.com,https://nlasvegascc-careers-fundltc.icims.com/jobs/search?ss=1
"Fundamental Administrative Services, LLC",icims,northamptonnursingandrehab-careers-fundltc.icims.com,https://northamptonnursingandrehab-careers-fundltc.icims.com/jobs/search?ss=1
"Fundamental Administrative Services, LLC",icims,oakbrookhealthcenter-careers-fundltc.icims.com,https://oakbrookhealthcenter-careers-fundltc.icims.com/jobs/search?ss=1
"Fundamental Administrative Services, LLC",icims,oaklandnursingandrehab-careers-fundltc.icims.com,https://oaklandnursingandrehab-careers-fundltc.icims.com/jobs/search?ss=1
"Fundamental Administrative Services, LLC",icims,pavilionatcreekwood-careers-fundltc.icims.com,https://pavilionatcreekwood-careers-fundltc.icims.com/jobs/search?ss=1
"Fundamental Administrative Services, LLC",icims,pavilionatglaciervalley-careers-fundltc.icims.com,https://pavilionatglaciervalley-careers-fundltc.icims.com/jobs/search?ss=1
"Fundamental Administrative Services, LLC",icims,princegeorgehealthcarecenter-careers-fundltc.icims.com,https://princegeorgehealthcarecenter-careers-fundltc.icims.com/jobs/search?ss=1
"Fundamental Administrative Services, LLC",icims,prwcspartanburg-careers-fundltc.icims.com,https://prwcspartanburg-careers-fundltc.icims.com/jobs/search?ss=1
"Fundamental Administrative Services, LLC",icims,rehabilitationcentercheraw-careers-fundltc.icims.com,https://rehabilitationcentercheraw-careers-fundltc.icims.com/jobs/search?ss=1
"Fundamental Administrative Services, LLC",icims,restorerehabilitationcenter-careers-fundltc.icims.com,https://restorerehabilitationcenter-careers-fundltc.icims.com/jobs/search?ss=1
"Fundamental Administrative Services, LLC",icims,riversidehealthrehabsc-careers-fundltc.icims.com,https://riversidehealthrehabsc-careers-fundltc.icims.com/jobs/search?ss=1
"Fundamental Administrative Services, LLC",icims,sandylakerehabandcare-careers-fundltc.icims.com,https://sandylakerehabandcare-careers-fundltc.icims.com/jobs/search?ss=1
"Fundamental Administrative Services, LLC",icims,sangabrielrehabcenter-careers-fundltc.icims.com,https://sangabrielrehabcenter-careers-fundltc.icims.com/jobs/search?ss=1
"Fundamental Administrative Services, LLC",icims,solidagohealthrehab-careers-fundltc.icims.com,https://solidagohealthrehab-careers-fundltc.icims.com/jobs/search?ss=1
"Fundamental Administrative Services, LLC",icims,southpointehealthandrehab-careers-fundltc.icims.com,https://southpointehealthandrehab-careers-fundltc.icims.com/jobs/search?ss=1
"Fundamental Administrative Services, LLC",icims,spanishhillswellness-careers-fundltc.icims.com,https://spanishhillswellness-careers-fundltc.icims.com/jobs/search?ss=1
"Fundamental Administrative Services, LLC",icims,spanishtrailsrehabilitation-careers-fundltc.icims.com,https://spanishtrailsrehabilitation-careers-fundltc.icims.com/jobs/search?ss=1
"Fundamental Administrative Services, LLC",icims,springdalehealthcarecenter-careers-fundltc.icims.com,https://springdalehealthcarecenter-careers-fundltc.icims.com/jobs/search?ss=1
"Fundamental Administrative Services, LLC",icims,sterlingoaksrehab-careers-fundltc.icims.com,https://sterlingoaksrehab-careers-fundltc.icims.com/jobs/search?ss=1
"Fundamental Administrative Services, LLC",icims,stgeorgehealthcarecenter-careers-fundltc.icims.com,https://stgeorgehealthcarecenter-careers-fundltc.icims.com/jobs/search?ss=1
"Fundamental Administrative Services, LLC",icims,terrabellahealth-careers-fundltc.icims.com,https://terrabellahealth-careers-fundltc.icims.com/jobs/search?ss=1
"Fundamental Administrative Services, LLC",icims,thebrazosofwaco-careers-fundltc.icims.com,https://thebrazosofwaco-careers-fundltc.icims.com/jobs/search?ss=1
"Fundamental Administrative Services, LLC",icims,theterraceatdenisonsnf-careers-fundltc.icims.com,https://theterraceatdenisonsnf-careers-fundltc.icims.com/jobs/search?ss=1
"Fundamental Administrative Services, LLC",icims,valleyfallsterrace-careers-fundltc.icims.com,https://valleyfallsterrace-careers-fundltc.icims.com/jobs/search?ss=1
"Fundamental Administrative Services, LLC",icims,villahavenhealth-careers-fundltc.icims.com,https://villahavenhealth-careers-fundltc.icims.com/jobs/search?ss=1
"Fundamental Administrative Services, LLC",icims,villarosanursingandrehab-careers-fundltc.icims.com,https://villarosanursingandrehab-careers-fundltc.icims.com/jobs/search?ss=1
"Fundamental Administrative Services, LLC",icims,woodlandsplace-careers-fundltc.icims.com,https://woodlandsplace-careers-fundltc.icims.com/jobs/search?ss=1
FutureCare,icims,careers-futurecarehealth.icims.com,https://careers-futurecarehealth.icims.com/jobs/search?ss=1
FWI,icims,careers-fedwriters.icims.com,https://careers-fedwriters.icims.com/jobs/search?ss=1
G&A Partners,icims,careers-gnapartners.icims.com,https://careers-gnapartners.icims.com/jobs/search?ss=1
G&A Partners,icims,internal-gnapartners.icims.com,https://internal-gnapartners.icims.com/jobs/search?ss=1
G.O Construction Services,icims,careers-gocs.icims.com,https://careers-gocs.icims.com/jobs/search?ss=1
Gallagher,icims,ukjobs-ajg.icims.com,https://ukjobs-ajg.icims.com/jobs/search?ss=1
Games Global Operations Limited,icims,employees-gamesglobal.icims.com,https://employees-gamesglobal.icims.com/jobs/search?ss=1
Garmin,icims,careers-garmin.icims.com,https://careers-garmin.icims.com/jobs/search?ss=1
Garnet Health,icims,employees-gh-doctors.icims.com,https://employees-gh-doctors.icims.com/jobs/search?ss=1
Garnet Health,icims,employees-ghmc-catskills.icims.com,https://employees-ghmc-catskills.icims.com/jobs/search?ss=1
Garnet Health,icims,employees-ghmc.icims.com,https://employees-ghmc.icims.com/jobs/search?ss=1
Garnethealth,icims,careers-garnethealth.icims.com,https://careers-garnethealth.icims.com/jobs/search?ss=1
GatesAir,icims,careers-gatesair.icims.com,https://careers-gatesair.icims.com/jobs/search?ss=1
GATX,icims,careers-gatx.icims.com,https://careers-gatx.icims.com/jobs/search?ss=1
GATX / Offres d'emploi chez GATX,icims,canada-gatx.icims.com,https://canada-gatx.icims.com/jobs/search?ss=1
Gdcit,icims,careers-gdcit.icims.com,https://careers-gdcit.icims.com/jobs/search?ss=1
Gdms,icims,internal-gdms.icims.com,https://internal-gdms.icims.com/jobs/search?ss=1
Geiss MED,icims,careers-geissmed.icims.com,https://careers-geissmed.icims.com/jobs/search?ss=1
Genebglick,icims,careers-genebglick.icims.com,https://careers-genebglick.icims.com/jobs/search?ss=1
General Dynamics,icims,careers-generaldynamics.icims.com,https://careers-generaldynamics.icims.com/jobs/search?ss=1
General Dynamics - Bath Iron Works,icims,careers-gdbiw.icims.com,https://careers-gdbiw.icims.com/jobs/search?ss=1
General Dynamics - Bath Iron Works,icims,internal-gdbiw.icims.com,https://internal-gdbiw.icims.com/jobs/search?ss=1
General Dynamics Electric Boat,icims,careers-gd-electricboat.icims.com,https://careers-gd-electricboat.icims.com/jobs/search?ss=1
General Dynamics Electric Boat,icims,careers-gdeb.icims.com,https://careers-gdeb.icims.com/jobs/search?ss=1
General Dynamics Electric Boat,icims,engineering-gd-electricboat.icims.com,https://engineering-gd-electricboat.icims.com/jobs/search?ss=1
General Dynamics Electric Boat,icims,internal-gd-electricboat.icims.com,https://internal-gd-electricboat.icims.com/jobs/search?ss=1
General Dynamics Electric Boat,icims,internal-gdeb.icims.com,https://internal-gdeb.icims.com/jobs/search?ss=1
General Dynamics Electric Boat,icims,newgrads-gd-electricboat.icims.com,https://newgrads-gd-electricboat.icims.com/jobs/search?ss=1
General Dynamics Electric Boat,icims,operations-gd-electricboat.icims.com,https://operations-gd-electricboat.icims.com/jobs/search?ss=1
General Dynamics Mission Systems,icims,cacareers-gdms.icims.com,https://cacareers-gdms.icims.com/jobs/search?ss=1
General Dynamics Mission Systems,icims,cacoop-gdms.icims.com,https://cacoop-gdms.icims.com/jobs/search?ss=1
General Dynamics Mission Systems,icims,careers-fidelissecuritysystems.icims.com,https://careers-fidelissecuritysystems.icims.com/jobs/search?ss=1
General Dynamics Mission Systems,icims,careers-gd-ais.icims.com,https://careers-gd-ais.icims.com/jobs/search?ss=1
General Dynamics Mission Systems,icims,careers-gdms.icims.com,https://careers-gdms.icims.com/jobs/search?ss=1
General Dynamics Mission Systems,icims,cybercareers-gd-ais.icims.com,https://cybercareers-gd-ais.icims.com/jobs/search?ss=1
General Dynamics Mission Systems,icims,cybercareers-gdms.icims.com,https://cybercareers-gdms.icims.com/jobs/search?ss=1
General Dynamics Mission Systems,icims,quickapply-gd-ais.icims.com,https://quickapply-gd-ais.icims.com/jobs/search?ss=1
General Dynamics Mission Systems,icims,referral2-gd-ais.icims.com,https://referral2-gd-ais.icims.com/jobs/search?ss=1
General Dynamics Mission Systems,icims,university-gd-ais.icims.com,https://university-gd-ais.icims.com/jobs/search?ss=1
General Dynamics Ordnance & Tactical Systems,icims,careers-gd-ots.icims.com,https://careers-gd-ots.icims.com/jobs/search?ss=1
General Dynamics Ordnance & Tactical Systems,icims,french-canadian-gd-ots.icims.com,https://french-canadian-gd-ots.icims.com/jobs/search?ss=1
General Mills,icims,canadaen-generalmills.icims.com,https://canadaen-generalmills.icims.com/jobs/search?ss=1
General Mills,icims,india-generalmills.icims.com,https://india-generalmills.icims.com/jobs/search?ss=1
General Mills,icims,ussalaried-generalmills.icims.com,https://ussalaried-generalmills.icims.com/jobs/search?ss=1
GENERAL RV CENTER,icims,acip-generalrv.icims.com,https://acip-generalrv.icims.com/jobs/search?ss=1
GENERAL RV CENTER,icims,external-generalrv.icims.com,https://external-generalrv.icims.com/jobs/search?ss=1
GENERAL RV CENTER,icims,internal-generalrv.icims.com,https://internal-generalrv.icims.com/jobs/search?ss=1
Generalmills2,icims,dashboard-chns-generalmills2.icims.com,https://dashboard-chns-generalmills2.icims.com/jobs/search?ss=1
Generalmills2,icims,dashboard-chnt-generalmills2.icims.com,https://dashboard-chnt-generalmills2.icims.com/jobs/search?ss=1
Generalmills2,icims,dashboard-chsint-generalmills2.icims.com,https://dashboard-chsint-generalmills2.icims.com/jobs/search?ss=1
Generalmills2,icims,dashboard-chtint-generalmills2.icims.com,https://dashboard-chtint-generalmills2.icims.com/jobs/search?ss=1
Generalmills2,icims,dashboard-egint-generalmills2.icims.com,https://dashboard-egint-generalmills2.icims.com/jobs/search?ss=1
Generalmills2,icims,dashboard-en-generalmills2.icims.com,https://dashboard-en-generalmills2.icims.com/jobs/search?ss=1
Generalmills2,icims,dashboard-fr-generalmills2.icims.com,https://dashboard-fr-generalmills2.icims.com/jobs/search?ss=1
Generalmills2,icims,dashboard-freint-generalmills2.icims.com,https://dashboard-freint-generalmills2.icims.com/jobs/search?ss=1
Generalmills2,icims,dashboard-grk-generalmills2.icims.com,https://dashboard-grk-generalmills2.icims.com/jobs/search?ss=1
Generalmills2,icims,dashboard-kor-generalmills2.icims.com,https://dashboard-kor-generalmills2.icims.com/jobs/search?ss=1
Generalmills2,icims,dashboard-por-generalmills2.icims.com,https://dashboard-por-generalmills2.icims.com/jobs/search?ss=1
Generalmills2,icims,dashboard-porint-generalmills2.icims.com,https://dashboard-porint-generalmills2.icims.com/jobs/search?ss=1
Generalmills2,icims,dashboard-spa-generalmills2.icims.com,https://dashboard-spa-generalmills2.icims.com/jobs/search?ss=1
Generalmills2,icims,dashboard-spaint-generalmills2.icims.com,https://dashboard-spaint-generalmills2.icims.com/jobs/search?ss=1
Generalmills2,icims,english-generalmills2.icims.com,https://english-generalmills2.icims.com/jobs/search?ss=1
Generalmills2,icims,engus-mfghrly-generalmills2.icims.com,https://engus-mfghrly-generalmills2.icims.com/jobs/search?ss=1
Generalmills2,icims,engus-sal-generalmills2.icims.com,https://engus-sal-generalmills2.icims.com/jobs/search?ss=1
Genevarock,icims,careers-genevarock.icims.com,https://careers-genevarock.icims.com/jobs/search?ss=1
Genex,icims,careers-genex.icims.com,https://careers-genex.icims.com/jobs/search?ss=1
Gentivahs,icims,careers-gentivahs.icims.com,https://careers-gentivahs.icims.com/jobs/search?ss=1
Gentivahs,icims,internal-gentivahs.icims.com,https://internal-gentivahs.icims.com/jobs/search?ss=1
Genuine Cable Group,icims,careers-gcg.icims.com,https://careers-gcg.icims.com/jobs/search?ss=1
GeoDecisions,icims,careers-geodecisions.icims.com,https://careers-geodecisions.icims.com/jobs/search?ss=1
Geogroup,icims,careers-geogroup.icims.com,https://careers-geogroup.icims.com/jobs/search?ss=1
Georgiahospicecare,icims,careers-georgiahospicecare.icims.com,https://careers-georgiahospicecare.icims.com/jobs/search?ss=1
"Geosyntec Consultants, Inc.",icims,australia-geosyntec.icims.com,https://australia-geosyntec.icims.com/jobs/search?ss=1
"Geosyntec Consultants, Inc.",icims,canada-geosyntec.icims.com,https://canada-geosyntec.icims.com/jobs/search?ss=1
"Geosyntec Consultants, Inc.",icims,careers-geosyntec.icims.com,https://careers-geosyntec.icims.com/jobs/search?ss=1
"Geosyntec Consultants, Inc.",icims,europe-geosyntec.icims.com,https://europe-geosyntec.icims.com/jobs/search?ss=1
GeoYeti,icims,careers-geoyeti.icims.com,https://careers-geoyeti.icims.com/jobs/search?ss=1
GEP,icims,jobsafrica-gep.icims.com,https://jobsafrica-gep.icims.com/jobs/search?ss=1
GEP,icims,jobsamericas-gep.icims.com,https://jobsamericas-gep.icims.com/jobs/search?ss=1
GEP,icims,jobseurope-gep.icims.com,https://jobseurope-gep.icims.com/jobs/search?ss=1
GEP,icims,jobsindia-apac-gep.icims.com,https://jobsindia-apac-gep.icims.com/jobs/search?ss=1
GEP,icims,jobsus-gep.icims.com,https://jobsus-gep.icims.com/jobs/search?ss=1
GEP,icims,referral-gep.icims.com,https://referral-gep.icims.com/jobs/search?ss=1
Getty,icims,jobs-getty.icims.com,https://jobs-getty.icims.com/jobs/search?ss=1
GFT,icims,careers-gannettfleming.icims.com,https://careers-gannettfleming.icims.com/jobs/search?ss=1
GFT,icims,careers-vtx.icims.com,https://careers-vtx.icims.com/jobs/search?ss=1
GFT,icims,university-gannettfleming.icims.com,https://university-gannettfleming.icims.com/jobs/search?ss=1
Ghdoctors,icims,physicians-ghdoctors.icims.com,https://physicians-ghdoctors.icims.com/jobs/search?ss=1
Ghvhs,icims,crmc-ghvhs.icims.com,https://crmc-ghvhs.icims.com/jobs/search?ss=1
Ghvhs,icims,employeescrmc-ghvhs.icims.com,https://employeescrmc-ghvhs.icims.com/jobs/search?ss=1
Ghvhs,icims,ormc-ghvhs.icims.com,https://ormc-ghvhs.icims.com/jobs/search?ss=1
Ghvhs,icims,physicians-ghvhs.icims.com,https://physicians-ghvhs.icims.com/jobs/search?ss=1
Gift of Hope,icims,careers-giftofhope.icims.com,https://careers-giftofhope.icims.com/jobs/search?ss=1
Gilbane,icims,careerfairs-gilbaneco.icims.com,https://careerfairs-gilbaneco.icims.com/jobs/search?ss=1
Gilbane,icims,careers-gilbaneco.icims.com,https://careers-gilbaneco.icims.com/jobs/search?ss=1
Gilbane,icims,internal-gilbaneco.icims.com,https://internal-gilbaneco.icims.com/jobs/search?ss=1
Gildan Activewear Inc.,icims,careers-gildan.icims.com,https://careers-gildan.icims.com/jobs/search?ss=1
Gildan Activewear Inc.,icims,carreras-gildan.icims.com,https://carreras-gildan.icims.com/jobs/search?ss=1
Gildan Activewear Inc.,icims,uscareers-gildan.icims.com,https://uscareers-gildan.icims.com/jobs/search?ss=1
Gildan Activewear Inc.,icims,uscareers-hrl-gildan.icims.com,https://uscareers-hrl-gildan.icims.com/jobs/search?ss=1
Giraffe,icims,careers-giraffe.icims.com,https://careers-giraffe.icims.com/jobs/search?ss=1
Girl Scouts of the USA,icims,careers-girlscouts.icims.com,https://careers-girlscouts.icims.com/jobs/search?ss=1
"GitHub, Inc.",icims,employees-githubinc.icims.com,https://employees-githubinc.icims.com/jobs/search?ss=1
"GitHub, Inc.",icims,globalemployees-githubinc.icims.com,https://globalemployees-githubinc.icims.com/jobs/search?ss=1
Githubinc,icims,careers-githubinc.icims.com,https://careers-githubinc.icims.com/jobs/search?ss=1
Githubinc,icims,globalcareers-githubinc.icims.com,https://globalcareers-githubinc.icims.com/jobs/search?ss=1
Glacier Bancorp,icims,internal-glacierbancorp.icims.com,https://internal-glacierbancorp.icims.com/jobs/search?ss=1
Glacierbancorp,icims,applycareers-glacierbancorp.icims.com,https://applycareers-glacierbancorp.icims.com/jobs/search?ss=1
Glacierbancorp,icims,careers-glacierbancorp.icims.com,https://careers-glacierbancorp.icims.com/jobs/search?ss=1
Glennis Solutions,icims,glenniscareers-atria.icims.com,https://glenniscareers-atria.icims.com/jobs/search?ss=1
Global Excel Management Inc.,icims,careers-globalexcel.icims.com,https://careers-globalexcel.icims.com/jobs/search?ss=1
Global Excel Management Inc.,icims,frenchcareers-globalexcel.icims.com,https://frenchcareers-globalexcel.icims.com/jobs/search?ss=1
"Global Medical Response, Inc.",icims,7bar-careers-gmr.icims.com,https://7bar-careers-gmr.icims.com/jobs/search?ss=1
"Global Medical Response, Inc.",icims,access2care-careers-gmr.icims.com,https://access2care-careers-gmr.icims.com/jobs/search?ss=1
"Global Medical Response, Inc.",icims,access2carecareers-amr.icims.com,https://access2carecareers-amr.icims.com/jobs/search?ss=1
"Global Medical Response, Inc.",icims,airevac-careers-gmr.icims.com,https://airevac-careers-gmr.icims.com/jobs/search?ss=1
"Global Medical Response, Inc.",icims,airevac-lifeteam-amgh.icims.com,https://airevac-lifeteam-amgh.icims.com/jobs/search?ss=1
"Global Medical Response, Inc.",icims,amr-careers-gmr.icims.com,https://amr-careers-gmr.icims.com/jobs/search?ss=1
"Global Medical Response, Inc.",icims,careers-7bar.icims.com,https://careers-7bar.icims.com/jobs/search?ss=1
"Global Medical Response, Inc.",icims,careers-amr.icims.com,https://careers-amr.icims.com/jobs/search?ss=1
"Global Medical Response, Inc.",icims,careers-gmr.icims.com,https://careers-gmr.icims.com/jobs/search?ss=1
"Global Medical Response, Inc.",icims,careers-lifeguard.icims.com,https://careers-lifeguard.icims.com/jobs/search?ss=1
"Global Medical Response, Inc.",icims,careers-mccormick-amr.icims.com,https://careers-mccormick-amr.icims.com/jobs/search?ss=1
"Global Medical Response, Inc.",icims,emt-careers-gmr.icims.com,https://emt-careers-gmr.icims.com/jobs/search?ss=1
"Global Medical Response, Inc.",icims,field-careers-gmr.icims.com,https://field-careers-gmr.icims.com/jobs/search?ss=1
"Global Medical Response, Inc.",icims,kurtz-careers-gmr.icims.com,https://kurtz-careers-gmr.icims.com/jobs/search?ss=1
"Global Medical Response, Inc.",icims,kurtzems-amr.icims.com,https://kurtzems-amr.icims.com/jobs/search?ss=1
"Global Medical Response, Inc.",icims,med-transcorp-amgh.icims.com,https://med-transcorp-amgh.icims.com/jobs/search?ss=1
"Global Medical Response, Inc.",icims,medtranscorp-careers-gmr.icims.com,https://medtranscorp-careers-gmr.icims.com/jobs/search?ss=1
"Global Medical Response, Inc.",icims,paramedic-careers-gmr.icims.com,https://paramedic-careers-gmr.icims.com/jobs/search?ss=1
"Global Medical Response, Inc.",icims,pilot-careers-gmr.icims.com,https://pilot-careers-gmr.icims.com/jobs/search?ss=1
"Global Medical Response, Inc.",icims,reachmedical-holdings-amgh.icims.com,https://reachmedical-holdings-amgh.icims.com/jobs/search?ss=1
"Global Medical Response, Inc.",icims,reachmedicalholdings-careers-gmr.icims.com,https://reachmedicalholdings-careers-gmr.icims.com/jobs/search?ss=1
"GLOTECH, Inc.",icims,careers-glotech.icims.com,https://careers-glotech.icims.com/jobs/search?ss=1
GMA Architects,icims,careers-gmaarchitects.icims.com,https://careers-gmaarchitects.icims.com/jobs/search?ss=1
Gmr,icims,airmedcarenetwork-careers-gmr.icims.com,https://airmedcarenetwork-careers-gmr.icims.com/jobs/search?ss=1
Gmr,icims,airmedinternational-careers-gmr.icims.com,https://airmedinternational-careers-gmr.icims.com/jobs/search?ss=1
Gmr,icims,comtrans-careers-gmr.icims.com,https://comtrans-careers-gmr.icims.com/jobs/search?ss=1
Gmr,icims,crowdrx-careers-gmr.icims.com,https://crowdrx-careers-gmr.icims.com/jobs/search?ss=1
Gmr,icims,guardianflight-careers-gmr.icims.com,https://guardianflight-careers-gmr.icims.com/jobs/search?ss=1
Gmr,icims,internal-careers-gmr.icims.com,https://internal-careers-gmr.icims.com/jobs/search?ss=1
Gmr,icims,ruralmetrofire-careers-gmr.icims.com,https://ruralmetrofire-careers-gmr.icims.com/jobs/search?ss=1
Go Ahead London,icims,careers-goaheadlondon.icims.com,https://careers-goaheadlondon.icims.com/jobs/search?ss=1
Go Ahead London,icims,external-goaheadlondon.icims.com,https://external-goaheadlondon.icims.com/jobs/search?ss=1
Go Auto,icims,blades-goauto.icims.com,https://blades-goauto.icims.com/jobs/search?ss=1
Go Auto,icims,careersen-goauto.icims.com,https://careersen-goauto.icims.com/jobs/search?ss=1
Go Auto,icims,careerseng-goauto.icims.com,https://careerseng-goauto.icims.com/jobs/search?ss=1
Go Auto,icims,goinsurance-goauto.icims.com,https://goinsurance-goauto.icims.com/jobs/search?ss=1
Go Auto,icims,parklandflower-goauto.icims.com,https://parklandflower-goauto.icims.com/jobs/search?ss=1
Go Auto,icims,rush-goauto.icims.com,https://rush-goauto.icims.com/jobs/search?ss=1
Go Auto,icims,seg-goauto.icims.com,https://seg-goauto.icims.com/jobs/search?ss=1
Go Auto,icims,thriveschool-goauto.icims.com,https://thriveschool-goauto.icims.com/jobs/search?ss=1
Goldbelt,icims,careers-goldbelt.icims.com,https://careers-goldbelt.icims.com/jobs/search?ss=1
"Goldbelt, Inc.",icims,career-goldbeltshareholder.icims.com,https://career-goldbeltshareholder.icims.com/jobs/search?ss=1
"Goldbelt, Inc.",icims,careers-goldbeltfacilitysupportservices.icims.com,https://careers-goldbeltfacilitysupportservices.icims.com/jobs/search?ss=1
"Goldbelt, Inc.",icims,careers-goldbeltheritage.icims.com,https://careers-goldbeltheritage.icims.com/jobs/search?ss=1
Golden Hour,icims,careers-goldenhour.icims.com,https://careers-goldenhour.icims.com/jobs/search?ss=1
Golden Key Group,icims,careers-goldenkeygroup.icims.com,https://careers-goldenkeygroup.icims.com/jobs/search?ss=1
Golden Steps ABA,icims,careers-goldenstepsaba.icims.com,https://careers-goldenstepsaba.icims.com/jobs/search?ss=1
GoldKey - PHR Hotels and Resorts,icims,global-goldkeyphr.icims.com,https://global-goldkeyphr.icims.com/jobs/search?ss=1
GoldKey - PHR Hotels and Resorts,icims,hourly-goldkeyphr.icims.com,https://hourly-goldkeyphr.icims.com/jobs/search?ss=1
GoldKey - PHR Hotels and Resorts,icims,salary-goldkeyphr.icims.com,https://salary-goldkeyphr.icims.com/jobs/search?ss=1
Good Shepherd Hospice,icims,careers-goodshepherdhospice.icims.com,https://careers-goodshepherdhospice.icims.com/jobs/search?ss=1
Goodwill Industries of San Diego County,icims,jobs-sdgoodwill.icims.com,https://jobs-sdgoodwill.icims.com/jobs/search?ss=1
Goodwill of Greater Washington,icims,careers-dcgoodwill.icims.com,https://careers-dcgoodwill.icims.com/jobs/search?ss=1
Goodwill of Greater Washington,icims,internal-dcgoodwill.icims.com,https://internal-dcgoodwill.icims.com/jobs/search?ss=1
"Gordon Rees Scully Mansukhani, LLP",icims,careers-grsm.icims.com,https://careers-grsm.icims.com/jobs/search?ss=1
Gordon Truck Centers,icims,careers-gordontruckcenters.icims.com,https://careers-gordontruckcenters.icims.com/jobs/search?ss=1
Gov2X,icims,careers-gov2x.icims.com,https://careers-gov2x.icims.com/jobs/search?ss=1
gov2x,icims,internal-gov2x.icims.com,https://internal-gov2x.icims.com/jobs/search?ss=1
Gov2X,icims,nonus-gov2x.icims.com,https://nonus-gov2x.icims.com/jobs/search?ss=1
Govcio,icims,careers-govcio.icims.com,https://careers-govcio.icims.com/jobs/search?ss=1
Govcio,icims,internal-govcio.icims.com,https://internal-govcio.icims.com/jobs/search?ss=1
GovernmentCIO,icims,careers-governmentcio.icims.com,https://careers-governmentcio.icims.com/jobs/search?ss=1
GPM Investments LLC,icims,storecareers-gpminvestments.icims.com,https://storecareers-gpminvestments.icims.com/jobs/search?ss=1
GR8 Global,icims,careers-gr8affinity.icims.com,https://careers-gr8affinity.icims.com/jobs/search?ss=1
GR8 Global,icims,careers-gr8global.icims.com,https://careers-gr8global.icims.com/jobs/search?ss=1
Graham Packaging,icims,canadacareers-grahampackaging.icims.com,https://canadacareers-grahampackaging.icims.com/jobs/search?ss=1
Graham Packaging,icims,careers-grahampackaging.icims.com,https://careers-grahampackaging.icims.com/jobs/search?ss=1
Graham Packaging,icims,internal-grahampackaging.icims.com,https://internal-grahampackaging.icims.com/jobs/search?ss=1
Grandluxcareers,icims,applyhourlyjobs-grandluxcareers.icims.com,https://applyhourlyjobs-grandluxcareers.icims.com/jobs/search?ss=1
"Granicus, LLC",icims,careers-granicus.icims.com,https://careers-granicus.icims.com/jobs/search?ss=1
"Gray, Inc.",icims,adprocessequipment-gray.icims.com,https://adprocessequipment-gray.icims.com/jobs/search?ss=1
"Gray, Inc.",icims,careers-gray.icims.com,https://careers-gray.icims.com/jobs/search?ss=1
"Gray, Inc.",icims,careershub-gray.icims.com,https://careershub-gray.icims.com/jobs/search?ss=1
"Gray, Inc.",icims,grayae-gray.icims.com,https://grayae-gray.icims.com/jobs/search?ss=1
"Gray, Inc.",icims,grayconstruction-gray.icims.com,https://grayconstruction-gray.icims.com/jobs/search?ss=1
"Gray, Inc.",icims,graysolutions-gray.icims.com,https://graysolutions-gray.icims.com/jobs/search?ss=1
"Gray, Inc.",icims,inlineengineers-gray.icims.com,https://inlineengineers-gray.icims.com/jobs/search?ss=1
"Gray, Inc.",icims,nexgen-gray.icims.com,https://nexgen-gray.icims.com/jobs/search?ss=1
"Gray, Inc.",icims,spencerbristolengineering-gray.icims.com,https://spencerbristolengineering-gray.icims.com/jobs/search?ss=1
"Gray, Inc.",icims,willettengineering-gray.icims.com,https://willettengineering-gray.icims.com/jobs/search?ss=1
Great Dane LLC,icims,careers-greatdane.icims.com,https://careers-greatdane.icims.com/jobs/search?ss=1
Great Dane LLC,icims,hourly-greatdane.icims.com,https://hourly-greatdane.icims.com/jobs/search?ss=1
Great Dane LLC,icims,impactguard-greatdane.icims.com,https://impactguard-greatdane.icims.com/jobs/search?ss=1
Great Day Improvements: A Family of Brands,icims,careers-englert.icims.com,https://careers-englert.icims.com/jobs/search?ss=1
Great Day Improvements: A Family of Brands,icims,careers-gdifamilyofbrands.icims.com,https://careers-gdifamilyofbrands.icims.com/jobs/search?ss=1
Great Day Improvements: A Family of Brands,icims,careers-getchampion.icims.com,https://careers-getchampion.icims.com/jobs/search?ss=1
Great Day Improvements: A Family of Brands,icims,careers-leafguard.icims.com,https://careers-leafguard.icims.com/jobs/search?ss=1
Greatclips,icims,scholarship-greatclips.icims.com,https://scholarship-greatclips.icims.com/jobs/search?ss=1
Green Brick Partners,icims,careers-greenbrickpartners.icims.com,https://careers-greenbrickpartners.icims.com/jobs/search?ss=1
Green Street,icims,careers-greenstreet.icims.com,https://careers-greenstreet.icims.com/jobs/search?ss=1
GreenSky Administrative Services LLC,icims,careers-greensky.icims.com,https://careers-greensky.icims.com/jobs/search?ss=1
GreenState Credit Union,icims,careers-greenstate.icims.com,https://careers-greenstate.icims.com/jobs/search?ss=1
GreenState Credit Union,icims,careers-uiccu.icims.com,https://careers-uiccu.icims.com/jobs/search?ss=1
"Greenway Equipment, Inc",icims,careers-gogreenway.icims.com,https://careers-gogreenway.icims.com/jobs/search?ss=1
Grimmway,icims,careers-grimmway.icims.com,https://careers-grimmway.icims.com/jobs/search?ss=1
Grimmway Enterprises,icims,spanishcareers-grimmway.icims.com,https://spanishcareers-grimmway.icims.com/jobs/search?ss=1
Grinnell Mutual Reinsurance Company,icims,careers-grinnellmutual.icims.com,https://careers-grinnellmutual.icims.com/jobs/search?ss=1
"Groom Law Group, Chartered",icims,careers-groom.icims.com,https://careers-groom.icims.com/jobs/search?ss=1
Group,icims,careers-vt-group.icims.com,https://careers-vt-group.icims.com/jobs/search?ss=1
Group 1 Automotive,icims,careers-group1auto.icims.com,https://careers-group1auto.icims.com/jobs/search?ss=1
Groupedynamite,icims,cacareers-groupedynamite.icims.com,https://cacareers-groupedynamite.icims.com/jobs/search?ss=1
Groupedynamite,icims,frcareers-groupedynamite.icims.com,https://frcareers-groupedynamite.icims.com/jobs/search?ss=1
Groupedynamite,icims,uscareers-groupedynamite.icims.com,https://uscareers-groupedynamite.icims.com/jobs/search?ss=1
Groups: Recover Together,icims,careers-groupsrecovertogether.icims.com,https://careers-groupsrecovertogether.icims.com/jobs/search?ss=1
Grow Financial Federal Credit Union,icims,careers-growfinancial.icims.com,https://careers-growfinancial.icims.com/jobs/search?ss=1
Gshealth,icims,careers-gshealth.icims.com,https://careers-gshealth.icims.com/jobs/search?ss=1
GTS,icims,careers-gtsx.icims.com,https://careers-gtsx.icims.com/jobs/search?ss=1
Gvh,icims,careers-gvh.icims.com,https://careers-gvh.icims.com/jobs/search?ss=1
Gwccap,icims,careers-gwccap.icims.com,https://careers-gwccap.icims.com/jobs/search?ss=1
H&K Group,icims,careers-hkgroup.icims.com,https://careers-hkgroup.icims.com/jobs/search?ss=1
"H&R Block Management, LLC",icims,canadacareers-hrblock.icims.com,https://canadacareers-hrblock.icims.com/jobs/search?ss=1
"H&R Block Management, LLC",icims,careers-hrblock.icims.com,https://careers-hrblock.icims.com/jobs/search?ss=1
"H&R Block Management, LLC",icims,employees-hrblock.icims.com,https://employees-hrblock.icims.com/jobs/search?ss=1
"H&R Block Management, LLC",icims,field-hrblock.icims.com,https://field-hrblock.icims.com/jobs/search?ss=1
"H&R Block Management, LLC",icims,franchise-hrblock.icims.com,https://franchise-hrblock.icims.com/jobs/search?ss=1
"H&R Block Management, LLC",icims,indiacareers-hrblock.icims.com,https://indiacareers-hrblock.icims.com/jobs/search?ss=1
"H&R Block Management, LLC",icims,irelandcareers-hrblock.icims.com,https://irelandcareers-hrblock.icims.com/jobs/search?ss=1
"H&R Block Management, LLC",icims,returners-hrblock.icims.com,https://returners-hrblock.icims.com/jobs/search?ss=1
"H-E-B, L.P.",icims,career-joevsmartshop.icims.com,https://career-joevsmartshop.icims.com/jobs/search?ss=1
"H-E-B, L.P.",icims,careers-centralmarket.icims.com,https://careers-centralmarket.icims.com/jobs/search?ss=1
"H-E-B, L.P.",icims,jobs-centralmarket.icims.com,https://jobs-centralmarket.icims.com/jobs/search?ss=1
"H-E-B, L.P.",icims,jobs-joevsmartshop.icims.com,https://jobs-joevsmartshop.icims.com/jobs/search?ss=1
"H-E-B, L.P.",icims,spanish-joevsmartshop.icims.com,https://spanish-joevsmartshop.icims.com/jobs/search?ss=1
"H-E-B, L.P.",icims,storecareerfairs-heb.icims.com,https://storecareerfairs-heb.icims.com/jobs/search?ss=1
H.W. Kaufman Group,icims,careers-hwkaufman.icims.com,https://careers-hwkaufman.icims.com/jobs/search?ss=1
H360 Ressources Inc,icims,careers-h360resources.icims.com,https://careers-h360resources.icims.com/jobs/search?ss=1
H360 Ressources Inc,icims,fr-careers-h360resources.icims.com,https://fr-careers-h360resources.icims.com/jobs/search?ss=1
Hackensack Meridian Health,icims,internal-hackensackmeridianhealth.icims.com,https://internal-hackensackmeridianhealth.icims.com/jobs/search?ss=1
Hackensack Meridian Health,icims,quickapply-hackensackmeridianhealth.icims.com,https://quickapply-hackensackmeridianhealth.icims.com/jobs/search?ss=1
Hackensack University Medical Center,icims,careers-hackensackuhn-palisades.icims.com,https://careers-hackensackuhn-palisades.icims.com/jobs/search?ss=1
Hackensack University Medical Center,icims,careers-hackensackuhn.icims.com,https://careers-hackensackuhn.icims.com/jobs/search?ss=1
Hackensack University Medical Center,icims,internal-hackensackuhn.icims.com,https://internal-hackensackuhn.icims.com/jobs/search?ss=1
Hackensackmeridianhealth,icims,careers-hackensackmeridianhealth.icims.com,https://careers-hackensackmeridianhealth.icims.com/jobs/search?ss=1
Hackensackmeridianhealth,icims,nursing-hackensackmeridianhealth.icims.com,https://nursing-hackensackmeridianhealth.icims.com/jobs/search?ss=1
Hackensackmeridianhealth,icims,physician-hackensackmeridianhealth.icims.com,https://physician-hackensackmeridianhealth.icims.com/jobs/search?ss=1
Hakim Group,icims,amplify-hearing.icims.com,https://amplify-hearing.icims.com/jobs/search?ss=1
Hakim Group,icims,careers-hakimgroup.icims.com,https://careers-hakimgroup.icims.com/jobs/search?ss=1
Haley Mechanical,icims,careers-haleymechanical.icims.com,https://careers-haleymechanical.icims.com/jobs/search?ss=1
Halopharma,icims,careers-halopharma.icims.com,https://careers-halopharma.icims.com/jobs/search?ss=1
Hamilton,icims,careers-hamilton.icims.com,https://careers-hamilton.icims.com/jobs/search?ss=1
Hamilton Company,icims,careers-hamiltoncompany.icims.com,https://careers-hamiltoncompany.icims.com/jobs/search?ss=1
Hamilton Company,icims,careers-hamiltonmedical.icims.com,https://careers-hamiltonmedical.icims.com/jobs/search?ss=1
Hamilton Company,icims,careers-hamiltonstorage.icims.com,https://careers-hamiltonstorage.icims.com/jobs/search?ss=1
Hamilton County Schools,icims,certified-internal-hcde.icims.com,https://certified-internal-hcde.icims.com/jobs/search?ss=1
Hammacher Schlemmer,icims,careers-hammacher.icims.com,https://careers-hammacher.icims.com/jobs/search?ss=1
Hammel Companies Inc.,icims,careers-dohrn.icims.com,https://careers-dohrn.icims.com/jobs/search?ss=1
Hammel Companies Inc.,icims,careers-pittohio.icims.com,https://careers-pittohio.icims.com/jobs/search?ss=1
Hammel Companies Inc.,icims,careers-uscargo.icims.com,https://careers-uscargo.icims.com/jobs/search?ss=1
Hampton Lumber,icims,careers-hamptonlumber.icims.com,https://careers-hamptonlumber.icims.com/jobs/search?ss=1
Hampton Lumber,icims,internal-hamptonlumber.icims.com,https://internal-hamptonlumber.icims.com/jobs/search?ss=1
"Hanger, Inc.",icims,nationalresidencyprogram-hanger.icims.com,https://nationalresidencyprogram-hanger.icims.com/jobs/search?ss=1
Hanger.com,icims,careers-hanger.icims.com,https://careers-hanger.icims.com/jobs/search?ss=1
Hansen,icims,careers-hansensupertechs.icims.com,https://careers-hansensupertechs.icims.com/jobs/search?ss=1
Harbor Foods Group Inc.,icims,careers-harborfoods.icims.com,https://careers-harborfoods.icims.com/jobs/search?ss=1
Harbor Foods Group Inc.,icims,drivers-harborfoods.icims.com,https://drivers-harborfoods.icims.com/jobs/search?ss=1
Harbor Foods Group Inc.,icims,external-harborfoods.icims.com,https://external-harborfoods.icims.com/jobs/search?ss=1
Harbor Foods Group Inc.,icims,wholesale-drivers-harborfoods.icims.com,https://wholesale-drivers-harborfoods.icims.com/jobs/search?ss=1
Harbor Foods Group Inc.,icims,wholesale-harborfoods.icims.com,https://wholesale-harborfoods.icims.com/jobs/search?ss=1
Harborstone Credit Union,icims,careers-harborstone.icims.com,https://careers-harborstone.icims.com/jobs/search?ss=1
Hardrock,icims,canada-hardrock.icims.com,https://canada-hardrock.icims.com/jobs/search?ss=1
Hardrock,icims,careers-hardrock.icims.com,https://careers-hardrock.icims.com/jobs/search?ss=1
Hardrock,icims,company-hardrock.icims.com,https://company-hardrock.icims.com/jobs/search?ss=1
Hardrock,icims,digital-hardrock.icims.com,https://digital-hardrock.icims.com/jobs/search?ss=1
Hardrock,icims,employees-hardrock.icims.com,https://employees-hardrock.icims.com/jobs/search?ss=1
Hardrock,icims,europe-hardrock.icims.com,https://europe-hardrock.icims.com/jobs/search?ss=1
Hardrock,icims,franchise-hardrock.icims.com,https://franchise-hardrock.icims.com/jobs/search?ss=1
Hardrock,icims,hotelandcasino-hardrock.icims.com,https://hotelandcasino-hardrock.icims.com/jobs/search?ss=1
Hardrock,icims,hrcrockford-hardrock.icims.com,https://hrcrockford-hardrock.icims.com/jobs/search?ss=1
Hardrock,icims,hrhcatlanticcity-hardrock.icims.com,https://hrhcatlanticcity-hardrock.icims.com/jobs/search?ss=1
Hardrock,icims,hrhcbristol-hardrock.icims.com,https://hrhcbristol-hardrock.icims.com/jobs/search?ss=1
Hardrock,icims,hrhcsacramento-hardrock.icims.com,https://hrhcsacramento-hardrock.icims.com/jobs/search?ss=1
Hardrock,icims,hrhctejon-hardrock.icims.com,https://hrhctejon-hardrock.icims.com/jobs/search?ss=1
Hardrock,icims,hrhnewyork-hardrock.icims.com,https://hrhnewyork-hardrock.icims.com/jobs/search?ss=1
Hardrock,icims,jobs-hardrock.icims.com,https://jobs-hardrock.icims.com/jobs/search?ss=1
Hardrock,icims,managed-hotelandcasino-hardrock.icims.com,https://managed-hotelandcasino-hardrock.icims.com/jobs/search?ss=1
Harlequin.com,icims,careers-harlequin.icims.com,https://careers-harlequin.icims.com/jobs/search?ss=1
Harlequin.com,icims,careers-hcc-hqn.icims.com,https://careers-hcc-hqn.icims.com/jobs/search?ss=1
"Harley Marine Services, Inc.",icims,careers-harleymarine.icims.com,https://careers-harleymarine.icims.com/jobs/search?ss=1
HarperCollins Publishers,icims,careers-harpercollins.icims.com,https://careers-harpercollins.icims.com/jobs/search?ss=1
HarperCollins Publishers,icims,careers-hub-harpercollins.icims.com,https://careers-hub-harpercollins.icims.com/jobs/search?ss=1
HarperCollins Publishers,icims,careersca-harpercollins.icims.com,https://careersca-harpercollins.icims.com/jobs/search?ss=1
Harrison Family YMCA,icims,careers-harrison-ymca.icims.com,https://careers-harrison-ymca.icims.com/jobs/search?ss=1
Harrowcouncil,icims,careers-harrowcouncil.icims.com,https://careers-harrowcouncil.icims.com/jobs/search?ss=1
Harrowcouncil,icims,internal-harrowcouncil.icims.com,https://internal-harrowcouncil.icims.com/jobs/search?ss=1
Harrowcouncil,icims,schools-harrowcouncil.icims.com,https://schools-harrowcouncil.icims.com/jobs/search?ss=1
Harvard,icims,careers-harvard.icims.com,https://careers-harvard.icims.com/jobs/search?ss=1
Harvard,icims,hmi-esp-harvard.icims.com,https://hmi-esp-harvard.icims.com/jobs/search?ss=1
Harvard,icims,hmi-harvard.icims.com,https://hmi-harvard.icims.com/jobs/search?ss=1
Harvard,icims,hps-harvard.icims.com,https://hps-harvard.icims.com/jobs/search?ss=1
Harvard,icims,hsg-harvard.icims.com,https://hsg-harvard.icims.com/jobs/search?ss=1
Harvard,icims,misterkleen-harvard.icims.com,https://misterkleen-harvard.icims.com/jobs/search?ss=1
Haskell,icims,careers-haskell.icims.com,https://careers-haskell.icims.com/jobs/search?ss=1
Hawaii Gas,icims,careers-hawaiigas.icims.com,https://careers-hawaiigas.icims.com/jobs/search?ss=1
Haymarket,icims,careers-haymarket.icims.com,https://careers-haymarket.icims.com/jobs/search?ss=1
Hayward Industries,icims,careers-hayward.icims.com,https://careers-hayward.icims.com/jobs/search?ss=1
Hayward Industries,icims,internal-hayward.icims.com,https://internal-hayward.icims.com/jobs/search?ss=1
Hayward Industries,icims,international-hayward.icims.com,https://international-hayward.icims.com/jobs/search?ss=1
Hazelden,icims,careers-hazelden.icims.com,https://careers-hazelden.icims.com/jobs/search?ss=1
HazTek,icims,careers-haztekinc.icims.com,https://careers-haztekinc.icims.com/jobs/search?ss=1
Hcde,icims,certified-hcde.icims.com,https://certified-hcde.icims.com/jobs/search?ss=1
Hcde,icims,classified-hcde.icims.com,https://classified-hcde.icims.com/jobs/search?ss=1
Hcde,icims,leadership-hcde.icims.com,https://leadership-hcde.icims.com/jobs/search?ss=1
Hcde,icims,school-nutrition-hcde.icims.com,https://school-nutrition-hcde.icims.com/jobs/search?ss=1
HCI,icims,careers-hcisystems.icims.com,https://careers-hcisystems.icims.com/jobs/search?ss=1
Hcsgcorp,icims,jobs-hcsgcorp.icims.com,https://jobs-hcsgcorp.icims.com/jobs/search?ss=1
HD Supply,icims,careers-hdsupply.icims.com,https://careers-hdsupply.icims.com/jobs/search?ss=1
HD Supply Canada,icims,external-english-hdsupplyca.icims.com,https://external-english-hdsupplyca.icims.com/jobs/search?ss=1
HD Supply Canada,icims,external-frenchca-hdsupplyca.icims.com,https://external-frenchca-hdsupplyca.icims.com/jobs/search?ss=1
HD Supply Canada Inc.,icims,brafasco-externalenglish-hdsupplyca.icims.com,https://brafasco-externalenglish-hdsupplyca.icims.com/jobs/search?ss=1
"Headfirst Summer Camps in DC, MD and MA | Job Opportunities",icims,professional-headfirstcamps.icims.com,https://professional-headfirstcamps.icims.com/jobs/search?ss=1
"Headfirst Summer Camps in DC, MD and MA | Job Opportunities",icims,seasonalmlb-headfirstcamps.icims.com,https://seasonalmlb-headfirstcamps.icims.com/jobs/search?ss=1
Headquarters,icims,careers-kdsda.icims.com,https://careers-kdsda.icims.com/jobs/search?ss=1
Headquarters,icims,careers-kyocera.icims.com,https://careers-kyocera.icims.com/jobs/search?ss=1
"HEALTH CONNECT AMERICA, INC",icims,careers-healthconnectamerica.icims.com,https://careers-healthconnectamerica.icims.com/jobs/search?ss=1
Health Management Associates,icims,careers-healthmanagement.icims.com,https://careers-healthmanagement.icims.com/jobs/search?ss=1
"Healthcare Services Group, Inc.",icims,campus-hcsgcorp.icims.com,https://campus-hcsgcorp.icims.com/jobs/search?ss=1
"Healthcare Services Group, Inc.",icims,careers-hcsgcorp.icims.com,https://careers-hcsgcorp.icims.com/jobs/search?ss=1
"Healthcare Services Group, Inc.",icims,careers-platinum.icims.com,https://careers-platinum.icims.com/jobs/search?ss=1
"Healthcare Services Group, Inc.",icims,internal-hcsgcorp.icims.com,https://internal-hcsgcorp.icims.com/jobs/search?ss=1
"Healthcare Services Group, Inc.",icims,platinum-hcsgcorp.icims.com,https://platinum-hcsgcorp.icims.com/jobs/search?ss=1
HealthDrive,icims,careers-healthdrive.icims.com,https://careers-healthdrive.icims.com/jobs/search?ss=1
HealthDrive,icims,clinical-healthdrive.icims.com,https://clinical-healthdrive.icims.com/jobs/search?ss=1
HealthDrive,icims,corporate-healthdrive.icims.com,https://corporate-healthdrive.icims.com/jobs/search?ss=1
HealthEast,icims,careers-healtheast.icims.com,https://careers-healtheast.icims.com/jobs/search?ss=1
HealthEast,icims,entrylevelcareers-healtheast.icims.com,https://entrylevelcareers-healtheast.icims.com/jobs/search?ss=1
HealthEast,icims,jobs-healtheast.icims.com,https://jobs-healtheast.icims.com/jobs/search?ss=1
HealthEast,icims,provider-healtheast.icims.com,https://provider-healtheast.icims.com/jobs/search?ss=1
HealthEdge,icims,careers-healthedge.icims.com,https://careers-healthedge.icims.com/jobs/search?ss=1
HealthEdge,icims,wellframe-healthedge.icims.com,https://wellframe-healthedge.icims.com/jobs/search?ss=1
HealthEquity Inc.,icims,careers-healthequity.icims.com,https://careers-healthequity.icims.com/jobs/search?ss=1
HealthEquity Inc.,icims,careers-luum.icims.com,https://careers-luum.icims.com/jobs/search?ss=1
Hearth Hospice,icims,careers-hearthhospice.icims.com,https://careers-hearthhospice.icims.com/jobs/search?ss=1
Heartland Veterinary Partners LLC,icims,careers-heartlandvetpartners.icims.com,https://careers-heartlandvetpartners.icims.com/jobs/search?ss=1
Heartland Veterinary Partners LLC,icims,students-heartlandvetpartners.icims.com,https://students-heartlandvetpartners.icims.com/jobs/search?ss=1
Heartland Veterinary Partners LLC,icims,veterinary-heartlandvetpartners.icims.com,https://veterinary-heartlandvetpartners.icims.com/jobs/search?ss=1
Heartlanddental,icims,careers-heartlanddental.icims.com,https://careers-heartlanddental.icims.com/jobs/search?ss=1
Heartlanddentalcare,icims,apply-careers-heartlanddentalcare.icims.com,https://apply-careers-heartlanddentalcare.icims.com/jobs/search?ss=1
Heartlanddentalcare,icims,apply-careers3-heartlanddentalcare.icims.com,https://apply-careers3-heartlanddentalcare.icims.com/jobs/search?ss=1
Heartlanddentalcare,icims,careers-heartlanddentalcare.icims.com,https://careers-heartlanddentalcare.icims.com/jobs/search?ss=1
Heb,icims,careers-heb.icims.com,https://careers-heb.icims.com/jobs/search?ss=1
Heb,icims,homedelivery-heb.icims.com,https://homedelivery-heb.icims.com/jobs/search?ss=1
Heb,icims,interns-heb.icims.com,https://interns-heb.icims.com/jobs/search?ss=1
Heb,icims,jobs-heb.icims.com,https://jobs-heb.icims.com/jobs/search?ss=1
Heb,icims,magenta-heb.icims.com,https://magenta-heb.icims.com/jobs/search?ss=1
Heb,icims,mwt-heb.icims.com,https://mwt-heb.icims.com/jobs/search?ss=1
Heb,icims,partners-corporate-heb.icims.com,https://partners-corporate-heb.icims.com/jobs/search?ss=1
Heb,icims,partners-stores-heb.icims.com,https://partners-stores-heb.icims.com/jobs/search?ss=1
Heb,icims,spanish-heb.icims.com,https://spanish-heb.icims.com/jobs/search?ss=1
Heb,icims,storemanagement-heb.icims.com,https://storemanagement-heb.icims.com/jobs/search?ss=1
Heb,icims,transportation-heb.icims.com,https://transportation-heb.icims.com/jobs/search?ss=1
Heblon Heating & Cooling,icims,careers-heblonheatingandcooling.icims.com,https://careers-heblonheatingandcooling.icims.com/jobs/search?ss=1
Helio Health,icims,careers-heliohealth.icims.com,https://careers-heliohealth.icims.com/jobs/search?ss=1
Henderson Family YMCA,icims,careers-henderson-ymca.icims.com,https://careers-henderson-ymca.icims.com/jobs/search?ss=1
Hendrix Heating & Cooling,icims,careers-hendrixair.icims.com,https://careers-hendrixair.icims.com/jobs/search?ss=1
Henry County Memorial Hospital,icims,careers-hcmhcares.icims.com,https://careers-hcmhcares.icims.com/jobs/search?ss=1
Hepburn and Sons LLC,icims,careers-hepburnandsons.icims.com,https://careers-hepburnandsons.icims.com/jobs/search?ss=1
Herbalife,icims,careers-herbalife.icims.com,https://careers-herbalife.icims.com/jobs/search?ss=1
Herbalife,icims,careersen-herbalife.icims.com,https://careersen-herbalife.icims.com/jobs/search?ss=1
Herbalife,icims,careersenlatam-herbalife.icims.com,https://careersenlatam-herbalife.icims.com/jobs/search?ss=1
Herbalife,icims,operationscareer-herbalife.icims.com,https://operationscareer-herbalife.icims.com/jobs/search?ss=1
HERE | Take your career further,icims,careers-here.icims.com,https://careers-here.icims.com/jobs/search?ss=1
Heritage Christian Services,icims,careers-expressivebeginningschildcare.icims.com,https://careers-expressivebeginningschildcare.icims.com/jobs/search?ss=1
Heritage Christian Services,icims,careers-heritagechristianservices.icims.com,https://careers-heritagechristianservices.icims.com/jobs/search?ss=1
Heritage Home Service,icims,careers-heritagehomeservice.icims.com,https://careers-heritagehomeservice.icims.com/jobs/search?ss=1
Heritage Hospice,icims,careers-heritagehospice.icims.com,https://careers-heritagehospice.icims.com/jobs/search?ss=1
Hero Home Services,icims,careers-callhero.icims.com,https://careers-callhero.icims.com/jobs/search?ss=1
Herzog,icims,careers-herzog.icims.com,https://careers-herzog.icims.com/jobs/search?ss=1
HEXPOL,icims,careers-hexpol.icims.com,https://careers-hexpol.icims.com/jobs/search?ss=1
Heywood Hospital,icims,careers-heywood.icims.com,https://careers-heywood.icims.com/jobs/search?ss=1
Heywood Hospital,icims,volunteer-heywood.icims.com,https://volunteer-heywood.icims.com/jobs/search?ss=1
HF HQ,icims,seasonalhf-headfirstcamps.icims.com,https://seasonalhf-headfirstcamps.icims.com/jobs/search?ss=1
HGA,icims,careers-hga.icims.com,https://careers-hga.icims.com/jobs/search?ss=1
HGA,icims,hga-internships-hga.icims.com,https://hga-internships-hga.icims.com/jobs/search?ss=1
HH Health System,icims,careers-hhsys.icims.com,https://careers-hhsys.icims.com/jobs/search?ss=1
HH Health System,icims,careersel-hhsys.icims.com,https://careersel-hhsys.icims.com/jobs/search?ss=1
HH Health System,icims,internal-hhsys.icims.com,https://internal-hhsys.icims.com/jobs/search?ss=1
HHM,icims,careers-hhmlp.icims.com,https://careers-hhmlp.icims.com/jobs/search?ss=1
Hi-Tech Plumbing,icims,careers-slableak.icims.com,https://careers-slableak.icims.com/jobs/search?ss=1
High Tide Inc,icims,careers-hightideinc.icims.com,https://careers-hightideinc.icims.com/jobs/search?ss=1
Highgate Hotels,icims,careershub-highgate.icims.com,https://careershub-highgate.icims.com/jobs/search?ss=1
Highgate Hotels,icims,careershub-tableone.icims.com,https://careershub-tableone.icims.com/jobs/search?ss=1
Highgate Hotels,icims,externalhourly-highgate.icims.com,https://externalhourly-highgate.icims.com/jobs/search?ss=1
Highgate Hotels,icims,externalmanagement-highgate.icims.com,https://externalmanagement-highgate.icims.com/jobs/search?ss=1
Highgate Hotels,icims,internal-highgate.icims.com,https://internal-highgate.icims.com/jobs/search?ss=1
Highlighttech,icims,careers-highlighttech.icims.com,https://careers-highlighttech.icims.com/jobs/search?ss=1
"Highmark Residential, LLC",icims,careers-highmarkres.icims.com,https://careers-highmarkres.icims.com/jobs/search?ss=1
Hikma Pharmaceuticals,icims,careers-us-hikma.icims.com,https://careers-us-hikma.icims.com/jobs/search?ss=1
Hikma Pharmaceuticals,icims,careers-west-ward.icims.com,https://careers-west-ward.icims.com/jobs/search?ss=1
Hill Country,icims,careers-hillcountryrefrigeration.icims.com,https://careers-hillcountryrefrigeration.icims.com/jobs/search?ss=1
Hillsborough County Sheriff's Office,icims,careers-hcso.icims.com,https://careers-hcso.icims.com/jobs/search?ss=1
Hines,icims,canadacareers-hines.icims.com,https://canadacareers-hines.icims.com/jobs/search?ss=1
Hines,icims,careers-hines.icims.com,https://careers-hines.icims.com/jobs/search?ss=1
Hines,icims,internal-hines.icims.com,https://internal-hines.icims.com/jobs/search?ss=1
Hines,icims,latinamericacareers-hines.icims.com,https://latinamericacareers-hines.icims.com/jobs/search?ss=1
"Hinge Health, Inc.",icims,employees-hingehealth.icims.com,https://employees-hingehealth.icims.com/jobs/search?ss=1
Hingehealth,icims,careers-hingehealth.icims.com,https://careers-hingehealth.icims.com/jobs/search?ss=1
HireRight,icims,careers-hireright1.icims.com,https://careers-hireright1.icims.com/jobs/search?ss=1
HireRight,icims,careersintl-hireright1.icims.com,https://careersintl-hireright1.icims.com/jobs/search?ss=1
Hiring Team,icims,gsc-3d.icims.com,https://gsc-3d.icims.com/jobs/search?ss=1
HNHB Local Health Integration Network,icims,careers-ccac-ont.icims.com,https://careers-ccac-ont.icims.com/jobs/search?ss=1
"Ho-Chunk, Inc.",icims,careers-ho-chunk.icims.com,https://careers-ho-chunk.icims.com/jobs/search?ss=1
"Ho-Chunk, Inc.",icims,hub-hochunk.icims.com,https://hub-hochunk.icims.com/jobs/search?ss=1
"Ho-Chunk, Inc. Construction Group",icims,careers-hochunkconstructiongroup.icims.com,https://careers-hochunkconstructiongroup.icims.com/jobs/search?ss=1
Hoffman Auto Group,icims,careers-hoffman.icims.com,https://careers-hoffman.icims.com/jobs/search?ss=1
Holcim US,icims,aggregateindustries-lafarge-na.icims.com,https://aggregateindustries-lafarge-na.icims.com/jobs/search?ss=1
Holcim US,icims,cacareersfrench-lafarge-na.icims.com,https://cacareersfrench-lafarge-na.icims.com/jobs/search?ss=1
Holcim US,icims,cainternal-lafarge-na.icims.com,https://cainternal-lafarge-na.icims.com/jobs/search?ss=1
Holcim US,icims,lafargeuscareers-lafarge-na.icims.com,https://lafargeuscareers-lafarge-na.icims.com/jobs/search?ss=1
Holcim US,icims,uscareers-firestonebp.icims.com,https://uscareers-firestonebp.icims.com/jobs/search?ss=1
Holcim US,icims,uscareers-holcim-us.icims.com,https://uscareers-holcim-us.icims.com/jobs/search?ss=1
Holcim US,icims,uscareers-holcimbe.icims.com,https://uscareers-holcimbe.icims.com/jobs/search?ss=1
Holcim US,icims,uscareers-lafargeholcim-na.icims.com,https://uscareers-lafargeholcim-na.icims.com/jobs/search?ss=1
Holcim US,icims,uscareers2-holcim-us.icims.com,https://uscareers2-holcim-us.icims.com/jobs/search?ss=1
Holcim US,icims,uscareers2-lafargeholcim-na.icims.com,https://uscareers2-lafargeholcim-na.icims.com/jobs/search?ss=1
Holisticare Hospice,icims,careers-holisticarehospice.icims.com,https://careers-holisticarehospice.icims.com/jobs/search?ss=1
Home Care Assistance,icims,careers-alpinehomecare.icims.com,https://careers-alpinehomecare.icims.com/jobs/search?ss=1
Home Care Assistance,icims,careers-conciergenursing.icims.com,https://careers-conciergenursing.icims.com/jobs/search?ss=1
Home Care Assistance,icims,careers-craigcares.icims.com,https://careers-craigcares.icims.com/jobs/search?ss=1
Home Care Assistance,icims,careers-daughterlycompanions.icims.com,https://careers-daughterlycompanions.icims.com/jobs/search?ss=1
Home Care Assistance,icims,careers-homecareassistance.icims.com,https://careers-homecareassistance.icims.com/jobs/search?ss=1
Home Care Assistance,icims,careers-tenderrose.icims.com,https://careers-tenderrose.icims.com/jobs/search?ss=1
Home Care Assistance,icims,careers-thekeycan.icims.com,https://careers-thekeycan.icims.com/jobs/search?ss=1
Homesteadhc,icims,careers-homesteadhc.icims.com,https://careers-homesteadhc.icims.com/jobs/search?ss=1
"Hometown Grocers, Inc.",icims,careers-hgistores.icims.com,https://careers-hgistores.icims.com/jobs/search?ss=1
Homeview,icims,careers-homeview.icims.com,https://careers-homeview.icims.com/jobs/search?ss=1
Honorhealth,icims,apply-honorhealth.icims.com,https://apply-honorhealth.icims.com/jobs/search?ss=1
HonorHealth,icims,internal-honorhealth.icims.com,https://internal-honorhealth.icims.com/jobs/search?ss=1
HOPE International,icims,jobs-hopeinternational.icims.com,https://jobs-hopeinternational.icims.com/jobs/search?ss=1
"Horry Telephone Cooperative, Inc.",icims,careers-htcinc.icims.com,https://careers-htcinc.icims.com/jobs/search?ss=1
Horton,icims,careers-horton.icims.com,https://careers-horton.icims.com/jobs/search?ss=1
"Horton, Inc.",icims,gercareers-horton.icims.com,https://gercareers-horton.icims.com/jobs/search?ss=1
Hospice of Alabama,icims,careers-hospiceofalabama.icims.com,https://careers-hospiceofalabama.icims.com/jobs/search?ss=1
Hospice of Chattanooga,icims,careers-hospiceofchattanooga.icims.com,https://careers-hospiceofchattanooga.icims.com/jobs/search?ss=1
Hospice of Florida,icims,careers-hospiceofflorida.icims.com,https://careers-hospiceofflorida.icims.com/jobs/search?ss=1
Hospice of New Jersey,icims,careers-hospiceofnewjersey.icims.com,https://careers-hospiceofnewjersey.icims.com/jobs/search?ss=1
Hospice of New Mexico,icims,careers-hospiceofnewmexico.icims.com,https://careers-hospiceofnewmexico.icims.com/jobs/search?ss=1
Hospice of North Carolina,icims,careers-hospiceofnorthcarolina.icims.com,https://careers-hospiceofnorthcarolina.icims.com/jobs/search?ss=1
Hospice of Tennessee,icims,careers-hospiceoftennessee.icims.com,https://careers-hospiceoftennessee.icims.com/jobs/search?ss=1
Hospice of the South Coast,icims,careers-hospiceofthesouthcoast.icims.com,https://careers-hospiceofthesouthcoast.icims.com/jobs/search?ss=1
Hospice of the West,icims,careers-hospiceofthewest.icims.com,https://careers-hospiceofthewest.icims.com/jobs/search?ss=1
Hospicecare,icims,careers-hospicecare.icims.com,https://careers-hospicecare.icims.com/jobs/search?ss=1
Hospitals of Providence,icims,careers-thopemergency.icims.com,https://careers-thopemergency.icims.com/jobs/search?ss=1
Houston Health Care and RN Jobs at Texas Children's Hospital,icims,careers-texaschildrens.icims.com,https://careers-texaschildrens.icims.com/jobs/search?ss=1
Houston Health Care and RN Jobs at Texas Children's Hospital,icims,employees-texaschildrens.icims.com,https://employees-texaschildrens.icims.com/jobs/search?ss=1
Houston Methodist,icims,careers-houstonmethodist.icims.com,https://careers-houstonmethodist.icims.com/jobs/search?ss=1
Houston Methodist,icims,internal-houstonmethodist.icims.com,https://internal-houstonmethodist.icims.com/jobs/search?ss=1
Hovione,icims,ch-careers-hovione.icims.com,https://ch-careers-hovione.icims.com/jobs/search?ss=1
Hovione,icims,en-careers-hovione.icims.com,https://en-careers-hovione.icims.com/jobs/search?ss=1
Hovione,icims,pt-careers-hovione.icims.com,https://pt-careers-hovione.icims.com/jobs/search?ss=1
HR Acuity,icims,careers-hracuity.icims.com,https://careers-hracuity.icims.com/jobs/search?ss=1
HR Acuity,icims,global-hracuity.icims.com,https://global-hracuity.icims.com/jobs/search?ss=1
HR Acuity,icims,internal-hracuity.icims.com,https://internal-hracuity.icims.com/jobs/search?ss=1
HSE Dublin and North East,icims,careers-hsedne.icims.com,https://careers-hsedne.icims.com/jobs/search?ss=1
HTC Europe,icims,careers-htceurope.icims.com,https://careers-htceurope.icims.com/jobs/search?ss=1
HTC Europe,icims,globalcareers-htcvive.icims.com,https://globalcareers-htcvive.icims.com/jobs/search?ss=1
Huff N Puff Inc.,icims,careers-homeimprovementjobs.icims.com,https://careers-homeimprovementjobs.icims.com/jobs/search?ss=1
Huff N Puff Inc.,icims,ghcareers-homeimprovementjobs.icims.com,https://ghcareers-homeimprovementjobs.icims.com/jobs/search?ss=1
Huitt-Zollars,icims,external-huitt-zollars.icims.com,https://external-huitt-zollars.icims.com/jobs/search?ss=1
Human Performance and Rehabilitation Centers,icims,careers-humanperformanceandrehabcenters.icims.com,https://careers-humanperformanceandrehabcenters.icims.com/jobs/search?ss=1
Human Resources,icims,careers-ammechanical.icims.com,https://careers-ammechanical.icims.com/jobs/search?ss=1
Human Resources,icims,careers-bff.icims.com,https://careers-bff.icims.com/jobs/search?ss=1
Human Resources,icims,careers-rae.icims.com,https://careers-rae.icims.com/jobs/search?ss=1
Human Resources | NYIT,icims,careers-nyit.icims.com,https://careers-nyit.icims.com/jobs/search?ss=1
Human Resources | NYIT,icims,careers-nyitvancouver.icims.com,https://careers-nyitvancouver.icims.com/jobs/search?ss=1
Humana Government Business - Humana Clinical Resources,icims,careers-humanaclinicalresources.icims.com,https://careers-humanaclinicalresources.icims.com/jobs/search?ss=1
Humana Government Business - Humana Clinical Resources,icims,careers-valorhealthcare.icims.com,https://careers-valorhealthcare.icims.com/jobs/search?ss=1
Humanscale Corporation,icims,careers-humanscale.icims.com,https://careers-humanscale.icims.com/jobs/search?ss=1
Humber River Health,icims,careersen-hrrh.icims.com,https://careersen-hrrh.icims.com/jobs/search?ss=1
Humdinger,icims,careers-humdinger.icims.com,https://careers-humdinger.icims.com/jobs/search?ss=1
Hustler Casino,icims,careers-hustlercasino.icims.com,https://careers-hustlercasino.icims.com/jobs/search?ss=1
Hustler Hollywood,icims,careers-hustlerhollywood.icims.com,https://careers-hustlerhollywood.icims.com/jobs/search?ss=1
Hvcu,icims,careers-hvcu.icims.com,https://careers-hvcu.icims.com/jobs/search?ss=1
Hvfcu,icims,careers-hvfcu.icims.com,https://careers-hvfcu.icims.com/jobs/search?ss=1
hVIVO - Canary Wharf,icims,careers-hvivo.icims.com,https://careers-hvivo.icims.com/jobs/search?ss=1
hVIVO - Canary Wharf,icims,careers-vennlifesciences.icims.com,https://careers-vennlifesciences.icims.com/jobs/search?ss=1
Hydromax USA,icims,careers-hydromaxusa.icims.com,https://careers-hydromaxusa.icims.com/jobs/search?ss=1
Hyland | Jobs in Software at Hyland,icims,careers-hyland.icims.com,https://careers-hyland.icims.com/jobs/search?ss=1
Hyundai MOBIS,icims,alabamaexternal-mobisalabamallc.icims.com,https://alabamaexternal-mobisalabamallc.icims.com/jobs/search?ss=1
Hyundai MOBIS,icims,georgiaexternal-mobisalabamallc.icims.com,https://georgiaexternal-mobisalabamallc.icims.com/jobs/search?ss=1
Hyundai MOBIS,icims,savannahexternal-mobisalabamallc.icims.com,https://savannahexternal-mobisalabamallc.icims.com/jobs/search?ss=1
"I.C. System, Inc.",icims,careers-icsystem.icims.com,https://careers-icsystem.icims.com/jobs/search?ss=1
i2G Systems,icims,careers-i2gsystems.icims.com,https://careers-i2gsystems.icims.com/jobs/search?ss=1
IBEX Global,icims,honcareers-ibex.icims.com,https://honcareers-ibex.icims.com/jobs/search?ss=1
IBEX Global,icims,jamcareers-ibex.icims.com,https://jamcareers-ibex.icims.com/jobs/search?ss=1
IBEX Global,icims,phcareers-ibex.icims.com,https://phcareers-ibex.icims.com/jobs/search?ss=1
IBEX Global,icims,pkcareers-ibex.icims.com,https://pkcareers-ibex.icims.com/jobs/search?ss=1
IBEX Global,icims,pktechcareers-ibex.icims.com,https://pktechcareers-ibex.icims.com/jobs/search?ss=1
IBEX Global,icims,uscareers-ibex.icims.com,https://uscareers-ibex.icims.com/jobs/search?ss=1
iCIMS Recruiting Platform,icims,careers-carltonshoreshrc.icims.com,https://careers-carltonshoreshrc.icims.com/jobs/search?ss=1
iCIMS Recruiting Platform,icims,careers-grandviewhealth.icims.com,https://careers-grandviewhealth.icims.com/jobs/search?ss=1
iCIMS Recruiting Platform,icims,careers-islehrc.icims.com,https://careers-islehrc.icims.com/jobs/search?ss=1
iCIMS Recruiting Platform,icims,careers-ridgecresthrc.icims.com,https://careers-ridgecresthrc.icims.com/jobs/search?ss=1
iCIMS Recruiting Platform,icims,careers-thegardenshrc.icims.com,https://careers-thegardenshrc.icims.com/jobs/search?ss=1
iCIMS Recruiting Platform,icims,careers-theponcecc.icims.com,https://careers-theponcecc.icims.com/jobs/search?ss=1
iCIMS Recruiting Platform,icims,careers-villahrc.icims.com,https://careers-villahrc.icims.com/jobs/search?ss=1
iCIMS Recruiting Platform,icims,careers-woodlandgrovehrc.icims.com,https://careers-woodlandgrovehrc.icims.com/jobs/search?ss=1
Iconix Waterworks,icims,ca-corix.icims.com,https://ca-corix.icims.com/jobs/search?ss=1
Iconix Waterworks,icims,ca-iconixww.icims.com,https://ca-iconixww.icims.com/jobs/search?ss=1
ICONIX Waterworks,icims,us-iconixww.icims.com,https://us-iconixww.icims.com/jobs/search?ss=1
Ideagen,icims,careers-ideagen.icims.com,https://careers-ideagen.icims.com/jobs/search?ss=1
Ideagen,icims,careers-ideagenen.icims.com,https://careers-ideagenen.icims.com/jobs/search?ss=1
Ideagen,icims,careers-ideagenuk.icims.com,https://careers-ideagenuk.icims.com/jobs/search?ss=1
Ideagen,icims,careers-ideagenus.icims.com,https://careers-ideagenus.icims.com/jobs/search?ss=1
Idealimage,icims,careers-idealimage.icims.com,https://careers-idealimage.icims.com/jobs/search?ss=1
IDEMIA North America,icims,canadacareers-idemia.icims.com,https://canadacareers-idemia.icims.com/jobs/search?ss=1
IDEMIA North America,icims,uscareers-idemia.icims.com,https://uscareers-idemia.icims.com/jobs/search?ss=1
iDirect GOVERNMENT,icims,careers-idirectgov.icims.com,https://careers-idirectgov.icims.com/jobs/search?ss=1
IE University,icims,careers-ieedu.icims.com,https://careers-ieedu.icims.com/jobs/search?ss=1
Iesinfrastructure,icims,careers-iesinfrastructure.icims.com,https://careers-iesinfrastructure.icims.com/jobs/search?ss=1
Iesresidential,icims,careers-iesresidential.icims.com,https://careers-iesresidential.icims.com/jobs/search?ss=1
Illinois Mathematics and Science Academy,icims,careers-imsa.icims.com,https://careers-imsa.icims.com/jobs/search?ss=1
ImageFIRST,icims,careers2-imagefirst.icims.com,https://careers2-imagefirst.icims.com/jobs/search?ss=1
Imagendental,icims,careers-imagendental.icims.com,https://careers-imagendental.icims.com/jobs/search?ss=1
Imagine Communications,icims,careers-harrisbroadcast.icims.com,https://careers-harrisbroadcast.icims.com/jobs/search?ss=1
Imagine Communications,icims,careers-imaginecommunications.icims.com,https://careers-imaginecommunications.icims.com/jobs/search?ss=1
Immanuel,icims,careers-immanuel.icims.com,https://careers-immanuel.icims.com/jobs/search?ss=1
Imtresidential,icims,careers-imtresidential.icims.com,https://careers-imtresidential.icims.com/jobs/search?ss=1
In-Q-Tel,icims,careers-iqt.icims.com,https://careers-iqt.icims.com/jobs/search?ss=1
Inbloom Autism Services,icims,careers-vocationaldevelopmentgroupllc.icims.com,https://careers-vocationaldevelopmentgroupllc.icims.com/jobs/search?ss=1
Incomm,icims,careers-incomm.icims.com,https://careers-incomm.icims.com/jobs/search?ss=1
InComm Payments,icims,employees-incomm.icims.com,https://employees-incomm.icims.com/jobs/search?ss=1
InComm Payments,icims,international-incomm.icims.com,https://international-incomm.icims.com/jobs/search?ss=1
Incyte,icims,careers-incyte.icims.com,https://careers-incyte.icims.com/jobs/search?ss=1
Incyte Corporation,icims,globaljobs-incyte.icims.com,https://globaljobs-incyte.icims.com/jobs/search?ss=1
Indeed,icims,apply-indeed.icims.com,https://apply-indeed.icims.com/jobs/search?ss=1
Indeed.com,icims,careers-indeed.icims.com,https://careers-indeed.icims.com/jobs/search?ss=1
Indeed.com,icims,jp-careers-indeed.icims.com,https://jp-careers-indeed.icims.com/jobs/search?ss=1
Indeed.com,icims,ur-careers-indeed.icims.com,https://ur-careers-indeed.icims.com/jobs/search?ss=1
Indio,icims,careers-indio.icims.com,https://careers-indio.icims.com/jobs/search?ss=1
"INDUS Technology, Inc.",icims,careers-industechnology.icims.com,https://careers-industechnology.icims.com/jobs/search?ss=1
InDyne,icims,careers-indyneinc.icims.com,https://careers-indyneinc.icims.com/jobs/search?ss=1
Infirmaryhealth,icims,careers-infirmaryhealth.icims.com,https://careers-infirmaryhealth.icims.com/jobs/search?ss=1
"Information Management Group, Inc.",icims,careers-imgva.icims.com,https://careers-imgva.icims.com/jobs/search?ss=1
Ingolstadt,icims,careers-ingolstadt.icims.com,https://careers-ingolstadt.icims.com/jobs/search?ss=1
Inhouse,icims,careers-inhouse.icims.com,https://careers-inhouse.icims.com/jobs/search?ss=1
Inhouse,icims,support-inhouse.icims.com,https://support-inhouse.icims.com/jobs/search?ss=1
Inland Empire Health Plan,icims,careers-iehp.icims.com,https://careers-iehp.icims.com/jobs/search?ss=1
InnovAge,icims,careers-innovage.icims.com,https://careers-innovage.icims.com/jobs/search?ss=1
Innovations,icims,careers-behavioral-innovations.icims.com,https://careers-behavioral-innovations.icims.com/jobs/search?ss=1
"Innovative Therapy Concepts, LLC",icims,careers-itcmgt.icims.com,https://careers-itcmgt.icims.com/jobs/search?ss=1
InnovMetric Software,icims,careers-innovmetric.icims.com,https://careers-innovmetric.icims.com/jobs/search?ss=1
InnVentures,icims,externalhourly-innventures.icims.com,https://externalhourly-innventures.icims.com/jobs/search?ss=1
InnVentures,icims,externalmanagement-innventures.icims.com,https://externalmanagement-innventures.icims.com/jobs/search?ss=1
Inovalon,icims,careers-inovalon.icims.com,https://careers-inovalon.icims.com/jobs/search?ss=1
"Insight Investments Corporate Office - Irvine, CA",icims,careers-insightcapitalsolutions.icims.com,https://careers-insightcapitalsolutions.icims.com/jobs/search?ss=1
"Insight Investments Corporate Office - Irvine, CA",icims,careers-insightinvestments.icims.com,https://careers-insightinvestments.icims.com/jobs/search?ss=1
INSIGHT2PROFIT,icims,careers-insight2profit.icims.com,https://careers-insight2profit.icims.com/jobs/search?ss=1
Insightglobal,icims,careers-insightglobal.icims.com,https://careers-insightglobal.icims.com/jobs/search?ss=1
Insmed Incorporated,icims,apac-careers-insmed.icims.com,https://apac-careers-insmed.icims.com/jobs/search?ss=1
Insmed Incorporated,icims,careers-insmed.icims.com,https://careers-insmed.icims.com/jobs/search?ss=1
Insmed Incorporated,icims,eu-careers-insmed.icims.com,https://eu-careers-insmed.icims.com/jobs/search?ss=1
Institute for Building Technology and Safety,icims,careers-ibts.icims.com,https://careers-ibts.icims.com/jobs/search?ss=1
Institute for Building Technology and Safety,icims,consultant-ibts.icims.com,https://consultant-ibts.icims.com/jobs/search?ss=1
"Integral Federal, Inc.",icims,careers-e2zintegral.icims.com,https://careers-e2zintegral.icims.com/jobs/search?ss=1
"Integral Federal, Inc.",icims,careers-integralfed.icims.com,https://careers-integralfed.icims.com/jobs/search?ss=1
"Integration Innovation, Inc.",icims,careers-i3-corps.icims.com,https://careers-i3-corps.icims.com/jobs/search?ss=1
"Integration Innovation, Inc.",icims,internal-i3-corps.icims.com,https://internal-i3-corps.icims.com/jobs/search?ss=1
Integreon Intermediate LLC,icims,careers-integreon.icims.com,https://careers-integreon.icims.com/jobs/search?ss=1
Integreon Intermediate LLC,icims,careersuk-integreon.icims.com,https://careersuk-integreon.icims.com/jobs/search?ss=1
Integris Community Hospital Careers,icims,careers-integriscommunityhospital.icims.com,https://careers-integriscommunityhospital.icims.com/jobs/search?ss=1
Integrity Home Solutions,icims,careers-integrityhomesolutions.icims.com,https://careers-integrityhomesolutions.icims.com/jobs/search?ss=1
Intelligent Waves LLC,icims,apply-intelligentwaves.icims.com,https://apply-intelligentwaves.icims.com/jobs/search?ss=1
Intelligent Waves LLC,icims,careers-intelligentwaves.icims.com,https://careers-intelligentwaves.icims.com/jobs/search?ss=1
"Intercontinental Exchange, Inc.",icims,careers-ice.icims.com,https://careers-ice.icims.com/jobs/search?ss=1
International Data Group,icims,foundrycareers-apac-idg.icims.com,https://foundrycareers-apac-idg.icims.com/jobs/search?ss=1
International Data Group,icims,foundrycareers-emea-idg.icims.com,https://foundrycareers-emea-idg.icims.com/jobs/search?ss=1
International Data Group,icims,foundrycareers-idg.icims.com,https://foundrycareers-idg.icims.com/jobs/search?ss=1
International Data Group,icims,idccareers-apac-idg.icims.com,https://idccareers-apac-idg.icims.com/jobs/search?ss=1
International Data Group,icims,idccareers-canada-idg.icims.com,https://idccareers-canada-idg.icims.com/jobs/search?ss=1
International Data Group,icims,idccareers-emea-idg.icims.com,https://idccareers-emea-idg.icims.com/jobs/search?ss=1
International Data Group,icims,idccareers-idg.icims.com,https://idccareers-idg.icims.com/jobs/search?ss=1
International Data Group,icims,idccareers-latam-idg.icims.com,https://idccareers-latam-idg.icims.com/jobs/search?ss=1
International Data Group,icims,idgcareers-idg.icims.com,https://idgcareers-idg.icims.com/jobs/search?ss=1
International Data Group,icims,idgcareers-international-idg.icims.com,https://idgcareers-international-idg.icims.com/jobs/search?ss=1
International Development Law Organization,icims,careers-idlo.icims.com,https://careers-idlo.icims.com/jobs/search?ss=1
"International Logic Systems, Inc.",icims,careers-intllogic.icims.com,https://careers-intllogic.icims.com/jobs/search?ss=1
International Motor,icims,hub-navistar.icims.com,https://hub-navistar.icims.com/jobs/search?ss=1
International Motor,icims,jobs-internationaltruck.icims.com,https://jobs-internationaltruck.icims.com/jobs/search?ss=1
International Motor,icims,salary-internationalmotors.icims.com,https://salary-internationalmotors.icims.com/jobs/search?ss=1
International Motor,icims,salary-navistar.icims.com,https://salary-navistar.icims.com/jobs/search?ss=1
International Vitamin Corporation,icims,careers-ivcinc.icims.com,https://careers-ivcinc.icims.com/jobs/search?ss=1
Internationalmotors,icims,apply-salary-internationalmotors.icims.com,https://apply-salary-internationalmotors.icims.com/jobs/search?ss=1
Internova Travel Group,icims,careers-internova.icims.com,https://careers-internova.icims.com/jobs/search?ss=1
Interstate Waste Services,icims,careers-interstatewaste.icims.com,https://careers-interstatewaste.icims.com/jobs/search?ss=1
Intrado,icims,cacareers-intrado.icims.com,https://cacareers-intrado.icims.com/jobs/search?ss=1
Intrado,icims,careers-intrado.icims.com,https://careers-intrado.icims.com/jobs/search?ss=1
"Intrastaff Temporary Medical Staffing | Johns Hopkins Medicine in Baltimore, MD",icims,careers-intrastaff.icims.com,https://careers-intrastaff.icims.com/jobs/search?ss=1
"Intrepid Solutions and Services, LLC",icims,careers-cis.icims.com,https://careers-cis.icims.com/jobs/search?ss=1
"Intrepid Solutions and Services, LLC",icims,careers-darkbladesystems.icims.com,https://careers-darkbladesystems.icims.com/jobs/search?ss=1
"Intrepid Solutions and Services, LLC",icims,careers-intrepidsolutions.icims.com,https://careers-intrepidsolutions.icims.com/jobs/search?ss=1
"Invisible Heating, Cooling, Plumbing & Electrical",icims,careers-invisibleexcavations.icims.com,https://careers-invisibleexcavations.icims.com/jobs/search?ss=1
iomart,icims,careers-iomart.icims.com,https://careers-iomart.icims.com/jobs/search?ss=1
iPipeline Inc,icims,careers-ipipeline.icims.com,https://careers-ipipeline.icims.com/jobs/search?ss=1
iPipeline Inc,icims,careeruk-ipipeline.icims.com,https://careeruk-ipipeline.icims.com/jobs/search?ss=1
iPipeline Inc,icims,talent-ipipeline.icims.com,https://talent-ipipeline.icims.com/jobs/search?ss=1
Ipsdb,icims,careers-ipsdb.icims.com,https://careers-ipsdb.icims.com/jobs/search?ss=1
IQUW,icims,careers-iquw.icims.com,https://careers-iquw.icims.com/jobs/search?ss=1
Iridium Satellite,icims,careers-iridium.icims.com,https://careers-iridium.icims.com/jobs/search?ss=1
Ironeaglex,icims,careers-ironeaglex.icims.com,https://careers-ironeaglex.icims.com/jobs/search?ss=1
ISACA,icims,careers-isaca.icims.com,https://careers-isaca.icims.com/jobs/search?ss=1
ISC2,icims,careers-isc2.icims.com,https://careers-isc2.icims.com/jobs/search?ss=1
ISC2,icims,globalcareers-isc2.icims.com,https://globalcareers-isc2.icims.com/jobs/search?ss=1
ISC2,icims,hkcareers-isc2.icims.com,https://hkcareers-isc2.icims.com/jobs/search?ss=1
ISC2,icims,ukcareers-isc2.icims.com,https://ukcareers-isc2.icims.com/jobs/search?ss=1
ISHPI Information Technologies,icims,careers-ishpi.icims.com,https://careers-ishpi.icims.com/jobs/search?ss=1
Island Airco,icims,careers-islandairco.icims.com,https://careers-islandairco.icims.com/jobs/search?ss=1
ISM Security - Employment | ISM Security,icims,careers-ismsecurity.icims.com,https://careers-ismsecurity.icims.com/jobs/search?ss=1
"IST Management Services, Inc.",icims,careers-istmanagement.icims.com,https://careers-istmanagement.icims.com/jobs/search?ss=1
"ISYS Technologies, Inc.",icims,careers-i2xisys.icims.com,https://careers-i2xisys.icims.com/jobs/search?ss=1
"ISYS Technologies, Inc.",icims,careers-isystechnologies.icims.com,https://careers-isystechnologies.icims.com/jobs/search?ss=1
It,icims,careers-publicis-it.icims.com,https://careers-publicis-it.icims.com/jobs/search?ss=1
"ITA International, LLC",icims,careers-ita-intl.icims.com,https://careers-ita-intl.icims.com/jobs/search?ss=1
"ITC Federal, LLC",icims,careers-itcfederal.icims.com,https://careers-itcfederal.icims.com/jobs/search?ss=1
ITT Inc.,icims,careerhub-itt-inc.icims.com,https://careerhub-itt-inc.icims.com/jobs/search?ss=1
ITT Inc.,icims,careerscze-itt-inc.icims.com,https://careerscze-itt-inc.icims.com/jobs/search?ss=1
ITT Inc.,icims,careersen-itt-inc.icims.com,https://careersen-itt-inc.icims.com/jobs/search?ss=1
ITT Inc.,icims,careersenus-itt-inc.icims.com,https://careersenus-itt-inc.icims.com/jobs/search?ss=1
ITT Inc.,icims,careersger-itt-inc.icims.com,https://careersger-itt-inc.icims.com/jobs/search?ss=1
ITT Inc.,icims,careersintern-us-itt-inc.icims.com,https://careersintern-us-itt-inc.icims.com/jobs/search?ss=1
ITT Inc.,icims,careersita-itt-inc.icims.com,https://careersita-itt-inc.icims.com/jobs/search?ss=1
ITT Inc.,icims,careersmex-itt-inc.icims.com,https://careersmex-itt-inc.icims.com/jobs/search?ss=1
ITT Inc.,icims,careerspol-itt-inc.icims.com,https://careerspol-itt-inc.icims.com/jobs/search?ss=1
IZENCIA,icims,carrieres-izencia.icims.com,https://carrieres-izencia.icims.com/jobs/search?ss=1
J&A Service Experts,icims,careers-jandahvac.icims.com,https://careers-jandahvac.icims.com/jobs/search?ss=1
J. Jill,icims,careers-jjill.icims.com,https://careers-jjill.icims.com/jobs/search?ss=1
Jack's Family Restaurants,icims,corporatejobs-eatatjacks.icims.com,https://corporatejobs-eatatjacks.icims.com/jobs/search?ss=1
Jack's Family Restaurants,icims,managerjobs-eatatjacks.icims.com,https://managerjobs-eatatjacks.icims.com/jobs/search?ss=1
Jack's Family Restaurants,icims,teammemberjobs-eatatjacks.icims.com,https://teammemberjobs-eatatjacks.icims.com/jobs/search?ss=1
Jackson Healthcare,icims,careers-jacksonhealthcare.icims.com,https://careers-jacksonhealthcare.icims.com/jobs/search?ss=1
Jackson Healthcare,icims,careers3-jacksonhealthcare.icims.com,https://careers3-jacksonhealthcare.icims.com/jobs/search?ss=1
Jackson Healthcare,icims,careers4-jacksonhealthcare.icims.com,https://careers4-jacksonhealthcare.icims.com/jobs/search?ss=1
Jackson Healthcare,icims,careers5-jacksonhealthcare.icims.com,https://careers5-jacksonhealthcare.icims.com/jobs/search?ss=1
Jackson Rancheria,icims,careers-jacksoncasino.icims.com,https://careers-jacksoncasino.icims.com/jobs/search?ss=1
Jacksonville Sheriff's Office,icims,careers-jaxsheriff.icims.com,https://careers-jaxsheriff.icims.com/jobs/search?ss=1
JAGGAER,icims,atcareers-jaggaer.icims.com,https://atcareers-jaggaer.icims.com/jobs/search?ss=1
JAGGAER,icims,aucareers-jaggaer.icims.com,https://aucareers-jaggaer.icims.com/jobs/search?ss=1
JAGGAER,icims,careers-jaggaer.icims.com,https://careers-jaggaer.icims.com/jobs/search?ss=1
JAGGAER,icims,careers-sciquest.icims.com,https://careers-sciquest.icims.com/jobs/search?ss=1
JAGGAER,icims,decareers-jaggaer.icims.com,https://decareers-jaggaer.icims.com/jobs/search?ss=1
JAGGAER,icims,fincareers-jaggaer.icims.com,https://fincareers-jaggaer.icims.com/jobs/search?ss=1
JAGGAER,icims,frcareers-jaggaer.icims.com,https://frcareers-jaggaer.icims.com/jobs/search?ss=1
JAGGAER,icims,iedecareers-jaggaer.icims.com,https://iedecareers-jaggaer.icims.com/jobs/search?ss=1
JAGGAER,icims,incareers-jaggaer.icims.com,https://incareers-jaggaer.icims.com/jobs/search?ss=1
JAGGAER,icims,itcareers-jaggaer.icims.com,https://itcareers-jaggaer.icims.com/jobs/search?ss=1
JAGGAER,icims,ksacareers-jaggaer.icims.com,https://ksacareers-jaggaer.icims.com/jobs/search?ss=1
JAGGAER,icims,nlcareers-jaggaer.icims.com,https://nlcareers-jaggaer.icims.com/jobs/search?ss=1
JAGGAER,icims,rscareers-jaggaer.icims.com,https://rscareers-jaggaer.icims.com/jobs/search?ss=1
JAGGAER,icims,sgcareers-jaggaer.icims.com,https://sgcareers-jaggaer.icims.com/jobs/search?ss=1
JAGGAER,icims,spdecareers-jaggaer.icims.com,https://spdecareers-jaggaer.icims.com/jobs/search?ss=1
JAGGAER,icims,uaecareers-jaggaer.icims.com,https://uaecareers-jaggaer.icims.com/jobs/search?ss=1
JAGGAER,icims,ukdecareers-jaggaer.icims.com,https://ukdecareers-jaggaer.icims.com/jobs/search?ss=1
"JAMS, Inc.",icims,careers-jamsadr.icims.com,https://careers-jamsadr.icims.com/jobs/search?ss=1
"Janus International Group, LLC",icims,additional-janusintl.icims.com,https://additional-janusintl.icims.com/jobs/search?ss=1
"Janus International Group, LLC",icims,careers-janusintl.icims.com,https://careers-janusintl.icims.com/jobs/search?ss=1
JBG,icims,careers-jbg.icims.com,https://careers-jbg.icims.com/jobs/search?ss=1
JBG,icims,careers-jbgsmith.icims.com,https://careers-jbgsmith.icims.com/jobs/search?ss=1
Jbtc,icims,apac-jbtc.icims.com,https://apac-jbtc.icims.com/jobs/search?ss=1
Jbtc,icims,careers-jbtc.icims.com,https://careers-jbtc.icims.com/jobs/search?ss=1
Jbtc,icims,emea-jbtc.icims.com,https://emea-jbtc.icims.com/jobs/search?ss=1
Jgwentworth,icims,careers-jgwentworth.icims.com,https://careers-jgwentworth.icims.com/jobs/search?ss=1
Jhpiego,icims,consultants-jhpiego.icims.com,https://consultants-jhpiego.icims.com/jobs/search?ss=1
Jhpiego,icims,jobs-consultantsjhpiego.icims.com,https://jobs-consultantsjhpiego.icims.com/jobs/search?ss=1
Jhpiego,icims,jobs-jhpiego.icims.com,https://jobs-jhpiego.icims.com/jobs/search?ss=1
Jhuapl,icims,careers-jhuapl.icims.com,https://careers-jhuapl.icims.com/jobs/search?ss=1
Jhuapl,icims,studentcareers-jhuapl.icims.com,https://studentcareers-jhuapl.icims.com/jobs/search?ss=1
JK Moving Services,icims,careers-jkmoving.icims.com,https://careers-jkmoving.icims.com/jobs/search?ss=1
JK Moving Services,icims,crew-jkmoving.icims.com,https://crew-jkmoving.icims.com/jobs/search?ss=1
JK Moving Services,icims,drivers-jkmoving.icims.com,https://drivers-jkmoving.icims.com/jobs/search?ss=1
JMP,icims,germany-sas.icims.com,https://germany-sas.icims.com/jobs/search?ss=1
JMP,icims,jmp-sas.icims.com,https://jmp-sas.icims.com/jobs/search?ss=1
JMP,icims,jmpglobal-sas.icims.com,https://jmpglobal-sas.icims.com/jobs/search?ss=1
"Job Openings at Channel Partner Solutions, LLC.",icims,careers-bdsmktg.icims.com,https://careers-bdsmktg.icims.com/jobs/search?ss=1
"Job Openings at Channel Partner Solutions, LLC.",icims,careers-bdssolutions.icims.com,https://careers-bdssolutions.icims.com/jobs/search?ss=1
Job Openings at Channel Partners,icims,careers-channelpartners.icims.com,https://careers-channelpartners.icims.com/jobs/search?ss=1
Job Openings at Cobb EMC,icims,careers-cobbemc.icims.com,https://careers-cobbemc.icims.com/jobs/search?ss=1
Job Openings at Las Vegas-Clark County Library District,icims,careers-lvccld.icims.com,https://careers-lvccld.icims.com/jobs/search?ss=1
Job Openings at OnBrand24,icims,careers-onbrand24.icims.com,https://careers-onbrand24.icims.com/jobs/search?ss=1
Job Openings at Otter Products,icims,careers-otterproducts.icims.com,https://careers-otterproducts.icims.com/jobs/search?ss=1
Job Openings at TekSynap,icims,careers-teksynap.icims.com,https://careers-teksynap.icims.com/jobs/search?ss=1
Job Openings at TekSynap,icims,hotjobs-teksynap.icims.com,https://hotjobs-teksynap.icims.com/jobs/search?ss=1
"Job openings at Transcat, Inc.",icims,careersca-transcat.icims.com,https://careersca-transcat.icims.com/jobs/search?ss=1
JOB OPPORTUNITIES AT ALS - ALS,icims,jobscanada-als.icims.com,https://jobscanada-als.icims.com/jobs/search?ss=1
Job Opportunities at Cowichan Valley Regional District,icims,careers-cvrd.icims.com,https://careers-cvrd.icims.com/jobs/search?ss=1
Job Opportunities at Latham & Watkins LLP,icims,careers-lw.icims.com,https://careers-lw.icims.com/jobs/search?ss=1
Job Opportunities at Latham & Watkins LLP,icims,euascareers-lw.icims.com,https://euascareers-lw.icims.com/jobs/search?ss=1
Job Opportunities at Latham & Watkins LLP,icims,eumecareers-lw.icims.com,https://eumecareers-lw.icims.com/jobs/search?ss=1
Job Opportunities at Latham & Watkins LLP,icims,ukcareers-lw.icims.com,https://ukcareers-lw.icims.com/jobs/search?ss=1
Job Postings at The Manitoba Public Insurance Corporation,icims,internal-mpi.icims.com,https://internal-mpi.icims.com/jobs/search?ss=1
Jobs,icims,careers-netherlands-expleo-jobs.icims.com,https://careers-netherlands-expleo-jobs.icims.com/jobs/search?ss=1
Jobs and Employment - Dr.Cruiter,icims,careers-drcruiter.icims.com,https://careers-drcruiter.icims.com/jobs/search?ss=1
Jobs and Internships | Brookings Institution | Job Openings at The Brookings Institution,icims,careers-brookings.icims.com,https://careers-brookings.icims.com/jobs/search?ss=1
Jobs and Internships | Brookings Institution | Job Openings at The Brookings Institution,icims,interns-brookings.icims.com,https://interns-brookings.icims.com/jobs/search?ss=1
Jobs Opportunities | The Council of Industry,icims,careers-aptar.icims.com,https://careers-aptar.icims.com/jobs/search?ss=1
Jobs Opportunities | The Council of Industry,icims,careers-bantamtools.icims.com,https://careers-bantamtools.icims.com/jobs/search?ss=1
Jobs Opportunities | The Council of Industry,icims,careers-councilofindustry.icims.com,https://careers-councilofindustry.icims.com/jobs/search?ss=1
Jobs Opportunities | The Council of Industry,icims,careers-emagin.icims.com,https://careers-emagin.icims.com/jobs/search?ss=1
Jobs Opportunities | The Council of Industry,icims,careers-fairrite.icims.com,https://careers-fairrite.icims.com/jobs/search?ss=1
Jobs Opportunities | The Council of Industry,icims,careers-macnylegacy.icims.com,https://careers-macnylegacy.icims.com/jobs/search?ss=1
Jobs Opportunities | The Council of Industry,icims,careers-mechanicalrubber.icims.com,https://careers-mechanicalrubber.icims.com/jobs/search?ss=1
Jobs Opportunities | The Council of Industry,icims,careers-mpisystems.icims.com,https://careers-mpisystems.icims.com/jobs/search?ss=1
Jobs Opportunities | The Council of Industry,icims,careers-niche.icims.com,https://careers-niche.icims.com/jobs/search?ss=1
Jobs Opportunities | The Council of Industry,icims,careers-pti.icims.com,https://careers-pti.icims.com/jobs/search?ss=1
Jobs Opportunities | The Council of Industry,icims,careers-schatz.icims.com,https://careers-schatz.icims.com/jobs/search?ss=1
Jobs Opportunities | The Council of Industry,icims,careers-selux.icims.com,https://careers-selux.icims.com/jobs/search?ss=1
Jobs Opportunities | The Council of Industry,icims,careers-viking.icims.com,https://careers-viking.icims.com/jobs/search?ss=1
Jobs Opportunities | The Council of Industry,icims,careers-zierick.icims.com,https://careers-zierick.icims.com/jobs/search?ss=1
Jobs Opportunities | The Council of Industry,icims,jobs-bellff.icims.com,https://jobs-bellff.icims.com/jobs/search?ss=1
Jobs Opportunities | The Council of Industry,icims,jobs-brooklynbottling.icims.com,https://jobs-brooklynbottling.icims.com/jobs/search?ss=1
Jobs Opportunities | The Council of Industry,icims,jobs-crepini.icims.com,https://jobs-crepini.icims.com/jobs/search?ss=1
Jobs Opportunities | The Council of Industry,icims,jobs-efco.icims.com,https://jobs-efco.icims.com/jobs/search?ss=1
Jobs Opportunities | The Council of Industry,icims,jobs-elna.icims.com,https://jobs-elna.icims.com/jobs/search?ss=1
Jobs Opportunities | The Council of Industry,icims,jobs-ertelalsop.icims.com,https://jobs-ertelalsop.icims.com/jobs/search?ss=1
Jobs Opportunities | The Council of Industry,icims,jobs-fala.icims.com,https://jobs-fala.icims.com/jobs/search?ss=1
Jobs Opportunities | The Council of Industry,icims,jobs-lamothermic.icims.com,https://jobs-lamothermic.icims.com/jobs/search?ss=1
Jobs Opportunities | The Council of Industry,icims,jobs-metcar.icims.com,https://jobs-metcar.icims.com/jobs/search?ss=1
Jobs Opportunities | The Council of Industry,icims,jobs-millrock.icims.com,https://jobs-millrock.icims.com/jobs/search?ss=1
Jobs Opportunities | The Council of Industry,icims,jobs-motionlabs.icims.com,https://jobs-motionlabs.icims.com/jobs/search?ss=1
Jobs Opportunities | The Council of Industry,icims,jobs-packagepavement.icims.com,https://jobs-packagepavement.icims.com/jobs/search?ss=1
Jobs Opportunities | The Council of Industry,icims,jobs-pawling.icims.com,https://jobs-pawling.icims.com/jobs/search?ss=1
Jobs Opportunities | The Council of Industry,icims,jobs-schatz.icims.com,https://jobs-schatz.icims.com/jobs/search?ss=1
Jobs Opportunities | The Council of Industry,icims,jobs-stanfordville.icims.com,https://jobs-stanfordville.icims.com/jobs/search?ss=1
Jobs Opportunities | The Council of Industry,icims,jobs-starkaywhite.icims.com,https://jobs-starkaywhite.icims.com/jobs/search?ss=1
Jobs Opportunities | The Council of Industry,icims,jobs-thehudsonco.icims.com,https://jobs-thehudsonco.icims.com/jobs/search?ss=1
Jobs Opportunities | The Council of Industry,icims,jobs-ulsterworks.icims.com,https://jobs-ulsterworks.icims.com/jobs/search?ss=1
Jobs Opportunities | The Council of Industry,icims,jobs-unilock.icims.com,https://jobs-unilock.icims.com/jobs/search?ss=1
Jobs | Wood | Search Results,icims,hub-tradeandcraft.icims.com,https://hub-tradeandcraft.icims.com/jobs/search?ss=1
Joby Aviation,icims,careers-jobyaviation.icims.com,https://careers-jobyaviation.icims.com/jobs/search?ss=1
Jobübersicht bei AXA,icims,careers-de-axa.icims.com,https://careers-de-axa.icims.com/jobs/search?ss=1
"Joeris General Contractors, LLC",icims,careers-joeris.icims.com,https://careers-joeris.icims.com/jobs/search?ss=1
Joerns Healthcare,icims,careers-joerns.icims.com,https://careers-joerns.icims.com/jobs/search?ss=1
Joerns Healthcare,icims,careershomepage-joerns.icims.com,https://careershomepage-joerns.icims.com/jobs/search?ss=1
JOE’S Jeans,icims,careers-joesjeans.icims.com,https://careers-joesjeans.icims.com/jobs/search?ss=1
Johanna Foods,icims,careers-johannafoods.icims.com,https://careers-johannafoods.icims.com/jobs/search?ss=1
John Sisk & Son,icims,careers-johnsiskandson.icims.com,https://careers-johnsiskandson.icims.com/jobs/search?ss=1
John Sisk & Son,icims,careers-sisk.icims.com,https://careers-sisk.icims.com/jobs/search?ss=1
Johns Hopkins Applied Physics Laboratory,icims,events-jhuapl.icims.com,https://events-jhuapl.icims.com/jobs/search?ss=1
Johnson County Government,icims,careers-jocogov.icims.com,https://careers-jocogov.icims.com/jobs/search?ss=1
Johnson County Government,icims,employees-jocogov.icims.com,https://employees-jocogov.icims.com/jobs/search?ss=1
Johnson County Government,icims,parks-jocogov.icims.com,https://parks-jocogov.icims.com/jobs/search?ss=1
Johnsonfinancialgroup,icims,careers-johnsonfinancialgroup.icims.com,https://careers-johnsonfinancialgroup.icims.com/jobs/search?ss=1
Join Endeavor Air's AMP program today!,icims,amtcareers-endeavorair.icims.com,https://amtcareers-endeavorair.icims.com/jobs/search?ss=1
Join Endeavor Air's STEP program today!,icims,pilotcareers-endeavorair.icims.com,https://pilotcareers-endeavorair.icims.com/jobs/search?ss=1
JOIN OUR TEAM,icims,careerhub-flatironcorp.icims.com,https://careerhub-flatironcorp.icims.com/jobs/search?ss=1
JOIN OUR TEAM,icims,careers-eecruz.icims.com,https://careers-eecruz.icims.com/jobs/search?ss=1
JOIN OUR TEAM,icims,careers-flatironcorp.icims.com,https://careers-flatironcorp.icims.com/jobs/search?ss=1
JOIN OUR TEAM,icims,craft-flatironcorp.icims.com,https://craft-flatironcorp.icims.com/jobs/search?ss=1
Join Our Team - Weston & Sampson,icims,careers-wseinc.icims.com,https://careers-wseinc.icims.com/jobs/search?ss=1
"Join Our Team | RiverWoods Retirement Community - Exeter, New Hampshire CCRC",icims,careeropportunities-riverwoodsnh.icims.com,https://careeropportunities-riverwoodsnh.icims.com/jobs/search?ss=1
"Join Our Team | RiverWoods Retirement Community - Exeter, New Hampshire CCRC",icims,careers-riverwoodsdurham.icims.com,https://careers-riverwoodsdurham.icims.com/jobs/search?ss=1
"Join Our Team | RiverWoods Retirement Community - Exeter, New Hampshire CCRC",icims,careers-riverwoodsmanchester.icims.com,https://careers-riverwoodsmanchester.icims.com/jobs/search?ss=1
"Join Our Team | RiverWoods Retirement Community - Exeter, New Hampshire CCRC",icims,careers-riverwoodsrc.icims.com,https://careers-riverwoodsrc.icims.com/jobs/search?ss=1
Join The Tyndale FRC Family | Tyndale USA,icims,careers-tyndalecanada.icims.com,https://careers-tyndalecanada.icims.com/jobs/search?ss=1
Join The Tyndale FRC Family | Tyndale USA,icims,careers-tyndaleusa.icims.com,https://careers-tyndaleusa.icims.com/jobs/search?ss=1
Jon Wayne,icims,careers-jonwayne.icims.com,https://careers-jonwayne.icims.com/jobs/search?ss=1
Joslin Diabetes Center,icims,jobs-joslin.icims.com,https://jobs-joslin.icims.com/jobs/search?ss=1
Joy Baking Group,icims,careers-bodeansbaking.icims.com,https://careers-bodeansbaking.icims.com/jobs/search?ss=1
Joy Baking Group,icims,careers-joybakinggroup.icims.com,https://careers-joybakinggroup.icims.com/jobs/search?ss=1
JP Cullen,icims,careers-jpcullen.icims.com,https://careers-jpcullen.icims.com/jobs/search?ss=1
Just Mortgages,icims,careers-justmortgages.icims.com,https://careers-justmortgages.icims.com/jobs/search?ss=1
Kahler Hospitality Group,icims,careers-kahlerhospitalitygroup.icims.com,https://careers-kahlerhospitalitygroup.icims.com/jobs/search?ss=1
Kaizen Automotive Group,icims,careers-ca-kaizenauto.icims.com,https://careers-ca-kaizenauto.icims.com/jobs/search?ss=1
Kaizen Automotive Group,icims,careers-kaizenauto.icims.com,https://careers-kaizenauto.icims.com/jobs/search?ss=1
Kaizen Automotive Group,icims,summitfleet-en-kaizenauto.icims.com,https://summitfleet-en-kaizenauto.icims.com/jobs/search?ss=1
Kansascityymca,icims,careers-kansascityymca.icims.com,https://careers-kansascityymca.icims.com/jobs/search?ss=1
Karsun Solutions,icims,apply-karsun-llc.icims.com,https://apply-karsun-llc.icims.com/jobs/search?ss=1
Karyopharm Therapeutics Inc.,icims,careers-karyopharm.icims.com,https://careers-karyopharm.icims.com/jobs/search?ss=1
Kastle,icims,careers-kastle.icims.com,https://careers-kastle.icims.com/jobs/search?ss=1
Kastle Systems International,icims,internal-kastle.icims.com,https://internal-kastle.icims.com/jobs/search?ss=1
"Kaufman Dolowich, LLP",icims,careers-kdvlaw.icims.com,https://careers-kdvlaw.icims.com/jobs/search?ss=1
KB Complete Plumbing & Air Conditioning,icims,careers-kbcomplete.icims.com,https://careers-kbcomplete.icims.com/jobs/search?ss=1
KCA Heating & Cooling,icims,careers-kcaservices.icims.com,https://careers-kcaservices.icims.com/jobs/search?ss=1
KCI Technologies,icims,careers-kci.icims.com,https://careers-kci.icims.com/jobs/search?ss=1
Kcoe,icims,careers-kcoe.icims.com,https://careers-kcoe.icims.com/jobs/search?ss=1
Kcoe,icims,universitycareers-kcoe.icims.com,https://universitycareers-kcoe.icims.com/jobs/search?ss=1
Kearney & Company,icims,careers-kearneyco.icims.com,https://careers-kearneyco.icims.com/jobs/search?ss=1
Kearneyco,icims,apply2-kearneyco.icims.com,https://apply2-kearneyco.icims.com/jobs/search?ss=1
Kearny Bank | Join our Winning Team,icims,careers-kearnybank.icims.com,https://careers-kearnybank.icims.com/jobs/search?ss=1
Keefe,icims,careers-keefe.icims.com,https://careers-keefe.icims.com/jobs/search?ss=1
"KeHE Distributors, LLC",icims,careers-kehe.icims.com,https://careers-kehe.icims.com/jobs/search?ss=1
"KeHE Distributors, LLC",icims,careers-treeoflife-kehe.icims.com,https://careers-treeoflife-kehe.icims.com/jobs/search?ss=1
"KeHE Distributors, LLC",icims,drivers-kehe.icims.com,https://drivers-kehe.icims.com/jobs/search?ss=1
"KeHE Distributors, LLC",icims,frenchcareers-treeoflife-kehe.icims.com,https://frenchcareers-treeoflife-kehe.icims.com/jobs/search?ss=1
"KeHE Distributors, LLC",icims,internal-kehe.icims.com,https://internal-kehe.icims.com/jobs/search?ss=1
"KeHE Distributors, LLC",icims,warehouse-kehe.icims.com,https://warehouse-kehe.icims.com/jobs/search?ss=1
Keller,icims,canadacareers-kellerfoundations.icims.com,https://canadacareers-kellerfoundations.icims.com/jobs/search?ss=1
Keller,icims,reconservices-careers-site.icims.com,https://reconservices-careers-site.icims.com/jobs/search?ss=1
Keller,icims,uscareers-kellerfoundations.icims.com,https://uscareers-kellerfoundations.icims.com/jobs/search?ss=1
Keller,icims,uscareers-kellerna.icims.com,https://uscareers-kellerna.icims.com/jobs/search?ss=1
Keller,icims,usfieldnewhires-kellerna.icims.com,https://usfieldnewhires-kellerna.icims.com/jobs/search?ss=1
Kelley Kronenberg,icims,careers-kelleykronenberg.icims.com,https://careers-kelleykronenberg.icims.com/jobs/search?ss=1
Kelleylogistics,icims,careers-kelleylogistics.icims.com,https://careers-kelleylogistics.icims.com/jobs/search?ss=1
Kemin,icims,careers-kemin.icims.com,https://careers-kemin.icims.com/jobs/search?ss=1
Kennedy Krieger Institute,icims,jobs-kennedykrieger.icims.com,https://jobs-kennedykrieger.icims.com/jobs/search?ss=1
Kentucky Farm Bureau,icims,careers-kyfb.icims.com,https://careers-kyfb.icims.com/jobs/search?ss=1
Keo,icims,careers-keo.icims.com,https://careers-keo.icims.com/jobs/search?ss=1
KEO International Consultants,icims,internal-keoic.icims.com,https://internal-keoic.icims.com/jobs/search?ss=1
Keoic,icims,careers-keoic.icims.com,https://careers-keoic.icims.com/jobs/search?ss=1
Kettering Health - Human Resources,icims,applicationinvite-ketteringhealth.icims.com,https://applicationinvite-ketteringhealth.icims.com/jobs/search?ss=1
Kettering Health - Human Resources,icims,careers-ketteringhealth.icims.com,https://careers-ketteringhealth.icims.com/jobs/search?ss=1
Kettering Health - Human Resources,icims,internal-ketteringhealth.icims.com,https://internal-ketteringhealth.icims.com/jobs/search?ss=1
Kettering Health - Human Resources,icims,internsandexterns-ketteringhealth.icims.com,https://internsandexterns-ketteringhealth.icims.com/jobs/search?ss=1
Kettering Health - Human Resources,icims,rncareers-ketteringhealth.icims.com,https://rncareers-ketteringhealth.icims.com/jobs/search?ss=1
Kettering Health - Human Resources,icims,transportationservices-ketteringhealth.icims.com,https://transportationservices-ketteringhealth.icims.com/jobs/search?ss=1
"Kettler Enterprises, Inc",icims,careers-kettler.icims.com,https://careers-kettler.icims.com/jobs/search?ss=1
Keurig Dr Pepper Inc.,icims,employeereferral-keurigdrpepper.icims.com,https://employeereferral-keurigdrpepper.icims.com/jobs/search?ss=1
Keurigdrpepper,icims,canadaenglishexternal-keurigdrpepper.icims.com,https://canadaenglishexternal-keurigdrpepper.icims.com/jobs/search?ss=1
Keurigdrpepper,icims,canadaenglishinternal-keurigdrpepper.icims.com,https://canadaenglishinternal-keurigdrpepper.icims.com/jobs/search?ss=1
Keurigdrpepper,icims,canadafrenchexternal-keurigdrpepper.icims.com,https://canadafrenchexternal-keurigdrpepper.icims.com/jobs/search?ss=1
Keurigdrpepper,icims,canadafrenchinternal-keurigdrpepper.icims.com,https://canadafrenchinternal-keurigdrpepper.icims.com/jobs/search?ss=1
Keurigdrpepper,icims,irelandcareers-keurigdrpepper.icims.com,https://irelandcareers-keurigdrpepper.icims.com/jobs/search?ss=1
Keurigdrpepper,icims,uscareers-keurigdrpepper.icims.com,https://uscareers-keurigdrpepper.icims.com/jobs/search?ss=1
Keurigdrpepper,icims,usinternal-keurigdrpepper.icims.com,https://usinternal-keurigdrpepper.icims.com/jobs/search?ss=1
Key Rehabilitation,icims,jobs-keyrehab.icims.com,https://jobs-keyrehab.icims.com/jobs/search?ss=1
Key Rehabilitation,icims,jobs-mdssolutions-keyrehab.icims.com,https://jobs-mdssolutions-keyrehab.icims.com/jobs/search?ss=1
Keysight,icims,cancareers-keysight.icims.com,https://cancareers-keysight.icims.com/jobs/search?ss=1
Keysight,icims,careers-keysight.icims.com,https://careers-keysight.icims.com/jobs/search?ss=1
Keysight,icims,globalcareers-keysight.icims.com,https://globalcareers-keysight.icims.com/jobs/search?ss=1
KGP Telecommunications,icims,circetusa-kgpco.icims.com,https://circetusa-kgpco.icims.com/jobs/search?ss=1
KGP Telecommunications,icims,kgpco-kgpco.icims.com,https://kgpco-kgpco.icims.com/jobs/search?ss=1
KidsCare Home Health,icims,careers-kidscarehh.icims.com,https://careers-kidscarehh.icims.com/jobs/search?ss=1
Kildare,icims,careers-kildare.icims.com,https://careers-kildare.icims.com/jobs/search?ss=1
Kilpatrick Townsend & Stockton LLP,icims,careers-kilpatricktownsend.icims.com,https://careers-kilpatricktownsend.icims.com/jobs/search?ss=1
Kimley-Horn,icims,careers-kimley-horn.icims.com,https://careers-kimley-horn.icims.com/jobs/search?ss=1
Kimley-Horn,icims,jobs-kimley-horn.icims.com,https://jobs-kimley-horn.icims.com/jobs/search?ss=1
Kimley-Horn,icims,kimley-horndc.icims.com,https://kimley-horndc.icims.com/jobs/search?ss=1
Kimley-Horn,icims,student-gradcareers-kimley-horn.icims.com,https://student-gradcareers-kimley-horn.icims.com/jobs/search?ss=1
Kinaxis Inc.,icims,careers-kinaxis.icims.com,https://careers-kinaxis.icims.com/jobs/search?ss=1
Kings Swim Academy,icims,careers-kingsswimacademy.icims.com,https://careers-kingsswimacademy.icims.com/jobs/search?ss=1
Kinnerton,icims,careers-kinnerton.icims.com,https://careers-kinnerton.icims.com/jobs/search?ss=1
"Kintetsu World Express (U.S.A.), Inc.",icims,careers-kwe.icims.com,https://careers-kwe.icims.com/jobs/search?ss=1
Kirby Corporation,icims,atlanticdetroitdieselallison-kirbycorp.icims.com,https://atlanticdetroitdieselallison-kirbycorp.icims.com/jobs/search?ss=1
Kirby Corporation,icims,corporate-kirbycorp.icims.com,https://corporate-kirbycorp.icims.com/jobs/search?ss=1
Kirby Corporation,icims,enginesystems-kirbycorp.icims.com,https://enginesystems-kirbycorp.icims.com/jobs/search?ss=1
Kirby Corporation,icims,floridadetroitdieselallison-kirbycorp.icims.com,https://floridadetroitdieselallison-kirbycorp.icims.com/jobs/search?ss=1
Kirby Corporation,icims,kirbyjobs-kirbycorp.icims.com,https://kirbyjobs-kirbycorp.icims.com/jobs/search?ss=1
Kirby Corporation,icims,marinesystems-kirbycorp.icims.com,https://marinesystems-kirbycorp.icims.com/jobs/search?ss=1
Kirby Corporation,icims,maritimecareers-kirbycorp.icims.com,https://maritimecareers-kirbycorp.icims.com/jobs/search?ss=1
Kirby Corporation,icims,sanjac-kirbycorp.icims.com,https://sanjac-kirbycorp.icims.com/jobs/search?ss=1
Kirby Corporation,icims,shorecareers-kirbycorp.icims.com,https://shorecareers-kirbycorp.icims.com/jobs/search?ss=1
Kirby Corporation,icims,stewartstevenson-kirbycorp.icims.com,https://stewartstevenson-kirbycorp.icims.com/jobs/search?ss=1
Kirby Corporation,icims,thermoking-kirbycorp.icims.com,https://thermoking-kirbycorp.icims.com/jobs/search?ss=1
Kirby Corporation,icims,unitedcareers-kirbycorp.icims.com,https://unitedcareers-kirbycorp.icims.com/jobs/search?ss=1
Kirklands,icims,external-brandhouseco.icims.com,https://external-brandhouseco.icims.com/jobs/search?ss=1
Kirklands,icims,external-kirklands.icims.com,https://external-kirklands.icims.com/jobs/search?ss=1
Kirklands,icims,internal-kirklands.icims.com,https://internal-kirklands.icims.com/jobs/search?ss=1
Kisco Senior Living,icims,careers-kiscoseniorliving.icims.com,https://careers-kiscoseniorliving.icims.com/jobs/search?ss=1
Kisco Senior Living,icims,internal-kiscoseniorliving.icims.com,https://internal-kiscoseniorliving.icims.com/jobs/search?ss=1
Kiwa,icims,careers-de-kiwa.icims.com,https://careers-de-kiwa.icims.com/jobs/search?ss=1
Kiwa,icims,careers-en-kiwa.icims.com,https://careers-en-kiwa.icims.com/jobs/search?ss=1
Kiwa,icims,careers-es-kiwa.icims.com,https://careers-es-kiwa.icims.com/jobs/search?ss=1
Kiwa,icims,careers-it-kiwa.icims.com,https://careers-it-kiwa.icims.com/jobs/search?ss=1
Kiwa,icims,careers-nl-kiwa.icims.com,https://careers-nl-kiwa.icims.com/jobs/search?ss=1
Kleinfelder Inc,icims,australia-kleinfelder.icims.com,https://australia-kleinfelder.icims.com/jobs/search?ss=1
Kleinfelder Inc,icims,careers-kleinfelder.icims.com,https://careers-kleinfelder.icims.com/jobs/search?ss=1
Kmbskonicaminolta,icims,careers-kmbskonicaminolta.icims.com,https://careers-kmbskonicaminolta.icims.com/jobs/search?ss=1
Knauf Insulation,icims,careers-knaufinsulation.icims.com,https://careers-knaufinsulation.icims.com/jobs/search?ss=1
Knipper,icims,careers-knipper.icims.com,https://careers-knipper.icims.com/jobs/search?ss=1
KnippeRx Independent Specialty Pharmacy,icims,careers2-knipper.icims.com,https://careers2-knipper.icims.com/jobs/search?ss=1
Knowledge Services,icims,careers-knowledgeservices.icims.com,https://careers-knowledgeservices.icims.com/jobs/search?ss=1
Knowledge Services,icims,dfr-knowledgeservices.icims.com,https://dfr-knowledgeservices.icims.com/jobs/search?ss=1
Knowledge Services,icims,internal-knowledgeservices.icims.com,https://internal-knowledgeservices.icims.com/jobs/search?ss=1
Kobrand Wine & Spirits | About Us,icims,jobs-kobrandwineandspirits.icims.com,https://jobs-kobrandwineandspirits.icims.com/jobs/search?ss=1
Kodiak Building Partners,icims,careers-azappliancehome.icims.com,https://careers-azappliancehome.icims.com/jobs/search?ss=1
Kodiak Building Partners,icims,careers-barnscom.icims.com,https://careers-barnscom.icims.com/jobs/search?ss=1
Kodiak Building Partners,icims,careers-barton-supply.icims.com,https://careers-barton-supply.icims.com/jobs/search?ss=1
Kodiak Building Partners,icims,careers-buildersmillwork.icims.com,https://careers-buildersmillwork.icims.com/jobs/search?ss=1
Kodiak Building Partners,icims,careers-christensenlumber.icims.com,https://careers-christensenlumber.icims.com/jobs/search?ss=1
Kodiak Building Partners,icims,careers-directlumberanddoor.icims.com,https://careers-directlumberanddoor.icims.com/jobs/search?ss=1
Kodiak Building Partners,icims,careers-donsappliances.icims.com,https://careers-donsappliances.icims.com/jobs/search?ss=1
Kodiak Building Partners,icims,careers-goodrichlumber.icims.com,https://careers-goodrichlumber.icims.com/jobs/search?ss=1
Kodiak Building Partners,icims,careers-jenkinslumber.icims.com,https://careers-jenkinslumber.icims.com/jobs/search?ss=1
Kodiak Building Partners,icims,careers-kodiakbp.icims.com,https://careers-kodiakbp.icims.com/jobs/search?ss=1
Kodiak Building Partners,icims,careers-medallionindustries.icims.com,https://careers-medallionindustries.icims.com/jobs/search?ss=1
Kodiak Building Partners,icims,careers-nebldgsupply.icims.com,https://careers-nebldgsupply.icims.com/jobs/search?ss=1
Kodiak Building Partners,icims,careers-premierbuildingsupply.icims.com,https://careers-premierbuildingsupply.icims.com/jobs/search?ss=1
Kodiak Building Partners,icims,careers-riccilumber.icims.com,https://careers-riccilumber.icims.com/jobs/search?ss=1
Kodiak Building Partners,icims,careers-shepleywoodproducts.icims.com,https://careers-shepleywoodproducts.icims.com/jobs/search?ss=1
Kodiak Building Partners,icims,careers-specialtyappliance.icims.com,https://careers-specialtyappliance.icims.com/jobs/search?ss=1
Kodiak Building Partners,icims,careers-sunmountaindoor.icims.com,https://careers-sunmountaindoor.icims.com/jobs/search?ss=1
Kodiak Building Partners,icims,careers-sunrisebuilderssupply.icims.com,https://careers-sunrisebuilderssupply.icims.com/jobs/search?ss=1
Kodiak Building Partners,icims,careers-zarsky.icims.com,https://careers-zarsky.icims.com/jobs/search?ss=1
Korian,icims,careers-azubi-korian.icims.com,https://careers-azubi-korian.icims.com/jobs/search?ss=1
Korian,icims,careers-korian.icims.com,https://careers-korian.icims.com/jobs/search?ss=1
Korian,icims,careers-pflegefachkrafte-korian.icims.com,https://careers-pflegefachkrafte-korian.icims.com/jobs/search?ss=1
Korte,icims,careers-kortedoesitall.icims.com,https://careers-kortedoesitall.icims.com/jobs/search?ss=1
KPH Healthcare Services,icims,aristacare-kphhealthcareservices.icims.com,https://aristacare-kphhealthcareservices.icims.com/jobs/search?ss=1
KPH Healthcare Services,icims,homelife-kphhealthcareservices.icims.com,https://homelife-kphhealthcareservices.icims.com/jobs/search?ss=1
KPH Healthcare Services,icims,kphcareers-kphhealthcareservices.icims.com,https://kphcareers-kphhealthcareservices.icims.com/jobs/search?ss=1
KPH Healthcare Services,icims,noble-kphhealthcareservices.icims.com,https://noble-kphhealthcareservices.icims.com/jobs/search?ss=1
Kphhealthcareservices,icims,healthdirect-kphhealthcareservices.icims.com,https://healthdirect-kphhealthcareservices.icims.com/jobs/search?ss=1
Kphhealthcareservices,icims,kinneydrug-kphhealthcareservices.icims.com,https://kinneydrug-kphhealthcareservices.icims.com/jobs/search?ss=1
Kphhealthcareservices,icims,proact-kphhealthcareservices.icims.com,https://proact-kphhealthcareservices.icims.com/jobs/search?ss=1
Kpmgca,icims,carrieres-kpmgca.icims.com,https://carrieres-kpmgca.icims.com/jobs/search?ss=1
Kpmgca,icims,exphire-kpmgca.icims.com,https://exphire-kpmgca.icims.com/jobs/search?ss=1
Kpmgca,icims,students-kpmgca.icims.com,https://students-kpmgca.icims.com/jobs/search?ss=1
Kreischer Miller,icims,careers-kmco.icims.com,https://careers-kmco.icims.com/jobs/search?ss=1
Kreischer Miller,icims,hcr-kmco.icims.com,https://hcr-kmco.icims.com/jobs/search?ss=1
"KVH Industries, Inc.",icims,careers-kvh.icims.com,https://careers-kvh.icims.com/jobs/search?ss=1
"KVH Industries, Inc.",icims,internationalcareers-kvh.icims.com,https://internationalcareers-kvh.icims.com/jobs/search?ss=1
Kyowa Kirin International,icims,careers-kyowa-kirin.icims.com,https://careers-kyowa-kirin.icims.com/jobs/search?ss=1
L'OCA,icims,loca-goauto.icims.com,https://loca-goauto.icims.com/jobs/search?ss=1
L.A. Family Housing Corporation,icims,careers-lafh.icims.com,https://careers-lafh.icims.com/jobs/search?ss=1
L2T,icims,careers-l2tllc.icims.com,https://careers-l2tllc.icims.com/jobs/search?ss=1
Lake Centre for Rehab,icims,careers-lakecentreforrehab.icims.com,https://careers-lakecentreforrehab.icims.com/jobs/search?ss=1
Lake House Academy,icims,careers-lakehouseacademy.icims.com,https://careers-lakehouseacademy.icims.com/jobs/search?ss=1
Lakeviewloanservicing,icims,careers-lakeviewloanservicing.icims.com,https://careers-lakeviewloanservicing.icims.com/jobs/search?ss=1
Lamp Rynearson Inc.,icims,careers-lamprynearson.icims.com,https://careers-lamprynearson.icims.com/jobs/search?ss=1
Landrysinc,icims,careers-landrysinc.icims.com,https://careers-landrysinc.icims.com/jobs/search?ss=1
Landrysinc,icims,restauranthourly-landrysinc.icims.com,https://restauranthourly-landrysinc.icims.com/jobs/search?ss=1
Las Vegas-Clark County Library District,icims,employees-lvccld.icims.com,https://employees-lvccld.icims.com/jobs/search?ss=1
Lasrozas,icims,careers-lasrozas.icims.com,https://careers-lasrozas.icims.com/jobs/search?ss=1
LATA,icims,careers-lata.icims.com,https://careers-lata.icims.com/jobs/search?ss=1
Lattice Semiconductor Corp.,icims,careers-latticesemi.icims.com,https://careers-latticesemi.icims.com/jobs/search?ss=1
"Launch Technical Workforce Solutions | Aviation Jobs, Engineering Jobs, Technical Staffing",icims,careers-launchtws.icims.com,https://careers-launchtws.icims.com/jobs/search?ss=1
Lci1,icims,careers-lci1.icims.com,https://careers-lci1.icims.com/jobs/search?ss=1
Lci1,icims,drivercareers-lci1.icims.com,https://drivercareers-lci1.icims.com/jobs/search?ss=1
Learn It Systems,icims,alljobs-learnbehavioral.icims.com,https://alljobs-learnbehavioral.icims.com/jobs/search?ss=1
Learn It Systems,icims,autismspectrum-learnbehavioral.icims.com,https://autismspectrum-learnbehavioral.icims.com/jobs/search?ss=1
Learn It Systems,icims,baca-learnbehavioral.icims.com,https://baca-learnbehavioral.icims.com/jobs/search?ss=1
Learn It Systems,icims,behavioralconcepts-learnbehavioral.icims.com,https://behavioralconcepts-learnbehavioral.icims.com/jobs/search?ss=1
Learn It Systems,icims,careers-learnbehavioral.icims.com,https://careers-learnbehavioral.icims.com/jobs/search?ss=1
Learn It Systems,icims,careers-learnitacademic.icims.com,https://careers-learnitacademic.icims.com/jobs/search?ss=1
Learn It Systems,icims,interview-learnbehavioral.icims.com,https://interview-learnbehavioral.icims.com/jobs/search?ss=1
Learn It Systems,icims,lightstreetspecialeducation-learnbehavioral.icims.com,https://lightstreetspecialeducation-learnbehavioral.icims.com/jobs/search?ss=1
Learn It Systems,icims,prioritiesaba-learnbehavioral.icims.com,https://prioritiesaba-learnbehavioral.icims.com/jobs/search?ss=1
Learn It Systems,icims,tandem-learnbehavioral.icims.com,https://tandem-learnbehavioral.icims.com/jobs/search?ss=1
Learn It Systems,icims,totalspectrum-learnbehavioral.icims.com,https://totalspectrum-learnbehavioral.icims.com/jobs/search?ss=1
Learn It Systems,icims,trellis-learnbehavioral.icims.com,https://trellis-learnbehavioral.icims.com/jobs/search?ss=1
Learn It Systems,icims,trellis-learnitsystems.icims.com,https://trellis-learnitsystems.icims.com/jobs/search?ss=1
Learn It Systems,icims,wisconsinearlyautismproject-learnbehavioral.icims.com,https://wisconsinearlyautismproject-learnbehavioral.icims.com/jobs/search?ss=1
Leavitt,icims,careers-leavitt.icims.com,https://careers-leavitt.icims.com/jobs/search?ss=1
Legacy Health,icims,careers-lhs.icims.com,https://careers-lhs.icims.com/jobs/search?ss=1
Legacy Health,icims,internal-lhs.icims.com,https://internal-lhs.icims.com/jobs/search?ss=1
Legacy Health,icims,nursing-lhs.icims.com,https://nursing-lhs.icims.com/jobs/search?ss=1
Legacy Health,icims,provider-lhs.icims.com,https://provider-lhs.icims.com/jobs/search?ss=1
"Legacy Healthcare Services, Inc.",icims,careers-legacyinc.icims.com,https://careers-legacyinc.icims.com/jobs/search?ss=1
Legacy Hospice,icims,careers-legacyhospice.icims.com,https://careers-legacyhospice.icims.com/jobs/search?ss=1
Legacy Supply Chain,icims,careers-legacyscs.icims.com,https://careers-legacyscs.icims.com/jobs/search?ss=1
Legal & General Investment Management America,icims,careers-lgima.icims.com,https://careers-lgima.icims.com/jobs/search?ss=1
Legrand NA,icims,jobs-legrand.icims.com,https://jobs-legrand.icims.com/jobs/search?ss=1
LeMaitre Vascular,icims,careers-lemaitre.icims.com,https://careers-lemaitre.icims.com/jobs/search?ss=1
Lennar,icims,careers-lennar.icims.com,https://careers-lennar.icims.com/jobs/search?ss=1
Leon's,icims,careers-leons.icims.com,https://careers-leons.icims.com/jobs/search?ss=1
Lettuce Entertain You Restaurants,icims,careers-leye.icims.com,https://careers-leye.icims.com/jobs/search?ss=1
Leviton,icims,careers-leviton.icims.com,https://careers-leviton.icims.com/jobs/search?ss=1
Leviton Manufacturing,icims,hub-leviton.icims.com,https://hub-leviton.icims.com/jobs/search?ss=1
Leviton Manufacturing,icims,internal-leviton.icims.com,https://internal-leviton.icims.com/jobs/search?ss=1
"Lewis Resource Management, LLC",icims,careers-glaciercap.icims.com,https://careers-glaciercap.icims.com/jobs/search?ss=1
"Lewis Resource Management, LLC",icims,colombiacareers-lewisenergy.icims.com,https://colombiacareers-lewisenergy.icims.com/jobs/search?ss=1
"Lewis Resource Management, LLC",icims,mexicocareers-lewisenergy.icims.com,https://mexicocareers-lewisenergy.icims.com/jobs/search?ss=1
"Lewis Resource Management, LLC",icims,uscareers-lewisenergy.icims.com,https://uscareers-lewisenergy.icims.com/jobs/search?ss=1
Lexington Health Network,icims,careers-lexingtonhealth.icims.com,https://careers-lexingtonhealth.icims.com/jobs/search?ss=1
LF's Lucky Lady Casino,icims,careers-lfluckyladycasino.icims.com,https://careers-lfluckyladycasino.icims.com/jobs/search?ss=1
LFL Group,icims,frcareers-leons.icims.com,https://frcareers-leons.icims.com/jobs/search?ss=1
LFL Group,icims,frcareers-transglobal.icims.com,https://frcareers-transglobal.icims.com/jobs/search?ss=1
LG-TEK,icims,jobs-lg-tek.icims.com,https://jobs-lg-tek.icims.com/jobs/search?ss=1
LHB,icims,careers-lhbcorp.icims.com,https://careers-lhbcorp.icims.com/jobs/search?ss=1
Liberty Military Housing,icims,careers-livelmh.icims.com,https://careers-livelmh.icims.com/jobs/search?ss=1
Liberty Mutual,icims,campus-libertymutual.icims.com,https://campus-libertymutual.icims.com/jobs/search?ss=1
Liberty Mutual,icims,careers-libertymutual.icims.com,https://careers-libertymutual.icims.com/jobs/search?ss=1
Liberty Mutual,icims,careersasia-en-libertymutual.icims.com,https://careersasia-en-libertymutual.icims.com/jobs/search?ss=1
Liberty Mutual,icims,careersindia-libertymutual.icims.com,https://careersindia-libertymutual.icims.com/jobs/search?ss=1
Liberty Mutual,icims,careerslit-associates-libertymutual.icims.com,https://careerslit-associates-libertymutual.icims.com/jobs/search?ss=1
Liberty Mutual,icims,careerslit-libertymutual.icims.com,https://careerslit-libertymutual.icims.com/jobs/search?ss=1
Liberty Mutual,icims,internal-libertymutual.icims.com,https://internal-libertymutual.icims.com/jobs/search?ss=1
Liberty Mutual,icims,referral-libertymutual.icims.com,https://referral-libertymutual.icims.com/jobs/search?ss=1
LifeLinc Corporation,icims,careers-lifelinccorp.icims.com,https://careers-lifelinccorp.icims.com/jobs/search?ss=1
LifeLinc Corporation,icims,careers2-lifelinccorp.icims.com,https://careers2-lifelinccorp.icims.com/jobs/search?ss=1
LifeLong Medical Care,icims,careers-lifelongmedical.icims.com,https://careers-lifelongmedical.icims.com/jobs/search?ss=1
LifeScan Global Corporation,icims,ca-eng-lifescan.icims.com,https://ca-eng-lifescan.icims.com/jobs/search?ss=1
LifeScan Global Corporation,icims,cz-lifescan.icims.com,https://cz-lifescan.icims.com/jobs/search?ss=1
LifeScan Global Corporation,icims,de-lifescan.icims.com,https://de-lifescan.icims.com/jobs/search?ss=1
LifeScan Global Corporation,icims,intl-eng-lifescan.icims.com,https://intl-eng-lifescan.icims.com/jobs/search?ss=1
LifeScan Global Corporation,icims,it-lifescan.icims.com,https://it-lifescan.icims.com/jobs/search?ss=1
LifeScan Global Corporation,icims,sp-lifescan.icims.com,https://sp-lifescan.icims.com/jobs/search?ss=1
LifeScan Global Corporation,icims,us-lifescan.icims.com,https://us-lifescan.icims.com/jobs/search?ss=1
Lifeway,icims,centrikidsummerstaff-lifeway.icims.com,https://centrikidsummerstaff-lifeway.icims.com/jobs/search?ss=1
Lifeway,icims,contract-lifeway.icims.com,https://contract-lifeway.icims.com/jobs/search?ss=1
Lifeway,icims,distributioncenterandlogistics-lifeway.icims.com,https://distributioncenterandlogistics-lifeway.icims.com/jobs/search?ss=1
Lifeway,icims,domesticmissionssummerstaff-lifeway.icims.com,https://domesticmissionssummerstaff-lifeway.icims.com/jobs/search?ss=1
Lifeway,icims,flex-lifeway.icims.com,https://flex-lifeway.icims.com/jobs/search?ss=1
Lifeway,icims,fugesummerstaff-lifeway.icims.com,https://fugesummerstaff-lifeway.icims.com/jobs/search?ss=1
Lifeway,icims,hq-lifeway.icims.com,https://hq-lifeway.icims.com/jobs/search?ss=1
Lifeway,icims,internal-lifeway.icims.com,https://internal-lifeway.icims.com/jobs/search?ss=1
Lifeway,icims,lifewayhub-lifeway.icims.com,https://lifewayhub-lifeway.icims.com/jobs/search?ss=1
Lifeway,icims,retail-logistics-lifeway.icims.com,https://retail-logistics-lifeway.icims.com/jobs/search?ss=1
Lifeway,icims,retailstores-lifeway.icims.com,https://retailstores-lifeway.icims.com/jobs/search?ss=1
Lifeway,icims,ridgecrestconferencecenterandcamps-lifeway.icims.com,https://ridgecrestconferencecenterandcamps-lifeway.icims.com/jobs/search?ss=1
Lifeway,icims,worldchangers-lifeway.icims.com,https://worldchangers-lifeway.icims.com/jobs/search?ss=1
Light Wave Dental Management LLC,icims,lwdcareers-lightwavedental.icims.com,https://lwdcareers-lightwavedental.icims.com/jobs/search?ss=1
Lighthouse Hospice,icims,careers-lighthousehospice.icims.com,https://careers-lighthousehospice.icims.com/jobs/search?ss=1
LII Careers,icims,cacareers-lennox.icims.com,https://cacareers-lennox.icims.com/jobs/search?ss=1
LII Careers,icims,employee-lennox.icims.com,https://employee-lennox.icims.com/jobs/search?ss=1
LII Careers,icims,frenchcacareers-lennox.icims.com,https://frenchcacareers-lennox.icims.com/jobs/search?ss=1
LII Careers,icims,globalcareers-lennox.icims.com,https://globalcareers-lennox.icims.com/jobs/search?ss=1
LII Careers,icims,hrlydistribution-lennox.icims.com,https://hrlydistribution-lennox.icims.com/jobs/search?ss=1
LII Careers,icims,indiacareers-lennox.icims.com,https://indiacareers-lennox.icims.com/jobs/search?ss=1
LII Careers,icims,uscareers-lennox.icims.com,https://uscareers-lennox.icims.com/jobs/search?ss=1
LII Careers,icims,ushourly-lennox.icims.com,https://ushourly-lennox.icims.com/jobs/search?ss=1
Lijsten met banen bij Swissport International AG,icims,nljobs-swissportglobal.icims.com,https://nljobs-swissportglobal.icims.com/jobs/search?ss=1
Lincoln Property Company - Join,icims,corporatecareers-lincolnapts.icims.com,https://corporatecareers-lincolnapts.icims.com/jobs/search?ss=1
Lincoln Property Company - Join,icims,onsitecareers-lincolnapts.icims.com,https://onsitecareers-lincolnapts.icims.com/jobs/search?ss=1
Lincolnapts2,icims,jobs-lincolnapts2.icims.com,https://jobs-lincolnapts2.icims.com/jobs/search?ss=1
Lindstrom,icims,careers-lindstromair.icims.com,https://careers-lindstromair.icims.com/jobs/search?ss=1
Linesight,icims,careers-linesight.icims.com,https://careers-linesight.icims.com/jobs/search?ss=1
"Lippert Components, Inc",icims,internal-lci1.icims.com,https://internal-lci1.icims.com/jobs/search?ss=1
Lir,icims,careers-lir.icims.com,https://careers-lir.icims.com/jobs/search?ss=1
Lista de vagas de Novelis,icims,pt-careers-novelis.icims.com,https://pt-careers-novelis.icims.com/jobs/search?ss=1
Lista de vagas na Danone,icims,ptapply-danone.icims.com,https://ptapply-danone.icims.com/jobs/search?ss=1
Listados de trabajo en Graham Packaging,icims,carrerasenmexico-grahampackaging.icims.com,https://carrerasenmexico-grahampackaging.icims.com/jobs/search?ss=1
"Listados de Trabajos en Facility Solutions Group, Inc.",icims,careers-spanish-fsg.icims.com,https://careers-spanish-fsg.icims.com/jobs/search?ss=1
Listas de empregos em Energizer,icims,ptcareers-energizerholdings.icims.com,https://ptcareers-energizerholdings.icims.com/jobs/search?ss=1
Listas de ofertas de trabajo en Danone,icims,esapply-danone.icims.com,https://esapply-danone.icims.com/jobs/search?ss=1
Listas de vagas em MadeiraMadeira,icims,careers-madeiramadeira.icims.com,https://careers-madeiramadeira.icims.com/jobs/search?ss=1
"Liste d'empois chez Applied Systems, Inc.",icims,quebec-appliedsystems.icims.com,https://quebec-appliedsystems.icims.com/jobs/search?ss=1
Liste des offres à Brick,icims,frcareers-thebrick.icims.com,https://frcareers-thebrick.icims.com/jobs/search?ss=1
Listes d’emplois chez Allied Universal,icims,securitycareersfrcanada-aus.icims.com,https://securitycareersfrcanada-aus.icims.com/jobs/search?ss=1
Live! Casino·Hotel,icims,hub-livech.icims.com,https://hub-livech.icims.com/jobs/search?ss=1
Live! Casino·Hotel,icims,lacareers-livech.icims.com,https://lacareers-livech.icims.com/jobs/search?ss=1
Live! Casino·Hotel,icims,mdcareers-livech.icims.com,https://mdcareers-livech.icims.com/jobs/search?ss=1
Live! Casino·Hotel,icims,phlcareers-livech.icims.com,https://phlcareers-livech.icims.com/jobs/search?ss=1
Live! Casino·Hotel,icims,pittcareers-livech.icims.com,https://pittcareers-livech.icims.com/jobs/search?ss=1
LiveOnNY,icims,careers-liveonny.icims.com,https://careers-liveonny.icims.com/jobs/search?ss=1
LiveOnNY,icims,internal-liveonny.icims.com,https://internal-liveonny.icims.com/jobs/search?ss=1
Lla,icims,careers-lla.icims.com,https://careers-lla.icims.com/jobs/search?ss=1
Llc,icims,jobs-karsun-llc.icims.com,https://jobs-karsun-llc.icims.com/jobs/search?ss=1
Lloyds Banking Group plc,icims,careers-lbusa.icims.com,https://careers-lbusa.icims.com/jobs/search?ss=1
LMI Government Consulting | Position Openings,icims,careers-lmi.icims.com,https://careers-lmi.icims.com/jobs/search?ss=1
"LoanCare, LLC",icims,careers-loancareservicing.icims.com,https://careers-loancareservicing.icims.com/jobs/search?ss=1
Locala,icims,careers-locala.icims.com,https://careers-locala.icims.com/jobs/search?ss=1
Lochridge Priest,icims,careers-lpwaco.icims.com,https://careers-lpwaco.icims.com/jobs/search?ss=1
LocumTenens.com,icims,lt-careers-jacksonhealthcare.icims.com,https://lt-careers-jacksonhealthcare.icims.com/jobs/search?ss=1
LocumTenens.com,icims,lt-careers.icims.com,https://lt-careers.icims.com/jobs/search?ss=1
Login,icims,onboarding-cedarfair.icims.com,https://onboarding-cedarfair.icims.com/jobs/search?ss=1
LOGISTEC,icims,jobs-crossglobe.icims.com,https://jobs-crossglobe.icims.com/jobs/search?ss=1
Logix Federal Credit Union,icims,careers-logixbanking.icims.com,https://careers-logixbanking.icims.com/jobs/search?ss=1
Logos Technologies,icims,careers-logos.icims.com,https://careers-logos.icims.com/jobs/search?ss=1
Long Beach Transit,icims,careers-lbtransit.icims.com,https://careers-lbtransit.icims.com/jobs/search?ss=1
Longboat HR Services,icims,careers-longboathr.icims.com,https://careers-longboathr.icims.com/jobs/search?ss=1
Longboat HR Services,icims,careers-wrma.icims.com,https://careers-wrma.icims.com/jobs/search?ss=1
Longboat HR Services,icims,triotech-longboathr.icims.com,https://triotech-longboathr.icims.com/jobs/search?ss=1
Longsrx,icims,careers-longsrx.icims.com,https://careers-longsrx.icims.com/jobs/search?ss=1
Lord Abbett,icims,careers-lordabbett.icims.com,https://careers-lordabbett.icims.com/jobs/search?ss=1
Loretto,icims,external-loretto.icims.com,https://external-loretto.icims.com/jobs/search?ss=1
Loretto Management Corporation,icims,careers-loretto2.icims.com,https://careers-loretto2.icims.com/jobs/search?ss=1
Lorien Health Services,icims,careers-lorienhealth.icims.com,https://careers-lorienhealth.icims.com/jobs/search?ss=1
Louisiana Legislative Auditor,icims,careers-llajobs.icims.com,https://careers-llajobs.icims.com/jobs/search?ss=1
Lovelace Biomedical Research Institute,icims,careers-lrri.icims.com,https://careers-lrri.icims.com/jobs/search?ss=1
LRP Media Group,icims,careers-lrp.icims.com,https://careers-lrp.icims.com/jobs/search?ss=1
"LS Power Development, LLC",icims,careers-lspower.icims.com,https://careers-lspower.icims.com/jobs/search?ss=1
LSL Property Services plc,icims,careers-lslps2.icims.com,https://careers-lslps2.icims.com/jobs/search?ss=1
LSL Property Services plc,icims,reedsrains-careers-lslps2.icims.com,https://reedsrains-careers-lslps2.icims.com/jobs/search?ss=1
Ltcrevolution,icims,careers-ltcrevolution.icims.com,https://careers-ltcrevolution.icims.com/jobs/search?ss=1
Lucky Strike Entertainment,icims,corporatecareers-bowlerocorp.icims.com,https://corporatecareers-bowlerocorp.icims.com/jobs/search?ss=1
Lucky Strike Entertainment,icims,corporatecareers-luckystrikeentertainment.icims.com,https://corporatecareers-luckystrikeentertainment.icims.com/jobs/search?ss=1
Lucky Strike Entertainment,icims,field-hourlycareers-luckystrikeentertainment.icims.com,https://field-hourlycareers-luckystrikeentertainment.icims.com/jobs/search?ss=1
Lucky Strike Entertainment,icims,hourlycareers-bowlerocorp.icims.com,https://hourlycareers-bowlerocorp.icims.com/jobs/search?ss=1
Lucky Strike Entertainment,icims,hourlycareers-luckystrikeentertainment.icims.com,https://hourlycareers-luckystrikeentertainment.icims.com/jobs/search?ss=1
Lucky Strike Entertainment,icims,internal-bowlerocorp.icims.com,https://internal-bowlerocorp.icims.com/jobs/search?ss=1
Lucky Strike Entertainment,icims,internal-luckystrikeentertainment.icims.com,https://internal-luckystrikeentertainment.icims.com/jobs/search?ss=1
Lucky Strike Entertainment,icims,managementcareers-bowlerocorp.icims.com,https://managementcareers-bowlerocorp.icims.com/jobs/search?ss=1
Lucky Strike Entertainment,icims,managementcareers-luckystrikeentertainment.icims.com,https://managementcareers-luckystrikeentertainment.icims.com/jobs/search?ss=1
Lucky Strike Entertainment,icims,sales-bowlerocorp.icims.com,https://sales-bowlerocorp.icims.com/jobs/search?ss=1
Lucky Strike Entertainment,icims,sales-luckystrikeentertainment.icims.com,https://sales-luckystrikeentertainment.icims.com/jobs/search?ss=1
Luma PR,icims,careers-lumapr.icims.com,https://careers-lumapr.icims.com/jobs/search?ss=1
Luma PR,icims,careers2-lumapr.icims.com,https://careers2-lumapr.icims.com/jobs/search?ss=1
Lumanity,icims,earlycareer-lumanity.icims.com,https://earlycareer-lumanity.icims.com/jobs/search?ss=1
Lumanity,icims,emeacareers-lumanity.icims.com,https://emeacareers-lumanity.icims.com/jobs/search?ss=1
Lumanity,icims,uscareers-lumanity.icims.com,https://uscareers-lumanity.icims.com/jobs/search?ss=1
Lupin Pharmaceuticals (Company Headquarters),icims,careers-lupinpharmaceuticals.icims.com,https://careers-lupinpharmaceuticals.icims.com/jobs/search?ss=1
"Lurie Children's, Chicago Hospital",icims,careers-luriechildrens.icims.com,https://careers-luriechildrens.icims.com/jobs/search?ss=1
Lutron,icims,careers-lutron.icims.com,https://careers-lutron.icims.com/jobs/search?ss=1
"Lutron Electronics Co., Inc",icims,fullapp-lutron.icims.com,https://fullapp-lutron.icims.com/jobs/search?ss=1
"Luvata Appleton, LLC",icims,careers-luvata.icims.com,https://careers-luvata.icims.com/jobs/search?ss=1
Lynker,icims,careers-lynker.icims.com,https://careers-lynker.icims.com/jobs/search?ss=1
M&J Engineering,icims,careers-mjengineers.icims.com,https://careers-mjengineers.icims.com/jobs/search?ss=1
"M.C. Dean, Inc",icims,careers-uset.icims.com,https://careers-uset.icims.com/jobs/search?ss=1
M42,icims,careers-m42.icims.com,https://careers-m42.icims.com/jobs/search?ss=1
Maasmechelen,icims,careers-maasmechelen.icims.com,https://careers-maasmechelen.icims.com/jobs/search?ss=1
"Macias Gini & O'Connell, LLP",icims,careers-mgocpa.icims.com,https://careers-mgocpa.icims.com/jobs/search?ss=1
"Macias Gini & O'Connell, LLP",icims,staffing-cresta.icims.com,https://staffing-cresta.icims.com/jobs/search?ss=1
"Macias Gini & O'Connell, LLP",icims,staffing-ello.icims.com,https://staffing-ello.icims.com/jobs/search?ss=1
"Macias Gini & O'Connell, LLP",icims,staffing-mgocpa.icims.com,https://staffing-mgocpa.icims.com/jobs/search?ss=1
Mackenzie Health,icims,employment-mackenziehealth.icims.com,https://employment-mackenziehealth.icims.com/jobs/search?ss=1
Mackenzie Investments,icims,careersen-mackenziefinancial.icims.com,https://careersen-mackenziefinancial.icims.com/jobs/search?ss=1
Mackenzie Investments,icims,careersen-mackenzieinvestments.icims.com,https://careersen-mackenzieinvestments.icims.com/jobs/search?ss=1
Mackenzie Investments,icims,careersfr-mackenzieinvestments.icims.com,https://careersfr-mackenzieinvestments.icims.com/jobs/search?ss=1
MACNY - Manufacturers Association of Central New York,icims,careers-macny.icims.com,https://careers-macny.icims.com/jobs/search?ss=1
MAG Aerospace,icims,careers-magaero.icims.com,https://careers-magaero.icims.com/jobs/search?ss=1
MAG Aerospace,icims,priority-magaero.icims.com,https://priority-magaero.icims.com/jobs/search?ss=1
Major League Soccer,icims,careers-mlssoccer.icims.com,https://careers-mlssoccer.icims.com/jobs/search?ss=1
Major League Soccer,icims,interns-mlssoccer.icims.com,https://interns-mlssoccer.icims.com/jobs/search?ss=1
Making Space,icims,careers-makingspace.icims.com,https://careers-makingspace.icims.com/jobs/search?ss=1
Making Space,icims,internal-makingspace.icims.com,https://internal-makingspace.icims.com/jobs/search?ss=1
Mambu,icims,careers-mambu.icims.com,https://careers-mambu.icims.com/jobs/search?ss=1
MANCON,icims,careers-mancon.icims.com,https://careers-mancon.icims.com/jobs/search?ss=1
Manual Edge PhysioTherapy,icims,careers-manualedgephysiotherapy.icims.com,https://careers-manualedgephysiotherapy.icims.com/jobs/search?ss=1
MAR,icims,marcareers-oasissystems.icims.com,https://marcareers-oasissystems.icims.com/jobs/search?ss=1
Marathon Asset Management LP,icims,careers-marathonfund.icims.com,https://careers-marathonfund.icims.com/jobs/search?ss=1
Marin Community Clinics,icims,careers-marinclinic.icims.com,https://careers-marinclinic.icims.com/jobs/search?ss=1
Marin Community Clinics,icims,volunteerintern-marinclinic.icims.com,https://volunteerintern-marinclinic.icims.com/jobs/search?ss=1
Mariner Finance,icims,careers-marinerfinance.icims.com,https://careers-marinerfinance.icims.com/jobs/search?ss=1
MarketSource,icims,applyatmarketsource-msc.icims.com,https://applyatmarketsource-msc.icims.com/jobs/search?ss=1
MarketSource,icims,careers-marketsource.icims.com,https://careers-marketsource.icims.com/jobs/search?ss=1
MarketSource,icims,careers-salelytics.icims.com,https://careers-salelytics.icims.com/jobs/search?ss=1
Markon,icims,careers-markon.icims.com,https://careers-markon.icims.com/jobs/search?ss=1
Marmicfire,icims,careers-marmicfire.icims.com,https://careers-marmicfire.icims.com/jobs/search?ss=1
Marquiscompanies,icims,consonusrehab-marquiscompanies.icims.com,https://consonusrehab-marquiscompanies.icims.com/jobs/search?ss=1
Martinbrower,icims,cancareers-martinbrower.icims.com,https://cancareers-martinbrower.icims.com/jobs/search?ss=1
Martinbrower,icims,careers-martinbrower.icims.com,https://careers-martinbrower.icims.com/jobs/search?ss=1
Martinbrower,icims,frcancareers-martinbrower.icims.com,https://frcancareers-martinbrower.icims.com/jobs/search?ss=1
Martinbrower,icims,iecareers-martinbrower.icims.com,https://iecareers-martinbrower.icims.com/jobs/search?ss=1
MARVESTING,icims,carrieres-fr-impactsalesmarketingbe.icims.com,https://carrieres-fr-impactsalesmarketingbe.icims.com/jobs/search?ss=1
MARVESTING,icims,carrieres-fr-marvestingbe.icims.com,https://carrieres-fr-marvestingbe.icims.com/jobs/search?ss=1
MARVESTING,icims,carrieres-fr-promosapiens.icims.com,https://carrieres-fr-promosapiens.icims.com/jobs/search?ss=1
MARVESTING,icims,carrieres-impactfieldmarketinggroup.icims.com,https://carrieres-impactfieldmarketinggroup.icims.com/jobs/search?ss=1
MARVESTING,icims,carrieres-marvesting.icims.com,https://carrieres-marvesting.icims.com/jobs/search?ss=1
MARVESTING,icims,carrieres-nl-impactsalesmarketingbe.icims.com,https://carrieres-nl-impactsalesmarketingbe.icims.com/jobs/search?ss=1
MARVESTING,icims,carrieres-nl-marvestingbe.icims.com,https://carrieres-nl-marvestingbe.icims.com/jobs/search?ss=1
MARVESTING,icims,carrieres-nl-promosapiens.icims.com,https://carrieres-nl-promosapiens.icims.com/jobs/search?ss=1
Marvin,icims,careers-marvin.icims.com,https://careers-marvin.icims.com/jobs/search?ss=1
Marvin,icims,employees-marvin.icims.com,https://employees-marvin.icims.com/jobs/search?ss=1
Marvin,icims,manufacturing-jobs-marvin.icims.com,https://manufacturing-jobs-marvin.icims.com/jobs/search?ss=1
Marvin,icims,talent-marvin.icims.com,https://talent-marvin.icims.com/jobs/search?ss=1
Marvin Composites,icims,composite-jobs-marvin.icims.com,https://composite-jobs-marvin.icims.com/jobs/search?ss=1
Marzetti,icims,careers-marzetti.icims.com,https://careers-marzetti.icims.com/jobs/search?ss=1
Maserconsulting,icims,careers-maserconsulting.icims.com,https://careers-maserconsulting.icims.com/jobs/search?ss=1
Mason,icims,careers-mason.icims.com,https://careers-mason.icims.com/jobs/search?ss=1
Massmarkets,icims,careers-massmarkets.icims.com,https://careers-massmarkets.icims.com/jobs/search?ss=1
Massy Wood,icims,careers-massywoodltd.icims.com,https://careers-massywoodltd.icims.com/jobs/search?ss=1
Mastec,icims,advcareers-mastec.icims.com,https://advcareers-mastec.icims.com/jobs/search?ss=1
Mastec,icims,careers-mastec.icims.com,https://careers-mastec.icims.com/jobs/search?ss=1
Mastec,icims,cshcareers-mastec.icims.com,https://cshcareers-mastec.icims.com/jobs/search?ss=1
Mastec,icims,lemcareers-mastec.icims.com,https://lemcareers-mastec.icims.com/jobs/search?ss=1
Mastec,icims,mic-careers-mastec.icims.com,https://mic-careers-mastec.icims.com/jobs/search?ss=1
Mastec,icims,mnscareers-mastec.icims.com,https://mnscareers-mastec.icims.com/jobs/search?ss=1
Mastec,icims,uspcareers-mastec.icims.com,https://uspcareers-mastec.icims.com/jobs/search?ss=1
Mastec,icims,wzkcareers-mastec.icims.com,https://wzkcareers-mastec.icims.com/jobs/search?ss=1
Master Electronics,icims,careers-masterelectronics.icims.com,https://careers-masterelectronics.icims.com/jobs/search?ss=1
Master Halco,icims,careers-ibp.icims.com,https://careers-ibp.icims.com/jobs/search?ss=1
Master Halco,icims,careers-masterhalco.icims.com,https://careers-masterhalco.icims.com/jobs/search?ss=1
"MasterCorp, Inc.",icims,careers-mastercorp.icims.com,https://careers-mastercorp.icims.com/jobs/search?ss=1
"MasterCorp, Inc.",icims,jobseng-mastercorp.icims.com,https://jobseng-mastercorp.icims.com/jobs/search?ss=1
"MasterCorp, Inc.",icims,jobsspa-mastercorp.icims.com,https://jobsspa-mastercorp.icims.com/jobs/search?ss=1
"MasterCorp, Inc.",icims,mcs-es-mastercorp.icims.com,https://mcs-es-mastercorp.icims.com/jobs/search?ss=1
"MasterCorp, Inc.",icims,mcs-mastercorp.icims.com,https://mcs-mastercorp.icims.com/jobs/search?ss=1
"MasterCorp, Inc.",icims,sourcemaster-mastercorp.icims.com,https://sourcemaster-mastercorp.icims.com/jobs/search?ss=1
Match Retail,icims,ca-careers-truemediacanada.icims.com,https://ca-careers-truemediacanada.icims.com/jobs/search?ss=1
Match Retail,icims,careers-coegipartners.icims.com,https://careers-coegipartners.icims.com/jobs/search?ss=1
Match Retail,icims,careers-matchmg.icims.com,https://careers-matchmg.icims.com/jobs/search?ss=1
Match Retail,icims,careers-truemedia.icims.com,https://careers-truemedia.icims.com/jobs/search?ss=1
Match Retail,icims,frca-careers-matchmg.icims.com,https://frca-careers-matchmg.icims.com/jobs/search?ss=1
Match Retail,icims,publiclabel-careers.icims.com,https://publiclabel-careers.icims.com/jobs/search?ss=1
Mathcorps,icims,ga-mathcorps.icims.com,https://ga-mathcorps.icims.com/jobs/search?ss=1
Matrixmedicalnetwork,icims,careers-matrixmedicalnetwork.icims.com,https://careers-matrixmedicalnetwork.icims.com/jobs/search?ss=1
Matthews,icims,careers-matthews.icims.com,https://careers-matthews.icims.com/jobs/search?ss=1
MaxLinear,icims,careersintl-maxlinear.icims.com,https://careersintl-maxlinear.icims.com/jobs/search?ss=1
MaxLinear,icims,careersus-maxlinear.icims.com,https://careersus-maxlinear.icims.com/jobs/search?ss=1
Maxor National Pharmacy Services Corp,icims,careers-maxor.icims.com,https://careers-maxor.icims.com/jobs/search?ss=1
Mayer Brown,icims,apacjobs-mayerbrown.icims.com,https://apacjobs-mayerbrown.icims.com/jobs/search?ss=1
Mayer Brown,icims,jobs-mayerbrown.icims.com,https://jobs-mayerbrown.icims.com/jobs/search?ss=1
Mayer Brown,icims,jobs2-mayerbrown.icims.com,https://jobs2-mayerbrown.icims.com/jobs/search?ss=1
Mayer Brown,icims,jobs3-mayerbrown.icims.com,https://jobs3-mayerbrown.icims.com/jobs/search?ss=1
Mayer Brown,icims,mxjobs-mayerbrown.icims.com,https://mxjobs-mayerbrown.icims.com/jobs/search?ss=1
Mayer Brown,icims,ukjobs-mayerbrown.icims.com,https://ukjobs-mayerbrown.icims.com/jobs/search?ss=1
Mayer Brown,icims,usjobs-mayerbrown.icims.com,https://usjobs-mayerbrown.icims.com/jobs/search?ss=1
McCarthy Tétrault LLP,icims,careers-mccarthyca.icims.com,https://careers-mccarthyca.icims.com/jobs/search?ss=1
McConnell Golf,icims,careers-mcconnellgolf.icims.com,https://careers-mcconnellgolf.icims.com/jobs/search?ss=1
Mcdean,icims,careers-mcdean.icims.com,https://careers-mcdean.icims.com/jobs/search?ss=1
"McDonough Bolyard Peck, Inc. (MBP)",icims,careers-mbpce.icims.com,https://careers-mbpce.icims.com/jobs/search?ss=1
McGuireWoods LLP,icims,staffcareers-mcguirewoods.icims.com,https://staffcareers-mcguirewoods.icims.com/jobs/search?ss=1
McGuireWoods LLP,icims,ukcareers-mcguirewoods.icims.com,https://ukcareers-mcguirewoods.icims.com/jobs/search?ss=1
Mci2,icims,careers-mci2.icims.com,https://careers-mci2.icims.com/jobs/search?ss=1
McShane Construction Company,icims,careers-mcshane.icims.com,https://careers-mcshane.icims.com/jobs/search?ss=1
Mdmercy,icims,careers-mdmercy.icims.com,https://careers-mdmercy.icims.com/jobs/search?ss=1
MDVIP LLC,icims,careers-mdvip.icims.com,https://careers-mdvip.icims.com/jobs/search?ss=1
Meadhunt,icims,careers-meadhunt.icims.com,https://careers-meadhunt.icims.com/jobs/search?ss=1
MEC,icims,careers-mayvl.icims.com,https://careers-mayvl.icims.com/jobs/search?ss=1
MedCura Health,icims,jobs-medcura.icims.com,https://jobs-medcura.icims.com/jobs/search?ss=1
MedCura Health,icims,jobs-oakmed.icims.com,https://jobs-oakmed.icims.com/jobs/search?ss=1
Medical Associates of NWA,icims,careers-mana.icims.com,https://careers-mana.icims.com/jobs/search?ss=1
"Medical Solutions, LLC",icims,careers-medicalsolutions.icims.com,https://careers-medicalsolutions.icims.com/jobs/search?ss=1
"Medical Solutions, LLC",icims,hostcareers-medicalsolutions.icims.com,https://hostcareers-medicalsolutions.icims.com/jobs/search?ss=1
"Medical Solutions, LLC",icims,wwhscareers-medicalsolutions.icims.com,https://wwhscareers-medicalsolutions.icims.com/jobs/search?ss=1
Medici Senza Frontiere Italia,icims,f2fcareers-msf.icims.com,https://f2fcareers-msf.icims.com/jobs/search?ss=1
Medici Senza Frontiere Italia,icims,hqcareers-it-msf.icims.com,https://hqcareers-it-msf.icims.com/jobs/search?ss=1
Medici Senza Frontiere Italia,icims,hqcareers-msf.icims.com,https://hqcareers-msf.icims.com/jobs/search?ss=1
Medici Senza Frontiere Italia,icims,hub-msf.icims.com,https://hub-msf.icims.com/jobs/search?ss=1
Medpace,icims,coloradocareers-medpace.icims.com,https://coloradocareers-medpace.icims.com/jobs/search?ss=1
Medpace,icims,international-medpace.icims.com,https://international-medpace.icims.com/jobs/search?ss=1
Medpace,icims,uscareers-medpace.icims.com,https://uscareers-medpace.icims.com/jobs/search?ss=1
"Medpace, Inc.",icims,careershub-medpace.icims.com,https://careershub-medpace.icims.com/jobs/search?ss=1
Medstarhealth,icims,careers-medstarhealth.icims.com,https://careers-medstarhealth.icims.com/jobs/search?ss=1
Medxcelfm,icims,careers-medxcelfm.icims.com,https://careers-medxcelfm.icims.com/jobs/search?ss=1
Melaleuca,icims,careers-melaleuca.icims.com,https://careers-melaleuca.icims.com/jobs/search?ss=1
Melaleuca,icims,studentcareers-melaleuca.icims.com,https://studentcareers-melaleuca.icims.com/jobs/search?ss=1
Members Insurance Center,icims,careers-floridamic.icims.com,https://careers-floridamic.icims.com/jobs/search?ss=1
Members1St,icims,careers-members1st.icims.com,https://careers-members1st.icims.com/jobs/search?ss=1
Memorial Health,icims,internaljobs-choosememorial.icims.com,https://internaljobs-choosememorial.icims.com/jobs/search?ss=1
Memorial Health,icims,jobs-choosememorial.icims.com,https://jobs-choosememorial.icims.com/jobs/search?ss=1
Memphis Grizzlies,icims,careers-grizzlies.icims.com,https://careers-grizzlies.icims.com/jobs/search?ss=1
Menarini Group,icims,careers-firma.icims.com,https://careers-firma.icims.com/jobs/search?ss=1
Menarini Group,icims,careers-guidotti.icims.com,https://careers-guidotti.icims.com/jobs/search?ss=1
Menarini Group,icims,careers-stemline.icims.com,https://careers-stemline.icims.com/jobs/search?ss=1
Menarini Group,icims,careersus-stemline.icims.com,https://careersus-stemline.icims.com/jobs/search?ss=1
"Mendocino Forest Products Company, LLC",icims,careers-mfp.icims.com,https://careers-mfp.icims.com/jobs/search?ss=1
"Mercury Insurance Services, LLC",icims,careers-aisinsurance.icims.com,https://careers-aisinsurance.icims.com/jobs/search?ss=1
"Mercury Insurance Services, LLC",icims,careers-mercuryinsurance.icims.com,https://careers-mercuryinsurance.icims.com/jobs/search?ss=1
Mercy Health Services Inc.,icims,physicianoffices-mdmercy.icims.com,https://physicianoffices-mdmercy.icims.com/jobs/search?ss=1
Mercyhealth,icims,careers-mercyhealth.icims.com,https://careers-mercyhealth.icims.com/jobs/search?ss=1
Mercyhealth,icims,internship-mercyhealth.icims.com,https://internship-mercyhealth.icims.com/jobs/search?ss=1
Mercyhealth,icims,providers-mercyhealth.icims.com,https://providers-mercyhealth.icims.com/jobs/search?ss=1
Meridian Bioscience,icims,careers-meridianbioscience.icims.com,https://careers-meridianbioscience.icims.com/jobs/search?ss=1
Meridian Bioscience,icims,careerseu-meridianbioscience.icims.com,https://careerseu-meridianbioscience.icims.com/jobs/search?ss=1
Meridian Bioscience,icims,careersquebec-meridianbioscience.icims.com,https://careersquebec-meridianbioscience.icims.com/jobs/search?ss=1
Meridian Health,icims,careers-hist-hackensackmeridianhealth.icims.com,https://careers-hist-hackensackmeridianhealth.icims.com/jobs/search?ss=1
Meridian Health,icims,careers-meridianhealth.icims.com,https://careers-meridianhealth.icims.com/jobs/search?ss=1
Meritagehomes,icims,careers-meritagehomes.icims.com,https://careers-meritagehomes.icims.com/jobs/search?ss=1
Merlin Entertainments,icims,careers-anz-merlinentertainments.icims.com,https://careers-anz-merlinentertainments.icims.com/jobs/search?ss=1
Merlin Entertainments,icims,careers-hk-merlinentertainments.icims.com,https://careers-hk-merlinentertainments.icims.com/jobs/search?ss=1
Merlin Entertainments,icims,careers-ko-merlinentertainments.icims.com,https://careers-ko-merlinentertainments.icims.com/jobs/search?ss=1
Merlin Entertainments,icims,careers-na-merlinentertainments.icims.com,https://careers-na-merlinentertainments.icims.com/jobs/search?ss=1
Merlin Entertainments,icims,careers-nz-merlinentertainments.icims.com,https://careers-nz-merlinentertainments.icims.com/jobs/search?ss=1
Merlin Entertainments,icims,careers-uk-merlinentertainments.icims.com,https://careers-uk-merlinentertainments.icims.com/jobs/search?ss=1
Merlin Entertainments,icims,corporatecareers-merlinentertainments.icims.com,https://corporatecareers-merlinentertainments.icims.com/jobs/search?ss=1
Merlin Entertainments,icims,employees-merlinentertainments.icims.com,https://employees-merlinentertainments.icims.com/jobs/search?ss=1
Merlin Entertainments,icims,hourlycareers-na-merlinentertainments.icims.com,https://hourlycareers-na-merlinentertainments.icims.com/jobs/search?ss=1
Merlin Entertainments,icims,hourlycareers-uk-merlinentertainments.icims.com,https://hourlycareers-uk-merlinentertainments.icims.com/jobs/search?ss=1
Merlin Entertainments,icims,seasonalcareers-na-merlinentertainments.icims.com,https://seasonalcareers-na-merlinentertainments.icims.com/jobs/search?ss=1
Merlin Entertainments,icims,seasonalcareers-uk-merlinentertainments.icims.com,https://seasonalcareers-uk-merlinentertainments.icims.com/jobs/search?ss=1
Merrick,icims,careers-merrick.icims.com,https://careers-merrick.icims.com/jobs/search?ss=1
Mesaba Heating and Air Conditioning,icims,careers-mesabaheating.icims.com,https://careers-mesabaheating.icims.com/jobs/search?ss=1
"Metabolon, Inc",icims,careers-metabolon.icims.com,https://careers-metabolon.icims.com/jobs/search?ss=1
Metagenics,icims,jobs-metagenics.icims.com,https://jobs-metagenics.icims.com/jobs/search?ss=1
Metal Exchange,icims,careers-metalexchange.icims.com,https://careers-metalexchange.icims.com/jobs/search?ss=1
Metal Exchange,icims,careers-metalexchangecorp.icims.com,https://careers-metalexchangecorp.icims.com/jobs/search?ss=1
"Metalcraft of Mayville, Inc.",icims,careers-mtlcraft.icims.com,https://careers-mtlcraft.icims.com/jobs/search?ss=1
Mheducation,icims,careers-mheducation.icims.com,https://careers-mheducation.icims.com/jobs/search?ss=1
Michigan Farm Bureau,icims,careers-michfb.icims.com,https://careers-michfb.icims.com/jobs/search?ss=1
Michigan First,icims,careers-michiganfirst.icims.com,https://careers-michiganfirst.icims.com/jobs/search?ss=1
Microsoft Application,icims,industrynonuseng-ms.icims.com,https://industrynonuseng-ms.icims.com/jobs/search?ss=1
Microsoft Application,icims,industryuseng-ms.icims.com,https://industryuseng-ms.icims.com/jobs/search?ss=1
Microsoft Application,icims,researchnonuseng-ms.icims.com,https://researchnonuseng-ms.icims.com/jobs/search?ss=1
Microsoft Application,icims,universitynonuseng-ms.icims.com,https://universitynonuseng-ms.icims.com/jobs/search?ss=1
Microsoft Application,icims,universityuseng-ms.icims.com,https://universityuseng-ms.icims.com/jobs/search?ss=1
MicroTechnologies,icims,careers-microtechnologies.icims.com,https://careers-microtechnologies.icims.com/jobs/search?ss=1
MicroTechnologies,icims,internal-microtechnologies.icims.com,https://internal-microtechnologies.icims.com/jobs/search?ss=1
Middlesex County,icims,careers-middlesexcountynj.icims.com,https://careers-middlesexcountynj.icims.com/jobs/search?ss=1
Middlesex Savings Bank,icims,jobs-middlesexsavings.icims.com,https://jobs-middlesexsavings.icims.com/jobs/search?ss=1
Midland Health,icims,clinics-midlandhealth.icims.com,https://clinics-midlandhealth.icims.com/jobs/search?ss=1
Midland Health,icims,hospital-midlandhealth.icims.com,https://hospital-midlandhealth.icims.com/jobs/search?ss=1
Midland Health,icims,internal-midlandhealth.icims.com,https://internal-midlandhealth.icims.com/jobs/search?ss=1
Midwest Concrete Constructors,icims,careers-midwestconcrete.icims.com,https://careers-midwestconcrete.icims.com/jobs/search?ss=1
Midwest Express Clinic,icims,careers-midwestexpressclinic.icims.com,https://careers-midwestexpressclinic.icims.com/jobs/search?ss=1
MidWestOne Bank,icims,careers-midwestone.icims.com,https://careers-midwestone.icims.com/jobs/search?ss=1
Milbank LLP,icims,careers-milbank.icims.com,https://careers-milbank.icims.com/jobs/search?ss=1
Millennium Corporation,icims,careers-millgroupinc.icims.com,https://careers-millgroupinc.icims.com/jobs/search?ss=1
Miller's Ale House,icims,management-millersalehouse.icims.com,https://management-millersalehouse.icims.com/jobs/search?ss=1
Miller's Ale House,icims,restaurantsupport-millersalehouse.icims.com,https://restaurantsupport-millersalehouse.icims.com/jobs/search?ss=1
Miller's Ale House,icims,teammember-millersalehouse.icims.com,https://teammember-millersalehouse.icims.com/jobs/search?ss=1
"Miller's Area Heating, Cooling, & Plumbing",icims,careers-edennisacinc.icims.com,https://careers-edennisacinc.icims.com/jobs/search?ss=1
Milo's Tea Company,icims,careers-drinkmilos.icims.com,https://careers-drinkmilos.icims.com/jobs/search?ss=1
Milton CAT,icims,careers-miltoncat.icims.com,https://careers-miltoncat.icims.com/jobs/search?ss=1
Milton CAT,icims,careers-miltonrents.icims.com,https://careers-miltonrents.icims.com/jobs/search?ss=1
Milton CAT,icims,careers-sitechnortheast.icims.com,https://careers-sitechnortheast.icims.com/jobs/search?ss=1
Minco,icims,external-minco.icims.com,https://external-minco.icims.com/jobs/search?ss=1
Mindpath Health,icims,careers-mindpathhealth.icims.com,https://careers-mindpathhealth.icims.com/jobs/search?ss=1
Minerals Technologies,icims,careers-mineralstech.icims.com,https://careers-mineralstech.icims.com/jobs/search?ss=1
MINISO USA,icims,careers-miniso-us.icims.com,https://careers-miniso-us.icims.com/jobs/search?ss=1
Mintdentistry,icims,careers-mintdentistry.icims.com,https://careers-mintdentistry.icims.com/jobs/search?ss=1
Mission Aviation Fellowship International,icims,careers-mafint.icims.com,https://careers-mafint.icims.com/jobs/search?ss=1
Mission Aviation Fellowship International,icims,careers-mafuk.icims.com,https://careers-mafuk.icims.com/jobs/search?ss=1
Mission Aviation Fellowship International,icims,careers2-mafint.icims.com,https://careers2-mafint.icims.com/jobs/search?ss=1
Mission Linen Supply,icims,careers-missionlinen.icims.com,https://careers-missionlinen.icims.com/jobs/search?ss=1
Mission Linen Supply,icims,managementcareers-missionlinen.icims.com,https://managementcareers-missionlinen.icims.com/jobs/search?ss=1
"Mission Support and Test Services, LLC",icims,careers-msts.icims.com,https://careers-msts.icims.com/jobs/search?ss=1
"Mission Support and Test Services, LLC",icims,internalcareers-msts.icims.com,https://internalcareers-msts.icims.com/jobs/search?ss=1
Mitchell,icims,careers-mitchell.icims.com,https://careers-mitchell.icims.com/jobs/search?ss=1
"Mitchell International, Inc.",icims,internal-mitchell.icims.com,https://internal-mitchell.icims.com/jobs/search?ss=1
Mitsubishi Tanabe Pharma,icims,careers-mt-pharma.icims.com,https://careers-mt-pharma.icims.com/jobs/search?ss=1
Mitsubishi Tanabe Pharma,icims,careers2-mt-pharma.icims.com,https://careers2-mt-pharma.icims.com/jobs/search?ss=1
MJHS,icims,careers-mjhs.icims.com,https://careers-mjhs.icims.com/jobs/search?ss=1
MJHS,icims,internal-mjhs.icims.com,https://internal-mjhs.icims.com/jobs/search?ss=1
Mlaglobal,icims,careers-mlaglobal.icims.com,https://careers-mlaglobal.icims.com/jobs/search?ss=1
"Model1 Commercial Vehicles, Inc.",icims,careers-model1.icims.com,https://careers-model1.icims.com/jobs/search?ss=1
MOHAWK,icims,canada-mohawk.icims.com,https://canada-mohawk.icims.com/jobs/search?ss=1
MOHAWK,icims,driver-mohawk.icims.com,https://driver-mohawk.icims.com/jobs/search?ss=1
MOHAWK,icims,internaljobs-mohawk.icims.com,https://internaljobs-mohawk.icims.com/jobs/search?ss=1
MOHAWK,icims,manufacturing-mohawk.icims.com,https://manufacturing-mohawk.icims.com/jobs/search?ss=1
MOHAWK,icims,professional-mohawk.icims.com,https://professional-mohawk.icims.com/jobs/search?ss=1
Montagu Evans LLP,icims,careers-montaguevans.icims.com,https://careers-montaguevans.icims.com/jobs/search?ss=1
Monte Nido & Affiliates,icims,careers-waldeneatingdisorders.icims.com,https://careers-waldeneatingdisorders.icims.com/jobs/search?ss=1
"Monte Rosa Therapeutics, Inc",icims,careers-monterosatx.icims.com,https://careers-monterosatx.icims.com/jobs/search?ss=1
Montenidoaffiliates,icims,careers-montenidoaffiliates.icims.com,https://careers-montenidoaffiliates.icims.com/jobs/search?ss=1
Monument,icims,careers-monument.icims.com,https://careers-monument.icims.com/jobs/search?ss=1
Moorhouse,icims,moorhouse-jobs-expleo.icims.com,https://moorhouse-jobs-expleo.icims.com/jobs/search?ss=1
Moraine Park Technical College,icims,careers-morainepark.icims.com,https://careers-morainepark.icims.com/jobs/search?ss=1
"Morgan Advanced Materials, PLC",icims,careers-morganplc.icims.com,https://careers-morganplc.icims.com/jobs/search?ss=1
Morgan Construction & Environmental Ltd,icims,careers-mcel.icims.com,https://careers-mcel.icims.com/jobs/search?ss=1
Morleynet,icims,careers-morleynet.icims.com,https://careers-morleynet.icims.com/jobs/search?ss=1
Morris-Jenkins,icims,careers-morrisjenkins.icims.com,https://careers-morrisjenkins.icims.com/jobs/search?ss=1
Morrison Heating Cooling & Plumbing,icims,careers-morrisonheatingandair.icims.com,https://careers-morrisonheatingandair.icims.com/jobs/search?ss=1
Moseley Technical Services,icims,careers-moseleytechnical.icims.com,https://careers-moseleytechnical.icims.com/jobs/search?ss=1
Motrex,icims,external-2-motrexllc.icims.com,https://external-2-motrexllc.icims.com/jobs/search?ss=1
Motrex,icims,external-3-motrexllc.icims.com,https://external-3-motrexllc.icims.com/jobs/search?ss=1
Motrex,icims,external-motrexllc.icims.com,https://external-motrexllc.icims.com/jobs/search?ss=1
Mountain Home Services,icims,careers-mountainairutah.icims.com,https://careers-mountainairutah.icims.com/jobs/search?ss=1
Mountain Home Services,icims,careers-mountainhomeservices.icims.com,https://careers-mountainhomeservices.icims.com/jobs/search?ss=1
Mountain River Physical Therapy,icims,careers-mountainriverphysicaltherapy.icims.com,https://careers-mountainriverphysicaltherapy.icims.com/jobs/search?ss=1
Mpower,icims,careers-mpowerdirect.icims.com,https://careers-mpowerdirect.icims.com/jobs/search?ss=1
Mpower,icims,careers-mpowerenergy.icims.com,https://careers-mpowerenergy.icims.com/jobs/search?ss=1
MPOWERHealth,icims,careers-mpowerpractice.icims.com,https://careers-mpowerpractice.icims.com/jobs/search?ss=1
MPOWERHealth,icims,careers2-mpowerpractice.icims.com,https://careers2-mpowerpractice.icims.com/jobs/search?ss=1
"MPR Associates, Inc.",icims,careers-mpr.icims.com,https://careers-mpr.icims.com/jobs/search?ss=1
"MPR Associates, Inc.",icims,nusourcellccareers-mpr.icims.com,https://nusourcellccareers-mpr.icims.com/jobs/search?ss=1
"MPR Associates, Inc.",icims,universitycareers-mpr.icims.com,https://universitycareers-mpr.icims.com/jobs/search?ss=1
Mr. Central,icims,careers-mrcentral.icims.com,https://careers-mrcentral.icims.com/jobs/search?ss=1
MRO Corporation,icims,careers-mrocorp.icims.com,https://careers-mrocorp.icims.com/jobs/search?ss=1
"MSA Professional Services, Inc",icims,careers-msa-ps.icims.com,https://careers-msa-ps.icims.com/jobs/search?ss=1
MSA Safety,icims,internal-msasafety.icims.com,https://internal-msasafety.icims.com/jobs/search?ss=1
Msasafety,icims,careers-msasafety.icims.com,https://careers-msasafety.icims.com/jobs/search?ss=1
Msasafety,icims,college-msasafety.icims.com,https://college-msasafety.icims.com/jobs/search?ss=1
Msasafety,icims,international-msasafety.icims.com,https://international-msasafety.icims.com/jobs/search?ss=1
MSCI Inc.,icims,globalcareers-msci.icims.com,https://globalcareers-msci.icims.com/jobs/search?ss=1
MSCI Inc.,icims,referral-msci.icims.com,https://referral-msci.icims.com/jobs/search?ss=1
MSCI Inc.,icims,rsacareers-msci.icims.com,https://rsacareers-msci.icims.com/jobs/search?ss=1
MSCI Inc.,icims,ukcareers-msci.icims.com,https://ukcareers-msci.icims.com/jobs/search?ss=1
MSCI Inc.,icims,uscareers-msci.icims.com,https://uscareers-msci.icims.com/jobs/search?ss=1
Mubadalahealth,icims,careers-mubadalahealth.icims.com,https://careers-mubadalahealth.icims.com/jobs/search?ss=1
Muckleshoot Indian Tribe,icims,careers-muckleshootgov.icims.com,https://careers-muckleshootgov.icims.com/jobs/search?ss=1
Musculoskeletal Transplant Foundation,icims,careers-mtf.icims.com,https://careers-mtf.icims.com/jobs/search?ss=1
Musculoskeletal Transplant Foundation,icims,careers-mtfbiologics.icims.com,https://careers-mtfbiologics.icims.com/jobs/search?ss=1
Musculoskeletal Transplant Foundation,icims,internalcareers-mtfbiologics.icims.com,https://internalcareers-mtfbiologics.icims.com/jobs/search?ss=1
Mutual of Enumclaw Insurance,icims,jobs-mutualofenumclaw.icims.com,https://jobs-mutualofenumclaw.icims.com/jobs/search?ss=1
MV Transportation,icims,field-mvtransit.icims.com,https://field-mvtransit.icims.com/jobs/search?ss=1
MV Transportation,icims,internal-mvtransit.icims.com,https://internal-mvtransit.icims.com/jobs/search?ss=1
Mwt,icims,partners-hourly-mwt.icims.com,https://partners-hourly-mwt.icims.com/jobs/search?ss=1
Mwt,icims,professional-mwt.icims.com,https://professional-mwt.icims.com/jobs/search?ss=1
My Community Dental Centers Inc,icims,careers-mydental.icims.com,https://careers-mydental.icims.com/jobs/search?ss=1
Mymichigan,icims,careers-mymichigan.icims.com,https://careers-mymichigan.icims.com/jobs/search?ss=1
MYR Group,icims,internal-myrgroup.icims.com,https://internal-myrgroup.icims.com/jobs/search?ss=1
Myrgroup,icims,careers-myrgroup.icims.com,https://careers-myrgroup.icims.com/jobs/search?ss=1
Mythics Careers,icims,external-mythics.icims.com,https://external-mythics.icims.com/jobs/search?ss=1
N Street Village,icims,careers-nstreetvillage.icims.com,https://careers-nstreetvillage.icims.com/jobs/search?ss=1
Na 'Oiwi Kane,icims,careers-4s.icims.com,https://careers-4s.icims.com/jobs/search?ss=1
Na 'Oiwi Kane,icims,careers-galapagos.icims.com,https://careers-galapagos.icims.com/jobs/search?ss=1
Na 'Oiwi Kane,icims,careers-haweo.icims.com,https://careers-haweo.icims.com/jobs/search?ss=1
Na 'Oiwi Kane,icims,careers-honuservices.icims.com,https://careers-honuservices.icims.com/jobs/search?ss=1
Na 'Oiwi Kane,icims,careers-kaihonua.icims.com,https://careers-kaihonua.icims.com/jobs/search?ss=1
Na 'Oiwi Kane,icims,careers-kaukahi.icims.com,https://careers-kaukahi.icims.com/jobs/search?ss=1
Na 'Oiwi Kane,icims,careers-kfs.icims.com,https://careers-kfs.icims.com/jobs/search?ss=1
Na 'Oiwi Kane,icims,careers-kiakahi.icims.com,https://careers-kiakahi.icims.com/jobs/search?ss=1
Na 'Oiwi Kane,icims,careers-malanai.icims.com,https://careers-malanai.icims.com/jobs/search?ss=1
Na 'Oiwi Kane,icims,careers-manolani.icims.com,https://careers-manolani.icims.com/jobs/search?ss=1
Na 'Oiwi Kane,icims,careers-rivet.icims.com,https://careers-rivet.icims.com/jobs/search?ss=1
Na 'Oiwi Kane,icims,careers-tactica-management-services.icims.com,https://careers-tactica-management-services.icims.com/jobs/search?ss=1
Na 'Oiwi Kane,icims,careers-tactica-solutions.icims.com,https://careers-tactica-solutions.icims.com/jobs/search?ss=1
Na 'Oiwi Kane,icims,careers-tutulu.icims.com,https://careers-tutulu.icims.com/jobs/search?ss=1
Na 'Oiwi Kane,icims,careers-vintun.icims.com,https://careers-vintun.icims.com/jobs/search?ss=1
Nakupuna Companies,icims,careers-na-alii.icims.com,https://careers-na-alii.icims.com/jobs/search?ss=1
Nakupuna Companies,icims,careers-nakupuna.icims.com,https://careers-nakupuna.icims.com/jobs/search?ss=1
NANA - Akima,icims,careers-nana.icims.com,https://careers-nana.icims.com/jobs/search?ss=1
NANA - Akima,icims,kuna-nana.icims.com,https://kuna-nana.icims.com/jobs/search?ss=1
NANA - Akima,icims,nananorth-nana.icims.com,https://nananorth-nana.icims.com/jobs/search?ss=1
NANA - Akima,icims,nanaworley-nana.icims.com,https://nanaworley-nana.icims.com/jobs/search?ss=1
NANA - Akima,icims,nrc-nana.icims.com,https://nrc-nana.icims.com/jobs/search?ss=1
Napanasonic,icims,uscareers-napanasonic.icims.com,https://uscareers-napanasonic.icims.com/jobs/search?ss=1
NaphCare,icims,careers-naphcare.icims.com,https://careers-naphcare.icims.com/jobs/search?ss=1
NASCO,icims,careers-nasco.icims.com,https://careers-nasco.icims.com/jobs/search?ss=1
Natchez Heating & Cooling,icims,careers-natchezheatingandcooling.icims.com,https://careers-natchezheatingandcooling.icims.com/jobs/search?ss=1
"National Beef Packing Co., LLC",icims,corporate-nationalbeef.icims.com,https://corporate-nationalbeef.icims.com/jobs/search?ss=1
"National Beef Packing Co., LLC",icims,hourly-nationalbeef.icims.com,https://hourly-nationalbeef.icims.com/jobs/search?ss=1
"National Beef Packing Co., LLC",icims,hourlysp-nationalbeef.icims.com,https://hourlysp-nationalbeef.icims.com/jobs/search?ss=1
National DCP,icims,careers-natdcp.icims.com,https://careers-natdcp.icims.com/jobs/search?ss=1
National DCP,icims,drivers-natdcp.icims.com,https://drivers-natdcp.icims.com/jobs/search?ss=1
National DCP,icims,warehouse-natdcp.icims.com,https://warehouse-natdcp.icims.com/jobs/search?ss=1
National Debt Relief LLC,icims,careers-nationaldebtrelief.icims.com,https://careers-nationaldebtrelief.icims.com/jobs/search?ss=1
National Debt Relief LLC,icims,external-debthelp.icims.com,https://external-debthelp.icims.com/jobs/search?ss=1
National Health Care Associates Inc.,icims,careers-nathealthcare.icims.com,https://careers-nathealthcare.icims.com/jobs/search?ss=1
National House-Building Council,icims,careers-nhbc.icims.com,https://careers-nhbc.icims.com/jobs/search?ss=1
National Louis University,icims,careers-nl.icims.com,https://careers-nl.icims.com/jobs/search?ss=1
National Urban League,icims,jobs-iamempowered.icims.com,https://jobs-iamempowered.icims.com/jobs/search?ss=1
Natural Grocers,icims,careers-naturalgrocers.icims.com,https://careers-naturalgrocers.icims.com/jobs/search?ss=1
Natural Grocers,icims,internal-naturalgrocers.icims.com,https://internal-naturalgrocers.icims.com/jobs/search?ss=1
"Natural Resources Defense Council, Inc.",icims,careers-nrdc.icims.com,https://careers-nrdc.icims.com/jobs/search?ss=1
"Natural Resources Defense Council, Inc.",icims,internal-nrdc.icims.com,https://internal-nrdc.icims.com/jobs/search?ss=1
Natureswayfoods,icims,careers-natureswayfoods.icims.com,https://careers-natureswayfoods.icims.com/jobs/search?ss=1
"Navitus Health Solutions, LLC",icims,careers-navitus.icims.com,https://careers-navitus.icims.com/jobs/search?ss=1
"Navitus Health Solutions, LLC",icims,employees-navitus.icims.com,https://employees-navitus.icims.com/jobs/search?ss=1
NCFE,icims,careers-ncfe.icims.com,https://careers-ncfe.icims.com/jobs/search?ss=1
NCFE,icims,internalcareers-ncfe.icims.com,https://internalcareers-ncfe.icims.com/jobs/search?ss=1
"NCI, Inc.",icims,careers-empowerai.icims.com,https://careers-empowerai.icims.com/jobs/search?ss=1
"NCI, Inc.",icims,careers-nciinc.icims.com,https://careers-nciinc.icims.com/jobs/search?ss=1
Neighborhood Defender Service Inc,icims,careers-neighborhooddefender.icims.com,https://careers-neighborhooddefender.icims.com/jobs/search?ss=1
Nelson Mullins,icims,careers-nelsonmullins.icims.com,https://careers-nelsonmullins.icims.com/jobs/search?ss=1
Nelson Mullins,icims,internal-nelsonmullins.icims.com,https://internal-nelsonmullins.icims.com/jobs/search?ss=1
NetImpact Strategies Inc.,icims,careers-netimpactstrategies.icims.com,https://careers-netimpactstrategies.icims.com/jobs/search?ss=1
NeuroPsychiatric Hospitals,icims,careers-nph.icims.com,https://careers-nph.icims.com/jobs/search?ss=1
New American Funding,icims,careers-nafinc.icims.com,https://careers-nafinc.icims.com/jobs/search?ss=1
New American Funding,icims,careers-zigzy.icims.com,https://careers-zigzy.icims.com/jobs/search?ss=1
New American Funding,icims,olacareers-nafinc.icims.com,https://olacareers-nafinc.icims.com/jobs/search?ss=1
New Haven,icims,careers-newhaven.icims.com,https://careers-newhaven.icims.com/jobs/search?ss=1
"New Jersey Careers in Developmental, Autism & NeuroRehab | Bancroft",icims,careers-bancroft.icims.com,https://careers-bancroft.icims.com/jobs/search?ss=1
New River YMCA,icims,careers-newriver-ymca.icims.com,https://careers-newriver-ymca.icims.com/jobs/search?ss=1
New Vision Wilderness Therapy,icims,careers-newvisionwilderness.icims.com,https://careers-newvisionwilderness.icims.com/jobs/search?ss=1
New York Blood Center Enterprises,icims,careers-bbd.icims.com,https://careers-bbd.icims.com/jobs/search?ss=1
New York Blood Center Enterprises,icims,careers-cbc-nybloodcenter.icims.com,https://careers-cbc-nybloodcenter.icims.com/jobs/search?ss=1
New York Blood Center Enterprises,icims,careers-ibr.icims.com,https://careers-ibr.icims.com/jobs/search?ss=1
New York Blood Center Enterprises,icims,careers-nybloodcenter.icims.com,https://careers-nybloodcenter.icims.com/jobs/search?ss=1
New York Blood Center Enterprises,icims,careers-ribc.icims.com,https://careers-ribc.icims.com/jobs/search?ss=1
New You Bariatric Group,icims,careers-nybg.icims.com,https://careers-nybg.icims.com/jobs/search?ss=1
NewMarket Services,icims,careers-newmarket.icims.com,https://careers-newmarket.icims.com/jobs/search?ss=1
Newportacademy,icims,careers-newportacademy.icims.com,https://careers-newportacademy.icims.com/jobs/search?ss=1
Nextech North America,icims,brines-refrigeration.icims.com,https://brines-refrigeration.icims.com/jobs/search?ss=1
Nextech North America,icims,careers-prodigy.icims.com,https://careers-prodigy.icims.com/jobs/search?ss=1
Nextech North America,icims,internal-nextechna.icims.com,https://internal-nextechna.icims.com/jobs/search?ss=1
Nextechna,icims,careers-nextechna.icims.com,https://careers-nextechna.icims.com/jobs/search?ss=1
"NFF, Inc.",icims,jobs-nffinc.icims.com,https://jobs-nffinc.icims.com/jobs/search?ss=1
Nfib,icims,careers-nfib.icims.com,https://careers-nfib.icims.com/jobs/search?ss=1
Nikkiso Clean Energy & Industrial Gases,icims,allcareers-nikkiso.icims.com,https://allcareers-nikkiso.icims.com/jobs/search?ss=1
Nikkiso Clean Energy & Industrial Gases,icims,careers-nikkiso.icims.com,https://careers-nikkiso.icims.com/jobs/search?ss=1
Nikkiso Clean Energy & Industrial Gases,icims,decareers-nikkiso.icims.com,https://decareers-nikkiso.icims.com/jobs/search?ss=1
Nikkiso Clean Energy & Industrial Gases,icims,incareers-nikkiso.icims.com,https://incareers-nikkiso.icims.com/jobs/search?ss=1
Nikkiso Clean Energy & Industrial Gases,icims,ukcareers-nikkiso.icims.com,https://ukcareers-nikkiso.icims.com/jobs/search?ss=1
Nippon Express USA,icims,careers-nipponexpress.icims.com,https://careers-nipponexpress.icims.com/jobs/search?ss=1
"NISA Investment Advisors, LLC",icims,careers-nisa.icims.com,https://careers-nisa.icims.com/jobs/search?ss=1
"Nissin Foods (USA) Co., Inc.",icims,careers-nissinfoods.icims.com,https://careers-nissinfoods.icims.com/jobs/search?ss=1
NJEDA,icims,careers-njeda.icims.com,https://careers-njeda.icims.com/jobs/search?ss=1
NJEDA,icims,intranet-njeda.icims.com,https://intranet-njeda.icims.com/jobs/search?ss=1
NJEDA,icims,njsame-njeda.icims.com,https://njsame-njeda.icims.com/jobs/search?ss=1
Noble Careers,icims,careers-noble.icims.com,https://careers-noble.icims.com/jobs/search?ss=1
Noblis,icims,jobs-esi.icims.com,https://jobs-esi.icims.com/jobs/search?ss=1
Noblis,icims,jobs-noblis.icims.com,https://jobs-noblis.icims.com/jobs/search?ss=1
Noblis,icims,noblis-nsp.icims.com,https://noblis-nsp.icims.com/jobs/search?ss=1
Nomad Foods Europe / Birds Eye,icims,careers-findus.icims.com,https://careers-findus.icims.com/jobs/search?ss=1
Nomad Foods Europe / Birds Eye,icims,careers-nomadfoods.icims.com,https://careers-nomadfoods.icims.com/jobs/search?ss=1
Nomad Foods Europe / Birds Eye,icims,internal-nomadfoods.icims.com,https://internal-nomadfoods.icims.com/jobs/search?ss=1
Noodles & Company,icims,careers-noodles.icims.com,https://careers-noodles.icims.com/jobs/search?ss=1
Noodles & Company,icims,jobs-noodles.icims.com,https://jobs-noodles.icims.com/jobs/search?ss=1
Nortal,icims,career-de-nortal.icims.com,https://career-de-nortal.icims.com/jobs/search?ss=1
Nortal,icims,career-hub-nortal.icims.com,https://career-hub-nortal.icims.com/jobs/search?ss=1
Nortal,icims,careers-en-nortal.icims.com,https://careers-en-nortal.icims.com/jobs/search?ss=1
Nortal,icims,careers-pwrteams.icims.com,https://careers-pwrteams.icims.com/jobs/search?ss=1
Nortal,icims,careers-us-nortal.icims.com,https://careers-us-nortal.icims.com/jobs/search?ss=1
North American Construction Group,icims,careers-asnconstructors.icims.com,https://careers-asnconstructors.icims.com/jobs/search?ss=1
North American Construction Group,icims,careers-kemmerer.icims.com,https://careers-kemmerer.icims.com/jobs/search?ss=1
North American Construction Group,icims,careers-nacg.icims.com,https://careers-nacg.icims.com/jobs/search?ss=1
North American Construction Group,icims,careers-sanmiguel.icims.com,https://careers-sanmiguel.icims.com/jobs/search?ss=1
North American Construction Group,icims,intranet-nacg.icims.com,https://intranet-nacg.icims.com/jobs/search?ss=1
North American Construction Group,icims,trades-nacg.icims.com,https://trades-nacg.icims.com/jobs/search?ss=1
North American Dental Group,icims,careers-nadentalgroup.icims.com,https://careers-nadentalgroup.icims.com/jobs/search?ss=1
North American Dental Group,icims,careers2-nadentalgroup.icims.com,https://careers2-nadentalgroup.icims.com/jobs/search?ss=1
North American Dental Group,icims,dentistcareers-nadentalgroup.icims.com,https://dentistcareers-nadentalgroup.icims.com/jobs/search?ss=1
North American Group,icims,careers-denenorth.icims.com,https://careers-denenorth.icims.com/jobs/search?ss=1
North American Partners in Anesthesia,icims,careers-napaanesthesia.icims.com,https://careers-napaanesthesia.icims.com/jobs/search?ss=1
"North Coast Holdings, Inc.",icims,corporate-lewistree.icims.com,https://corporate-lewistree.icims.com/jobs/search?ss=1
Northern Arizona Healthcare,icims,careers-nahealth.icims.com,https://careers-nahealth.icims.com/jobs/search?ss=1
Northitaliacareers,icims,applyhourlyjobs-northitaliacareers.icims.com,https://applyhourlyjobs-northitaliacareers.icims.com/jobs/search?ss=1
Northside Hospital Inc.,icims,careers-mynorthsidecareer.icims.com,https://careers-mynorthsidecareer.icims.com/jobs/search?ss=1
Northside Hospital Inc.,icims,careers-northside.icims.com,https://careers-northside.icims.com/jobs/search?ss=1
Northside Hospital Inc.,icims,employees-mynorthsidecareer.icims.com,https://employees-mynorthsidecareer.icims.com/jobs/search?ss=1
NorthStar Anesthesia,icims,careers-northstaranesthesia.icims.com,https://careers-northstaranesthesia.icims.com/jobs/search?ss=1
NorthStar Anesthesia,icims,careers2-northstaranesthesia.icims.com,https://careers2-northstaranesthesia.icims.com/jobs/search?ss=1
NorthStar Anesthesia,icims,careers3-northstaranesthesia.icims.com,https://careers3-northstaranesthesia.icims.com/jobs/search?ss=1
"NorthStar Medical Radioisotopes, LLC",icims,careers-northstarnm.icims.com,https://careers-northstarnm.icims.com/jobs/search?ss=1
Northwest Federal Credit Union,icims,internal-nwfcu.icims.com,https://internal-nwfcu.icims.com/jobs/search?ss=1
Northwest Federal Credit Union,icims,internship-nwfcu.icims.com,https://internship-nwfcu.icims.com/jobs/search?ss=1
Northwest Lineman College,icims,careers-lineman.icims.com,https://careers-lineman.icims.com/jobs/search?ss=1
Northwest Permanente,icims,careers-nwp.icims.com,https://careers-nwp.icims.com/jobs/search?ss=1
Northwest Physical Therapy,icims,careers-northwestphysicaltherapy.icims.com,https://careers-northwestphysicaltherapy.icims.com/jobs/search?ss=1
Northwest Territories Power Corporation,icims,careers-ntpc.icims.com,https://careers-ntpc.icims.com/jobs/search?ss=1
Northwestern Mutual,icims,careers-northwesternmutual.icims.com,https://careers-northwesternmutual.icims.com/jobs/search?ss=1
Northwestern Mutual,icims,opportunities-northwesternmutual.icims.com,https://opportunities-northwesternmutual.icims.com/jobs/search?ss=1
Northwestern Mutual,icims,private-northwesternmutual.icims.com,https://private-northwesternmutual.icims.com/jobs/search?ss=1
Northwood Technical College,icims,careers-northwoodtechnicalcollege.icims.com,https://careers-northwoodtechnicalcollege.icims.com/jobs/search?ss=1
Nortonhealthcare,icims,provider-nortonhealthcare.icims.com,https://provider-nortonhealthcare.icims.com/jobs/search?ss=1
NOVA Corporation,icims,careers-afms.icims.com,https://careers-afms.icims.com/jobs/search?ss=1
Nova Medical Centers,icims,jobs-novamedical.icims.com,https://jobs-novamedical.icims.com/jobs/search?ss=1
Nova Space Solutions,icims,nsscareers-chugach.icims.com,https://nsscareers-chugach.icims.com/jobs/search?ss=1
Novant Health,icims,easyapply-novanthealth.icims.com,https://easyapply-novanthealth.icims.com/jobs/search?ss=1
Novant Health,icims,internal-novanthealth.icims.com,https://internal-novanthealth.icims.com/jobs/search?ss=1
Novanthealth,icims,external-novanthealth.icims.com,https://external-novanthealth.icims.com/jobs/search?ss=1
Novanthealth,icims,physicians-novanthealth.icims.com,https://physicians-novanthealth.icims.com/jobs/search?ss=1
NovAtel,icims,careers-hexagonpositioning.icims.com,https://careers-hexagonpositioning.icims.com/jobs/search?ss=1
Novelis,icims,careers-novelis.icims.com,https://careers-novelis.icims.com/jobs/search?ss=1
Novelis,icims,ch-external-novelis.icims.com,https://ch-external-novelis.icims.com/jobs/search?ss=1
Novelis,icims,de-careers-novelis.icims.com,https://de-careers-novelis.icims.com/jobs/search?ss=1
Novelis,icims,fr-careers-novelis.icims.com,https://fr-careers-novelis.icims.com/jobs/search?ss=1
Novelis,icims,internal-novelis.icims.com,https://internal-novelis.icims.com/jobs/search?ss=1
Novelis,icims,it-careers-novelis.icims.com,https://it-careers-novelis.icims.com/jobs/search?ss=1
Novelis,icims,jobs-novelis.icims.com,https://jobs-novelis.icims.com/jobs/search?ss=1
Novelis,icims,ko-careers-novelis.icims.com,https://ko-careers-novelis.icims.com/jobs/search?ss=1
Novelis,icims,uk-external-novelis.icims.com,https://uk-external-novelis.icims.com/jobs/search?ss=1
Novelis,icims,zh-careers-novelis.icims.com,https://zh-careers-novelis.icims.com/jobs/search?ss=1
"Noven Pharmaceuticals, Inc.",icims,careers-noven.icims.com,https://careers-noven.icims.com/jobs/search?ss=1
Novolex,icims,careers-novolex.icims.com,https://careers-novolex.icims.com/jobs/search?ss=1
Novolex,icims,careers-pactiv-evergreen.icims.com,https://careers-pactiv-evergreen.icims.com/jobs/search?ss=1
NRG,icims,careers-nrgmr.icims.com,https://careers-nrgmr.icims.com/jobs/search?ss=1
nscglobal,icims,careers-nscglobal.icims.com,https://careers-nscglobal.icims.com/jobs/search?ss=1
Ntrepid,icims,careers-ntrepidcorp.icims.com,https://careers-ntrepidcorp.icims.com/jobs/search?ss=1
Nugget Market,icims,careers-nuggetmarket.icims.com,https://careers-nuggetmarket.icims.com/jobs/search?ss=1
Nuna Group of Companies,icims,careers-nunalogistics.icims.com,https://careers-nunalogistics.icims.com/jobs/search?ss=1
Nuri,icims,careers-nuri.icims.com,https://careers-nuri.icims.com/jobs/search?ss=1
Nuri,icims,jobs-nuri.icims.com,https://jobs-nuri.icims.com/jobs/search?ss=1
NV5,icims,careers-nv5.icims.com,https://careers-nv5.icims.com/jobs/search?ss=1
NVISION Centers,icims,careers-nvisioncenters.icims.com,https://careers-nvisioncenters.icims.com/jobs/search?ss=1
Nwfcu,icims,careers-nwfcu.icims.com,https://careers-nwfcu.icims.com/jobs/search?ss=1
NWN Carousel,icims,careers-carousel.icims.com,https://careers-carousel.icims.com/jobs/search?ss=1
NYSA Careers | New York Shipping Association,icims,careers-nysa.icims.com,https://careers-nysa.icims.com/jobs/search?ss=1
NYU Jobs,icims,careers-nyu.icims.com,https://careers-nyu.icims.com/jobs/search?ss=1
NYU Jobs - ABU DHABI,icims,abudhabi-nyu.icims.com,https://abudhabi-nyu.icims.com/jobs/search?ss=1
NYU Jobs - Global,icims,global-nyu.icims.com,https://global-nyu.icims.com/jobs/search?ss=1
NYU Jobs - Internal,icims,internal-nyu.icims.com,https://internal-nyu.icims.com/jobs/search?ss=1
NYU Jobs - Shanghai,icims,shanghai-nyu.icims.com,https://shanghai-nyu.icims.com/jobs/search?ss=1
NYU Jobs - U.S. Careers,icims,uscareers-nyu.icims.com,https://uscareers-nyu.icims.com/jobs/search?ss=1
"Oak Hill Advisors, L.P.",icims,careers-oakhilladvisors.icims.com,https://careers-oakhilladvisors.icims.com/jobs/search?ss=1
Oak Ridge Associated Universities,icims,careers-oraucareers.icims.com,https://careers-oraucareers.icims.com/jobs/search?ss=1
Oak Ridge Associated Universities,icims,internal-oraucareers.icims.com,https://internal-oraucareers.icims.com/jobs/search?ss=1
"Oak Ridge Associated Universities, Inc.",icims,careers-orau.icims.com,https://careers-orau.icims.com/jobs/search?ss=1
"Oak Ridge Associated Universities, Inc.",icims,epacareers-orau.icims.com,https://epacareers-orau.icims.com/jobs/search?ss=1
Oak View Group,icims,careers-comcastspectacor.icims.com,https://careers-comcastspectacor.icims.com/jobs/search?ss=1
Oak View Group,icims,careers-ovg.icims.com,https://careers-ovg.icims.com/jobs/search?ss=1
Oak View Group,icims,careers-ovgcan.icims.com,https://careers-ovgcan.icims.com/jobs/search?ss=1
Oak View Group,icims,careers-ovguk.icims.com,https://careers-ovguk.icims.com/jobs/search?ss=1
Oak View Group,icims,careers-spectra.icims.com,https://careers-spectra.icims.com/jobs/search?ss=1
Oak View Group,icims,intern-careers-ovg.icims.com,https://intern-careers-ovg.icims.com/jobs/search?ss=1
Oak View Group,icims,internal-ovg.icims.com,https://internal-ovg.icims.com/jobs/search?ss=1
Oak View Group,icims,internal-ovguk.icims.com,https://internal-ovguk.icims.com/jobs/search?ss=1
Oak View Group,icims,teamwork-ovg.icims.com,https://teamwork-ovg.icims.com/jobs/search?ss=1
Oak View Group,icims,teamwork-spectra.icims.com,https://teamwork-spectra.icims.com/jobs/search?ss=1
OakBend Medical Center,icims,careers-obmc.icims.com,https://careers-obmc.icims.com/jobs/search?ss=1
Oakhill,icims,careers-oakhill.icims.com,https://careers-oakhill.icims.com/jobs/search?ss=1
"Oakland County, Michigan",icims,careers-oakgov.icims.com,https://careers-oakgov.icims.com/jobs/search?ss=1
Oakland Museum of CA,icims,internal-museumca.icims.com,https://internal-museumca.icims.com/jobs/search?ss=1
Oasis Systems,icims,careers-oasis.icims.com,https://careers-oasis.icims.com/jobs/search?ss=1
Oasis Systems,icims,oasiscareers-oasissystems.icims.com,https://oasiscareers-oasissystems.icims.com/jobs/search?ss=1
Oasis SystemsCareers - Oasis Systems,icims,hsicareers-oasissystems.icims.com,https://hsicareers-oasissystems.icims.com/jobs/search?ss=1
Obhs,icims,careers-obhs.icims.com,https://careers-obhs.icims.com/jobs/search?ss=1
OBXtek Inc.,icims,careers-obxtek.icims.com,https://careers-obxtek.icims.com/jobs/search?ss=1
OC 405 Partners,icims,careers-oc405.icims.com,https://careers-oc405.icims.com/jobs/search?ss=1
Ocean Bank,icims,careers-oceanbank.icims.com,https://careers-oceanbank.icims.com/jobs/search?ss=1
Ocps,icims,invitation-ocps.icims.com,https://invitation-ocps.icims.com/jobs/search?ss=1
Octa,icims,applyjobs-octa.icims.com,https://applyjobs-octa.icims.com/jobs/search?ss=1
Octa,icims,applyocbus-octa.icims.com,https://applyocbus-octa.icims.com/jobs/search?ss=1
Octa,icims,applyuniversity-octa.icims.com,https://applyuniversity-octa.icims.com/jobs/search?ss=1
"Ocular Therapeutix, Inc",icims,careers-oculartherapeutix.icims.com,https://careers-oculartherapeutix.icims.com/jobs/search?ss=1
Odgers,icims,careers-berwickpartners.icims.com,https://careers-berwickpartners.icims.com/jobs/search?ss=1
Odgers,icims,careers-odgers.icims.com,https://careers-odgers.icims.com/jobs/search?ss=1
Odgers,icims,careers-odgersberndtson.icims.com,https://careers-odgersberndtson.icims.com/jobs/search?ss=1
Odgers,icims,careers-odgersinterim.icims.com,https://careers-odgersinterim.icims.com/jobs/search?ss=1
"Odyssey Systems Consulting Group, Ltd.",icims,careers-odysseyconsult.icims.com,https://careers-odysseyconsult.icims.com/jobs/search?ss=1
"Odyssey Systems Consulting Group, Ltd.",icims,transition-to-odysseyconsult.icims.com,https://transition-to-odysseyconsult.icims.com/jobs/search?ss=1
OE Federal Credit Union,icims,careers-oefcu.icims.com,https://careers-oefcu.icims.com/jobs/search?ss=1
OE Federal Credit Union,icims,careers-oefederal.icims.com,https://careers-oefederal.icims.com/jobs/search?ss=1
Ofertas de empleo en Great Dane LLC,icims,spanish-greatdane.icims.com,https://spanish-greatdane.icims.com/jobs/search?ss=1
Ofertas de empleo en Oak View Group,icims,careers-ovgmx.icims.com,https://careers-ovgmx.icims.com/jobs/search?ss=1
Ofertas de empleo en {empresa},icims,hourly-spanish-redlobster.icims.com,https://hourly-spanish-redlobster.icims.com/jobs/search?ss=1
Ofertas de Emprego na LifeScan Global Corporation,icims,pt-lifescan.icims.com,https://pt-lifescan.icims.com/jobs/search?ss=1
"Ofertas de trabajo en 48Forty Solutions, LLC",icims,careerssp-48forty.icims.com,https://careerssp-48forty.icims.com/jobs/search?ss=1
"Ofertas de trabajo en AIT Worldwide Logistics, Inc",icims,spanish-careers-aitworldwide.icims.com,https://spanish-careers-aitworldwide.icims.com/jobs/search?ss=1
Ofertas de trabajo en Fresco y Más,icims,es-careers-frescoymas.icims.com,https://es-careers-frescoymas.icims.com/jobs/search?ss=1
Ofertas de trabajo en Gildan Activewear Inc.,icims,carreras-hrl-gildan.icims.com,https://carreras-hrl-gildan.icims.com/jobs/search?ss=1
Ofertas de trabajo en Noodles & Company,icims,spcareers-noodles.icims.com,https://spcareers-noodles.icims.com/jobs/search?ss=1
Ofertas de trabajo en Noodles & Company,icims,spjobs-noodles.icims.com,https://spjobs-noodles.icims.com/jobs/search?ss=1
Ofertas de trabajo en Pollo Campero,icims,escareers-campero.icims.com,https://escareers-campero.icims.com/jobs/search?ss=1
Ofertas de trabajo en Resonetics,icims,spanishcareers-resonetics.icims.com,https://spanishcareers-resonetics.icims.com/jobs/search?ss=1
Ofertas de trabajo en The MasTec Companies,icims,spcareers-mastec.icims.com,https://spcareers-mastec.icims.com/jobs/search?ss=1
Ofertas de trabajo en WernerCo,icims,mexicocareers-prodrivenbrands.icims.com,https://mexicocareers-prodrivenbrands.icims.com/jobs/search?ss=1
Ofertas de trabajo en WernerCo,icims,mexicocareers-wernerco.icims.com,https://mexicocareers-wernerco.icims.com/jobs/search?ss=1
Oferty pracy w Danone,icims,plapply-danone.icims.com,https://plapply-danone.icims.com/jobs/search?ss=1
Offer Management at Stifel,icims,offer-stifel.icims.com,https://offer-stifel.icims.com/jobs/search?ss=1
Offer Management at YMCA of San Diego County,icims,offer-ymcasd.icims.com,https://offer-ymcasd.icims.com/jobs/search?ss=1
Offerte di lavoro presso Merlin Entertainments,icims,careers-it-merlinentertainments.icims.com,https://careers-it-merlinentertainments.icims.com/jobs/search?ss=1
"Offres d'emploi chez AIT Worldwide Logistics, Inc",icims,france-careers-aitworldwide.icims.com,https://france-careers-aitworldwide.icims.com/jobs/search?ss=1
Offres d'emploi chez Axione France,icims,carrieres-axionefrance.icims.com,https://carrieres-axionefrance.icims.com/jobs/search?ss=1
Offres d'emploi chez CCR Commercial Refrigeration,icims,careers-ccr-fr.icims.com,https://careers-ccr-fr.icims.com/jobs/search?ss=1
Offres d'emploi chez ERMCO,icims,careers-french-ermcoeci.icims.com,https://careers-french-ermcoeci.icims.com/jobs/search?ss=1
Offres d'emploi chez FEDNOT,icims,carrieres-fednot.icims.com,https://carrieres-fednot.icims.com/jobs/search?ss=1
Offres d'emploi chez Home Care Assistance,icims,careers-thekeycanfr.icims.com,https://careers-thekeycanfr.icims.com/jobs/search?ss=1
Offres d'emploi chez Kingfisher France,icims,emploi-castorama.icims.com,https://emploi-castorama.icims.com/jobs/search?ss=1
Offres d'emploi chez LifeScan Global Corporation,icims,ca-fr-lifescan.icims.com,https://ca-fr-lifescan.icims.com/jobs/search?ss=1
Offres d'emploi chez LifeScan Global Corporation,icims,fr-lifescan.icims.com,https://fr-lifescan.icims.com/jobs/search?ss=1
Offres d'emploi chez McCarthy Tétrault LLP,icims,frenchexternal-mccarthyca.icims.com,https://frenchexternal-mccarthyca.icims.com/jobs/search?ss=1
Offres d'emploi chez Merlin Entertainments,icims,careers-fr-merlinentertainments.icims.com,https://careers-fr-merlinentertainments.icims.com/jobs/search?ss=1
Offres d'emploi chez Orange Business,icims,careersfr-orange.icims.com,https://careersfr-orange.icims.com/jobs/search?ss=1
Offres d'emploi chez Prodware Group,icims,french-external-prodwaredag.icims.com,https://french-external-prodwaredag.icims.com/jobs/search?ss=1
Offres d'emploi chez Resonetics,icims,frenchcanadiancareers-resonetics.icims.com,https://frenchcanadiancareers-resonetics.icims.com/jobs/search?ss=1
Offres d'emploi chez RWS,icims,frcacareers-rws.icims.com,https://frcacareers-rws.icims.com/jobs/search?ss=1
Offres d'emploi chez Trimac Transportation and Family of Companies,icims,trimactransportationf-trimac.icims.com,https://trimactransportationf-trimac.icims.com/jobs/search?ss=1
Offres d'emploi chez {compagnie},icims,bulkpluslogisticsf-trimac.icims.com,https://bulkpluslogisticsf-trimac.icims.com/jobs/search?ss=1
Offres d'emploi chez {compagnie},icims,montrealtankwashf-trimac.icims.com,https://montrealtankwashf-trimac.icims.com/jobs/search?ss=1
Offres d'emploi à Danone,icims,frapply-danone.icims.com,https://frapply-danone.icims.com/jobs/search?ss=1
Offres d'emploi à General Dynamics Mission Systems,icims,cacarrieres-gdms.icims.com,https://cacarrieres-gdms.icims.com/jobs/search?ss=1
Offres d’emploi chez CalAmp,icims,careers6-calamp.icims.com,https://careers6-calamp.icims.com/jobs/search?ss=1
Offres d’emploi chez The CSL Group Inc,icims,carrieres-cslships.icims.com,https://carrieres-cslships.icims.com/jobs/search?ss=1
Offres d’emploi chez TIC Solutions,icims,frcanadacareers-acuren.icims.com,https://frcanadacareers-acuren.icims.com/jobs/search?ss=1
Offres d’emploi chez Trinseo LLC,icims,fr-emeacareers-trinseo.icims.com,https://fr-emeacareers-trinseo.icims.com/jobs/search?ss=1
Offres d’emploi chez {Expleo},icims,careers-french-expleo-jobs.icims.com,https://careers-french-expleo-jobs.icims.com/jobs/search?ss=1
Offres d’emploi chez {Expleo},icims,expleo-jobs-ca-fr.icims.com,https://expleo-jobs-ca-fr.icims.com/jobs/search?ss=1
Offres d’emploi chez {Expleo},icims,expleo-jobs-fr-fr.icims.com,https://expleo-jobs-fr-fr.icims.com/jobs/search?ss=1
Offres d’emploi chez {Expleo},icims,expleo-jobs-ma-fr.icims.com,https://expleo-jobs-ma-fr.icims.com/jobs/search?ss=1
Ogletree,icims,staff-ogletree.icims.com,https://staff-ogletree.icims.com/jobs/search?ss=1
"Ogletree, Deakins, Nash, Smoak & Stewart, P.C.",icims,internal-ogletree.icims.com,https://internal-ogletree.icims.com/jobs/search?ss=1
"Ohio State University Physicians, Inc.",icims,careers-communityoutreach.icims.com,https://careers-communityoutreach.icims.com/jobs/search?ss=1
"Ohio State University Physicians, Inc.",icims,careers-osuphysicians.icims.com,https://careers-osuphysicians.icims.com/jobs/search?ss=1
"Ohio State University Physicians, Inc.",icims,employees-osuphysicians.icims.com,https://employees-osuphysicians.icims.com/jobs/search?ss=1
Ohlausa,icims,careers-ohlausa.icims.com,https://careers-ohlausa.icims.com/jobs/search?ss=1
Ohlna,icims,careers-ohlna.icims.com,https://careers-ohlna.icims.com/jobs/search?ss=1
Ok,icims,careers-nrh-ok.icims.com,https://careers-nrh-ok.icims.com/jobs/search?ss=1
Okheart,icims,careers-okheart.icims.com,https://careers-okheart.icims.com/jobs/search?ss=1
Oklahoma Heart Hospital,icims,internal-okheart.icims.com,https://internal-okheart.icims.com/jobs/search?ss=1
Old National Bank Careers,icims,careers-oldnational.icims.com,https://careers-oldnational.icims.com/jobs/search?ss=1
Olympusat,icims,jobs-olympusat.icims.com,https://jobs-olympusat.icims.com/jobs/search?ss=1
"Omega Consultants, Inc",icims,careers-omegatechserv.icims.com,https://careers-omegatechserv.icims.com/jobs/search?ss=1
Omni Hotels & Resorts - Corporate Office,icims,canada-omnihotels.icims.com,https://canada-omnihotels.icims.com/jobs/search?ss=1
Omni Hotels & Resorts - Corporate Office,icims,externalhourly-omnihotels.icims.com,https://externalhourly-omnihotels.icims.com/jobs/search?ss=1
Omni Hotels & Resorts - Corporate Office,icims,externalmanager-omnihotels.icims.com,https://externalmanager-omnihotels.icims.com/jobs/search?ss=1
Omni Hotels & Resorts - Corporate Office,icims,internalemployee-omnihotels.icims.com,https://internalemployee-omnihotels.icims.com/jobs/search?ss=1
Omni Hotels & Resorts - Corporate Office,icims,omnicareers-omnihotels.icims.com,https://omnicareers-omnihotels.icims.com/jobs/search?ss=1
OMNI Human Resource Management,icims,outsourcingcareers-omniemployment.icims.com,https://outsourcingcareers-omniemployment.icims.com/jobs/search?ss=1
OMNI Human Resource Management,icims,searchcareers-omniemployment.icims.com,https://searchcareers-omniemployment.icims.com/jobs/search?ss=1
Onboarding,icims,international-daddario.icims.com,https://international-daddario.icims.com/jobs/search?ss=1
One Brooklyn Health,icims,internal-obhs.icims.com,https://internal-obhs.icims.com/jobs/search?ss=1
"One Source Communications, LLC",icims,careers-ostcm.icims.com,https://careers-ostcm.icims.com/jobs/search?ss=1
One Workplace,icims,careers-oneworkplace.icims.com,https://careers-oneworkplace.icims.com/jobs/search?ss=1
One Workplace,icims,careers-splicepm.icims.com,https://careers-splicepm.icims.com/jobs/search?ss=1
One Workplace,icims,porter-oneworkplace.icims.com,https://porter-oneworkplace.icims.com/jobs/search?ss=1
One Workplace,icims,vantis-oneworkplace.icims.com,https://vantis-oneworkplace.icims.com/jobs/search?ss=1
OneAdvanced Careers: Explore Innovative Job Opportunities,icims,careers-oneadvanced.icims.com,https://careers-oneadvanced.icims.com/jobs/search?ss=1
OneBlood,icims,application-oneblood.icims.com,https://application-oneblood.icims.com/jobs/search?ss=1
OneBlood,icims,internal-oneblood.icims.com,https://internal-oneblood.icims.com/jobs/search?ss=1
OneBlood,icims,onebloodcareers-oneblood.icims.com,https://onebloodcareers-oneblood.icims.com/jobs/search?ss=1
OneMCI,icims,careers-gravisapps.icims.com,https://careers-gravisapps.icims.com/jobs/search?ss=1
OneMCI,icims,careers-mci.icims.com,https://careers-mci.icims.com/jobs/search?ss=1
OneMCI,icims,careers-thesydneycentre.icims.com,https://careers-thesydneycentre.icims.com/jobs/search?ss=1
OneMCI,icims,careers-valorvip.icims.com,https://careers-valorvip.icims.com/jobs/search?ss=1
OneMCI,icims,militaryjobs-mci.icims.com,https://militaryjobs-mci.icims.com/jobs/search?ss=1
OneSavings Bank PLC,icims,careers-osb.icims.com,https://careers-osb.icims.com/jobs/search?ss=1
Open Jobs at Reynolds Consumer Products LLC,icims,careers-reynoldsconsumerproducts.icims.com,https://careers-reynoldsconsumerproducts.icims.com/jobs/search?ss=1
Open Opportunities at Brother International Corporation,icims,careers-internalen-brother.icims.com,https://careers-internalen-brother.icims.com/jobs/search?ss=1
"Open Positions at Granicus, LLC",icims,globalcareers-granicus.icims.com,https://globalcareers-granicus.icims.com/jobs/search?ss=1
Open Positions at Mortgage Connect LP | Townsgate Closing Services,icims,careers-inspire-mcics.icims.com,https://careers-inspire-mcics.icims.com/jobs/search?ss=1
Open Positions at Mortgage Connect LP | Townsgate Closing Services,icims,careers-mcics.icims.com,https://careers-mcics.icims.com/jobs/search?ss=1
Open Positions at Mortgage Connect LP | Townsgate Closing Services,icims,careers-townsgate.icims.com,https://careers-townsgate.icims.com/jobs/search?ss=1
Open Positions at Mortgage Connect LP | Townsgate Closing Services,icims,careers-valuationconnect-mcics.icims.com,https://careers-valuationconnect-mcics.icims.com/jobs/search?ss=1
Open Positions at Reynolds Consumer Products LLC,icims,hourlyjobs-reynoldsconsumerproducts.icims.com,https://hourlyjobs-reynoldsconsumerproducts.icims.com/jobs/search?ss=1
Open Sky Community Services,icims,careers-thebridgecm.icims.com,https://careers-thebridgecm.icims.com/jobs/search?ss=1
Open Sky Community Services,icims,jobs-alternatives.icims.com,https://jobs-alternatives.icims.com/jobs/search?ss=1
Open Sky Community Services,icims,jobs-centralchp.icims.com,https://jobs-centralchp.icims.com/jobs/search?ss=1
Open Sky Community Services,icims,jobs-openskycs.icims.com,https://jobs-openskycs.icims.com/jobs/search?ss=1
Opportunities at Children's Mercy KC,icims,internships-childrensmercykc.icims.com,https://internships-childrensmercykc.icims.com/jobs/search?ss=1
Opportunities at Tutera Senior Living & Health Care,icims,careers-tutera.icims.com,https://careers-tutera.icims.com/jobs/search?ss=1
Opportunities at Tutera Senior Living & Health Care,icims,communities-tutera.icims.com,https://communities-tutera.icims.com/jobs/search?ss=1
Opportunities | NOVA Corporation,icims,ddc-csllc.icims.com,https://ddc-csllc.icims.com/jobs/search?ss=1
Opportunities | NOVA Corporation,icims,ddc-dine-careers.icims.com,https://ddc-dine-careers.icims.com/jobs/search?ss=1
Opportunités de carrière chez {entreprise},icims,fr-associatecareers-lw.icims.com,https://fr-associatecareers-lw.icims.com/jobs/search?ss=1
Opportunités de carrière chez {entreprise},icims,frcareers-lw.icims.com,https://frcareers-lw.icims.com/jobs/search?ss=1
Optimum Performance Institute,icims,careers-optimumperformanceinstitute.icims.com,https://careers-optimumperformanceinstitute.icims.com/jobs/search?ss=1
Orange Business,icims,careers-orange.icims.com,https://careers-orange.icims.com/jobs/search?ss=1
Orange County Transportation Authority,icims,jobs-octa.icims.com,https://jobs-octa.icims.com/jobs/search?ss=1
Orange County Transportation Authority,icims,ocbus-octa.icims.com,https://ocbus-octa.icims.com/jobs/search?ss=1
Orange County Transportation Authority,icims,university-octa.icims.com,https://university-octa.icims.com/jobs/search?ss=1
Oregon Health & Science University,icims,careersat-ohsu.icims.com,https://careersat-ohsu.icims.com/jobs/search?ss=1
Oregon Health & Science University,icims,externalcareers-ohsu.icims.com,https://externalcareers-ohsu.icims.com/jobs/search?ss=1
Oregon Health & Science University,icims,facultycareers-ohsu.icims.com,https://facultycareers-ohsu.icims.com/jobs/search?ss=1
Oregon Health & Science University,icims,internal-ohsu.icims.com,https://internal-ohsu.icims.com/jobs/search?ss=1
Oregon Health & Science University,icims,nursingcareers-ohsu.icims.com,https://nursingcareers-ohsu.icims.com/jobs/search?ss=1
Oregon Health & Science University,icims,policecareers-ohsu.icims.com,https://policecareers-ohsu.icims.com/jobs/search?ss=1
Oregon Health & Science University,icims,postdoctoral-ohsu.icims.com,https://postdoctoral-ohsu.icims.com/jobs/search?ss=1
Oregon Lottery,icims,careers-oregonlottery.icims.com,https://careers-oregonlottery.icims.com/jobs/search?ss=1
Oremor Automotive Group,icims,career24-oremorautomotive.icims.com,https://career24-oremorautomotive.icims.com/jobs/search?ss=1
Oremor Automotive Group,icims,careers-oremorautomotive.icims.com,https://careers-oremorautomotive.icims.com/jobs/search?ss=1
Oremor Automotive Group,icims,careers-starshieldsolutions.icims.com,https://careers-starshieldsolutions.icims.com/jobs/search?ss=1
Oremor Automotive Group,icims,careers10-oremorautomotive.icims.com,https://careers10-oremorautomotive.icims.com/jobs/search?ss=1
Oremor Automotive Group,icims,careers11-oremorautomotive.icims.com,https://careers11-oremorautomotive.icims.com/jobs/search?ss=1
Oremor Automotive Group,icims,careers12-oremorautomotive.icims.com,https://careers12-oremorautomotive.icims.com/jobs/search?ss=1
Oremor Automotive Group,icims,careers13-oremorautomotive.icims.com,https://careers13-oremorautomotive.icims.com/jobs/search?ss=1
Oremor Automotive Group,icims,careers14-oremorautomotive.icims.com,https://careers14-oremorautomotive.icims.com/jobs/search?ss=1
Oremor Automotive Group,icims,careers15-oremorautomotive.icims.com,https://careers15-oremorautomotive.icims.com/jobs/search?ss=1
Oremor Automotive Group,icims,careers17-oremorautomotive.icims.com,https://careers17-oremorautomotive.icims.com/jobs/search?ss=1
Oremor Automotive Group,icims,careers18-oremorautomotive.icims.com,https://careers18-oremorautomotive.icims.com/jobs/search?ss=1
Oremor Automotive Group,icims,careers19-oremorautomotive.icims.com,https://careers19-oremorautomotive.icims.com/jobs/search?ss=1
Oremor Automotive Group,icims,careers2-oremorautomotive.icims.com,https://careers2-oremorautomotive.icims.com/jobs/search?ss=1
Oremor Automotive Group,icims,careers20-oremorautomotive.icims.com,https://careers20-oremorautomotive.icims.com/jobs/search?ss=1
Oremor Automotive Group,icims,careers21-oremorautomotive.icims.com,https://careers21-oremorautomotive.icims.com/jobs/search?ss=1
Oremor Automotive Group,icims,careers22-oremorautomotive.icims.com,https://careers22-oremorautomotive.icims.com/jobs/search?ss=1
Oremor Automotive Group,icims,careers3-oremorautomotive.icims.com,https://careers3-oremorautomotive.icims.com/jobs/search?ss=1
Oremor Automotive Group,icims,careers4-oremorautomotive.icims.com,https://careers4-oremorautomotive.icims.com/jobs/search?ss=1
Oremor Automotive Group,icims,careers6-oremorautomotive.icims.com,https://careers6-oremorautomotive.icims.com/jobs/search?ss=1
Oremor Automotive Group,icims,careers7-oremorautomotive.icims.com,https://careers7-oremorautomotive.icims.com/jobs/search?ss=1
Oremor Automotive Group,icims,careers8-oremorautomotive.icims.com,https://careers8-oremorautomotive.icims.com/jobs/search?ss=1
Oremor Automotive Group,icims,careers9-oremorautomotive.icims.com,https://careers9-oremorautomotive.icims.com/jobs/search?ss=1
Oremor Automotive Group,icims,legacychevrolet-oremorautomotive.icims.com,https://legacychevrolet-oremorautomotive.icims.com/jobs/search?ss=1
Oremor Automotive Group,icims,runbuggyomi-oremorautomotive.icims.com,https://runbuggyomi-oremorautomotive.icims.com/jobs/search?ss=1
"Oriental Trading Company, Inc.",icims,careers-orientaltrading.icims.com,https://careers-orientaltrading.icims.com/jobs/search?ss=1
"Origami Risk, LLC",icims,careers-origamirisk.icims.com,https://careers-origamirisk.icims.com/jobs/search?ss=1
"Origami Risk, LLC",icims,international-origamiriskcareers.icims.com,https://international-origamiriskcareers.icims.com/jobs/search?ss=1
Orlando Health,icims,careers-bayfronthealth.icims.com,https://careers-bayfronthealth.icims.com/jobs/search?ss=1
Orlando Health,icims,nursingcareers-bayfronthealth.icims.com,https://nursingcareers-bayfronthealth.icims.com/jobs/search?ss=1
Orlando Health,icims,physiciancareers-orlandohealth.icims.com,https://physiciancareers-orlandohealth.icims.com/jobs/search?ss=1
Orlando Health,icims,studentopportunities-orlandohealth.icims.com,https://studentopportunities-orlandohealth.icims.com/jobs/search?ss=1
Orlandohealth,icims,careers-orlandohealth.icims.com,https://careers-orlandohealth.icims.com/jobs/search?ss=1
Orlandohealth,icims,nursingcareers-orlandohealth.icims.com,https://nursingcareers-orlandohealth.icims.com/jobs/search?ss=1
Orrick,icims,campuscareers-orrick.icims.com,https://campuscareers-orrick.icims.com/jobs/search?ss=1
Orrick,icims,careers-orrick.icims.com,https://careers-orrick.icims.com/jobs/search?ss=1
Orrick Herrington & Sutcliffe LLP,icims,internal-orrick.icims.com,https://internal-orrick.icims.com/jobs/search?ss=1
"Ortho Molecular Products, Inc",icims,careers-ompimail.icims.com,https://careers-ompimail.icims.com/jobs/search?ss=1
"Ortho Molecular Products, Inc",icims,careers2-ompimail.icims.com,https://careers2-ompimail.icims.com/jobs/search?ss=1
Orthopedic Sports Physical Therapy of Kentucky,icims,careers-osptky.icims.com,https://careers-osptky.icims.com/jobs/search?ss=1
Osage Casino,icims,careers-osagecasino.icims.com,https://careers-osagecasino.icims.com/jobs/search?ss=1
OSF HealthCare,icims,internal-osfhealthcare.icims.com,https://internal-osfhealthcare.icims.com/jobs/search?ss=1
Osfhealthcare,icims,applyphysicians-osfhealthcare.icims.com,https://applyphysicians-osfhealthcare.icims.com/jobs/search?ss=1
Osfhealthcare,icims,applyto-osfhealthcare.icims.com,https://applyto-osfhealthcare.icims.com/jobs/search?ss=1
"OSI Systems, Inc.",icims,intranet-osi-systems.icims.com,https://intranet-osi-systems.icims.com/jobs/search?ss=1
"OSI Systems, Inc.",icims,jobs-osi-systems.icims.com,https://jobs-osi-systems.icims.com/jobs/search?ss=1
Oslrs,icims,canadaengcareers-oslrs.icims.com,https://canadaengcareers-oslrs.icims.com/jobs/search?ss=1
Oslrs,icims,canadafrcareers-oslrs.icims.com,https://canadafrcareers-oslrs.icims.com/jobs/search?ss=1
Oslrs,icims,osldirectcareersen-oslrs.icims.com,https://osldirectcareersen-oslrs.icims.com/jobs/search?ss=1
Oslrs,icims,uscareers-oslrs.icims.com,https://uscareers-oslrs.icims.com/jobs/search?ss=1
Ossian,icims,careers-ossian.icims.com,https://careers-ossian.icims.com/jobs/search?ss=1
Oticonusa,icims,careers-oticonusa.icims.com,https://careers-oticonusa.icims.com/jobs/search?ss=1
Otterproducts,icims,internal-otterproducts.icims.com,https://internal-otterproducts.icims.com/jobs/search?ss=1
Ottoworkforce,icims,careers-en-ottoworkforce.icims.com,https://careers-en-ottoworkforce.icims.com/jobs/search?ss=1
Ottoworkforce,icims,careers-pl-ottoworkforce.icims.com,https://careers-pl-ottoworkforce.icims.com/jobs/search?ss=1
Overall Plumbing,icims,careers-overallplumbing.icims.com,https://careers-overallplumbing.icims.com/jobs/search?ss=1
Owyhee Heating,icims,careers-owyheeheating.icims.com,https://careers-owyheeheating.icims.com/jobs/search?ss=1
Oxford Policy Management Limited,icims,careers-opml.icims.com,https://careers-opml.icims.com/jobs/search?ss=1
Pacific National Exhibition,icims,careers-pne.icims.com,https://careers-pne.icims.com/jobs/search?ss=1
Pacificdentalservices,icims,apply-pacificdentalservices.icims.com,https://apply-pacificdentalservices.icims.com/jobs/search?ss=1
Pacificdentalservices,icims,careers-pacificdentalservices.icims.com,https://careers-pacificdentalservices.icims.com/jobs/search?ss=1
Pacificdentalservices,icims,clinical-pacificdentalservices.icims.com,https://clinical-pacificdentalservices.icims.com/jobs/search?ss=1
"Pact, Inc.",icims,careers-pactworld.icims.com,https://careers-pactworld.icims.com/jobs/search?ss=1
Pagethink,icims,careers-pagethink.icims.com,https://careers-pagethink.icims.com/jobs/search?ss=1
Palliative Care Services,icims,careers-palliativecareservices.icims.com,https://careers-palliativecareservices.icims.com/jobs/search?ss=1
Palm Lake Group,icims,careers-palmlakecareers.icims.com,https://careers-palmlakecareers.icims.com/jobs/search?ss=1
Palmer-Donavin,icims,beloit-palmerdonavin.icims.com,https://beloit-palmerdonavin.icims.com/jobs/search?ss=1
Palmer-Donavin,icims,careers-palmerdonavin.icims.com,https://careers-palmerdonavin.icims.com/jobs/search?ss=1
Palmetto Citizens Federal Credit Union,icims,careers-palmettocitizens.icims.com,https://careers-palmettocitizens.icims.com/jobs/search?ss=1
"PAM Health, LLC",icims,careers-pamhealth.icims.com,https://careers-pamhealth.icims.com/jobs/search?ss=1
"PAM Health, LLC",icims,careers-postacutemedical.icims.com,https://careers-postacutemedical.icims.com/jobs/search?ss=1
Panasonic Corporation,icims,caemployees-napanasonic.icims.com,https://caemployees-napanasonic.icims.com/jobs/search?ss=1
Panasonic Corporation,icims,employees-napanasonic.icims.com,https://employees-napanasonic.icims.com/jobs/search?ss=1
Panasonic Corporation,icims,fremployees-napanasonic.icims.com,https://fremployees-napanasonic.icims.com/jobs/search?ss=1
Panasonic Corporation,icims,mxemployees-napanasonic.icims.com,https://mxemployees-napanasonic.icims.com/jobs/search?ss=1
Papalia,icims,careers-papaliaplumbing.icims.com,https://careers-papaliaplumbing.icims.com/jobs/search?ss=1
PaperWorks Industries,icims,canadiancareers-paperworksindustries.icims.com,https://canadiancareers-paperworksindustries.icims.com/jobs/search?ss=1
PaperWorks Industries,icims,careers-paperworksindustries.icims.com,https://careers-paperworksindustries.icims.com/jobs/search?ss=1
"Pappas OPT Physical, Sports and Hand Therapy",icims,careers-pappaspt.icims.com,https://careers-pappaspt.icims.com/jobs/search?ss=1
Paradyme Management,icims,careers-paradymemanagement.icims.com,https://careers-paradymemanagement.icims.com/jobs/search?ss=1
Parallel,icims,careers-parallel.icims.com,https://careers-parallel.icims.com/jobs/search?ss=1
Paramount Residential Mortgage Group,icims,careers-prmg.icims.com,https://careers-prmg.icims.com/jobs/search?ss=1
Park Dental,icims,parkdentalcareers-parkdental.icims.com,https://parkdentalcareers-parkdental.icims.com/jobs/search?ss=1
Park Dental,icims,tds-careers.icims.com,https://tds-careers.icims.com/jobs/search?ss=1
Parkchildcare,icims,careers-parkchildcare.icims.com,https://careers-parkchildcare.icims.com/jobs/search?ss=1
Parker,icims,careers-parker.icims.com,https://careers-parker.icims.com/jobs/search?ss=1
Parkhill,icims,careers-parkhill.icims.com,https://careers-parkhill.icims.com/jobs/search?ss=1
Parkhill,icims,careers-pscwater.icims.com,https://careers-pscwater.icims.com/jobs/search?ss=1
Parkwest Casinos / Fortiss LLC,icims,careers-fortiss.icims.com,https://careers-fortiss.icims.com/jobs/search?ss=1
Partnership HealthPlan of California,icims,careers-partnershiphp.icims.com,https://careers-partnershiphp.icims.com/jobs/search?ss=1
Parts Authority,icims,careers-partsauthority.icims.com,https://careers-partsauthority.icims.com/jobs/search?ss=1
Patelco,icims,careers-patelco.icims.com,https://careers-patelco.icims.com/jobs/search?ss=1
Patra Corporation,icims,employees-patracorp.icims.com,https://employees-patracorp.icims.com/jobs/search?ss=1
Patracorp,icims,careers-patracorp.icims.com,https://careers-patracorp.icims.com/jobs/search?ss=1
Pattern Energy Group,icims,careers-patternenergy.icims.com,https://careers-patternenergy.icims.com/jobs/search?ss=1
"Pave America, LLC",icims,alphapaving-paveamerica.icims.com,https://alphapaving-paveamerica.icims.com/jobs/search?ss=1
"Pave America, LLC",icims,asphaltsealandrepair-paveamerica.icims.com,https://asphaltsealandrepair-paveamerica.icims.com/jobs/search?ss=1
"Pave America, LLC",icims,blackjack-paveamerica.icims.com,https://blackjack-paveamerica.icims.com/jobs/search?ss=1
"Pave America, LLC",icims,bluecurbllc-paveamerica.icims.com,https://bluecurbllc-paveamerica.icims.com/jobs/search?ss=1
"Pave America, LLC",icims,brotherspaving-paveamerica.icims.com,https://brotherspaving-paveamerica.icims.com/jobs/search?ss=1
"Pave America, LLC",icims,careers-paveamerica.icims.com,https://careers-paveamerica.icims.com/jobs/search?ss=1
"Pave America, LLC",icims,chamberlain-paveamerica.icims.com,https://chamberlain-paveamerica.icims.com/jobs/search?ss=1
"Pave America, LLC",icims,dominionpaving-paveamerica.icims.com,https://dominionpaving-paveamerica.icims.com/jobs/search?ss=1
"Pave America, LLC",icims,ebpave-paveamerica.icims.com,https://ebpave-paveamerica.icims.com/jobs/search?ss=1
"Pave America, LLC",icims,finleyasphalt-paveamerica.icims.com,https://finleyasphalt-paveamerica.icims.com/jobs/search?ss=1
"Pave America, LLC",icims,gwppaving-paveamerica.icims.com,https://gwppaving-paveamerica.icims.com/jobs/search?ss=1
"Pave America, LLC",icims,kansasasphalt-paveamerica.icims.com,https://kansasasphalt-paveamerica.icims.com/jobs/search?ss=1
"Pave America, LLC",icims,magnumpavingga-paveamerica.icims.com,https://magnumpavingga-paveamerica.icims.com/jobs/search?ss=1
"Pave America, LLC",icims,majorleaguemilling-paveamerica.icims.com,https://majorleaguemilling-paveamerica.icims.com/jobs/search?ss=1
"Pave America, LLC",icims,nationalpavementpartners-paveamerica.icims.com,https://nationalpavementpartners-paveamerica.icims.com/jobs/search?ss=1
"Pave America, LLC",icims,pkspaving-paveamerica.icims.com,https://pkspaving-paveamerica.icims.com/jobs/search?ss=1
"Pave America, LLC",icims,platinum-paveamerica.icims.com,https://platinum-paveamerica.icims.com/jobs/search?ss=1
"Pave America, LLC",icims,plmpaving-paveamerica.icims.com,https://plmpaving-paveamerica.icims.com/jobs/search?ss=1
"Pave America, LLC",icims,propave-paveamerica.icims.com,https://propave-paveamerica.icims.com/jobs/search?ss=1
"Pave America, LLC",icims,rdcpaving-paveamerica.icims.com,https://rdcpaving-paveamerica.icims.com/jobs/search?ss=1
"Pave America, LLC",icims,turnerasphalt-paveamerica.icims.com,https://turnerasphalt-paveamerica.icims.com/jobs/search?ss=1
Paychex,icims,advancepartners-paychex.icims.com,https://advancepartners-paychex.icims.com/jobs/search?ss=1
Paychex,icims,alternacs-paychex.icims.com,https://alternacs-paychex.icims.com/jobs/search?ss=1
Paychex,icims,careers-paychex.icims.com,https://careers-paychex.icims.com/jobs/search?ss=1
Paychex,icims,indiacareers-paychex.icims.com,https://indiacareers-paychex.icims.com/jobs/search?ss=1
Paychex,icims,internal-paychex.icims.com,https://internal-paychex.icims.com/jobs/search?ss=1
Paychex,icims,serbiacareers-paychex.icims.com,https://serbiacareers-paychex.icims.com/jobs/search?ss=1
Paynewest,icims,careers-paynewest.icims.com,https://careers-paynewest.icims.com/jobs/search?ss=1
PCC Community Markets,icims,careers-pccsea.icims.com,https://careers-pccsea.icims.com/jobs/search?ss=1
PCC Community Markets,icims,external-pccsea.icims.com,https://external-pccsea.icims.com/jobs/search?ss=1
PCI Federal Services,icims,careers-pcifs.icims.com,https://careers-pcifs.icims.com/jobs/search?ss=1
Pdf,icims,careers-pdf.icims.com,https://careers-pdf.icims.com/jobs/search?ss=1
Pdshealth,icims,careers-pdshealth.icims.com,https://careers-pdshealth.icims.com/jobs/search?ss=1
PEA Group,icims,careers-peagroup.icims.com,https://careers-peagroup.icims.com/jobs/search?ss=1
"Peak Dental Services, LLC",icims,careers-peakdentalservices.icims.com,https://careers-peakdentalservices.icims.com/jobs/search?ss=1
Peak Home Performance,icims,careers-gowithpeak.icims.com,https://careers-gowithpeak.icims.com/jobs/search?ss=1
Peco,icims,careers-peco.icims.com,https://careers-peco.icims.com/jobs/search?ss=1
Pediatrix,icims,clinical-mednax.icims.com,https://clinical-mednax.icims.com/jobs/search?ss=1
Pediatrix,icims,clinical-pediatrix.icims.com,https://clinical-pediatrix.icims.com/jobs/search?ss=1
Pediatrix,icims,non-clinical-mednax.icims.com,https://non-clinical-mednax.icims.com/jobs/search?ss=1
Pediatrix,icims,non-clinical-pediatrix.icims.com,https://non-clinical-pediatrix.icims.com/jobs/search?ss=1
Penfed,icims,careers-penfed.icims.com,https://careers-penfed.icims.com/jobs/search?ss=1
Penfed,icims,realty-penfed.icims.com,https://realty-penfed.icims.com/jobs/search?ss=1
Peninsula Behavioral Health,icims,careers-peninsulabehavioral.icims.com,https://careers-peninsulabehavioral.icims.com/jobs/search?ss=1
Penn Community Bank,icims,careers-penncommunitybank.icims.com,https://careers-penncommunitybank.icims.com/jobs/search?ss=1
"PENN Entertainment, Inc.",icims,careersapply-pennentertainment.icims.com,https://careersapply-pennentertainment.icims.com/jobs/search?ss=1
"PENN Entertainment, Inc.",icims,careersapply-pngaming.icims.com,https://careersapply-pngaming.icims.com/jobs/search?ss=1
"PENN Entertainment, Inc.",icims,internal-pennentertainment.icims.com,https://internal-pennentertainment.icims.com/jobs/search?ss=1
"PENN Entertainment, Inc.",icims,internal-pngaming.icims.com,https://internal-pngaming.icims.com/jobs/search?ss=1
"PENN Entertainment, Inc.",icims,penncareers-pennentertainment.icims.com,https://penncareers-pennentertainment.icims.com/jobs/search?ss=1
"PENN Entertainment, Inc.",icims,pngcareers-pngaming.icims.com,https://pngcareers-pngaming.icims.com/jobs/search?ss=1
Penn Highlands Healthcare,icims,brookvillecareers-phh.icims.com,https://brookvillecareers-phh.icims.com/jobs/search?ss=1
Penn Highlands Healthcare,icims,careers-brookville.icims.com,https://careers-brookville.icims.com/jobs/search?ss=1
Penn Highlands Healthcare,icims,careers-elk.icims.com,https://careers-elk.icims.com/jobs/search?ss=1
Penn Highlands Healthcare,icims,clearfieldcareers-phh.icims.com,https://clearfieldcareers-phh.icims.com/jobs/search?ss=1
Penn Highlands Healthcare,icims,communitynurses-phh.icims.com,https://communitynurses-phh.icims.com/jobs/search?ss=1
Penn Highlands Healthcare,icims,external-drmc.icims.com,https://external-drmc.icims.com/jobs/search?ss=1
Penn Highlands Healthcare,icims,external-phh.icims.com,https://external-phh.icims.com/jobs/search?ss=1
Penn National Gaming Inc,icims,careers-pennentertainment.icims.com,https://careers-pennentertainment.icims.com/jobs/search?ss=1
Penn National Gaming Inc,icims,careers-pngaming.icims.com,https://careers-pngaming.icims.com/jobs/search?ss=1
"Penn National Gaming, Inc.",icims,hub-pngaming2.icims.com,https://hub-pngaming2.icims.com/jobs/search?ss=1
"Penn National Gaming, Inc.",icims,hub-pnkinc.icims.com,https://hub-pnkinc.icims.com/jobs/search?ss=1
Pennex,icims,careers-pennex.icims.com,https://careers-pennex.icims.com/jobs/search?ss=1
Penningtons Manches Cooper LLP,icims,careers-penningtonslaw.icims.com,https://careers-penningtonslaw.icims.com/jobs/search?ss=1
Penningtons Manches Cooper LLP,icims,earlycareers-penningtonslaw.icims.com,https://earlycareers-penningtonslaw.icims.com/jobs/search?ss=1
Pennrose,icims,allcareers-pennrose.icims.com,https://allcareers-pennrose.icims.com/jobs/search?ss=1
Pennrose,icims,careers-pennrose.icims.com,https://careers-pennrose.icims.com/jobs/search?ss=1
Pennrose,icims,internal-pennrose.icims.com,https://internal-pennrose.icims.com/jobs/search?ss=1
Pennrose,icims,opscareers-pennrose.icims.com,https://opscareers-pennrose.icims.com/jobs/search?ss=1
Pennsylvania College of Technology,icims,careers-pctedu.icims.com,https://careers-pctedu.icims.com/jobs/search?ss=1
Pennsylvania College of Technology,icims,service-pctedu.icims.com,https://service-pctedu.icims.com/jobs/search?ss=1
Pennsylvania College of Technology,icims,students-pctedu.icims.com,https://students-pctedu.icims.com/jobs/search?ss=1
Pennymac,icims,careers-pennymac.icims.com,https://careers-pennymac.icims.com/jobs/search?ss=1
Pennymac,icims,internal-pennymac.icims.com,https://internal-pennymac.icims.com/jobs/search?ss=1
"Penske Motor Group, LLC",icims,external-penskemotorgroup.icims.com,https://external-penskemotorgroup.icims.com/jobs/search?ss=1
People's Community Clinic,icims,careers-austinpcc.icims.com,https://careers-austinpcc.icims.com/jobs/search?ss=1
PeopleTec,icims,careers-peopletec.icims.com,https://careers-peopletec.icims.com/jobs/search?ss=1
PeopleTec,icims,futurecareers-peopletec.icims.com,https://futurecareers-peopletec.icims.com/jobs/search?ss=1
PeopleTec,icims,rccto-careers-peopletec.icims.com,https://rccto-careers-peopletec.icims.com/jobs/search?ss=1
Pepco,icims,careers-pepco.icims.com,https://careers-pepco.icims.com/jobs/search?ss=1
PepperPointe Partnerships,icims,careers-pepperpointe.icims.com,https://careers-pepperpointe.icims.com/jobs/search?ss=1
PepsiCo,icims,chinesecareers-pepsico.icims.com,https://chinesecareers-pepsico.icims.com/jobs/search?ss=1
PepsiCo,icims,dutchcareers-pepsico.icims.com,https://dutchcareers-pepsico.icims.com/jobs/search?ss=1
PepsiCo,icims,frenchcancareers-pepsico.icims.com,https://frenchcancareers-pepsico.icims.com/jobs/search?ss=1
PepsiCo,icims,frenchcareers-pepsico.icims.com,https://frenchcareers-pepsico.icims.com/jobs/search?ss=1
PepsiCo,icims,globalcampus-pepsico.icims.com,https://globalcampus-pepsico.icims.com/jobs/search?ss=1
PepsiCo,icims,globalcareers-pepsico.icims.com,https://globalcareers-pepsico.icims.com/jobs/search?ss=1
PepsiCo,icims,globalflcareers-pepsico.icims.com,https://globalflcareers-pepsico.icims.com/jobs/search?ss=1
Pepsico,icims,pepjobs-pepsico.icims.com,https://pepjobs-pepsico.icims.com/jobs/search?ss=1
PepsiCo,icims,polishcareers-pepsico.icims.com,https://polishcareers-pepsico.icims.com/jobs/search?ss=1
PepsiCo,icims,portuguesecareers-pepsico.icims.com,https://portuguesecareers-pepsico.icims.com/jobs/search?ss=1
Pepsico,icims,referral-pepsico.icims.com,https://referral-pepsico.icims.com/jobs/search?ss=1
PepsiCo,icims,romaniancareers-pepsico.icims.com,https://romaniancareers-pepsico.icims.com/jobs/search?ss=1
PepsiCo,icims,spanishcareers-pepsico.icims.com,https://spanishcareers-pepsico.icims.com/jobs/search?ss=1
PepsiCo,icims,ukrainiancareers-pepsico.icims.com,https://ukrainiancareers-pepsico.icims.com/jobs/search?ss=1
PepsiCo,icims,uscampus-pepsico.icims.com,https://uscampus-pepsico.icims.com/jobs/search?ss=1
PepsiCo,icims,uscareers-pepsico.icims.com,https://uscareers-pepsico.icims.com/jobs/search?ss=1
PepsiCo,icims,usflcareers-pepsico.icims.com,https://usflcareers-pepsico.icims.com/jobs/search?ss=1
Peraton,icims,apply-peraton.icims.com,https://apply-peraton.icims.com/jobs/search?ss=1
Peraton,icims,careers-peraton.icims.com,https://careers-peraton.icims.com/jobs/search?ss=1
Peraton,icims,internal-peraton.icims.com,https://internal-peraton.icims.com/jobs/search?ss=1
Performance Review Institute,icims,contractwork-eauditstaff.icims.com,https://contractwork-eauditstaff.icims.com/jobs/search?ss=1
Persistent Systems,icims,careers-persistentsystems.icims.com,https://careers-persistentsystems.icims.com/jobs/search?ss=1
Persistent Systems,icims,internal-persistentsystems.icims.com,https://internal-persistentsystems.icims.com/jobs/search?ss=1
Personify Health,icims,careers-personifyhealth.icims.com,https://careers-personifyhealth.icims.com/jobs/search?ss=1
Personify Health,icims,careers-virginpulse.icims.com,https://careers-virginpulse.icims.com/jobs/search?ss=1
Personify Health,icims,internal-virginpulse.icims.com,https://internal-virginpulse.icims.com/jobs/search?ss=1
Perspecta,icims,careers-perspecta.icims.com,https://careers-perspecta.icims.com/jobs/search?ss=1
Perspectalabs,icims,careers-perspectalabs.icims.com,https://careers-perspectalabs.icims.com/jobs/search?ss=1
Pet Supplies Plus,icims,careers-petsuppliesplus.icims.com,https://careers-petsuppliesplus.icims.com/jobs/search?ss=1
Pet Supplies Plus,icims,careers-wagnwash.icims.com,https://careers-wagnwash.icims.com/jobs/search?ss=1
Petsmart,icims,2careers-petsmart.icims.com,https://2careers-petsmart.icims.com/jobs/search?ss=1
Petsmart,icims,careers-petsmart.icims.com,https://careers-petsmart.icims.com/jobs/search?ss=1
PetSmart,icims,internal-petsmart.icims.com,https://internal-petsmart.icims.com/jobs/search?ss=1
Pew Research Center,icims,jobs-prc.icims.com,https://jobs-prc.icims.com/jobs/search?ss=1
Phastar,icims,careers-phastar.icims.com,https://careers-phastar.icims.com/jobs/search?ss=1
Phastar,icims,uscareers-phastar.icims.com,https://uscareers-phastar.icims.com/jobs/search?ss=1
Phh,icims,phhexternal-phh.icims.com,https://phhexternal-phh.icims.com/jobs/search?ss=1
Philadelphia Gas Works,icims,careers-pgworks.icims.com,https://careers-pgworks.icims.com/jobs/search?ss=1
Physical Therapy Central,icims,careers-physicaltherapycentral.icims.com,https://careers-physicaltherapycentral.icims.com/jobs/search?ss=1
Physical Therapy Provider Network,icims,careers-ptpn.icims.com,https://careers-ptpn.icims.com/jobs/search?ss=1
Physician Careers | USONCOLOGY.COM,icims,careers-usoncology.icims.com,https://careers-usoncology.icims.com/jobs/search?ss=1
"Pickett and Associates, LLC",icims,careers-pickettusa.icims.com,https://careers-pickettusa.icims.com/jobs/search?ss=1
Piedmont Healthcare Inc.,icims,careers-piedmont.icims.com,https://careers-piedmont.icims.com/jobs/search?ss=1
Piedmont Healthcare Inc.,icims,employees-piedmont.icims.com,https://employees-piedmont.icims.com/jobs/search?ss=1
Pilgrim Parking,icims,careers-pilgrimparking.icims.com,https://careers-pilgrimparking.icims.com/jobs/search?ss=1
Pillar Innovations,icims,pillarcareers-beitzelpillar.icims.com,https://pillarcareers-beitzelpillar.icims.com/jobs/search?ss=1
Pilot Door Systems,icims,careers-pilotdoorsystems.icims.com,https://careers-pilotdoorsystems.icims.com/jobs/search?ss=1
Pilot Group of Companies,icims,jobs-pilotcat.icims.com,https://jobs-pilotcat.icims.com/jobs/search?ss=1
Pilotcat,icims,careers-pilotcat.icims.com,https://careers-pilotcat.icims.com/jobs/search?ss=1
Pinkerton,icims,careers-pinkerton.icims.com,https://careers-pinkerton.icims.com/jobs/search?ss=1
Pinkerton,icims,chinacareers-pinkerton.icims.com,https://chinacareers-pinkerton.icims.com/jobs/search?ss=1
Pinkerton,icims,employees-pinkerton.icims.com,https://employees-pinkerton.icims.com/jobs/search?ss=1
Pinkerton,icims,uscareers-pinkerton.icims.com,https://uscareers-pinkerton.icims.com/jobs/search?ss=1
Pinnacle Rehab Staffing,icims,careers-pinnaclerehabstaffing.icims.com,https://careers-pinnaclerehabstaffing.icims.com/jobs/search?ss=1
"Pioneer Heating, Cooling, & Plumbing",icims,careers-pioneerhvacmt.icims.com,https://careers-pioneerhvacmt.icims.com/jobs/search?ss=1
Pioneer Metal Finishing,icims,careers-pioneermetal.icims.com,https://careers-pioneermetal.icims.com/jobs/search?ss=1
Pioneer Metal Finishing,icims,esp-pioneermetal.icims.com,https://esp-pioneermetal.icims.com/jobs/search?ss=1
Pioneer Metal Finishing,icims,vit-pioneermetal.icims.com,https://vit-pioneermetal.icims.com/jobs/search?ss=1
Piston Automotive,icims,careers-pistongroup.icims.com,https://careers-pistongroup.icims.com/jobs/search?ss=1
Piston Automotive,icims,jobs-pistongroup.icims.com,https://jobs-pistongroup.icims.com/jobs/search?ss=1
Planet Fitness,icims,careers-pfsoutheast.icims.com,https://careers-pfsoutheast.icims.com/jobs/search?ss=1
Planet Fitness,icims,clubcareers-planetfitness.icims.com,https://clubcareers-planetfitness.icims.com/jobs/search?ss=1
Planet Fitness,icims,corporatecareers-planetfitness.icims.com,https://corporatecareers-planetfitness.icims.com/jobs/search?ss=1
Planned Parenthood of Orange and San Bernardino Counties,icims,careers-plannedparenthood.icims.com,https://careers-plannedparenthood.icims.com/jobs/search?ss=1
Planned Parenthood of Orange and San Bernardino Counties,icims,volunteers-plannedparenthood.icims.com,https://volunteers-plannedparenthood.icims.com/jobs/search?ss=1
Plansource,icims,careers-plansource.icims.com,https://careers-plansource.icims.com/jobs/search?ss=1
Planview,icims,careers-planview.icims.com,https://careers-planview.icims.com/jobs/search?ss=1
Planview,icims,careers2-planview.icims.com,https://careers2-planview.icims.com/jobs/search?ss=1
PLS Logistics Services,icims,careers-plslogistics.icims.com,https://careers-plslogistics.icims.com/jobs/search?ss=1
PLS Logistics Services,icims,external-plslogistics.icims.com,https://external-plslogistics.icims.com/jobs/search?ss=1
Plumas District Hospital,icims,careers-pdh.icims.com,https://careers-pdh.icims.com/jobs/search?ss=1
Plumbline Services,icims,careers-plumblineservices.icims.com,https://careers-plumblineservices.icims.com/jobs/search?ss=1
Pnnl,icims,careers-pnnl.icims.com,https://careers-pnnl.icims.com/jobs/search?ss=1
Pnnl,icims,postdoc-pnnl.icims.com,https://postdoc-pnnl.icims.com/jobs/search?ss=1
Pnnl,icims,universityrecruiting-pnnl.icims.com,https://universityrecruiting-pnnl.icims.com/jobs/search?ss=1
Polk County Sheriff's Office,icims,careers-polkcountysheriffsoffice.icims.com,https://careers-polkcountysheriffsoffice.icims.com/jobs/search?ss=1
Pollo Campero,icims,careers-campero.icims.com,https://careers-campero.icims.com/jobs/search?ss=1
Poly America,icims,carolinapolyenglish-poly-america.icims.com,https://carolinapolyenglish-poly-america.icims.com/jobs/search?ss=1
Poly America,icims,carolinapolyspanish-poly-america.icims.com,https://carolinapolyspanish-poly-america.icims.com/jobs/search?ss=1
Poly America,icims,carolinapolywestminsterenglish-poly-america.icims.com,https://carolinapolywestminsterenglish-poly-america.icims.com/jobs/search?ss=1
Poly America,icims,english-poly-america.icims.com,https://english-poly-america.icims.com/jobs/search?ss=1
Poly America,icims,poltexenglish-poly-america.icims.com,https://poltexenglish-poly-america.icims.com/jobs/search?ss=1
Poly America,icims,poltexspanish-poly-america.icims.com,https://poltexspanish-poly-america.icims.com/jobs/search?ss=1
Poly America,icims,poltextruckingnondriver-poly-america.icims.com,https://poltextruckingnondriver-poly-america.icims.com/jobs/search?ss=1
Poly America,icims,polytruckingnondriver-poly-america.icims.com,https://polytruckingnondriver-poly-america.icims.com/jobs/search?ss=1
Poly America,icims,polywestenglish-poly-america.icims.com,https://polywestenglish-poly-america.icims.com/jobs/search?ss=1
Poly America,icims,polywestspanish-poly-america.icims.com,https://polywestspanish-poly-america.icims.com/jobs/search?ss=1
Poly America,icims,spanish-poly-america.icims.com,https://spanish-poly-america.icims.com/jobs/search?ss=1
Poly America,icims,upnorthenglish-poly-america.icims.com,https://upnorthenglish-poly-america.icims.com/jobs/search?ss=1
Poly America,icims,upnorthspanish-poly-america.icims.com,https://upnorthspanish-poly-america.icims.com/jobs/search?ss=1
Pony Express Stores,icims,careers-ponyexpressstores.icims.com,https://careers-ponyexpressstores.icims.com/jobs/search?ss=1
Popshelf,icims,jobs-popshelf.icims.com,https://jobs-popshelf.icims.com/jobs/search?ss=1
Population Services International,icims,careers-psi.icims.com,https://careers-psi.icims.com/jobs/search?ss=1
Porter Airlines,icims,careerspilots-flyporter.icims.com,https://careerspilots-flyporter.icims.com/jobs/search?ss=1
Posiciones abiertas en Reynolds Consumer Products LLC,icims,trabajoshoras-reynoldsconsumerproducts.icims.com,https://trabajoshoras-reynoldsconsumerproducts.icims.com/jobs/search?ss=1
"Posillico Civil, Inc.",icims,careers-posillicoinc.icims.com,https://careers-posillicoinc.icims.com/jobs/search?ss=1
"Posillico Civil, Inc.",icims,martins-posillicoinc.icims.com,https://martins-posillicoinc.icims.com/jobs/search?ss=1
Post Holdings Inc.,icims,internal-postholdings.icims.com,https://internal-postholdings.icims.com/jobs/search?ss=1
Postes BusPatrol,icims,canada-careers-buspatrol.icims.com,https://canada-careers-buspatrol.icims.com/jobs/search?ss=1
Postholdings,icims,8thavecajobs-postholdings.icims.com,https://8thavecajobs-postholdings.icims.com/jobs/search?ss=1
Postholdings,icims,8thavehrjobs-postholdings.icims.com,https://8thavehrjobs-postholdings.icims.com/jobs/search?ss=1
Postholdings,icims,michaelfoodshrjobs-postholdings.icims.com,https://michaelfoodshrjobs-postholdings.icims.com/jobs/search?ss=1
Postholdings,icims,postconsumerbrandscahrjobs-postholdings.icims.com,https://postconsumerbrandscahrjobs-postholdings.icims.com/jobs/search?ss=1
Postholdings,icims,postconsumerbrandscasljobs-postholdings.icims.com,https://postconsumerbrandscasljobs-postholdings.icims.com/jobs/search?ss=1
Postholdings,icims,postconsumerbrandshrjobs-postholdings.icims.com,https://postconsumerbrandshrjobs-postholdings.icims.com/jobs/search?ss=1
Postholdings,icims,postconsumerbrandssljobs-postholdings.icims.com,https://postconsumerbrandssljobs-postholdings.icims.com/jobs/search?ss=1
Postholdings,icims,postholdingsjobs-postholdings.icims.com,https://postholdingsjobs-postholdings.icims.com/jobs/search?ss=1
Postholdings,icims,premiernutritionjobs-postholdings.icims.com,https://premiernutritionjobs-postholdings.icims.com/jobs/search?ss=1
PowerFlex,icims,careers-powerflex.icims.com,https://careers-powerflex.icims.com/jobs/search?ss=1
PowerForce,icims,careers-powerforcegb.icims.com,https://careers-powerforcegb.icims.com/jobs/search?ss=1
"PowerPlan, Inc",icims,careers-powerplan.icims.com,https://careers-powerplan.icims.com/jobs/search?ss=1
PowerSchool Group LLC,icims,careers-powerschool.icims.com,https://careers-powerschool.icims.com/jobs/search?ss=1
PowerSchool Group LLC,icims,careers3-powerschool.icims.com,https://careers3-powerschool.icims.com/jobs/search?ss=1
PowerSchool Group LLC,icims,careers4-powerschool.icims.com,https://careers4-powerschool.icims.com/jobs/search?ss=1
Ppgt,icims,careers-ppgt.icims.com,https://careers-ppgt.icims.com/jobs/search?ss=1
Ppl,icims,careers-ppl.icims.com,https://careers-ppl.icims.com/jobs/search?ss=1
PPL,icims,intern-pplweb.icims.com,https://intern-pplweb.icims.com/jobs/search?ss=1
Pplweb,icims,careers-pplweb.icims.com,https://careers-pplweb.icims.com/jobs/search?ss=1
PR Management Corp.,icims,careers-hourly-prrestaurants.icims.com,https://careers-hourly-prrestaurants.icims.com/jobs/search?ss=1
Practical Administrative Solutions L.P,icims,careers-granerx.icims.com,https://careers-granerx.icims.com/jobs/search?ss=1
Practical Administrative Solutions L.P,icims,careers-seniorlifepa.icims.com,https://careers-seniorlifepa.icims.com/jobs/search?ss=1
Prager Metis CPAs LLC,icims,careers-pragermetis.icims.com,https://careers-pragermetis.icims.com/jobs/search?ss=1
"Prairie State Generating Co., LLC",icims,careers-psgc.icims.com,https://careers-psgc.icims.com/jobs/search?ss=1
Prairiecare,icims,careers-prairiecare.icims.com,https://careers-prairiecare.icims.com/jobs/search?ss=1
Praxis Packaging,icims,careers-praxispackaging.icims.com,https://careers-praxispackaging.icims.com/jobs/search?ss=1
Praxis Packaging,icims,employees-praxispackaging.icims.com,https://employees-praxispackaging.icims.com/jobs/search?ss=1
Precise Physical Therapy,icims,careers-precisept.icims.com,https://careers-precisept.icims.com/jobs/search?ss=1
Precision Air Heating & Cooling,icims,careers-wecarese.icims.com,https://careers-wecarese.icims.com/jobs/search?ss=1
Precision Today,icims,careers-precisiontoday.icims.com,https://careers-precisiontoday.icims.com/jobs/search?ss=1
Preferred Physical Therapy,icims,careers-preferredphysicaltherapy.icims.com,https://careers-preferredphysicaltherapy.icims.com/jobs/search?ss=1
Premier Dentist Partners,icims,careers-premierdentistpartners.icims.com,https://careers-premierdentistpartners.icims.com/jobs/search?ss=1
Premier Equipment,icims,careers-premierequipment.icims.com,https://careers-premierequipment.icims.com/jobs/search?ss=1
PREMIERE HCSTAFFING,icims,careers-premierehcstaffing.icims.com,https://careers-premierehcstaffing.icims.com/jobs/search?ss=1
Presbyterian Healthcare Services,icims,careers-hub-phs.icims.com,https://careers-hub-phs.icims.com/jobs/search?ss=1
Presbyterian Healthcare Services,icims,careers-phs.icims.com,https://careers-phs.icims.com/jobs/search?ss=1
Presbyterian Healthcare Services,icims,iapply-phs.icims.com,https://iapply-phs.icims.com/jobs/search?ss=1
Presbyterian Healthcare Services,icims,iapplyproviders-phs.icims.com,https://iapplyproviders-phs.icims.com/jobs/search?ss=1
Presbyterian Healthcare Services,icims,nursing-phs.icims.com,https://nursing-phs.icims.com/jobs/search?ss=1
Presbyterian Healthcare Services,icims,providers-phs.icims.com,https://providers-phs.icims.com/jobs/search?ss=1
Presbyterian Homes & Services Career Search Agents,icims,careers-preshomes.icims.com,https://careers-preshomes.icims.com/jobs/search?ss=1
Presbyterian Homes & Services Career Search Agents,icims,intranet-preshomes.icims.com,https://intranet-preshomes.icims.com/jobs/search?ss=1
Presbyterian Villages of Michigan,icims,careers-pvm.icims.com,https://careers-pvm.icims.com/jobs/search?ss=1
"PRIDE Industries, Inc.",icims,careers-prideindustries.icims.com,https://careers-prideindustries.icims.com/jobs/search?ss=1
Prime Controls,icims,careers-primecontrols.icims.com,https://careers-primecontrols.icims.com/jobs/search?ss=1
Prime Group Holdings,icims,careers-goprimegroup.icims.com,https://careers-goprimegroup.icims.com/jobs/search?ss=1
Prime Healthcare,icims,careers-primehealthcare.icims.com,https://careers-primehealthcare.icims.com/jobs/search?ss=1
Prime Inc. (truck driving school - truck driving job - truck driver jobs),icims,careers-primeinc.icims.com,https://careers-primeinc.icims.com/jobs/search?ss=1
"PrimeRevenue, Inc.",icims,careers-primerevenue.icims.com,https://careers-primerevenue.icims.com/jobs/search?ss=1
PrimeSource Building Products,icims,ps-careers.icims.com,https://ps-careers.icims.com/jobs/search?ss=1
Primobrands,icims,nonexempt-primobrands.icims.com,https://nonexempt-primobrands.icims.com/jobs/search?ss=1
Primowater,icims,canada-english-primowater.icims.com,https://canada-english-primowater.icims.com/jobs/search?ss=1
Primowater,icims,canada-french-primowater.icims.com,https://canada-french-primowater.icims.com/jobs/search?ss=1
Primowater,icims,exempt-primowater.icims.com,https://exempt-primowater.icims.com/jobs/search?ss=1
Primowater,icims,nonexempt-primowater.icims.com,https://nonexempt-primowater.icims.com/jobs/search?ss=1
Princeton University,icims,hub-princeton.icims.com,https://hub-princeton.icims.com/jobs/search?ss=1
Princeton University,icims,internal-princeton.icims.com,https://internal-princeton.icims.com/jobs/search?ss=1
Princeton University,icims,main-princeton.icims.com,https://main-princeton.icims.com/jobs/search?ss=1
Princeton University,icims,research-princeton.icims.com,https://research-princeton.icims.com/jobs/search?ss=1
Princeton University,icims,service-princeton.icims.com,https://service-princeton.icims.com/jobs/search?ss=1
Principal,icims,careers-principal.icims.com,https://careers-principal.icims.com/jobs/search?ss=1
Principal,icims,careerschile-principal.icims.com,https://careerschile-principal.icims.com/jobs/search?ss=1
Principal,icims,careershk-principal.icims.com,https://careershk-principal.icims.com/jobs/search?ss=1
Principal,icims,careersindia-principal.icims.com,https://careersindia-principal.icims.com/jobs/search?ss=1
Principal,icims,careersindonesiapam-principal.icims.com,https://careersindonesiapam-principal.icims.com/jobs/search?ss=1
Principal,icims,careersmalaysia-principal.icims.com,https://careersmalaysia-principal.icims.com/jobs/search?ss=1
Principal,icims,careersmalaysiapam-principal.icims.com,https://careersmalaysiapam-principal.icims.com/jobs/search?ss=1
Principal,icims,careersmexico-principal.icims.com,https://careersmexico-principal.icims.com/jobs/search?ss=1
Principal,icims,careersphilippines-principal.icims.com,https://careersphilippines-principal.icims.com/jobs/search?ss=1
Principal,icims,careerssingapore-principal.icims.com,https://careerssingapore-principal.icims.com/jobs/search?ss=1
Principal,icims,careersthailandpam-principal.icims.com,https://careersthailandpam-principal.icims.com/jobs/search?ss=1
Principal,icims,cuprum-principal.icims.com,https://cuprum-principal.icims.com/jobs/search?ss=1
Principal,icims,internalspanish-principal.icims.com,https://internalspanish-principal.icims.com/jobs/search?ss=1
ProActive Physical Therapy Specialists,icims,careers-proactivept.icims.com,https://careers-proactivept.icims.com/jobs/search?ss=1
Prodapt,icims,careersind-prodapt.icims.com,https://careersind-prodapt.icims.com/jobs/search?ss=1
Prodapt,icims,careerspna-prodapt.icims.com,https://careerspna-prodapt.icims.com/jobs/search?ss=1
ProDriven Global Brands,icims,careers-prodrivenbrands.icims.com,https://careers-prodrivenbrands.icims.com/jobs/search?ss=1
ProDriven Global Brands,icims,careers-wernerco.icims.com,https://careers-wernerco.icims.com/jobs/search?ss=1
ProDriven Global Brands,icims,europecareers-prodrivenbrands.icims.com,https://europecareers-prodrivenbrands.icims.com/jobs/search?ss=1
ProDriven Global Brands,icims,europecareers-wernerco.icims.com,https://europecareers-wernerco.icims.com/jobs/search?ss=1
ProDriven Global Brands,icims,hourlycareers-wernerco.icims.com,https://hourlycareers-wernerco.icims.com/jobs/search?ss=1
Production Resource Group,icims,careers-prg.icims.com,https://careers-prg.icims.com/jobs/search?ss=1
Production Resource Group,icims,careers-prginternational.icims.com,https://careers-prginternational.icims.com/jobs/search?ss=1
Prodware Group,icims,careershub-prodwaredag.icims.com,https://careershub-prodwaredag.icims.com/jobs/search?ss=1
Prodware Group,icims,czech-external-prodwaredag.icims.com,https://czech-external-prodwaredag.icims.com/jobs/search?ss=1
Prodware Group,icims,georgian-external-prodwaredag.icims.com,https://georgian-external-prodwaredag.icims.com/jobs/search?ss=1
Prodware Group,icims,spanish-external-prodwaredag.icims.com,https://spanish-external-prodwaredag.icims.com/jobs/search?ss=1
ProFlo Heating & Cooling,icims,careers-proflohvac.icims.com,https://careers-proflohvac.icims.com/jobs/search?ss=1
Promega,icims,careers-promega.icims.com,https://careers-promega.icims.com/jobs/search?ss=1
Promega,icims,careers-terso.icims.com,https://careers-terso.icims.com/jobs/search?ss=1
Promega,icims,careers-usonainstitute.icims.com,https://careers-usonainstitute.icims.com/jobs/search?ss=1
Propark Mobility | Ofertas de empleo en Propark Mobility,icims,careers-propark.icims.com,https://careers-propark.icims.com/jobs/search?ss=1
ProRehab Physical Therapy,icims,careers-prorehabpt.icims.com,https://careers-prorehabpt.icims.com/jobs/search?ss=1
Proud Moments ABA,icims,careers-proudmomentsaba.icims.com,https://careers-proudmomentsaba.icims.com/jobs/search?ss=1
Providence Health Care,icims,careers-phc.icims.com,https://careers-phc.icims.com/jobs/search?ss=1
Providence Health Care,icims,internal-phc.icims.com,https://internal-phc.icims.com/jobs/search?ss=1
Prsformusic,icims,careers-prsformusic.icims.com,https://careers-prsformusic.icims.com/jobs/search?ss=1
Prsmanagement,icims,careers-prsmanagement.icims.com,https://careers-prsmanagement.icims.com/jobs/search?ss=1
PSA Airlines,icims,careers-psaairlines.icims.com,https://careers-psaairlines.icims.com/jobs/search?ss=1
PT Solutions,icims,careers-ptsolutions.icims.com,https://careers-ptsolutions.icims.com/jobs/search?ss=1
Public Service Plumbers & Air,icims,careers-publicserviceplumbers.icims.com,https://careers-publicserviceplumbers.icims.com/jobs/search?ss=1
Publicis Groupe,icims,employees-publicisgroupe.icims.com,https://employees-publicisgroupe.icims.com/jobs/search?ss=1
Publicis Groupe,icims,referral-publicisgroupe.icims.com,https://referral-publicisgroupe.icims.com/jobs/search?ss=1
Publicisgroupe,icims,careers-publicisgroupe.icims.com,https://careers-publicisgroupe.icims.com/jobs/search?ss=1
Publicisgroupe,icims,epsilon-publicisgroupe.icims.com,https://epsilon-publicisgroupe.icims.com/jobs/search?ss=1
Publicisgroupe,icims,sapient-publicisgroupe.icims.com,https://sapient-publicisgroupe.icims.com/jobs/search?ss=1
Pulice,icims,careers-pulice.icims.com,https://careers-pulice.icims.com/jobs/search?ss=1
Pursuit,icims,canada-pursuitcollection.icims.com,https://canada-pursuitcollection.icims.com/jobs/search?ss=1
Pursuit,icims,denver-pursuit.icims.com,https://denver-pursuit.icims.com/jobs/search?ss=1
Pursuit,icims,flyoverattractions-pursuitcollection.icims.com,https://flyoverattractions-pursuitcollection.icims.com/jobs/search?ss=1
Pursuit,icims,usa-pursuitcollection.icims.com,https://usa-pursuitcollection.icims.com/jobs/search?ss=1
Puzzle Solutions Holdings LLC,icims,allstar-puzzlehr.icims.com,https://allstar-puzzlehr.icims.com/jobs/search?ss=1
Puzzle Solutions Holdings LLC,icims,americanbancsharesmortgage-puzzlehr.icims.com,https://americanbancsharesmortgage-puzzlehr.icims.com/jobs/search?ss=1
Puzzle Solutions Holdings LLC,icims,andrewjackson-puzzlehr.icims.com,https://andrewjackson-puzzlehr.icims.com/jobs/search?ss=1
Puzzle Solutions Holdings LLC,icims,bigbolt-puzzlehr.icims.com,https://bigbolt-puzzlehr.icims.com/jobs/search?ss=1
Puzzle Solutions Holdings LLC,icims,canisiusuniversity-puzzlehr.icims.com,https://canisiusuniversity-puzzlehr.icims.com/jobs/search?ss=1
Puzzle Solutions Holdings LLC,icims,canoneusainc-puzzlehr.icims.com,https://canoneusainc-puzzlehr.icims.com/jobs/search?ss=1
Puzzle Solutions Holdings LLC,icims,careers-puzzlehr.icims.com,https://careers-puzzlehr.icims.com/jobs/search?ss=1
Puzzle Solutions Holdings LLC,icims,clientcareers-puzzlehr.icims.com,https://clientcareers-puzzlehr.icims.com/jobs/search?ss=1
Puzzle Solutions Holdings LLC,icims,crossroadscontinuum-puzzlehr.icims.com,https://crossroadscontinuum-puzzlehr.icims.com/jobs/search?ss=1
Puzzle Solutions Holdings LLC,icims,eurowallsys-puzzlehr.icims.com,https://eurowallsys-puzzlehr.icims.com/jobs/search?ss=1
Puzzle Solutions Holdings LLC,icims,firelandsautogroup-puzzlehr.icims.com,https://firelandsautogroup-puzzlehr.icims.com/jobs/search?ss=1
Puzzle Solutions Holdings LLC,icims,gzosheetmetal-puzzlehr.icims.com,https://gzosheetmetal-puzzlehr.icims.com/jobs/search?ss=1
Puzzle Solutions Holdings LLC,icims,marinventures-puzzlehr.icims.com,https://marinventures-puzzlehr.icims.com/jobs/search?ss=1
Puzzle Solutions Holdings LLC,icims,ohiosteel-puzzlehr.icims.com,https://ohiosteel-puzzlehr.icims.com/jobs/search?ss=1
Puzzle Solutions Holdings LLC,icims,readingisfundamental-puzzlehr.icims.com,https://readingisfundamental-puzzlehr.icims.com/jobs/search?ss=1
Puzzle Solutions Holdings LLC,icims,rubberinc-puzzlehr.icims.com,https://rubberinc-puzzlehr.icims.com/jobs/search?ss=1
Puzzle Solutions Holdings LLC,icims,stellaenvironmentalservices-puzzlehr.icims.com,https://stellaenvironmentalservices-puzzlehr.icims.com/jobs/search?ss=1
Puzzle Solutions Holdings LLC,icims,triimaging-puzzlehr.icims.com,https://triimaging-puzzlehr.icims.com/jobs/search?ss=1
Puzzle Solutions Holdings LLC,icims,unifyenergysolutions-puzzlehr.icims.com,https://unifyenergysolutions-puzzlehr.icims.com/jobs/search?ss=1
Puzzle Solutions Holdings LLC,icims,whistleworkwear-puzzlehr.icims.com,https://whistleworkwear-puzzlehr.icims.com/jobs/search?ss=1
Puzzle Solutions Holdings LLC,icims,willysdiscountworkwear-puzzlehr.icims.com,https://willysdiscountworkwear-puzzlehr.icims.com/jobs/search?ss=1
Puzzle Solutions Holdings LLC,icims,workworld-puzzlehr.icims.com,https://workworld-puzzlehr.icims.com/jobs/search?ss=1
"Pyramid Systems, Inc.",icims,careers-pyramidsystems.icims.com,https://careers-pyramidsystems.icims.com/jobs/search?ss=1
Qatarenergy,icims,experienced-professionals-recruitment-qatarenergy.icims.com,https://experienced-professionals-recruitment-qatarenergy.icims.com/jobs/search?ss=1
Qatarenergy,icims,national-recruitment-qatarenergy.icims.com,https://national-recruitment-qatarenergy.icims.com/jobs/search?ss=1
Qatarenergy,icims,university-program-qatarenergy.icims.com,https://university-program-qatarenergy.icims.com/jobs/search?ss=1
"QSC, LLC",icims,qsccareers-qsc.icims.com,https://qsccareers-qsc.icims.com/jobs/search?ss=1
"QSC, LLC",icims,qsccareersemea-qsc.icims.com,https://qsccareersemea-qsc.icims.com/jobs/search?ss=1
"Qualfon Data Services Group, LLC",icims,phcareers-qualfon.icims.com,https://phcareers-qualfon.icims.com/jobs/search?ss=1
"Qualfon Data Services Group, LLC",icims,us-qualfon.icims.com,https://us-qualfon.icims.com/jobs/search?ss=1
Qualus,icims,careers-gridbright.icims.com,https://careers-gridbright.icims.com/jobs/search?ss=1
Qualus,icims,careers-qualus.icims.com,https://careers-qualus.icims.com/jobs/search?ss=1
Qualus,icims,careers-qualussolutions.icims.com,https://careers-qualussolutions.icims.com/jobs/search?ss=1
Quanta Services,icims,allcareers-quanta.icims.com,https://allcareers-quanta.icims.com/jobs/search?ss=1
Quanta Services,icims,careers-irbyconstruction.icims.com,https://careers-irbyconstruction.icims.com/jobs/search?ss=1
Quanta Services,icims,careers-quanta.icims.com,https://careers-quanta.icims.com/jobs/search?ss=1
Quanta Services,icims,careers2-quanta.icims.com,https://careers2-quanta.icims.com/jobs/search?ss=1
Quanta Services,icims,collegerecruiting-quanta.icims.com,https://collegerecruiting-quanta.icims.com/jobs/search?ss=1
Quanta Services,icims,military-quanta.icims.com,https://military-quanta.icims.com/jobs/search?ss=1
Quanta Services,icims,telecom-quanta.icims.com,https://telecom-quanta.icims.com/jobs/search?ss=1
Quantum Sky Engineering LLC,icims,careers-gotyto.icims.com,https://careers-gotyto.icims.com/jobs/search?ss=1
Quarterhill,icims,careers-quarterhill.icims.com,https://careers-quarterhill.icims.com/jobs/search?ss=1
Quartz,icims,careers-quartzbenefits.icims.com,https://careers-quartzbenefits.icims.com/jobs/search?ss=1
Quest,icims,careers-oneidentity.icims.com,https://careers-oneidentity.icims.com/jobs/search?ss=1
Quest,icims,careers-quest.icims.com,https://careers-quest.icims.com/jobs/search?ss=1
QuickChek,icims,careers-qchek.icims.com,https://careers-qchek.icims.com/jobs/search?ss=1
QuickChek Jobs,icims,storejobs-qchek.icims.com,https://storejobs-qchek.icims.com/jobs/search?ss=1
Quiddity,icims,early-careers-quiddity.icims.com,https://early-careers-quiddity.icims.com/jobs/search?ss=1
"Quinn Group, Inc",icims,careers-monarchps.icims.com,https://careers-monarchps.icims.com/jobs/search?ss=1
"Quinn Group, Inc",icims,careers-quinngroup.icims.com,https://careers-quinngroup.icims.com/jobs/search?ss=1
"R&P Technologies, LLC",icims,careers-rp-techologies.icims.com,https://careers-rp-techologies.icims.com/jobs/search?ss=1
R. Poust Heating & Air Conditioning,icims,careers-rpoustinc.icims.com,https://careers-rpoustinc.icims.com/jobs/search?ss=1
Racker,icims,careers-application-racker.icims.com,https://careers-application-racker.icims.com/jobs/search?ss=1
Racker,icims,careers-resume-racker.icims.com,https://careers-resume-racker.icims.com/jobs/search?ss=1
Racker,icims,careers-volunteer-racker.icims.com,https://careers-volunteer-racker.icims.com/jobs/search?ss=1
Racker,icims,internal-racker.icims.com,https://internal-racker.icims.com/jobs/search?ss=1
Radiant Waxing,icims,radiantwaxing-wellbizbrands.icims.com,https://radiantwaxing-wellbizbrands.icims.com/jobs/search?ss=1
Radio Free Asia,icims,careers-rfacareers.icims.com,https://careers-rfacareers.icims.com/jobs/search?ss=1
Radnet,icims,careers-radnet.icims.com,https://careers-radnet.icims.com/jobs/search?ss=1
Rain Bird Career Center,icims,jobs-rainbird.icims.com,https://jobs-rainbird.icims.com/jobs/search?ss=1
Rambus,icims,careers-rambus.icims.com,https://careers-rambus.icims.com/jobs/search?ss=1
Rand Group,icims,careers-randgroup.icims.com,https://careers-randgroup.icims.com/jobs/search?ss=1
Rare,icims,careers-rare.icims.com,https://careers-rare.icims.com/jobs/search?ss=1
reacHIRE LLC,icims,careers-reachire.icims.com,https://careers-reachire.icims.com/jobs/search?ss=1
reacHIRE LLC,icims,careersatreachire-reachire.icims.com,https://careersatreachire-reachire.icims.com/jobs/search?ss=1
reacHIRE LLC,icims,reachire-directhire.icims.com,https://reachire-directhire.icims.com/jobs/search?ss=1
Readingmathcorps,icims,ca-readingmathcorps.icims.com,https://ca-readingmathcorps.icims.com/jobs/search?ss=1
Readingmathcorps,icims,join-readingmathcorps.icims.com,https://join-readingmathcorps.icims.com/jobs/search?ss=1
Readingmathcorps,icims,mn-readingmathcorps.icims.com,https://mn-readingmathcorps.icims.com/jobs/search?ss=1
Readingmathcorps,icims,wi-readingmathcorps.icims.com,https://wi-readingmathcorps.icims.com/jobs/search?ss=1
Real Alloy,icims,career-realalloy.icims.com,https://career-realalloy.icims.com/jobs/search?ss=1
Real Alloy,icims,easyapply-realalloy.icims.com,https://easyapply-realalloy.icims.com/jobs/search?ss=1
"RealPage, Inc.",icims,careers-international-realpagepms.icims.com,https://careers-international-realpagepms.icims.com/jobs/search?ss=1
"RealPage, Inc.",icims,careers-realpagepms.icims.com,https://careers-realpagepms.icims.com/jobs/search?ss=1
Red Cap,icims,careers-redcap.icims.com,https://careers-redcap.icims.com/jobs/search?ss=1
Red Coats. Inc.,icims,admcareers-redcoats.icims.com,https://admcareers-redcoats.icims.com/jobs/search?ss=1
Red Coats. Inc.,icims,admiralsecuritycareers-redcoats.icims.com,https://admiralsecuritycareers-redcoats.icims.com/jobs/search?ss=1
Red Coats. Inc.,icims,careers-redcoats.icims.com,https://careers-redcoats.icims.com/jobs/search?ss=1
Red Coats. Inc.,icims,careers-spanish-redcoats.icims.com,https://careers-spanish-redcoats.icims.com/jobs/search?ss=1
Red Coats. Inc.,icims,datawatchsystemscareers-redcoats.icims.com,https://datawatchsystemscareers-redcoats.icims.com/jobs/search?ss=1
Red Lobster Management LLC,icims,careers-redlobster.icims.com,https://careers-redlobster.icims.com/jobs/search?ss=1
Red Lobster Management LLC,icims,corporate-redlobster.icims.com,https://corporate-redlobster.icims.com/jobs/search?ss=1
Red Lobster Management LLC,icims,hourly-canada-redlobster.icims.com,https://hourly-canada-redlobster.icims.com/jobs/search?ss=1
Red Lobster Management LLC,icims,management-canada-redlobster.icims.com,https://management-canada-redlobster.icims.com/jobs/search?ss=1
Red Lobster Management LLC,icims,management-redlobster.icims.com,https://management-redlobster.icims.com/jobs/search?ss=1
Red Lobster Management LLC,icims,rsc-canada-redlobster.icims.com,https://rsc-canada-redlobster.icims.com/jobs/search?ss=1
Red Stag Fulfillment,icims,careers-redstagfulfillment.icims.com,https://careers-redstagfulfillment.icims.com/jobs/search?ss=1
Redbud Physical Therapy,icims,careers-redbudpt.icims.com,https://careers-redbudpt.icims.com/jobs/search?ss=1
Redeemer Health,icims,employees-redeemerhealth.icims.com,https://employees-redeemerhealth.icims.com/jobs/search?ss=1
Redeemerhealth,icims,careers-redeemerhealth.icims.com,https://careers-redeemerhealth.icims.com/jobs/search?ss=1
"REDICO, LLC",icims,careers-americanhouse.icims.com,https://careers-americanhouse.icims.com/jobs/search?ss=1
"REDICO, LLC",icims,careers-continuumservices.icims.com,https://careers-continuumservices.icims.com/jobs/search?ss=1
"REDICO, LLC",icims,careers-redico.icims.com,https://careers-redico.icims.com/jobs/search?ss=1
"Referral Opportunities at Constellation Energy Generation, LLC.",icims,referral-constellationenergy.icims.com,https://referral-constellationenergy.icims.com/jobs/search?ss=1
Region of Peel,icims,careers-peelregion.icims.com,https://careers-peelregion.icims.com/jobs/search?ss=1
Region of Peel,icims,internal-peelregion.icims.com,https://internal-peelregion.icims.com/jobs/search?ss=1
Regional: Atlantic,icims,careers-tradeupatlanticregion.icims.com,https://careers-tradeupatlanticregion.icims.com/jobs/search?ss=1
Regional: California,icims,careers-tradeupcaliforniaregion.icims.com,https://careers-tradeupcaliforniaregion.icims.com/jobs/search?ss=1
Regional: Midwest,icims,career-tradeupmidwestregion.icims.com,https://career-tradeupmidwestregion.icims.com/jobs/search?ss=1
Regional: Pacific,icims,careers-tradeuppacificregion.icims.com,https://careers-tradeuppacificregion.icims.com/jobs/search?ss=1
Registration Listings at Home Care Assistance,icims,caregivers-valuecare.icims.com,https://caregivers-valuecare.icims.com/jobs/search?ss=1
Rehab Therapy Works,icims,careers-myrtw.icims.com,https://careers-myrtw.icims.com/jobs/search?ss=1
Rei,icims,careers-rei.icims.com,https://careers-rei.icims.com/jobs/search?ss=1
Rei,icims,retail-rei.icims.com,https://retail-rei.icims.com/jobs/search?ss=1
REI Systems,icims,careers-reisystems.icims.com,https://careers-reisystems.icims.com/jobs/search?ss=1
Reimer Home Services,icims,careers-reimerhvac.icims.com,https://careers-reimerhvac.icims.com/jobs/search?ss=1
Related,icims,careers-related.icims.com,https://careers-related.icims.com/jobs/search?ss=1
Reliance Test & Technology,icims,careers-rtt.icims.com,https://careers-rtt.icims.com/jobs/search?ss=1
Reliant Rehabilitation,icims,careers-reliant-rehab.icims.com,https://careers-reliant-rehab.icims.com/jobs/search?ss=1
Renasant Bank,icims,careers-renasant.icims.com,https://careers-renasant.icims.com/jobs/search?ss=1
Renfrow,icims,careers-renfrowhvac.icims.com,https://careers-renfrowhvac.icims.com/jobs/search?ss=1
Renovo Home Partners,icims,alurecareers-renovo.icims.com,https://alurecareers-renovo.icims.com/jobs/search?ss=1
Renovo Home Partners,icims,dreamstylecareers-renovo.icims.com,https://dreamstylecareers-renovo.icims.com/jobs/search?ss=1
Renovo Home Partners,icims,newprocareers-renovo.icims.com,https://newprocareers-renovo.icims.com/jobs/search?ss=1
Renovo Home Partners,icims,reborncareers-renovo.icims.com,https://reborncareers-renovo.icims.com/jobs/search?ss=1
Renovo Home Partners,icims,remodelusacareers-renovo.icims.com,https://remodelusacareers-renovo.icims.com/jobs/search?ss=1
Renovo Home Partners,icims,renovocareers-renovo.icims.com,https://renovocareers-renovo.icims.com/jobs/search?ss=1
Renovo Home Partners,icims,woodbridgecareers-renovo.icims.com,https://woodbridgecareers-renovo.icims.com/jobs/search?ss=1
Repairify,icims,globalcareers-repairify.icims.com,https://globalcareers-repairify.icims.com/jobs/search?ss=1
Repairify,icims,uscareers-repairify.icims.com,https://uscareers-repairify.icims.com/jobs/search?ss=1
"Replimune, Inc.",icims,careers-replimune.icims.com,https://careers-replimune.icims.com/jobs/search?ss=1
Republicfinance,icims,apply-republicfinance.icims.com,https://apply-republicfinance.icims.com/jobs/search?ss=1
Research Triangle Institute,icims,jobs-rtiinc.icims.com,https://jobs-rtiinc.icims.com/jobs/search?ss=1
Research Triangle Institute,icims,rtihs-rtiinc.icims.com,https://rtihs-rtiinc.icims.com/jobs/search?ss=1
Resonetics,icims,careers-resonetics.icims.com,https://careers-resonetics.icims.com/jobs/search?ss=1
Resorts Casino Hotel,icims,careers-resortsac.icims.com,https://careers-resortsac.icims.com/jobs/search?ss=1
"Resource Label Group, Inc",icims,careers-resourcelabel.icims.com,https://careers-resourcelabel.icims.com/jobs/search?ss=1
Restano,icims,careers-restano.icims.com,https://careers-restano.icims.com/jobs/search?ss=1
RET Physical Therapy,icims,careers-retphysicaltherapy.icims.com,https://careers-retphysicaltherapy.icims.com/jobs/search?ss=1
Retail Services WIS Corporation DBA WIS International,icims,easyapply-wisintl.icims.com,https://easyapply-wisintl.icims.com/jobs/search?ss=1
Retail Services WIS Corporation DBA WIS International,icims,employees-wisintl.icims.com,https://employees-wisintl.icims.com/jobs/search?ss=1
Retina Consultants of Houston,icims,careers-houstonretina.icims.com,https://careers-houstonretina.icims.com/jobs/search?ss=1
Revantage,icims,careers-aprilhousing.icims.com,https://careers-aprilhousing.icims.com/jobs/search?ss=1
Revantage,icims,careers-brehotels.icims.com,https://careers-brehotels.icims.com/jobs/search?ss=1
Revantage,icims,careers-eq-office.icims.com,https://careers-eq-office.icims.com/jobs/search?ss=1
Revantage,icims,careers-linkindustrialfields.icims.com,https://careers-linkindustrialfields.icims.com/jobs/search?ss=1
Revantage,icims,careers-livcor.icims.com,https://careers-livcor.icims.com/jobs/search?ss=1
Revantage,icims,careers-pacapts.icims.com,https://careers-pacapts.icims.com/jobs/search?ss=1
Revantage,icims,careers-revantage.icims.com,https://careers-revantage.icims.com/jobs/search?ss=1
Revantage,icims,careers-shopcore.icims.com,https://careers-shopcore.icims.com/jobs/search?ss=1
Revantage,icims,careerseu-revantage.icims.com,https://careerseu-revantage.icims.com/jobs/search?ss=1
Revantage,icims,external-simplystorage.icims.com,https://external-simplystorage.icims.com/jobs/search?ss=1
Rewarding Careers at QuisLex,icims,careers-quislex.icims.com,https://careers-quislex.icims.com/jobs/search?ss=1
"Reyes Holdings, L.L.C",icims,internal-reyesholdings.icims.com,https://internal-reyesholdings.icims.com/jobs/search?ss=1
Reyesbeveragegroup,icims,careers-reyesbeveragegroup.icims.com,https://careers-reyesbeveragegroup.icims.com/jobs/search?ss=1
Reyescocacola,icims,careers-reyescocacola.icims.com,https://careers-reyescocacola.icims.com/jobs/search?ss=1
Reyesfleetmanagement,icims,careers-reyesfleetmanagement.icims.com,https://careers-reyesfleetmanagement.icims.com/jobs/search?ss=1
RH Perry & Associates,icims,careers-rhperry.icims.com,https://careers-rhperry.icims.com/jobs/search?ss=1
rhi,icims,uscareers-rhi-group.icims.com,https://uscareers-rhi-group.icims.com/jobs/search?ss=1
Ricardo,icims,careers-ricardo.icims.com,https://careers-ricardo.icims.com/jobs/search?ss=1
Ricardo,icims,careers-trnty.icims.com,https://careers-trnty.icims.com/jobs/search?ss=1
Richdale Apartments,icims,jobs-richdalegroup.icims.com,https://jobs-richdalegroup.icims.com/jobs/search?ss=1
Ridge Air & Heating,icims,careers-ridgeac.icims.com,https://careers-ridgeac.icims.com/jobs/search?ss=1
Right Now Heating and Air Conditioning,icims,careers-rightnowheatingacplumbing.icims.com,https://careers-rightnowheatingacplumbing.icims.com/jobs/search?ss=1
Ring Power,icims,careers-ringpower.icims.com,https://careers-ringpower.icims.com/jobs/search?ss=1
River Cree Resort,icims,careers-rivercree.icims.com,https://careers-rivercree.icims.com/jobs/search?ss=1
River's Edge Hospital,icims,careers-rehc.icims.com,https://careers-rehc.icims.com/jobs/search?ss=1
"Riverbed Technology, Inc.",icims,careers-riverbed.icims.com,https://careers-riverbed.icims.com/jobs/search?ss=1
"Riverbed Technology, Inc.",icims,emea-apj-riverbed.icims.com,https://emea-apj-riverbed.icims.com/jobs/search?ss=1
"Riverbed Technology, Inc.",icims,internal-riverbed.icims.com,https://internal-riverbed.icims.com/jobs/search?ss=1
"Riverbed Technology, Inc.",icims,international-riverbed.icims.com,https://international-riverbed.icims.com/jobs/search?ss=1
Riverhead Building Supply Corporation,icims,jobs-rbscorp.icims.com,https://jobs-rbscorp.icims.com/jobs/search?ss=1
Riverside Healthcare,icims,employees-riversidehealthcare.icims.com,https://employees-riversidehealthcare.icims.com/jobs/search?ss=1
Riverside Research Institute,icims,careers-riversideresearch.icims.com,https://careers-riversideresearch.icims.com/jobs/search?ss=1
Riversidehealthcare,icims,careers-riversidehealthcare.icims.com,https://careers-riversidehealthcare.icims.com/jobs/search?ss=1
RiverView Health,icims,careers-riverviewhealth.icims.com,https://careers-riverviewhealth.icims.com/jobs/search?ss=1
Rivian,icims,us-careers-rivian.icims.com,https://us-careers-rivian.icims.com/jobs/search?ss=1
"Rivian Automotive, LLC",icims,ca-careers-rivian.icims.com,https://ca-careers-rivian.icims.com/jobs/search?ss=1
"Rivian Automotive, LLC",icims,cn-careers-rivian.icims.com,https://cn-careers-rivian.icims.com/jobs/search?ss=1
"Rivian Automotive, LLC",icims,internal-careers-rivian.icims.com,https://internal-careers-rivian.icims.com/jobs/search?ss=1
"Rivian Automotive, LLC",icims,sb-careers-rivian.icims.com,https://sb-careers-rivian.icims.com/jobs/search?ss=1
Rivianvwtech,icims,ca-careers-rivianvwtech.icims.com,https://ca-careers-rivianvwtech.icims.com/jobs/search?ss=1
Rivianvwtech,icims,us-careers-rivianvwtech.icims.com,https://us-careers-rivianvwtech.icims.com/jobs/search?ss=1
Riyadh Air,icims,cabincrew-riyadhair.icims.com,https://cabincrew-riyadhair.icims.com/jobs/search?ss=1
Riyadh Air,icims,careers-riyadhair.icims.com,https://careers-riyadhair.icims.com/jobs/search?ss=1
Riyadh Air,icims,engineering-riyadhair.icims.com,https://engineering-riyadhair.icims.com/jobs/search?ss=1
Riyadh Air,icims,globalcareerhub-riyadhair.icims.com,https://globalcareerhub-riyadhair.icims.com/jobs/search?ss=1
Riyadh Air,icims,pilots-riyadhair.icims.com,https://pilots-riyadhair.icims.com/jobs/search?ss=1
Rmeducation,icims,careers-rmeducation.icims.com,https://careers-rmeducation.icims.com/jobs/search?ss=1
Road Runner Sports,icims,careers-roadrunnersports.icims.com,https://careers-roadrunnersports.icims.com/jobs/search?ss=1
Robertson,icims,careers-robertson.icims.com,https://careers-robertson.icims.com/jobs/search?ss=1
Roche Bros. Supermarkets,icims,associates-rochebros.icims.com,https://associates-rochebros.icims.com/jobs/search?ss=1
Roche Bros. Supermarkets,icims,careers-rochebros.icims.com,https://careers-rochebros.icims.com/jobs/search?ss=1
Rockefeller Capital Management,icims,careers-rcm.icims.com,https://careers-rcm.icims.com/jobs/search?ss=1
Rockefelleruniversity,icims,academic-rockefelleruniversity.icims.com,https://academic-rockefelleruniversity.icims.com/jobs/search?ss=1
Rockefelleruniversity,icims,careers-rockefelleruniversity.icims.com,https://careers-rockefelleruniversity.icims.com/jobs/search?ss=1
Rocket Pharmaceuticals,icims,careers-rocketpharma.icims.com,https://careers-rocketpharma.icims.com/jobs/search?ss=1
Rocky Vista University,icims,careers-rvu.icims.com,https://careers-rvu.icims.com/jobs/search?ss=1
Rodeo Dental & Orthodontics Inc.,icims,careers-rodeodentaltexas.icims.com,https://careers-rodeodentaltexas.icims.com/jobs/search?ss=1
"Roeslein & Associates, Inc.",icims,careers-roeslein.icims.com,https://careers-roeslein.icims.com/jobs/search?ss=1
Rolling,icims,careers-rolling.icims.com,https://careers-rolling.icims.com/jobs/search?ss=1
Rollins,icims,careers-rollins.icims.com,https://careers-rollins.icims.com/jobs/search?ss=1
Rollins,icims,crittercontrol-careers-rollins.icims.com,https://crittercontrol-careers-rollins.icims.com/jobs/search?ss=1
Rollins,icims,hometeam-careers-rollins.icims.com,https://hometeam-careers-rollins.icims.com/jobs/search?ss=1
Rollins,icims,orkin-careers-rollins.icims.com,https://orkin-careers-rollins.icims.com/jobs/search?ss=1
Rollins,icims,westernpestservices-careers-rollins.icims.com,https://westernpestservices-careers-rollins.icims.com/jobs/search?ss=1
Roman Catholic Diocese of Dallas,icims,careers-dallascatholic.icims.com,https://careers-dallascatholic.icims.com/jobs/search?ss=1
Room & Board,icims,jobs-roomandboard.icims.com,https://jobs-roomandboard.icims.com/jobs/search?ss=1
Ropes & Gray LLP,icims,careers-ropesgray.icims.com,https://careers-ropesgray.icims.com/jobs/search?ss=1
"Rosen's Diversified, Inc - American Foods Group, LLC",icims,careers-americanfoodsgroup.icims.com,https://careers-americanfoodsgroup.icims.com/jobs/search?ss=1
"Rosen's Diversified, Inc - American Foods Group, LLC",icims,careers-calihanpork.icims.com,https://careers-calihanpork.icims.com/jobs/search?ss=1
"Rosen's Diversified, Inc - American Foods Group, LLC",icims,employees-americanfoodsgroup.icims.com,https://employees-americanfoodsgroup.icims.com/jobs/search?ss=1
"Rosen's Diversified, Inc - American Foods Group, LLC",icims,spcareers-americanfoodsgroup.icims.com,https://spcareers-americanfoodsgroup.icims.com/jobs/search?ss=1
Rotech,icims,careers-rotech.icims.com,https://careers-rotech.icims.com/jobs/search?ss=1
Roto-Rooter,icims,careers-catons.icims.com,https://careers-catons.icims.com/jobs/search?ss=1
Roto-Rooter,icims,careers-rrsc.icims.com,https://careers-rrsc.icims.com/jobs/search?ss=1
Rowland Air,icims,careers-rowlandair.icims.com,https://careers-rowlandair.icims.com/jobs/search?ss=1
RPM Living,icims,careers-rpmliving.icims.com,https://careers-rpmliving.icims.com/jobs/search?ss=1
RPM Living,icims,careers2-rpmliving.icims.com,https://careers2-rpmliving.icims.com/jobs/search?ss=1
RPM Living,icims,careershub-rpmliving.icims.com,https://careershub-rpmliving.icims.com/jobs/search?ss=1
RPM Living,icims,internalhub-rpmliving.icims.com,https://internalhub-rpmliving.icims.com/jobs/search?ss=1
RS&H Talent Acquisition,icims,careers-rsandh.icims.com,https://careers-rsandh.icims.com/jobs/search?ss=1
Rssb,icims,careers-rssb.icims.com,https://careers-rssb.icims.com/jobs/search?ss=1
Rtiinc,icims,globalcareers-rtiinc.icims.com,https://globalcareers-rtiinc.icims.com/jobs/search?ss=1
Rtiinc,icims,uscareers-rtiinc.icims.com,https://uscareers-rtiinc.icims.com/jobs/search?ss=1
Rural King,icims,careers-ruralking.icims.com,https://careers-ruralking.icims.com/jobs/search?ss=1
Rural King,icims,careers2-ruralking.icims.com,https://careers2-ruralking.icims.com/jobs/search?ss=1
Rushenterprises,icims,careers-rushenterprises.icims.com,https://careers-rushenterprises.icims.com/jobs/search?ss=1
Rusnak Auto Group,icims,careers-rusnak.icims.com,https://careers-rusnak.icims.com/jobs/search?ss=1
Rwlasvegas,icims,apply-rwlasvegas.icims.com,https://apply-rwlasvegas.icims.com/jobs/search?ss=1
RWS,icims,careers-rws.icims.com,https://careers-rws.icims.com/jobs/search?ss=1
RWS,icims,employees-rws.icims.com,https://employees-rws.icims.com/jobs/search?ss=1
RWS,icims,globalcareers-rws.icims.com,https://globalcareers-rws.icims.com/jobs/search?ss=1
RWS,icims,uscareers-rws.icims.com,https://uscareers-rws.icims.com/jobs/search?ss=1
RWS,icims,vendorrelations-rws.icims.com,https://vendorrelations-rws.icims.com/jobs/search?ss=1
Ryder,icims,canada-careers-ryder.icims.com,https://canada-careers-ryder.icims.com/jobs/search?ss=1
Ryder,icims,canadaemployee-careers-ryder.icims.com,https://canadaemployee-careers-ryder.icims.com/jobs/search?ss=1
Ryder,icims,careers-ryder.icims.com,https://careers-ryder.icims.com/jobs/search?ss=1
Ryder,icims,driver-ryder.icims.com,https://driver-ryder.icims.com/jobs/search?ss=1
Ryder,icims,employeecareers-ryder.icims.com,https://employeecareers-ryder.icims.com/jobs/search?ss=1
Ryder,icims,rydercareers-ryder.icims.com,https://rydercareers-ryder.icims.com/jobs/search?ss=1
Ryder,icims,technicians-ryder.icims.com,https://technicians-ryder.icims.com/jobs/search?ss=1
Ryder,icims,warehouse-ryder.icims.com,https://warehouse-ryder.icims.com/jobs/search?ss=1
Rydon,icims,careers-realgroup.icims.com,https://careers-realgroup.icims.com/jobs/search?ss=1
Rydon,icims,careers-rydon.icims.com,https://careers-rydon.icims.com/jobs/search?ss=1
S&B Houston,icims,careers-sbec.icims.com,https://careers-sbec.icims.com/jobs/search?ss=1
S&B Houston,icims,craftcareers-sbec.icims.com,https://craftcareers-sbec.icims.com/jobs/search?ss=1
S&B Houston,icims,infracareers-sbec.icims.com,https://infracareers-sbec.icims.com/jobs/search?ss=1
S&B Houston,icims,infrastructurecraftcareers-sbec.icims.com,https://infrastructurecraftcareers-sbec.icims.com/jobs/search?ss=1
S&B Houston,icims,taicareers-sbec.icims.com,https://taicareers-sbec.icims.com/jobs/search?ss=1
S2 Analytical Solutions LLC,icims,careers-s2analytical.icims.com,https://careers-s2analytical.icims.com/jobs/search?ss=1
Sabre Systems LLC,icims,careers2-sabresystems.icims.com,https://careers2-sabresystems.icims.com/jobs/search?ss=1
Sabre Systems LLC,icims,sabresystems-internal.icims.com,https://sabresystems-internal.icims.com/jobs/search?ss=1
Sabresystems,icims,careers-sabresystems.icims.com,https://careers-sabresystems.icims.com/jobs/search?ss=1
Sachse Construction,icims,careers-brodersachse.icims.com,https://careers-brodersachse.icims.com/jobs/search?ss=1
Sachse Construction,icims,careers-morreyscontracting.icims.com,https://careers-morreyscontracting.icims.com/jobs/search?ss=1
Sachse Construction,icims,careers-sachse.icims.com,https://careers-sachse.icims.com/jobs/search?ss=1
Sachse Construction,icims,careers-stuartmechanical.icims.com,https://careers-stuartmechanical.icims.com/jobs/search?ss=1
Sachse Construction,icims,careers-zolmanrestoration.icims.com,https://careers-zolmanrestoration.icims.com/jobs/search?ss=1
Sachse Construction,icims,internal-sachse.icims.com,https://internal-sachse.icims.com/jobs/search?ss=1
Saft,icims,careers-saft.icims.com,https://careers-saft.icims.com/jobs/search?ss=1
SAG-AFTRA Careers | SAG-AFTRA,icims,careers-sagaftra.icims.com,https://careers-sagaftra.icims.com/jobs/search?ss=1
Sage Dental Job Listings,icims,careers-mysagedental.icims.com,https://careers-mysagedental.icims.com/jobs/search?ss=1
Sage Hospitality,icims,careers-sagehospitality.icims.com,https://careers-sagehospitality.icims.com/jobs/search?ss=1
Sage Hospitality,icims,internal-sagehospitality.icims.com,https://internal-sagehospitality.icims.com/jobs/search?ss=1
Sage Hospitality,icims,spcareers-sagehospitality.icims.com,https://spcareers-sagehospitality.icims.com/jobs/search?ss=1
Saint Mary's University of Minnesota,icims,external-saintmarysuniversity.icims.com,https://external-saintmarysuniversity.icims.com/jobs/search?ss=1
Saint Mary's University of Minnesota,icims,faculty-saintmarysuniversity.icims.com,https://faculty-saintmarysuniversity.icims.com/jobs/search?ss=1
Saint Mary's University of Minnesota,icims,internal-saintmarysuniversity.icims.com,https://internal-saintmarysuniversity.icims.com/jobs/search?ss=1
Salem Media,icims,careers-salemmedia.icims.com,https://careers-salemmedia.icims.com/jobs/search?ss=1
Salem Media,icims,careers-salemsurround.icims.com,https://careers-salemsurround.icims.com/jobs/search?ss=1
Salessense,icims,jobs-salessense.icims.com,https://jobs-salessense.icims.com/jobs/search?ss=1
Salessense,icims,jobs-uniquely.icims.com,https://jobs-uniquely.icims.com/jobs/search?ss=1
Salina Family YMCA,icims,careers-salina-ymca.icims.com,https://careers-salina-ymca.icims.com/jobs/search?ss=1
Salt Lake County,icims,careers-slco.icims.com,https://careers-slco.icims.com/jobs/search?ss=1
Sam,icims,careers-sam.icims.com,https://careers-sam.icims.com/jobs/search?ss=1
Samaritan Daytop Village,icims,careers-samaritandaytophealth.icims.com,https://careers-samaritandaytophealth.icims.com/jobs/search?ss=1
Samaritan Daytop Village,icims,careers-samaritanvillage.icims.com,https://careers-samaritanvillage.icims.com/jobs/search?ss=1
Samaritas Careers,icims,careers-samaritas.icims.com,https://careers-samaritas.icims.com/jobs/search?ss=1
Samaritas Careers,icims,internal-samaritas.icims.com,https://internal-samaritas.icims.com/jobs/search?ss=1
Samaritas Careers,icims,socialwork-samaritas.icims.com,https://socialwork-samaritas.icims.com/jobs/search?ss=1
Same Day Electric,icims,careers-samedayelectric.icims.com,https://careers-samedayelectric.icims.com/jobs/search?ss=1
Saminc,icims,careers-saminc.icims.com,https://careers-saminc.icims.com/jobs/search?ss=1
Samsonite,icims,careers-samsonite.icims.com,https://careers-samsonite.icims.com/jobs/search?ss=1
San Antonio Regional Hospital,icims,careers-sach.icims.com,https://careers-sach.icims.com/jobs/search?ss=1
San Antonio Regional Hospital,icims,careers-sarh.icims.com,https://careers-sarh.icims.com/jobs/search?ss=1
Sanctuary Hospice,icims,careers-sanctuaryhospice.icims.com,https://careers-sanctuaryhospice.icims.com/jobs/search?ss=1
Sanctuary Hospice,icims,careers-sanctuaryhospiceoh.icims.com,https://careers-sanctuaryhospiceoh.icims.com/jobs/search?ss=1
Sarasota Memorial Health Care System,icims,fpg-smh.icims.com,https://fpg-smh.icims.com/jobs/search?ss=1
Sares-Regis,icims,careers-sares-regis.icims.com,https://careers-sares-regis.icims.com/jobs/search?ss=1
Sargent & Lundy,icims,careers-sargentlundy.icims.com,https://careers-sargentlundy.icims.com/jobs/search?ss=1
Sargent & Lundy,icims,international-sargentlundy.icims.com,https://international-sargentlundy.icims.com/jobs/search?ss=1
Sarnova,icims,careers-sarnova.icims.com,https://careers-sarnova.icims.com/jobs/search?ss=1
SAS,icims,careers-sas.icims.com,https://careers-sas.icims.com/jobs/search?ss=1
SAS,icims,erp-sas.icims.com,https://erp-sas.icims.com/jobs/search?ss=1
SAS,icims,global-sas.icims.com,https://global-sas.icims.com/jobs/search?ss=1
SAS,icims,globalcareers-sas.icims.com,https://globalcareers-sas.icims.com/jobs/search?ss=1
SAS,icims,ideas-sas.icims.com,https://ideas-sas.icims.com/jobs/search?ss=1
SAS,icims,ideasglobal-sas.icims.com,https://ideasglobal-sas.icims.com/jobs/search?ss=1
SAS,icims,internal-sas.icims.com,https://internal-sas.icims.com/jobs/search?ss=1
SAS,icims,japan-sas.icims.com,https://japan-sas.icims.com/jobs/search?ss=1
Savannah River Mission Completion,icims,careers-fsne-srmc.icims.com,https://careers-fsne-srmc.icims.com/jobs/search?ss=1
Savannah River Mission Completion,icims,careers-fsse-srmc.icims.com,https://careers-fsse-srmc.icims.com/jobs/search?ss=1
Savannah River Mission Completion,icims,joblink-srmc.icims.com,https://joblink-srmc.icims.com/jobs/search?ss=1
Sazerac Company,icims,careers-apac-sazerac.icims.com,https://careers-apac-sazerac.icims.com/jobs/search?ss=1
Sazerac Company,icims,careers-emea-sazerac.icims.com,https://careers-emea-sazerac.icims.com/jobs/search?ss=1
Sazerac Company,icims,careers-robinsonstave.icims.com,https://careers-robinsonstave.icims.com/jobs/search?ss=1
Sazerac Company,icims,careers-sazerac.icims.com,https://careers-sazerac.icims.com/jobs/search?ss=1
SB Clinical Practice Management Plan,icims,careers-stonybrookmedicinecpmp.icims.com,https://careers-stonybrookmedicinecpmp.icims.com/jobs/search?ss=1
SCA Health,icims,internal-scasurgery.icims.com,https://internal-scasurgery.icims.com/jobs/search?ss=1
Scasurgery,icims,careers-scasurgery.icims.com,https://careers-scasurgery.icims.com/jobs/search?ss=1
Scatec,icims,careers-scatec.icims.com,https://careers-scatec.icims.com/jobs/search?ss=1
Scholarship Listings at PDS Health,icims,pdsfoundation-dentalassistantscholarships.icims.com,https://pdsfoundation-dentalassistantscholarships.icims.com/jobs/search?ss=1
"Science and Engineering Services, LLC",icims,careers-sesi-md.icims.com,https://careers-sesi-md.icims.com/jobs/search?ss=1
Scientific Research Corporation,icims,careers-scires.icims.com,https://careers-scires.icims.com/jobs/search?ss=1
Sciolex Corporation,icims,careers-sciolex.icims.com,https://careers-sciolex.icims.com/jobs/search?ss=1
Sciolex Corporation,icims,employees-sciolex.icims.com,https://employees-sciolex.icims.com/jobs/search?ss=1
SCL Health Community Hospital,icims,careers-sclhealthcommunity.icims.com,https://careers-sclhealthcommunity.icims.com/jobs/search?ss=1
SCMZ--The Shield Co Management LLC - SCMZ,icims,careers-theshieldco.icims.com,https://careers-theshieldco.icims.com/jobs/search?ss=1
SCS Engineers,icims,careers-scsengineers.icims.com,https://careers-scsengineers.icims.com/jobs/search?ss=1
SDSU Research Foundation,icims,careers-sdsurf.icims.com,https://careers-sdsurf.icims.com/jobs/search?ss=1
SDSU Research Foundation,icims,internal-sdsurf.icims.com,https://internal-sdsurf.icims.com/jobs/search?ss=1
Se,icims,brpcareers-se.icims.com,https://brpcareers-se.icims.com/jobs/search?ss=1
Se,icims,careers-se.icims.com,https://careers-se.icims.com/jobs/search?ss=1
Se,icims,confidential-se.icims.com,https://confidential-se.icims.com/jobs/search?ss=1
Se,icims,frcareers-se.icims.com,https://frcareers-se.icims.com/jobs/search?ss=1
Se,icims,grcareers-se.icims.com,https://grcareers-se.icims.com/jobs/search?ss=1
Se,icims,spcareers-se.icims.com,https://spcareers-se.icims.com/jobs/search?ss=1
Search for Jobs,icims,careers-qinetiqna.icims.com,https://careers-qinetiqna.icims.com/jobs/search?ss=1
Search for Jobs,icims,careers-vencore.icims.com,https://careers-vencore.icims.com/jobs/search?ss=1
Search Jobs - World Travel Holdings,icims,careers-wth.icims.com,https://careers-wth.icims.com/jobs/search?ss=1
Seattlechildrens,icims,careers-seattlechildrens.icims.com,https://careers-seattlechildrens.icims.com/jobs/search?ss=1
Seattleymca,icims,external-seattleymca.icims.com,https://external-seattleymca.icims.com/jobs/search?ss=1
Seche,icims,carrieres-groupe-seche.icims.com,https://carrieres-groupe-seche.icims.com/jobs/search?ss=1
SECURE,icims,careers-canada-secure.icims.com,https://careers-canada-secure.icims.com/jobs/search?ss=1
SECURE,icims,careers-us-secure.icims.com,https://careers-us-secure.icims.com/jobs/search?ss=1
Security Finance,icims,careers-security-finance.icims.com,https://careers-security-finance.icims.com/jobs/search?ss=1
Security Finance,icims,pfs-security-finance.icims.com,https://pfs-security-finance.icims.com/jobs/search?ss=1
Security USA,icims,careers-securityusainc.icims.com,https://careers-securityusainc.icims.com/jobs/search?ss=1
Security USA,icims,internal-securityusainc.icims.com,https://internal-securityusainc.icims.com/jobs/search?ss=1
Sedano's Corporate,icims,careers-sedanos.icims.com,https://careers-sedanos.icims.com/jobs/search?ss=1
Seismic,icims,careers-seismic.icims.com,https://careers-seismic.icims.com/jobs/search?ss=1
"Sekisui House US, Inc.",icims,careers-mdch.icims.com,https://careers-mdch.icims.com/jobs/search?ss=1
Select Medical,icims,intranet-selectmedicalcorp.icims.com,https://intranet-selectmedicalcorp.icims.com/jobs/search?ss=1
Select Medical,icims,jobs-selectmedicalcorp.icims.com,https://jobs-selectmedicalcorp.icims.com/jobs/search?ss=1
Selective,icims,jobs-selective.icims.com,https://jobs-selective.icims.com/jobs/search?ss=1
SelectQuote,icims,careers-selectquote.icims.com,https://careers-selectquote.icims.com/jobs/search?ss=1
Selectquoteinc,icims,careers-selectquoteinc.icims.com,https://careers-selectquoteinc.icims.com/jobs/search?ss=1
Self Employed Opportunities at Your Move Franchising,icims,your-move-franchising.icims.com,https://your-move-franchising.icims.com/jobs/search?ss=1
Seminole,icims,careers-seminole.icims.com,https://careers-seminole.icims.com/jobs/search?ss=1
Seminole,icims,shrss-seminole.icims.com,https://shrss-seminole.icims.com/jobs/search?ss=1
Seminole Gaming,icims,internal-seminole.icims.com,https://internal-seminole.icims.com/jobs/search?ss=1
Seneca Resources,icims,careers-srcx.icims.com,https://careers-srcx.icims.com/jobs/search?ss=1
Seniorlinkvela,icims,careers-seniorlinkvela.icims.com,https://careers-seniorlinkvela.icims.com/jobs/search?ss=1
Sentinel,icims,careers-sentinel.icims.com,https://careers-sentinel.icims.com/jobs/search?ss=1
Sentinel,icims,internal-sentinel.icims.com,https://internal-sentinel.icims.com/jobs/search?ss=1
Sequoia,icims,careers-sequoia.icims.com,https://careers-sequoia.icims.com/jobs/search?ss=1
Service Experts,icims,internal-serviceexperts.icims.com,https://internal-serviceexperts.icims.com/jobs/search?ss=1
Serviceexperts,icims,careers-serviceexperts.icims.com,https://careers-serviceexperts.icims.com/jobs/search?ss=1
Serviceexperts,icims,careerscanada-serviceexperts.icims.com,https://careerscanada-serviceexperts.icims.com/jobs/search?ss=1
ServiceLink,icims,careers-svclnk.icims.com,https://careers-svclnk.icims.com/jobs/search?ss=1
Services for the Underserved,icims,careers-sus.icims.com,https://careers-sus.icims.com/jobs/search?ss=1
Services for the Underserved,icims,internships-sus.icims.com,https://internships-sus.icims.com/jobs/search?ss=1
"Servicon Systems, Inc.",icims,apply-servicon.icims.com,https://apply-servicon.icims.com/jobs/search?ss=1
"Servicon Systems, Inc.",icims,servicecareers-serviconsystems.icims.com,https://servicecareers-serviconsystems.icims.com/jobs/search?ss=1
"Servicon Systems, Inc.",icims,spanishservicecareers-serviconsystems.icims.com,https://spanishservicecareers-serviconsystems.icims.com/jobs/search?ss=1
"Servicon Systems, Inc.",icims,staffandmanagementcareers-serviconsystems.icims.com,https://staffandmanagementcareers-serviconsystems.icims.com/jobs/search?ss=1
"Sev1Tech, LLC.",icims,careers-sev1tech.icims.com,https://careers-sev1tech.icims.com/jobs/search?ss=1
Seyfarth,icims,careers-seyfarth.icims.com,https://careers-seyfarth.icims.com/jobs/search?ss=1
Seznam pracovních nabídek ve společnosti CCR Commercial Refrigeration,icims,careers-ccr-cz.icims.com,https://careers-ccr-cz.icims.com/jobs/search?ss=1
"SFS, Inc.",icims,careers-fdmfieldservices.icims.com,https://careers-fdmfieldservices.icims.com/jobs/search?ss=1
Shamal LLC,icims,careers-shamal.icims.com,https://careers-shamal.icims.com/jobs/search?ss=1
Shane Co.,icims,careers-shaneco.icims.com,https://careers-shaneco.icims.com/jobs/search?ss=1
Shane Co.,icims,retail-shaneco.icims.com,https://retail-shaneco.icims.com/jobs/search?ss=1
Shawmut,icims,careers-shawmut.icims.com,https://careers-shawmut.icims.com/jobs/search?ss=1
Shea Physical Therapy,icims,careers-sheaphysicaltherapy.icims.com,https://careers-sheaphysicaltherapy.icims.com/jobs/search?ss=1
Sheetz,icims,corporatecareers-sheetz.icims.com,https://corporatecareers-sheetz.icims.com/jobs/search?ss=1
Sheetz,icims,dotcareers-sheetz.icims.com,https://dotcareers-sheetz.icims.com/jobs/search?ss=1
Sheetz,icims,storecareers-sheetz.icims.com,https://storecareers-sheetz.icims.com/jobs/search?ss=1
"Sheetz, Inc",icims,easyapply-sheetz.icims.com,https://easyapply-sheetz.icims.com/jobs/search?ss=1
Shelby County Schools,icims,centraloffice-scsk12.icims.com,https://centraloffice-scsk12.icims.com/jobs/search?ss=1
Shelby County Schools,icims,instructional-scsk12.icims.com,https://instructional-scsk12.icims.com/jobs/search?ss=1
Shelby County Schools,icims,instructionalprofile-scsk12.icims.com,https://instructionalprofile-scsk12.icims.com/jobs/search?ss=1
Shelby County Schools,icims,internal-instructional-scsk12.icims.com,https://internal-instructional-scsk12.icims.com/jobs/search?ss=1
Shelby County Schools,icims,schoolsupportapply-scsk12.icims.com,https://schoolsupportapply-scsk12.icims.com/jobs/search?ss=1
"Shermco Industries, Inc.",icims,careers-canada-shermco.icims.com,https://careers-canada-shermco.icims.com/jobs/search?ss=1
"Shermco Industries, Inc.",icims,careers-us-shermco.icims.com,https://careers-us-shermco.icims.com/jobs/search?ss=1
Shimmick Construction Company,icims,careers-shimmick.icims.com,https://careers-shimmick.icims.com/jobs/search?ss=1
Shionogi Inc.,icims,careers-qpex.icims.com,https://careers-qpex.icims.com/jobs/search?ss=1
Shionogi Inc.,icims,careers-shionogi.icims.com,https://careers-shionogi.icims.com/jobs/search?ss=1
Shockwave Generator & Electric,icims,careers-shockwavegenerators-generacdealers.icims.com,https://careers-shockwavegenerators-generacdealers.icims.com/jobs/search?ss=1
Shriners Children's,icims,canadacareers-shriners.icims.com,https://canadacareers-shriners.icims.com/jobs/search?ss=1
Shriners Children's,icims,careers-shriners.icims.com,https://careers-shriners.icims.com/jobs/search?ss=1
Shriners Children's,icims,careers-shrinersinternational.icims.com,https://careers-shrinersinternational.icims.com/jobs/search?ss=1
Shriners Children's,icims,frcanadacareers-shriners.icims.com,https://frcanadacareers-shriners.icims.com/jobs/search?ss=1
Shriners Children's,icims,internal-shriners.icims.com,https://internal-shriners.icims.com/jobs/search?ss=1
Shure Incorporated,icims,careers-shure.icims.com,https://careers-shure.icims.com/jobs/search?ss=1
Shure Incorporated,icims,careershub-shure.icims.com,https://careershub-shure.icims.com/jobs/search?ss=1
Shure Incorporated,icims,careersus-shure.icims.com,https://careersus-shure.icims.com/jobs/search?ss=1
Sidley,icims,prelawscholar-sidley.icims.com,https://prelawscholar-sidley.icims.com/jobs/search?ss=1
Sidley Austin LLP,icims,careers-sidley.icims.com,https://careers-sidley.icims.com/jobs/search?ss=1
Sidley Austin LLP,icims,careers-sidleyapac.icims.com,https://careers-sidleyapac.icims.com/jobs/search?ss=1
Sidley Austin LLP,icims,careers-sidleyeu.icims.com,https://careers-sidleyeu.icims.com/jobs/search?ss=1
Sidley Austin LLP,icims,graduate-sidleyapac.icims.com,https://graduate-sidleyapac.icims.com/jobs/search?ss=1
Sidley Austin LLP,icims,lawyercareers-sidleyapac.icims.com,https://lawyercareers-sidleyapac.icims.com/jobs/search?ss=1
Sidley Austin LLP,icims,lawyercareers-sidleyeu.icims.com,https://lawyercareers-sidleyeu.icims.com/jobs/search?ss=1
"Sierra Lobo, Inc.",icims,jobs-sierralobo.icims.com,https://jobs-sierralobo.icims.com/jobs/search?ss=1
Sightsavers,icims,careers-sightsavers.icims.com,https://careers-sightsavers.icims.com/jobs/search?ss=1
Sigma Connected Group,icims,careers-sigmaconnected.icims.com,https://careers-sigmaconnected.icims.com/jobs/search?ss=1
Sigma Connected Group,icims,careerssa-sigmaconnected.icims.com,https://careerssa-sigmaconnected.icims.com/jobs/search?ss=1
"Signature HealthCARE, LLC",icims,careers-flexpath.icims.com,https://careers-flexpath.icims.com/jobs/search?ss=1
"Signature HealthCARE, LLC",icims,careers-siglifestyles.icims.com,https://careers-siglifestyles.icims.com/jobs/search?ss=1
"Signature HealthCARE, LLC",icims,careers-silverangels.icims.com,https://careers-silverangels.icims.com/jobs/search?ss=1
Signet Health Corporation,icims,careers-diamondhealth.icims.com,https://careers-diamondhealth.icims.com/jobs/search?ss=1
Signet Health Corporation,icims,careers-signethealth.icims.com,https://careers-signethealth.icims.com/jobs/search?ss=1
SilverEdge Government Solutions,icims,careers-silveredgegs.icims.com,https://careers-silveredgegs.icims.com/jobs/search?ss=1
Silverstone Living,icims,careers-silverstoneliving.icims.com,https://careers-silverstoneliving.icims.com/jobs/search?ss=1
Silvi Concrete Products,icims,careers-silvi.icims.com,https://careers-silvi.icims.com/jobs/search?ss=1
Silvi Concrete Products,icims,careerslongform-silvi.icims.com,https://careerslongform-silvi.icims.com/jobs/search?ss=1
Simbecorion,icims,careers-simbecorion.icims.com,https://careers-simbecorion.icims.com/jobs/search?ss=1
Simpson Housing LLLP,icims,careers-simpsonhousing.icims.com,https://careers-simpsonhousing.icims.com/jobs/search?ss=1
"Simventions, Inc",icims,careers-simventions.icims.com,https://careers-simventions.icims.com/jobs/search?ss=1
Singer Equipment,icims,careers-singerequipment.icims.com,https://careers-singerequipment.icims.com/jobs/search?ss=1
SIR Corp,icims,careersen-sircorp.icims.com,https://careersen-sircorp.icims.com/jobs/search?ss=1
SIR Corp,icims,hourly-sircorp.icims.com,https://hourly-sircorp.icims.com/jobs/search?ss=1
SiriusXM,icims,employees-siriusxmradio.icims.com,https://employees-siriusxmradio.icims.com/jobs/search?ss=1
Siriusxmradio,icims,international-siriusxmradio.icims.com,https://international-siriusxmradio.icims.com/jobs/search?ss=1
Siriusxmradio,icims,uscareers-siriusxmradio.icims.com,https://uscareers-siriusxmradio.icims.com/jobs/search?ss=1
Sita,icims,careers-sita.icims.com,https://careers-sita.icims.com/jobs/search?ss=1
SITA,icims,globalhub-sita.icims.com,https://globalhub-sita.icims.com/jobs/search?ss=1
SITA,icims,globalhub2-sita.icims.com,https://globalhub2-sita.icims.com/jobs/search?ss=1
Siteone,icims,careers-siteone.icims.com,https://careers-siteone.icims.com/jobs/search?ss=1
Six Flags Entertainment Corporation,icims,internal-cedarfair.icims.com,https://internal-cedarfair.icims.com/jobs/search?ss=1
Six Flags Entertainment Corporation,icims,internal-sixflags.icims.com,https://internal-sixflags.icims.com/jobs/search?ss=1
Sixflags,icims,careers-sixflags.icims.com,https://careers-sixflags.icims.com/jobs/search?ss=1
Sixflags,icims,careersca-sixflags.icims.com,https://careersca-sixflags.icims.com/jobs/search?ss=1
Sixflags,icims,jobs-sixflags.icims.com,https://jobs-sixflags.icims.com/jobs/search?ss=1
Sixflags,icims,jobsca-sixflags.icims.com,https://jobsca-sixflags.icims.com/jobs/search?ss=1
Sjv,icims,careers-sjv.icims.com,https://careers-sjv.icims.com/jobs/search?ss=1
"SK Life Science, Inc.",icims,careers-sklifescienceinc.icims.com,https://careers-sklifescienceinc.icims.com/jobs/search?ss=1
Skanska USA,icims,careers-skanska.icims.com,https://careers-skanska.icims.com/jobs/search?ss=1
Sky Climber,icims,accesssolutions-skyclimber.icims.com,https://accesssolutions-skyclimber.icims.com/jobs/search?ss=1
Sky Climber,icims,careers-skyclimber.icims.com,https://careers-skyclimber.icims.com/jobs/search?ss=1
Sky Climber,icims,renewables-skyclimber.icims.com,https://renewables-skyclimber.icims.com/jobs/search?ss=1
Skyward Specialty Insurance,icims,careers-skywardinsurance.icims.com,https://careers-skywardinsurance.icims.com/jobs/search?ss=1
Skywest,icims,aspire-skywest.icims.com,https://aspire-skywest.icims.com/jobs/search?ss=1
Skywest,icims,careers-skywest.icims.com,https://careers-skywest.icims.com/jobs/search?ss=1
Skywest,icims,pilotcareers-skywest.icims.com,https://pilotcareers-skywest.icims.com/jobs/search?ss=1
Smh,icims,careers-smh.icims.com,https://careers-smh.icims.com/jobs/search?ss=1
Smile America Partners,icims,careers-bigsmiles.icims.com,https://careers-bigsmiles.icims.com/jobs/search?ss=1
Smile America Partners,icims,careers-hcsga.icims.com,https://careers-hcsga.icims.com/jobs/search?ss=1
Smile America Partners,icims,careers-mobiledentists.icims.com,https://careers-mobiledentists.icims.com/jobs/search?ss=1
Smile America Partners,icims,careers-sdgofconyers.icims.com,https://careers-sdgofconyers.icims.com/jobs/search?ss=1
Smile America Partners,icims,careers-smileamericapartners.icims.com,https://careers-smileamericapartners.icims.com/jobs/search?ss=1
Smile America Partners,icims,careers-smilenyoutreach.icims.com,https://careers-smilenyoutreach.icims.com/jobs/search?ss=1
Smilebrands,icims,careers-smilebrands.icims.com,https://careers-smilebrands.icims.com/jobs/search?ss=1
Smoothieking,icims,careers-smoothieking.icims.com,https://careers-smoothieking.icims.com/jobs/search?ss=1
Smoothieking,icims,corporate-smoothieking.icims.com,https://corporate-smoothieking.icims.com/jobs/search?ss=1
Smoothieking,icims,stores-smoothieking.icims.com,https://stores-smoothieking.icims.com/jobs/search?ss=1
SMS,icims,careers-sms.icims.com,https://careers-sms.icims.com/jobs/search?ss=1
"Smyrna Ready Mix, LLC",icims,careers-smyrnareadymix.icims.com,https://careers-smyrnareadymix.icims.com/jobs/search?ss=1
Snap-on,icims,careers-bdcblueprint-snapon.icims.com,https://careers-bdcblueprint-snapon.icims.com/jobs/search?ss=1
Snap-on,icims,careers-dealerfx-snapon.icims.com,https://careers-dealerfx-snapon.icims.com/jobs/search?ss=1
Snap-on,icims,careers-mitchell1-snapon.icims.com,https://careers-mitchell1-snapon.icims.com/jobs/search?ss=1
Snap-on,icims,careers-snapon.icims.com,https://careers-snapon.icims.com/jobs/search?ss=1
Snap-on,icims,internal-snapon.icims.com,https://internal-snapon.icims.com/jobs/search?ss=1
Snapping Shoals Electric Membership Corporation,icims,careers-ssemc.icims.com,https://careers-ssemc.icims.com/jobs/search?ss=1
Snapping Shoals Electric Membership Corporation,icims,ecg-llc.icims.com,https://ecg-llc.icims.com/jobs/search?ss=1
Snyder Company,icims,careers-snyder.icims.com,https://careers-snyder.icims.com/jobs/search?ss=1
Socialmonkcareers,icims,applyhourlyjobs-socialmonkcareers.icims.com,https://applyhourlyjobs-socialmonkcareers.icims.com/jobs/search?ss=1
Sodexo Careers,icims,external-careers-sodexo.icims.com,https://external-careers-sodexo.icims.com/jobs/search?ss=1
Sodexo Careers,icims,external-careers-sodexomagic.icims.com,https://external-careers-sodexomagic.icims.com/jobs/search?ss=1
Sodexo Careers,icims,internal-careers-sodexo.icims.com,https://internal-careers-sodexo.icims.com/jobs/search?ss=1
Sodexo Careers,icims,mobile-reconnect-sodexo.icims.com,https://mobile-reconnect-sodexo.icims.com/jobs/search?ss=1
Sodexo Careers,icims,onboarding-sodexo.icims.com,https://onboarding-sodexo.icims.com/jobs/search?ss=1
Sodexo Careers,icims,reconnect-sodexo.icims.com,https://reconnect-sodexo.icims.com/jobs/search?ss=1
Sodexo Careers,icims,starfinder-sodexo.icims.com,https://starfinder-sodexo.icims.com/jobs/search?ss=1
Soft Tech Consulting,icims,careers-softtechconsulting.icims.com,https://careers-softtechconsulting.icims.com/jobs/search?ss=1
Softwareone,icims,careers-softwareone.icims.com,https://careers-softwareone.icims.com/jobs/search?ss=1
Softwareone,icims,carreras-softwareone.icims.com,https://carreras-softwareone.icims.com/jobs/search?ss=1
SoftwareOne,icims,internal-softwareone.icims.com,https://internal-softwareone.icims.com/jobs/search?ss=1
Softwareone,icims,karriere-softwareone.icims.com,https://karriere-softwareone.icims.com/jobs/search?ss=1
Soitec,icims,careers-fr-soitec.icims.com,https://careers-fr-soitec.icims.com/jobs/search?ss=1
Soitec,icims,careers-soitec.icims.com,https://careers-soitec.icims.com/jobs/search?ss=1
Solairus Aviation,icims,careers-solairus.icims.com,https://careers-solairus.icims.com/jobs/search?ss=1
Solicita empleo - Jobs at Enterprise Rent-A-Car,icims,spain-erac.icims.com,https://spain-erac.icims.com/jobs/search?ss=1
Solotech,icims,uken-careers-solotech.icims.com,https://uken-careers-solotech.icims.com/jobs/search?ss=1
Solotech,icims,usen-careers-solotech.icims.com,https://usen-careers-solotech.icims.com/jobs/search?ss=1
Solusarc,icims,apprenticeships-solusarc.icims.com,https://apprenticeships-solusarc.icims.com/jobs/search?ss=1
Solusarc,icims,careers-solusarc.icims.com,https://careers-solusarc.icims.com/jobs/search?ss=1
Somatus,icims,careers-somatus.icims.com,https://careers-somatus.icims.com/jobs/search?ss=1
"Somatus, Inc.",icims,employees-somatus.icims.com,https://employees-somatus.icims.com/jobs/search?ss=1
Somnia Inc.,icims,careers-somniainc.icims.com,https://careers-somniainc.icims.com/jobs/search?ss=1
"Sonalysts, Inc.",icims,careers-sonalysts.icims.com,https://careers-sonalysts.icims.com/jobs/search?ss=1
Sonny's Enterprises LLC,icims,careers-sonnysdirect.icims.com,https://careers-sonnysdirect.icims.com/jobs/search?ss=1
Sonoma Valley Hospital,icims,careers-svh.icims.com,https://careers-svh.icims.com/jobs/search?ss=1
SOS Children's Villages International,icims,careers-sos-kd.icims.com,https://careers-sos-kd.icims.com/jobs/search?ss=1
SOS Children's Villages International,icims,carreras-sos-kd.icims.com,https://carreras-sos-kd.icims.com/jobs/search?ss=1
SOS Children's Villages International,icims,carrieres-sos-kd.icims.com,https://carrieres-sos-kd.icims.com/jobs/search?ss=1
SOS Children's Villages International,icims,internal-sos-kd.icims.com,https://internal-sos-kd.icims.com/jobs/search?ss=1
Sound,icims,careers-sound.icims.com,https://careers-sound.icims.com/jobs/search?ss=1
"Southcoast Health System, Inc.",icims,careers-southcoast.icims.com,https://careers-southcoast.icims.com/jobs/search?ss=1
"Southcoast Health System, Inc.",icims,employees-southcoast.icims.com,https://employees-southcoast.icims.com/jobs/search?ss=1
"Southcoast Health System, Inc.",icims,sds-southcoast.icims.com,https://sds-southcoast.icims.com/jobs/search?ss=1
Southend-on-Sea City Council,icims,careers-southend-borough-council.icims.com,https://careers-southend-borough-council.icims.com/jobs/search?ss=1
Southern Air of LA,icims,careers-southernairenow.icims.com,https://careers-southernairenow.icims.com/jobs/search?ss=1
"Southern Star Central Gas Pipeline, Inc.",icims,careers-sscgp.icims.com,https://careers-sscgp.icims.com/jobs/search?ss=1
Southglos,icims,careers-southglos.icims.com,https://careers-southglos.icims.com/jobs/search?ss=1
Southland Credit Union,icims,careers-southland.icims.com,https://careers-southland.icims.com/jobs/search?ss=1
SP Plus,icims,externalsp-spplus.icims.com,https://externalsp-spplus.icims.com/jobs/search?ss=1
SP Plus,icims,internalsp-spplus.icims.com,https://internalsp-spplus.icims.com/jobs/search?ss=1
Spa,icims,careers-spa.icims.com,https://careers-spa.icims.com/jobs/search?ss=1
Spa,icims,externalreferral-spa.icims.com,https://externalreferral-spa.icims.com/jobs/search?ss=1
Spa,icims,international-spa.icims.com,https://international-spa.icims.com/jobs/search?ss=1
Spano Pratt,icims,jobs-spanopratt.icims.com,https://jobs-spanopratt.icims.com/jobs/search?ss=1
"SPAR, Inc.",icims,careers-sparinc.icims.com,https://careers-sparinc.icims.com/jobs/search?ss=1
"SPAR, Inc.",icims,careers1-sparcanada.icims.com,https://careers1-sparcanada.icims.com/jobs/search?ss=1
"SPAR, Inc.",icims,careers2-sparcanada.icims.com,https://careers2-sparcanada.icims.com/jobs/search?ss=1
Spathe Systems,icims,careers-spathesystems.icims.com,https://careers-spathesystems.icims.com/jobs/search?ss=1
Spcco,icims,careers-spcco.icims.com,https://careers-spcco.icims.com/jobs/search?ss=1
Spectrum Healthcare Resources,icims,jobs1-spectrumhealthcare.icims.com,https://jobs1-spectrumhealthcare.icims.com/jobs/search?ss=1
Spectrum Healthcare Resources,icims,jobs2-spectrumhealthcare.icims.com,https://jobs2-spectrumhealthcare.icims.com/jobs/search?ss=1
Spencer's and Spirit Halloween,icims,careers-spencersandspirit.icims.com,https://careers-spencersandspirit.icims.com/jobs/search?ss=1
Spencer's and Spirit Halloween,icims,internal-spencersandspirit.icims.com,https://internal-spencersandspirit.icims.com/jobs/search?ss=1
SPICERHAART,icims,careers-bjb.icims.com,https://careers-bjb.icims.com/jobs/search?ss=1
SPICERHAART,icims,spicerhaart-careers.icims.com,https://spicerhaart-careers.icims.com/jobs/search?ss=1
Spirit,icims,corporatecareers-spirit.icims.com,https://corporatecareers-spirit.icims.com/jobs/search?ss=1
Spirit,icims,externalportal-spirit.icims.com,https://externalportal-spirit.icims.com/jobs/search?ss=1
Spirit,icims,fllapscareers-spirit.icims.com,https://fllapscareers-spirit.icims.com/jobs/search?ss=1
Spirit,icims,inflightcareers-spirit.icims.com,https://inflightcareers-spirit.icims.com/jobs/search?ss=1
Spirit,icims,pilotcareers-spirit.icims.com,https://pilotcareers-spirit.icims.com/jobs/search?ss=1
Spirit Airlines,icims,internaltm-spirit.icims.com,https://internaltm-spirit.icims.com/jobs/search?ss=1
Spiritaero,icims,careers-spiritaero.icims.com,https://careers-spiritaero.icims.com/jobs/search?ss=1
Spiritaero,icims,conf-careers-spiritaero.icims.com,https://conf-careers-spiritaero.icims.com/jobs/search?ss=1
Spiritaero,icims,ni-spiritaero.icims.com,https://ni-spiritaero.icims.com/jobs/search?ss=1
Spokane Tribe Resort & Casino,icims,allcareers-spokanetribecasino.icims.com,https://allcareers-spokanetribecasino.icims.com/jobs/search?ss=1
Spokane Tribe Resort & Casino,icims,employees-spokanetribecasino.icims.com,https://employees-spokanetribecasino.icims.com/jobs/search?ss=1
SporTherapy,icims,careers-sportherapy.icims.com,https://careers-sportherapy.icims.com/jobs/search?ss=1
"Spring EQ, LLC",icims,careers-springeq.icims.com,https://careers-springeq.icims.com/jobs/search?ss=1
Springs Window Fashions,icims,careers-horizon.icims.com,https://careers-horizon.icims.com/jobs/search?ss=1
Springs Window Fashions,icims,careers-mechoshades.icims.com,https://careers-mechoshades.icims.com/jobs/search?ss=1
Springs Window Fashions,icims,careers-springswindowfashions.icims.com,https://careers-springswindowfashions.icims.com/jobs/search?ss=1
Springs Window Fashions,icims,careers-sunsetter.icims.com,https://careers-sunsetter.icims.com/jobs/search?ss=1
Sprouts,icims,distributioncenter-sprouts.icims.com,https://distributioncenter-sprouts.icims.com/jobs/search?ss=1
Sprouts,icims,storeops-sprouts.icims.com,https://storeops-sprouts.icims.com/jobs/search?ss=1
Sprouts,icims,storesupport-sprouts.icims.com,https://storesupport-sprouts.icims.com/jobs/search?ss=1
Sprouts Farmers Market,icims,jobshub-sprouts.icims.com,https://jobshub-sprouts.icims.com/jobs/search?ss=1
SRI International,icims,careers-sri.icims.com,https://careers-sri.icims.com/jobs/search?ss=1
SSOE Group,icims,careers-ssoe.icims.com,https://careers-ssoe.icims.com/jobs/search?ss=1
SSOE Group,icims,indcareers-ssoe.icims.com,https://indcareers-ssoe.icims.com/jobs/search?ss=1
SSOE Group,icims,mxcareers-ssoe.icims.com,https://mxcareers-ssoe.icims.com/jobs/search?ss=1
ST Engineering iDirect,icims,careers-idirect.icims.com,https://careers-idirect.icims.com/jobs/search?ss=1
St. John's Riverside Hospital,icims,careers-riversidehealth.icims.com,https://careers-riversidehealth.icims.com/jobs/search?ss=1
St. John's Riverside Hospital,icims,internal-riversidehealth.icims.com,https://internal-riversidehealth.icims.com/jobs/search?ss=1
St. Luke's Health System,icims,careers-slhs.icims.com,https://careers-slhs.icims.com/jobs/search?ss=1
St. Luke's Health System,icims,healthplan-slhs.icims.com,https://healthplan-slhs.icims.com/jobs/search?ss=1
St. Luke's Health System,icims,internal-slhs.icims.com,https://internal-slhs.icims.com/jobs/search?ss=1
St. Luke's Health System,icims,provider-slhs.icims.com,https://provider-slhs.icims.com/jobs/search?ss=1
St. Luke's Hospital,icims,careers-stlukes-stl.icims.com,https://careers-stlukes-stl.icims.com/jobs/search?ss=1
St. Luke's Hospital,icims,internal-stlukes-stl.icims.com,https://internal-stlukes-stl.icims.com/jobs/search?ss=1
St. Luke's Hospital,icims,physicianservices-stlukes-stl.icims.com,https://physicianservices-stlukes-stl.icims.com/jobs/search?ss=1
Stagwell Global LLC,icims,careers-allison.icims.com,https://careers-allison.icims.com/jobs/search?ss=1
Stagwell Global LLC,icims,careers-assemblyapac.icims.com,https://careers-assemblyapac.icims.com/jobs/search?ss=1
Stagwell Global LLC,icims,careers-assemblyeu.icims.com,https://careers-assemblyeu.icims.com/jobs/search?ss=1
Stagwell Global LLC,icims,careers-assemblyglobalmena.icims.com,https://careers-assemblyglobalmena.icims.com/jobs/search?ss=1
Stagwell Global LLC,icims,careers-collemcvoy.icims.com,https://careers-collemcvoy.icims.com/jobs/search?ss=1
Stagwell Global LLC,icims,careers-doner.icims.com,https://careers-doner.icims.com/jobs/search?ss=1
Stagwell Global LLC,icims,careers-hunterpr.icims.com,https://careers-hunterpr.icims.com/jobs/search?ss=1
Stagwell Global LLC,icims,careers-kenna.icims.com,https://careers-kenna.icims.com/jobs/search?ss=1
Stagwell Global LLC,icims,careers-kwtglobal.icims.com,https://careers-kwtglobal.icims.com/jobs/search?ss=1
Stagwell Global LLC,icims,careers-leftfieldlabs.icims.com,https://careers-leftfieldlabs.icims.com/jobs/search?ss=1
Stagwell Global LLC,icims,careers-locaria.icims.com,https://careers-locaria.icims.com/jobs/search?ss=1
Stagwell Global LLC,icims,careers-mono.icims.com,https://careers-mono.icims.com/jobs/search?ss=1
Stagwell Global LLC,icims,careers-multiview.icims.com,https://careers-multiview.icims.com/jobs/search?ss=1
Stagwell Global LLC,icims,careers-redscout.icims.com,https://careers-redscout.icims.com/jobs/search?ss=1
Stagwell Global LLC,icims,careers-skdk.icims.com,https://careers-skdk.icims.com/jobs/search?ss=1
Stagwell Global LLC,icims,careers-stagwellglobal.icims.com,https://careers-stagwellglobal.icims.com/jobs/search?ss=1
Stagwell Global LLC,icims,careers-theharrispoll.icims.com,https://careers-theharrispoll.icims.com/jobs/search?ss=1
Stagwell Global LLC,icims,careers-tinseldesign.icims.com,https://careers-tinseldesign.icims.com/jobs/search?ss=1
Stagwell Global LLC,icims,careers-weareteam.icims.com,https://careers-weareteam.icims.com/jobs/search?ss=1
Stagwell Global LLC,icims,careers-yamamoto.icims.com,https://careers-yamamoto.icims.com/jobs/search?ss=1
Stagwell Global LLC,icims,phcareers-stagwellglobal.icims.com,https://phcareers-stagwellglobal.icims.com/jobs/search?ss=1
Standard Beverage,icims,careers-stdbev.icims.com,https://careers-stdbev.icims.com/jobs/search?ss=1
Standout,icims,careers-standoutfieldmarketing.icims.com,https://careers-standoutfieldmarketing.icims.com/jobs/search?ss=1
"Stanmar, Inc.",icims,neresortcareers-stanmar-inc.icims.com,https://neresortcareers-stanmar-inc.icims.com/jobs/search?ss=1
"Stanmar, Inc.",icims,resortcareers-littlegemresorts.icims.com,https://resortcareers-littlegemresorts.icims.com/jobs/search?ss=1
Star Dental Partners,icims,careers-stardental.icims.com,https://careers-stardental.icims.com/jobs/search?ss=1
Starboard Cruise Services,icims,careersatsea-starboardcruise.icims.com,https://careersatsea-starboardcruise.icims.com/jobs/search?ss=1
Starboard Cruise Services,icims,careersonland-starboardcruise.icims.com,https://careersonland-starboardcruise.icims.com/jobs/search?ss=1
Starlite Building Services,icims,careers-starlitebuildingservices.icims.com,https://careers-starlitebuildingservices.icims.com/jobs/search?ss=1
Starr,icims,careers-iquwgroup.icims.com,https://careers-iquwgroup.icims.com/jobs/search?ss=1
State Bar of Texas,icims,careers-texasbar.icims.com,https://careers-texasbar.icims.com/jobs/search?ss=1
State Bar of Texas,icims,internal-texasbar.icims.com,https://internal-texasbar.icims.com/jobs/search?ss=1
State Farm,icims,eventops-statefarm.icims.com,https://eventops-statefarm.icims.com/jobs/search?ss=1
Statefarm,icims,careers-statefarm.icims.com,https://careers-statefarm.icims.com/jobs/search?ss=1
Statefarm,icims,sfcareers-statefarm.icims.com,https://sfcareers-statefarm.icims.com/jobs/search?ss=1
Stauffers of Kissel Hill,icims,careers-skh.icims.com,https://careers-skh.icims.com/jobs/search?ss=1
Stauffers of Kissel Hill,icims,internal-skh.icims.com,https://internal-skh.icims.com/jobs/search?ss=1
steampunk,icims,careers-sesolutions.icims.com,https://careers-sesolutions.icims.com/jobs/search?ss=1
steampunk,icims,careers-steampunk.icims.com,https://careers-steampunk.icims.com/jobs/search?ss=1
steampunk,icims,internal-steampunk.icims.com,https://internal-steampunk.icims.com/jobs/search?ss=1
"Steel Dynamics, Inc.",icims,careers-aluminumdynamics.icims.com,https://careers-aluminumdynamics.icims.com/jobs/search?ss=1
"Steel Dynamics, Inc.",icims,careers-biocarbonsolutions.icims.com,https://careers-biocarbonsolutions.icims.com/jobs/search?ss=1
"Steel Dynamics, Inc.",icims,careers-newmillennium.icims.com,https://careers-newmillennium.icims.com/jobs/search?ss=1
"Steel Dynamics, Inc.",icims,careers-omnisource.icims.com,https://careers-omnisource.icims.com/jobs/search?ss=1
"Steel Dynamics, Inc.",icims,careers-sdilafarga.icims.com,https://careers-sdilafarga.icims.com/jobs/search?ss=1
"Steel Dynamics, Inc.",icims,careers-steeldynamics.icims.com,https://careers-steeldynamics.icims.com/jobs/search?ss=1
"Steel Dynamics, Inc.",icims,careers-steelofwestvirginia.icims.com,https://careers-steelofwestvirginia.icims.com/jobs/search?ss=1
"Steel Dynamics, Inc.",icims,careers-superioraluminumalloys.icims.com,https://careers-superioraluminumalloys.icims.com/jobs/search?ss=1
"Steel Dynamics, Inc.",icims,careers-vulcan.icims.com,https://careers-vulcan.icims.com/jobs/search?ss=1
Steely Design,icims,careers-steely.icims.com,https://careers-steely.icims.com/jobs/search?ss=1
Steinhafels,icims,careers-steinhafels.icims.com,https://careers-steinhafels.icims.com/jobs/search?ss=1
Stellant Systems,icims,careers-stellantsystems.icims.com,https://careers-stellantsystems.icims.com/jobs/search?ss=1
"Stellar Solutions, Inc.",icims,careers-stellarsolutions.icims.com,https://careers-stellarsolutions.icims.com/jobs/search?ss=1
Stellenangebote bei Danone,icims,deapply-danone.icims.com,https://deapply-danone.icims.com/jobs/search?ss=1
Stellenangebote bei Merlin Entertainments,icims,careers-de-merlinentertainments.icims.com,https://careers-de-merlinentertainments.icims.com/jobs/search?ss=1
Stellenangebote bei Trinseo LLC,icims,de-emeacareers-trinseo.icims.com,https://de-emeacareers-trinseo.icims.com/jobs/search?ss=1
Stellenangebote bei {Expleo},icims,expleo-jobs-at-de.icims.com,https://expleo-jobs-at-de.icims.com/jobs/search?ss=1
Stellenangebote bei {Expleo},icims,expleo-jobs-de-de.icims.com,https://expleo-jobs-de-de.icims.com/jobs/search?ss=1
Stellenanzeigen bei CCR Commercial Refrigeration,icims,careers-ccr-ge.icims.com,https://careers-ccr-ge.icims.com/jobs/search?ss=1
Stellenanzeigen bei Prodware Group,icims,karriere-prodwaredag.icims.com,https://karriere-prodwaredag.icims.com/jobs/search?ss=1
Stephenson Harwood LLP,icims,shdubai-businessservicescareers-shlegal.icims.com,https://shdubai-businessservicescareers-shlegal.icims.com/jobs/search?ss=1
Stephenson Harwood LLP,icims,shlondon-businessservicescareers-shlegal.icims.com,https://shlondon-businessservicescareers-shlegal.icims.com/jobs/search?ss=1
Stephenson Harwood LLP,icims,shlondon-qualifiedlawyercareers-shlegal.icims.com,https://shlondon-qualifiedlawyercareers-shlegal.icims.com/jobs/search?ss=1
Stephenson Harwood LLP,icims,shparis-joinusinternship-shlegal.icims.com,https://shparis-joinusinternship-shlegal.icims.com/jobs/search?ss=1
Stephenson Harwood LLP,icims,stephenson-careers-shlegal.icims.com,https://stephenson-careers-shlegal.icims.com/jobs/search?ss=1
Sticker Giant,icims,careers-stickergiant.icims.com,https://careers-stickergiant.icims.com/jobs/search?ss=1
Stifel,icims,cancareers-stifel.icims.com,https://cancareers-stifel.icims.com/jobs/search?ss=1
Stifel,icims,careers-stifel.icims.com,https://careers-stifel.icims.com/jobs/search?ss=1
Stonbury Limited,icims,careers-stonbury.icims.com,https://careers-stonbury.icims.com/jobs/search?ss=1
StoneX,icims,canada-stonex.icims.com,https://canada-stonex.icims.com/jobs/search?ss=1
StoneX,icims,careers-stonex.icims.com,https://careers-stonex.icims.com/jobs/search?ss=1
StoneX,icims,english-stonex.icims.com,https://english-stonex.icims.com/jobs/search?ss=1
StoneX,icims,uk-stonex.icims.com,https://uk-stonex.icims.com/jobs/search?ss=1
Storion,icims,external-storion.icims.com,https://external-storion.icims.com/jobs/search?ss=1
Stotz & Premier Equipment,icims,careers-stotzequipment.icims.com,https://careers-stotzequipment.icims.com/jobs/search?ss=1
Stratosphere Quality,icims,careers-stratospherequality.icims.com,https://careers-stratospherequality.icims.com/jobs/search?ss=1
Stratosphere Quality,icims,indeed-stratospherequality.icims.com,https://indeed-stratospherequality.icims.com/jobs/search?ss=1
Stratosphere Quality,icims,internal-stratospherequality.icims.com,https://internal-stratospherequality.icims.com/jobs/search?ss=1
Strattec Security Corp.,icims,careers-strattec.icims.com,https://careers-strattec.icims.com/jobs/search?ss=1
Streamline Technologies,icims,streamline-tech.icims.com,https://streamline-tech.icims.com/jobs/search?ss=1
Strive Physical Therapy,icims,careers-strivephysicaltherapy.icims.com,https://careers-strivephysicaltherapy.icims.com/jobs/search?ss=1
Stronghold Companies,icims,careers-thestrongholdcompanies.icims.com,https://careers-thestrongholdcompanies.icims.com/jobs/search?ss=1
Stryten,icims,external-2-stryten.icims.com,https://external-2-stryten.icims.com/jobs/search?ss=1
Stryten,icims,external-3-stryten.icims.com,https://external-3-stryten.icims.com/jobs/search?ss=1
Stryten,icims,external-stryten.icims.com,https://external-stryten.icims.com/jobs/search?ss=1
Studyville LLC,icims,careers-studyville.icims.com,https://careers-studyville.icims.com/jobs/search?ss=1
Suburban Propane,icims,careers-suburbanpropane.icims.com,https://careers-suburbanpropane.icims.com/jobs/search?ss=1
Suburban Propane,icims,indeedapply-suburbanpropane.icims.com,https://indeedapply-suburbanpropane.icims.com/jobs/search?ss=1
Suffolk,icims,careers-fusegroupllc.icims.com,https://careers-fusegroupllc.icims.com/jobs/search?ss=1
Suffolk,icims,careers-libertycompaniesllc.icims.com,https://careers-libertycompaniesllc.icims.com/jobs/search?ss=1
Suffolk,icims,careers-libertycs.icims.com,https://careers-libertycs.icims.com/jobs/search?ss=1
Suffolk,icims,careers-suffolkconstruction.icims.com,https://careers-suffolkconstruction.icims.com/jobs/search?ss=1
Suffolk,icims,internalcareers-suffolkconstruction.icims.com,https://internalcareers-suffolkconstruction.icims.com/jobs/search?ss=1
Sumter Utilities,icims,careers-sumter.icims.com,https://careers-sumter.icims.com/jobs/search?ss=1
Sun Auto Tire & Service Inc.,icims,careers-brucestire.icims.com,https://careers-brucestire.icims.com/jobs/search?ss=1
Sun Auto Tire & Service Inc.,icims,careers-coopersautorepair.icims.com,https://careers-coopersautorepair.icims.com/jobs/search?ss=1
Sun Auto Tire & Service Inc.,icims,careers-overseashaus.icims.com,https://careers-overseashaus.icims.com/jobs/search?ss=1
Sun Auto Tire & Service Inc.,icims,careers-parracarcare.icims.com,https://careers-parracarcare.icims.com/jobs/search?ss=1
Sun Auto Tire & Service Inc.,icims,careers-superiortire.icims.com,https://careers-superiortire.icims.com/jobs/search?ss=1
Sun Auto Tire and Service,icims,careers-boydstire.icims.com,https://careers-boydstire.icims.com/jobs/search?ss=1
Sun Auto Tire and Service,icims,careers-brakemax.icims.com,https://careers-brakemax.icims.com/jobs/search?ss=1
Sun Auto Tire and Service,icims,careers-caliberautocare.icims.com,https://careers-caliberautocare.icims.com/jobs/search?ss=1
Sun Auto Tire and Service,icims,careers-carcare.icims.com,https://careers-carcare.icims.com/jobs/search?ss=1
Sun Auto Tire and Service,icims,careers-deltaworld.icims.com,https://careers-deltaworld.icims.com/jobs/search?ss=1
Sun Auto Tire and Service,icims,careers-driversedge.icims.com,https://careers-driversedge.icims.com/jobs/search?ss=1
Sun Auto Tire and Service,icims,careers-evanstire.icims.com,https://careers-evanstire.icims.com/jobs/search?ss=1
Sun Auto Tire and Service,icims,careers-familyauto.icims.com,https://careers-familyauto.icims.com/jobs/search?ss=1
Sun Auto Tire and Service,icims,careers-fausaktire.icims.com,https://careers-fausaktire.icims.com/jobs/search?ss=1
Sun Auto Tire and Service,icims,careers-gaynors.icims.com,https://careers-gaynors.icims.com/jobs/search?ss=1
Sun Auto Tire and Service,icims,careers-goodguys.icims.com,https://careers-goodguys.icims.com/jobs/search?ss=1
Sun Auto Tire and Service,icims,careers-gregs.icims.com,https://careers-gregs.icims.com/jobs/search?ss=1
Sun Auto Tire and Service,icims,careers-greulichs.icims.com,https://careers-greulichs.icims.com/jobs/search?ss=1
Sun Auto Tire and Service,icims,careers-hoganandsons.icims.com,https://careers-hoganandsons.icims.com/jobs/search?ss=1
Sun Auto Tire and Service,icims,careers-jeffsauto.icims.com,https://careers-jeffsauto.icims.com/jobs/search?ss=1
Sun Auto Tire and Service,icims,careers-lambstire.icims.com,https://careers-lambstire.icims.com/jobs/search?ss=1
Sun Auto Tire and Service,icims,careers-martintire.icims.com,https://careers-martintire.icims.com/jobs/search?ss=1
Sun Auto Tire and Service,icims,careers-maxautoglass.icims.com,https://careers-maxautoglass.icims.com/jobs/search?ss=1
Sun Auto Tire and Service,icims,careers-plazatire.icims.com,https://careers-plazatire.icims.com/jobs/search?ss=1
Sun Auto Tire and Service,icims,careers-ramonatire.icims.com,https://careers-ramonatire.icims.com/jobs/search?ss=1
Sun Auto Tire and Service,icims,careers-reliable.icims.com,https://careers-reliable.icims.com/jobs/search?ss=1
Sun Auto Tire and Service,icims,careers-roadrunner.icims.com,https://careers-roadrunner.icims.com/jobs/search?ss=1
Sun Auto Tire and Service,icims,careers-sunauto.icims.com,https://careers-sunauto.icims.com/jobs/search?ss=1
Sun Auto Tire and Service,icims,careers-sunautoservice.icims.com,https://careers-sunautoservice.icims.com/jobs/search?ss=1
Sun Auto Tire and Service,icims,careers-sundevil.icims.com,https://careers-sundevil.icims.com/jobs/search?ss=1
Sun Auto Tire and Service,icims,careers-tateboys.icims.com,https://careers-tateboys.icims.com/jobs/search?ss=1
Sun Auto Tire and Service,icims,careers-tgkauto.icims.com,https://careers-tgkauto.icims.com/jobs/search?ss=1
Sun Auto Tire and Service,icims,careers-tiremaxnc.icims.com,https://careers-tiremaxnc.icims.com/jobs/search?ss=1
Sun Auto Tire and Service,icims,careers-tireoutlet.icims.com,https://careers-tireoutlet.icims.com/jobs/search?ss=1
Sun Auto Tire and Service,icims,careers-tireworks.icims.com,https://careers-tireworks.icims.com/jobs/search?ss=1
Sun Auto Tire and Service,icims,careers-tohaas.icims.com,https://careers-tohaas.icims.com/jobs/search?ss=1
Sun Auto Tire and Service,icims,careers-toscalito.icims.com,https://careers-toscalito.icims.com/jobs/search?ss=1
Sun Auto Tire and Service,icims,careers-wilhelm.icims.com,https://careers-wilhelm.icims.com/jobs/search?ss=1
Suncoast Credit Union,icims,internal-suncoastcreditunion.icims.com,https://internal-suncoastcreditunion.icims.com/jobs/search?ss=1
Suncoastcreditunion,icims,careers-suncoastcreditunion.icims.com,https://careers-suncoastcreditunion.icims.com/jobs/search?ss=1
Suncore,icims,careers-suncore.icims.com,https://careers-suncore.icims.com/jobs/search?ss=1
Suncrest Health Services,icims,careers-suncrestcare.icims.com,https://careers-suncrestcare.icims.com/jobs/search?ss=1
Sunpro,icims,careers-sunpro.icims.com,https://careers-sunpro.icims.com/jobs/search?ss=1
Sunrise,icims,careers-sunrise.icims.com,https://careers-sunrise.icims.com/jobs/search?ss=1
Sunrise Senior Living,icims,canada-sunriseseniorliving.icims.com,https://canada-sunriseseniorliving.icims.com/jobs/search?ss=1
Sunrise Senior Living,icims,careers-dignityhomecare.icims.com,https://careers-dignityhomecare.icims.com/jobs/search?ss=1
Sunrise Senior Living,icims,internal-sunriseseniorliving.icims.com,https://internal-sunriseseniorliving.icims.com/jobs/search?ss=1
Sunrise Senior Living,icims,quebec-sunriseseniorliving.icims.com,https://quebec-sunriseseniorliving.icims.com/jobs/search?ss=1
Sunrise Senior Living,icims,ukcareers-sunriseseniorliving.icims.com,https://ukcareers-sunriseseniorliving.icims.com/jobs/search?ss=1
Sunrise Senior Living,icims,uscareers-sunriseseniorliving.icims.com,https://uscareers-sunriseseniorliving.icims.com/jobs/search?ss=1
Sunroc,icims,careers-sunroc.icims.com,https://careers-sunroc.icims.com/jobs/search?ss=1
"Sunset Heating, Cooling, & Plumbing",icims,careers-sunsethc.icims.com,https://careers-sunsethc.icims.com/jobs/search?ss=1
"Superior Air-Ground Ambulance Service, Inc.",icims,careers-metro.icims.com,https://careers-metro.icims.com/jobs/search?ss=1
"Superior Air-Ground Ambulance Service, Inc.",icims,careers-municipalmanagement.icims.com,https://careers-municipalmanagement.icims.com/jobs/search?ss=1
"Superior Air-Ground Ambulance Service, Inc.",icims,careers-norcomm.icims.com,https://careers-norcomm.icims.com/jobs/search?ss=1
"Superior Air-Ground Ambulance Service, Inc.",icims,careers-paramedicbilling.icims.com,https://careers-paramedicbilling.icims.com/jobs/search?ss=1
"Superior Air-Ground Ambulance Service, Inc.",icims,careers-superiorindustrialfire.icims.com,https://careers-superiorindustrialfire.icims.com/jobs/search?ss=1
Superiorambulance,icims,careers-superiorambulance.icims.com,https://careers-superiorambulance.icims.com/jobs/search?ss=1
Sureway Construction Group Ltd,icims,careers-catapultsolutions.icims.com,https://careers-catapultsolutions.icims.com/jobs/search?ss=1
Sureway Construction Group Ltd,icims,careers-orourkespeakcellars.icims.com,https://careers-orourkespeakcellars.icims.com/jobs/search?ss=1
Sureway Construction Group Ltd,icims,careers-peakcellars.icims.com,https://careers-peakcellars.icims.com/jobs/search?ss=1
Sureway Construction Group Ltd,icims,careers-sil.icims.com,https://careers-sil.icims.com/jobs/search?ss=1
Sureway Construction Group Ltd,icims,careers-sureway.icims.com,https://careers-sureway.icims.com/jobs/search?ss=1
Surgi's Heating & Cooling,icims,careers-surgisac.icims.com,https://careers-surgisac.icims.com/jobs/search?ss=1
"Susquehanna International Group, LLP",icims,careers-sig.icims.com,https://careers-sig.icims.com/jobs/search?ss=1
Sutter Health,icims,adminjobs-sutterhealth.icims.com,https://adminjobs-sutterhealth.icims.com/jobs/search?ss=1
Sutter Health,icims,apcjobs-sutterhealth.icims.com,https://apcjobs-sutterhealth.icims.com/jobs/search?ss=1
Sutter Health,icims,careers-sutterbay.icims.com,https://careers-sutterbay.icims.com/jobs/search?ss=1
Sutter Health,icims,careers-sutterhealth.icims.com,https://careers-sutterhealth.icims.com/jobs/search?ss=1
Sutter Health,icims,physicianjobs-sutterhealth.icims.com,https://physicianjobs-sutterhealth.icims.com/jobs/search?ss=1
SWCA Environmental Consultants,icims,careers-swca.icims.com,https://careers-swca.icims.com/jobs/search?ss=1
SWCA Environmental Consultants,icims,international-careers-swca.icims.com,https://international-careers-swca.icims.com/jobs/search?ss=1
Sweet Water Cafe,icims,careers-sweetwatercafe.icims.com,https://careers-sweetwatercafe.icims.com/jobs/search?ss=1
Swissport International,icims,careers-swissport.icims.com,https://careers-swissport.icims.com/jobs/search?ss=1
Swissport International AG,icims,employees-swissportglobal.icims.com,https://employees-swissportglobal.icims.com/jobs/search?ss=1
Swissportglobal,icims,enjobs-swissportglobal.icims.com,https://enjobs-swissportglobal.icims.com/jobs/search?ss=1
Swissportglobal,icims,esjobs-swissportglobal.icims.com,https://esjobs-swissportglobal.icims.com/jobs/search?ss=1
Swissportglobal,icims,frjobs-swissportglobal.icims.com,https://frjobs-swissportglobal.icims.com/jobs/search?ss=1
Swissportglobal,icims,ptjobs-swissportglobal.icims.com,https://ptjobs-swissportglobal.icims.com/jobs/search?ss=1
Symbria,icims,careers-symbria.icims.com,https://careers-symbria.icims.com/jobs/search?ss=1
Symmons Industries,icims,careers-symmons.icims.com,https://careers-symmons.icims.com/jobs/search?ss=1
Symphonyai,icims,globalcareers-symphonyai.icims.com,https://globalcareers-symphonyai.icims.com/jobs/search?ss=1
symplr,icims,careers-symplr.icims.com,https://careers-symplr.icims.com/jobs/search?ss=1
symplr,icims,indiacareers-symplr.icims.com,https://indiacareers-symplr.icims.com/jobs/search?ss=1
Synchronoss Careers - Job Opportunities,icims,careers-synchronoss.icims.com,https://careers-synchronoss.icims.com/jobs/search?ss=1
Synchronoss Careers - Job Opportunities,icims,international-synchronoss.icims.com,https://international-synchronoss.icims.com/jobs/search?ss=1
Synchrony Rehab,icims,paragon-trilogyhs.icims.com,https://paragon-trilogyhs.icims.com/jobs/search?ss=1
Synchrony Rehab,icims,synchrony-trilogyhs.icims.com,https://synchrony-trilogyhs.icims.com/jobs/search?ss=1
Synoptek,icims,careers-synoptek.icims.com,https://careers-synoptek.icims.com/jobs/search?ss=1
Syntronmh,icims,careers-syntronmh.icims.com,https://careers-syntronmh.icims.com/jobs/search?ss=1
Sysmex America,icims,careers-sysmex.icims.com,https://careers-sysmex.icims.com/jobs/search?ss=1
Systems,icims,apply-apac-osi-systems.icims.com,https://apply-apac-osi-systems.icims.com/jobs/search?ss=1
Systems,icims,apply-emea-osi-systems.icims.com,https://apply-emea-osi-systems.icims.com/jobs/search?ss=1
Systems,icims,apply-jobs-osi-systems.icims.com,https://apply-jobs-osi-systems.icims.com/jobs/search?ss=1
"Systems Planning and Analysis, Inc.",icims,arena-spa.icims.com,https://arena-spa.icims.com/jobs/search?ss=1
"Systems Planning and Analysis, Inc.",icims,jobs-spa.icims.com,https://jobs-spa.icims.com/jobs/search?ss=1
"Systems Planning and Analysis, Inc.",icims,mcri-spa.icims.com,https://mcri-spa.icims.com/jobs/search?ss=1
Systra,icims,careers-systra.icims.com,https://careers-systra.icims.com/jobs/search?ss=1
Systra,icims,fr-careers-systra.icims.com,https://fr-careers-systra.icims.com/jobs/search?ss=1
T-Solutions Recruiting Team,icims,careers-tsoln-inc.icims.com,https://careers-tsoln-inc.icims.com/jobs/search?ss=1
Tabacalera USA Inc.,icims,careers-casademontecristo.icims.com,https://careers-casademontecristo.icims.com/jobs/search?ss=1
Tabacalera USA Inc.,icims,careers-jrcigars.icims.com,https://careers-jrcigars.icims.com/jobs/search?ss=1
Tabacalera USA Inc.,icims,careers-santaclaracigars.icims.com,https://careers-santaclaracigars.icims.com/jobs/search?ss=1
Tabacalera USA Inc.,icims,careers-tabacalerausa.icims.com,https://careers-tabacalerausa.icims.com/jobs/search?ss=1
Taco Mac,icims,careers-tmacrestaurants.icims.com,https://careers-tmacrestaurants.icims.com/jobs/search?ss=1
Talent at Upbring,icims,careers-lsss.icims.com,https://careers-lsss.icims.com/jobs/search?ss=1
Tallahassee Memorial HealthCare,icims,careers-tmh.icims.com,https://careers-tmh.icims.com/jobs/search?ss=1
Tallahassee Orthopedic and Sports Physical Therapy,icims,careers-tospt.icims.com,https://careers-tospt.icims.com/jobs/search?ss=1
"Tantus Technologies, Inc.",icims,careers-tantustech.icims.com,https://careers-tantustech.icims.com/jobs/search?ss=1
"Tantus Technologies, Inc.",icims,css-tantustech.icims.com,https://css-tantustech.icims.com/jobs/search?ss=1
Tarian Group,icims,careers3-hss-us.icims.com,https://careers3-hss-us.icims.com/jobs/search?ss=1
Tarian Group,icims,careers3-tarian.icims.com,https://careers3-tarian.icims.com/jobs/search?ss=1
"Taylor-Listug, Inc",icims,careers-taylorguitars.icims.com,https://careers-taylorguitars.icims.com/jobs/search?ss=1
"Taylor-Listug, Inc",icims,empleos-taylorguitars.icims.com,https://empleos-taylorguitars.icims.com/jobs/search?ss=1
Tchealth,icims,careers-tchealth.icims.com,https://careers-tchealth.icims.com/jobs/search?ss=1
TCW.com,icims,careers-int-tcw.icims.com,https://careers-int-tcw.icims.com/jobs/search?ss=1
TCW.com,icims,careers-tcw.icims.com,https://careers-tcw.icims.com/jobs/search?ss=1
Tdindustries,icims,careers-tdindustries.icims.com,https://careers-tdindustries.icims.com/jobs/search?ss=1
TDS,icims,external-array.icims.com,https://external-array.icims.com/jobs/search?ss=1
TDS,icims,internal-telecom-teldta.icims.com,https://internal-telecom-teldta.icims.com/jobs/search?ss=1
TDS - About Us,icims,external-corp-teldta.icims.com,https://external-corp-teldta.icims.com/jobs/search?ss=1
TDS Telecom,icims,external-telecom-teldta.icims.com,https://external-telecom-teldta.icims.com/jobs/search?ss=1
"Team Rehabilitation Services, LLC",icims,careers-team-rehab.icims.com,https://careers-team-rehab.icims.com/jobs/search?ss=1
Team Select Home Care,icims,apply-teamselecthh.icims.com,https://apply-teamselecthh.icims.com/jobs/search?ss=1
Team Select Home Care,icims,careers-teamselecthh.icims.com,https://careers-teamselecthh.icims.com/jobs/search?ss=1
Team Select Home Care,icims,careers-vivicarehealth.icims.com,https://careers-vivicarehealth.icims.com/jobs/search?ss=1
"TEC Equipment, Inc.",icims,careers-tecequipment.icims.com,https://careers-tecequipment.icims.com/jobs/search?ss=1
Tech,icims,careers-ellison-tech.icims.com,https://careers-ellison-tech.icims.com/jobs/search?ss=1
Tech CU,icims,careers-techcu.icims.com,https://careers-techcu.icims.com/jobs/search?ss=1
Technica Corporation,icims,careers-technicacorp.icims.com,https://careers-technicacorp.icims.com/jobs/search?ss=1
Technical Associates,icims,careers-technicalassociates.icims.com,https://careers-technicalassociates.icims.com/jobs/search?ss=1
teKnoluxion,icims,careers-teknoluxion.icims.com,https://careers-teknoluxion.icims.com/jobs/search?ss=1
Teknowledge,icims,careers-teknowledge.icims.com,https://careers-teknowledge.icims.com/jobs/search?ss=1
TEKsystems,icims,careers-en-gb-teksystems.icims.com,https://careers-en-gb-teksystems.icims.com/jobs/search?ss=1
TEKsystems,icims,careers-teksystems.icims.com,https://careers-teksystems.icims.com/jobs/search?ss=1
TEKsystems,icims,careersfrca-teksystems.icims.com,https://careersfrca-teksystems.icims.com/jobs/search?ss=1
TEKsystems,icims,invitation-teksystems.icims.com,https://invitation-teksystems.icims.com/jobs/search?ss=1
Teleperformance,icims,careers-teleperformance.icims.com,https://careers-teleperformance.icims.com/jobs/search?ss=1
Teleperformance,icims,careersco-teleperformance.icims.com,https://careersco-teleperformance.icims.com/jobs/search?ss=1
Teleperformance,icims,careerseng-senture.icims.com,https://careerseng-senture.icims.com/jobs/search?ss=1
Teleperformance,icims,careerseng-teleperformance.icims.com,https://careerseng-teleperformance.icims.com/jobs/search?ss=1
Teleperformance,icims,careersfre-teleperformance.icims.com,https://careersfre-teleperformance.icims.com/jobs/search?ss=1
Teleperformance,icims,careersidn-teleperformance.icims.com,https://careersidn-teleperformance.icims.com/jobs/search?ss=1
Teleperformance,icims,careersper-teleperformance.icims.com,https://careersper-teleperformance.icims.com/jobs/search?ss=1
Teleperformance,icims,careersph-teleperformance.icims.com,https://careersph-teleperformance.icims.com/jobs/search?ss=1
Teleperformance,icims,careersro-teleperformance.icims.com,https://careersro-teleperformance.icims.com/jobs/search?ss=1
Teleperformance,icims,careersspa-teleperformance.icims.com,https://careersspa-teleperformance.icims.com/jobs/search?ss=1
Teleperformance,icims,careersus-teleperformance.icims.com,https://careersus-teleperformance.icims.com/jobs/search?ss=1
Teleperformance,icims,third-party-teleperformance.icims.com,https://third-party-teleperformance.icims.com/jobs/search?ss=1
TeleWorld Solutions,icims,careers-teleworldsolutions.icims.com,https://careers-teleworldsolutions.icims.com/jobs/search?ss=1
"Temple University, Office of Physician & Faculty Recruitment",icims,careers-templeschoolofmedicine.icims.com,https://careers-templeschoolofmedicine.icims.com/jobs/search?ss=1
"Temple University, Office of Physician & Faculty Recruitment",icims,lksomphysiciancareers-temple.icims.com,https://lksomphysiciancareers-temple.icims.com/jobs/search?ss=1
"Temple University, Office of Physician & Faculty Recruitment",icims,templehealthphysiciancareers-temple.icims.com,https://templehealthphysiciancareers-temple.icims.com/jobs/search?ss=1
Tenerity,icims,indiacareers-tenerity.icims.com,https://indiacareers-tenerity.icims.com/jobs/search?ss=1
Tenerity,icims,internationalcareers-tenerity.icims.com,https://internationalcareers-tenerity.icims.com/jobs/search?ss=1
Tenerity,icims,manilacareers-tenerity.icims.com,https://manilacareers-tenerity.icims.com/jobs/search?ss=1
Tenerity,icims,uscareers-tenerity.icims.com,https://uscareers-tenerity.icims.com/jobs/search?ss=1
Teph Seal Auto Appearance,icims,careers-tephseal.icims.com,https://careers-tephseal.icims.com/jobs/search?ss=1
Terraprobe Inc.,icims,careers-terraprobe.icims.com,https://careers-terraprobe.icims.com/jobs/search?ss=1
Texas Physical Therapy Specialists,icims,careers-texpts.icims.com,https://careers-texpts.icims.com/jobs/search?ss=1
TFG Hospitality,icims,careers-tfghospitality.icims.com,https://careers-tfghospitality.icims.com/jobs/search?ss=1
The ARH Career Center | Appalachian Regional Healthcare,icims,careers-arh.icims.com,https://careers-arh.icims.com/jobs/search?ss=1
The Atlas Group,icims,careers-atlas-aerospace.icims.com,https://careers-atlas-aerospace.icims.com/jobs/search?ss=1
"The Bancorp Bank, N.A.",icims,careers-bancorpbank.icims.com,https://careers-bancorpbank.icims.com/jobs/search?ss=1
The Bonadio Group,icims,jobs-bonadio.icims.com,https://jobs-bonadio.icims.com/jobs/search?ss=1
The Bradford Group,icims,careers-bhg.icims.com,https://careers-bhg.icims.com/jobs/search?ss=1
The Bradford Group,icims,careers-bradfordexchange.icims.com,https://careers-bradfordexchange.icims.com/jobs/search?ss=1
The Bradford Group,icims,careers-thebradfordgroup.icims.com,https://careers-thebradfordgroup.icims.com/jobs/search?ss=1
The Brick,icims,careers-thebrick.icims.com,https://careers-thebrick.icims.com/jobs/search?ss=1
The Cadmus Group,icims,careers-cadmusgroup.icims.com,https://careers-cadmusgroup.icims.com/jobs/search?ss=1
The Catholic University of America,icims,pt-faculty-cua.icims.com,https://pt-faculty-cua.icims.com/jobs/search?ss=1
The Catholic University of America,icims,staff-cua.icims.com,https://staff-cua.icims.com/jobs/search?ss=1
The Catholic University of America,icims,students-cua.icims.com,https://students-cua.icims.com/jobs/search?ss=1
The CCS Companies,icims,careers-ccsusa.icims.com,https://careers-ccsusa.icims.com/jobs/search?ss=1
"The Center for Family Support, Inc.",icims,careers-cfsny.icims.com,https://careers-cfsny.icims.com/jobs/search?ss=1
The Cheesecake Factory Inc.,icims,internal-thecheesecakefactory.icims.com,https://internal-thecheesecakefactory.icims.com/jobs/search?ss=1
The City of Austin - Austin Travis County EMS,icims,careers-austintexasems.icims.com,https://careers-austintexasems.icims.com/jobs/search?ss=1
The Columbus Zoological Park Association,icims,careers-columbuszoo.icims.com,https://careers-columbuszoo.icims.com/jobs/search?ss=1
The Columbus Zoological Park Association,icims,careers2-columbuszoo.icims.com,https://careers2-columbuszoo.icims.com/jobs/search?ss=1
The Columbus Zoological Park Association,icims,careers3-columbuszoo.icims.com,https://careers3-columbuszoo.icims.com/jobs/search?ss=1
The Columbus Zoological Park Association,icims,careers4-columbuszoo.icims.com,https://careers4-columbuszoo.icims.com/jobs/search?ss=1
The Condado Collection,icims,careers-condadocollection.icims.com,https://careers-condadocollection.icims.com/jobs/search?ss=1
The Condado Collection,icims,careers-condadoduo.icims.com,https://careers-condadoduo.icims.com/jobs/search?ss=1
The Condado Collection,icims,empleos-condadocollection.icims.com,https://empleos-condadocollection.icims.com/jobs/search?ss=1
The Container Store,icims,careers-containerstore.icims.com,https://careers-containerstore.icims.com/jobs/search?ss=1
The CSL Group Inc,icims,careers-cslships.icims.com,https://careers-cslships.icims.com/jobs/search?ss=1
The Delta Companies,icims,careers-thedeltacompanies.icims.com,https://careers-thedeltacompanies.icims.com/jobs/search?ss=1
"The Donohoe Companies, Inc.",icims,jobs-donohoe.icims.com,https://jobs-donohoe.icims.com/jobs/search?ss=1
The First Group Careers Portal,icims,careers-thefirstgroup.icims.com,https://careers-thefirstgroup.icims.com/jobs/search?ss=1
The First Group Careers Portal,icims,matrixcareers-thefirstgroup.icims.com,https://matrixcareers-thefirstgroup.icims.com/jobs/search?ss=1
The First Group Careers Portal,icims,thefirstcollection-thefirstgroup.icims.com,https://thefirstcollection-thefirstgroup.icims.com/jobs/search?ss=1
"The Friedkin Group, Inc.",icims,external-careers-friedkin.icims.com,https://external-careers-friedkin.icims.com/jobs/search?ss=1
"The GEO Group, Inc.",icims,bi-incorporated-geogroup.icims.com,https://bi-incorporated-geogroup.icims.com/jobs/search?ss=1
"The GEO Group, Inc.",icims,healthservices-geogroup.icims.com,https://healthservices-geogroup.icims.com/jobs/search?ss=1
"The GEO Group, Inc.",icims,reentryservices-geogroup.icims.com,https://reentryservices-geogroup.icims.com/jobs/search?ss=1
The Greenbrier Companies,icims,careers-gbrx.icims.com,https://careers-gbrx.icims.com/jobs/search?ss=1
The Greenbrier Companies,icims,employees-gbrx.icims.com,https://employees-gbrx.icims.com/jobs/search?ss=1
The Jackson Laboratory,icims,careers-jax.icims.com,https://careers-jax.icims.com/jobs/search?ss=1
The Jackson Laboratory,icims,careers3-jax.icims.com,https://careers3-jax.icims.com/jobs/search?ss=1
The John Stewart Company,icims,careers-jsco.icims.com,https://careers-jsco.icims.com/jobs/search?ss=1
The Judge Group,icims,careers-judge.icims.com,https://careers-judge.icims.com/jobs/search?ss=1
"The Kessler Enterprise, Inc.",icims,careers-beavercreeklodge.icims.com,https://careers-beavercreeklodge.icims.com/jobs/search?ss=1
"The Kessler Enterprise, Inc.",icims,careers-bohemianhotelsavannah.icims.com,https://careers-bohemianhotelsavannah.icims.com/jobs/search?ss=1
"The Kessler Enterprise, Inc.",icims,careers-casamonica.icims.com,https://careers-casamonica.icims.com/jobs/search?ss=1
"The Kessler Enterprise, Inc.",icims,careers-elliotparkhotel.icims.com,https://careers-elliotparkhotel.icims.com/jobs/search?ss=1
"The Kessler Enterprise, Inc.",icims,careers-grandbohemianasheville.icims.com,https://careers-grandbohemianasheville.icims.com/jobs/search?ss=1
"The Kessler Enterprise, Inc.",icims,careers-grandbohemiancharleston.icims.com,https://careers-grandbohemiancharleston.icims.com/jobs/search?ss=1
"The Kessler Enterprise, Inc.",icims,careers-grandbohemiancharlotte.icims.com,https://careers-grandbohemiancharlotte.icims.com/jobs/search?ss=1
"The Kessler Enterprise, Inc.",icims,careers-grandbohemiangreenville.icims.com,https://careers-grandbohemiangreenville.icims.com/jobs/search?ss=1
"The Kessler Enterprise, Inc.",icims,careers-grandbohemianmountainbrook.icims.com,https://careers-grandbohemianmountainbrook.icims.com/jobs/search?ss=1
"The Kessler Enterprise, Inc.",icims,careers-grandbohemianorlando.icims.com,https://careers-grandbohemianorlando.icims.com/jobs/search?ss=1
"The Kessler Enterprise, Inc.",icims,careers-kesslerrichmondhill.icims.com,https://careers-kesslerrichmondhill.icims.com/jobs/search?ss=1
"The Kessler Enterprise, Inc.",icims,careers-kesslersavannah.icims.com,https://careers-kesslersavannah.icims.com/jobs/search?ss=1
"The Kessler Enterprise, Inc.",icims,careers-plantriversidedistrict.icims.com,https://careers-plantriversidedistrict.icims.com/jobs/search?ss=1
"The Kessler Enterprise, Inc.",icims,corporate-kesslercollection.icims.com,https://corporate-kesslercollection.icims.com/jobs/search?ss=1
"The Kessler Enterprise, Inc.",icims,foleyhouseinn-kesslercollection.icims.com,https://foleyhouseinn-kesslercollection.icims.com/jobs/search?ss=1
The L&R Group of Companies,icims,airportcenterparking-tlrgc.icims.com,https://airportcenterparking-tlrgc.icims.com/jobs/search?ss=1
The L&R Group of Companies,icims,joesairportparking-tlrgc.icims.com,https://joesairportparking-tlrgc.icims.com/jobs/search?ss=1
The L&R Group of Companies,icims,joesautoparks-tlrgc.icims.com,https://joesautoparks-tlrgc.icims.com/jobs/search?ss=1
The L&R Group of Companies,icims,metroautoparks-tlrgc.icims.com,https://metroautoparks-tlrgc.icims.com/jobs/search?ss=1
The L&R Group of Companies,icims,wallypark-tlrgc.icims.com,https://wallypark-tlrgc.icims.com/jobs/search?ss=1
the Law School Admission Council,icims,careers-lsac.icims.com,https://careers-lsac.icims.com/jobs/search?ss=1
The LiRo Group,icims,careers-liro.icims.com,https://careers-liro.icims.com/jobs/search?ss=1
The Manitoba Public Insurance Corporation,icims,careers-mpi.icims.com,https://careers-mpi.icims.com/jobs/search?ss=1
The MasTec Companies,icims,caicareers-mastec.icims.com,https://caicareers-mastec.icims.com/jobs/search?ss=1
The MasTec Companies,icims,ceisvcareers-mastec.icims.com,https://ceisvcareers-mastec.icims.com/jobs/search?ss=1
The MasTec Companies,icims,hamcareers-mastec.icims.com,https://hamcareers-mastec.icims.com/jobs/search?ss=1
The MasTec Companies,icims,hiwcareers-mastec.icims.com,https://hiwcareers-mastec.icims.com/jobs/search?ss=1
The MasTec Companies,icims,hmsscareers-mastec.icims.com,https://hmsscareers-mastec.icims.com/jobs/search?ss=1
The MasTec Companies,icims,hmwcareers-mastec.icims.com,https://hmwcareers-mastec.icims.com/jobs/search?ss=1
The MasTec Companies,icims,internal-mastec.icims.com,https://internal-mastec.icims.com/jobs/search?ss=1
The MasTec Companies,icims,pnacareers-mastec.icims.com,https://pnacareers-mastec.icims.com/jobs/search?ss=1
The MasTec Companies,icims,scccareers-mastec.icims.com,https://scccareers-mastec.icims.com/jobs/search?ss=1
The Methodist Hospitals,icims,careers-methodisthospitals.icims.com,https://careers-methodisthospitals.icims.com/jobs/search?ss=1
The Metropolitan Water District of Southern California,icims,careers-mwdh2o.icims.com,https://careers-mwdh2o.icims.com/jobs/search?ss=1
The Metropolitan Water District of Southern California,icims,internal-mwdh2o.icims.com,https://internal-mwdh2o.icims.com/jobs/search?ss=1
The Michaels Organization,icims,careers-tmo.icims.com,https://careers-tmo.icims.com/jobs/search?ss=1
The Michaels Organization,icims,careers-up.icims.com,https://careers-up.icims.com/jobs/search?ss=1
the Mind Research Network,icims,careers-mrn.icims.com,https://careers-mrn.icims.com/jobs/search?ss=1
The Nanny League,icims,careers-thenannyleague.icims.com,https://careers-thenannyleague.icims.com/jobs/search?ss=1
The Nanny League,icims,careers3-thenannyleague.icims.com,https://careers3-thenannyleague.icims.com/jobs/search?ss=1
The Navigators,icims,careers-navigators.icims.com,https://careers-navigators.icims.com/jobs/search?ss=1
The Navigators,icims,corphqexternal-navigators.icims.com,https://corphqexternal-navigators.icims.com/jobs/search?ss=1
The Navigators,icims,eaglelakeelp-navigators.icims.com,https://eaglelakeelp-navigators.icims.com/jobs/search?ss=1
The Nest Schools,icims,careers-thenestschool.icims.com,https://careers-thenestschool.icims.com/jobs/search?ss=1
The New York Foundling,icims,careers-nyfoundling.icims.com,https://careers-nyfoundling.icims.com/jobs/search?ss=1
The One23 Group,icims,careers-tmrhq2.icims.com,https://careers-tmrhq2.icims.com/jobs/search?ss=1
The Pew Charitable Trusts,icims,jobs-pct.icims.com,https://jobs-pct.icims.com/jobs/search?ss=1
The Piada Group,icims,careers-thepiadagroup.icims.com,https://careers-thepiadagroup.icims.com/jobs/search?ss=1
The Pictsweet Company,icims,careers-pictsweet.icims.com,https://careers-pictsweet.icims.com/jobs/search?ss=1
The Pictsweet Company,icims,hourlycareers-pictsweet.icims.com,https://hourlycareers-pictsweet.icims.com/jobs/search?ss=1
The RMR Group,icims,careers-rmrgroup.icims.com,https://careers-rmrgroup.icims.com/jobs/search?ss=1
The RoviSys Company,icims,careers-additionalrovisysopportunities.icims.com,https://careers-additionalrovisysopportunities.icims.com/jobs/search?ss=1
The RoviSys Company,icims,careers-rovisys.icims.com,https://careers-rovisys.icims.com/jobs/search?ss=1
The RoviSys Company,icims,careers-rovisysbuildingtechnologies.icims.com,https://careers-rovisysbuildingtechnologies.icims.com/jobs/search?ss=1
The RoviSys Company,icims,careers-rovisyseurope.icims.com,https://careers-rovisyseurope.icims.com/jobs/search?ss=1
The RoviSys Company,icims,careers-rovisysfederalsolutions.icims.com,https://careers-rovisysfederalsolutions.icims.com/jobs/search?ss=1
The S.P.A.R.K.S Group,icims,thesparksgroup-learnbehavioral.icims.com,https://thesparksgroup-learnbehavioral.icims.com/jobs/search?ss=1
The Salvation Army,icims,careers-usesalvationarmy.icims.com,https://careers-usesalvationarmy.icims.com/jobs/search?ss=1
The Salvation Army,icims,internal-usesalvationarmy.icims.com,https://internal-usesalvationarmy.icims.com/jobs/search?ss=1
The South Bend Clinic,icims,southbendphysician-dulyhealthandcare.icims.com,https://southbendphysician-dulyhealthandcare.icims.com/jobs/search?ss=1
The South Bend Clinic,icims,thesouthbendclinic-dulyhealthandcare.icims.com,https://thesouthbendclinic-dulyhealthandcare.icims.com/jobs/search?ss=1
The Squires Group,icims,careers-squiresgroup.icims.com,https://careers-squiresgroup.icims.com/jobs/search?ss=1
The Tatitlek Corporation,icims,careers-tatitlek.icims.com,https://careers-tatitlek.icims.com/jobs/search?ss=1
the West Cook YMCA,icims,careers-westcook-ymca.icims.com,https://careers-westcook-ymca.icims.com/jobs/search?ss=1
the Wisconsin Foundation and Alumni Association (WFAA),icims,careers-supportuw.icims.com,https://careers-supportuw.icims.com/jobs/search?ss=1
The Woodlands,icims,careers-thewoodlands.icims.com,https://careers-thewoodlands.icims.com/jobs/search?ss=1
Theimaginegroup,icims,careers-theimaginegroup.icims.com,https://careers-theimaginegroup.icims.com/jobs/search?ss=1
Theradex Oncology,icims,ukcareers-theradex.icims.com,https://ukcareers-theradex.icims.com/jobs/search?ss=1
Theradex Oncology,icims,uscareers-theradex.icims.com,https://uscareers-theradex.icims.com/jobs/search?ss=1
"Therapeutic Alternatives, Inc.",icims,jobs-mytahome.icims.com,https://jobs-mytahome.icims.com/jobs/search?ss=1
"Therapeutic Alternatives, Inc.",icims,jobs-myvschome.icims.com,https://jobs-myvschome.icims.com/jobs/search?ss=1
Therapy Management Corporation,icims,careers-therapymgmt.icims.com,https://careers-therapymgmt.icims.com/jobs/search?ss=1
"Therapy Partner Solutions Holdings, LLC",icims,alljobs-therapypartnersolutions.icims.com,https://alljobs-therapypartnersolutions.icims.com/jobs/search?ss=1
"Therapy Partner Solutions Holdings, LLC",icims,careers-4mbc.icims.com,https://careers-4mbc.icims.com/jobs/search?ss=1
"Therapy Partner Solutions Holdings, LLC",icims,careers-advancemgt.icims.com,https://careers-advancemgt.icims.com/jobs/search?ss=1
"Therapy Partner Solutions Holdings, LLC",icims,careers-atlantarehab.icims.com,https://careers-atlantarehab.icims.com/jobs/search?ss=1
"Therapy Partner Solutions Holdings, LLC",icims,careers-bcmscomp.icims.com,https://careers-bcmscomp.icims.com/jobs/search?ss=1
"Therapy Partner Solutions Holdings, LLC",icims,careers-bryantpt.icims.com,https://careers-bryantpt.icims.com/jobs/search?ss=1
"Therapy Partner Solutions Holdings, LLC",icims,careers-greensborophysicaltherapy.icims.com,https://careers-greensborophysicaltherapy.icims.com/jobs/search?ss=1
"Therapy Partner Solutions Holdings, LLC",icims,careers-johnsonandhayes.icims.com,https://careers-johnsonandhayes.icims.com/jobs/search?ss=1
"Therapy Partner Solutions Holdings, LLC",icims,careers-lowcountrypt.icims.com,https://careers-lowcountrypt.icims.com/jobs/search?ss=1
"Therapy Partner Solutions Holdings, LLC",icims,careers-nmotiontherapy.icims.com,https://careers-nmotiontherapy.icims.com/jobs/search?ss=1
"Therapy Partner Solutions Holdings, LLC",icims,careers-premierptupstate.icims.com,https://careers-premierptupstate.icims.com/jobs/search?ss=1
"Therapy Partner Solutions Holdings, LLC",icims,careers-promotion.icims.com,https://careers-promotion.icims.com/jobs/search?ss=1
"Therapy Partner Solutions Holdings, LLC",icims,careers-redcanyonpt.icims.com,https://careers-redcanyonpt.icims.com/jobs/search?ss=1
"Therapy Partner Solutions Holdings, LLC",icims,careers-schusterpt.icims.com,https://careers-schusterpt.icims.com/jobs/search?ss=1
"Therapy Partner Solutions Holdings, LLC",icims,careers-septphysicaltherapy.icims.com,https://careers-septphysicaltherapy.icims.com/jobs/search?ss=1
"Therapy Partner Solutions Holdings, LLC",icims,careers-southernrehabpt.icims.com,https://careers-southernrehabpt.icims.com/jobs/search?ss=1
"Therapy Partner Solutions Holdings, LLC",icims,careers-wellnessinstitute.icims.com,https://careers-wellnessinstitute.icims.com/jobs/search?ss=1
Therapy Service Careers | HealthPRO Heritage,icims,careers-healthpro-rehab.icims.com,https://careers-healthpro-rehab.icims.com/jobs/search?ss=1
Theusoncologynetwork,icims,careers-theusoncologynetwork.icims.com,https://careers-theusoncologynetwork.icims.com/jobs/search?ss=1
Think Together,icims,careers-talentcollab.icims.com,https://careers-talentcollab.icims.com/jobs/search?ss=1
Think Together,icims,careers-thinktogether.icims.com,https://careers-thinktogether.icims.com/jobs/search?ss=1
Thompson & Thompson Service Group,icims,careers-tntservicegroup.icims.com,https://careers-tntservicegroup.icims.com/jobs/search?ss=1
Thompsonhospitality,icims,careers-thompsonhospitality.icims.com,https://careers-thompsonhospitality.icims.com/jobs/search?ss=1
Thornton & Grooms Inc,icims,careers-thorntonandgrooms.icims.com,https://careers-thorntonandgrooms.icims.com/jobs/search?ss=1
Thrive Physical Therapy Partners,icims,elevateah-tptp.icims.com,https://elevateah-tptp.icims.com/jobs/search?ss=1
Thrive Physical Therapy Partners,icims,fm2us-tptp.icims.com,https://fm2us-tptp.icims.com/jobs/search?ss=1
Thrive Physical Therapy Partners,icims,fvphysicaltherapy-tptp.icims.com,https://fvphysicaltherapy-tptp.icims.com/jobs/search?ss=1
Thrive Physical Therapy Partners,icims,goinnovativept-tptp.icims.com,https://goinnovativept-tptp.icims.com/jobs/search?ss=1
Thrive Physical Therapy Partners,icims,healinghands-thriveptpartners.icims.com,https://healinghands-thriveptpartners.icims.com/jobs/search?ss=1
Thrive Physical Therapy Partners,icims,highpointetherapy-tptp.icims.com,https://highpointetherapy-tptp.icims.com/jobs/search?ss=1
Thrive Physical Therapy Partners,icims,impactphysicaltherapy-tptp.icims.com,https://impactphysicaltherapy-tptp.icims.com/jobs/search?ss=1
Thrive Physical Therapy Partners,icims,kidsunlimitedtherapyservices-tptp.icims.com,https://kidsunlimitedtherapyservices-tptp.icims.com/jobs/search?ss=1
Thrive Physical Therapy Partners,icims,kineticptinstitute-tptp.icims.com,https://kineticptinstitute-tptp.icims.com/jobs/search?ss=1
Thrive Physical Therapy Partners,icims,maxpotentialrehab-tptp.icims.com,https://maxpotentialrehab-tptp.icims.com/jobs/search?ss=1
Thrive Physical Therapy Partners,icims,mobilityfit-tptp.icims.com,https://mobilityfit-tptp.icims.com/jobs/search?ss=1
Thrive Physical Therapy Partners,icims,mypremiertherapy-tptp.icims.com,https://mypremiertherapy-tptp.icims.com/jobs/search?ss=1
Thrive Physical Therapy Partners,icims,physiopartners-thriveptpartners.icims.com,https://physiopartners-thriveptpartners.icims.com/jobs/search?ss=1
Thrive Physical Therapy Partners,icims,ptway-tptp.icims.com,https://ptway-tptp.icims.com/jobs/search?ss=1
Thrive Physical Therapy Partners,icims,synergyptaw-tptp.icims.com,https://synergyptaw-tptp.icims.com/jobs/search?ss=1
Thrive Physical Therapy Partners,icims,theracorept-tptp.icims.com,https://theracorept-tptp.icims.com/jobs/search?ss=1
Thrive Physical Therapy Partners,icims,tryabilityrehab-tptp.icims.com,https://tryabilityrehab-tptp.icims.com/jobs/search?ss=1
Thrive Physical Therapy Partners,icims,tsg-inc-tptp.icims.com,https://tsg-inc-tptp.icims.com/jobs/search?ss=1
Thunderbay,icims,careersen-thunderbay.icims.com,https://careersen-thunderbay.icims.com/jobs/search?ss=1
TIC Solutions,icims,canadacareers-acuren.icims.com,https://canadacareers-acuren.icims.com/jobs/search?ss=1
TIC Solutions,icims,careers-rockwood.icims.com,https://careers-rockwood.icims.com/jobs/search?ss=1
TIC Solutions,icims,careers-tacten.icims.com,https://careers-tacten.icims.com/jobs/search?ss=1
TIC Solutions,icims,uscareers-acuren.icims.com,https://uscareers-acuren.icims.com/jobs/search?ss=1
"TierPoint, LLC",icims,careers-tierpoint.icims.com,https://careers-tierpoint.icims.com/jobs/search?ss=1
Tighe & Bond,icims,careers-tighebond.icims.com,https://careers-tighebond.icims.com/jobs/search?ss=1
Tista Science and Technology Corporation,icims,usda-tistatech.icims.com,https://usda-tistatech.icims.com/jobs/search?ss=1
Tistatech,icims,austincareers-tistatech.icims.com,https://austincareers-tistatech.icims.com/jobs/search?ss=1
Tistatech,icims,careers-tistatech.icims.com,https://careers-tistatech.icims.com/jobs/search?ss=1
Titan Machinery,icims,careers-titanmachinery.icims.com,https://careers-titanmachinery.icims.com/jobs/search?ss=1
Titan Machinery,icims,manufacturing-titanmachinery.icims.com,https://manufacturing-titanmachinery.icims.com/jobs/search?ss=1
Titan Machinery,icims,student-titanmachinery.icims.com,https://student-titanmachinery.icims.com/jobs/search?ss=1
Titan Machinery,icims,technician-titanmachinery.icims.com,https://technician-titanmachinery.icims.com/jobs/search?ss=1
Titan Materials Group,icims,careers-egypt-titanmaterials.icims.com,https://careers-egypt-titanmaterials.icims.com/jobs/search?ss=1
Titan Materials Group,icims,careers-greece-titanmaterials.icims.com,https://careers-greece-titanmaterials.icims.com/jobs/search?ss=1
Titan Materials Group,icims,careers-titancement-egypt.icims.com,https://careers-titancement-egypt.icims.com/jobs/search?ss=1
Titan Materials Group,icims,careers-titancement-usa.icims.com,https://careers-titancement-usa.icims.com/jobs/search?ss=1
Titan Materials Group,icims,careers-usa-titanmaterials.icims.com,https://careers-usa-titanmaterials.icims.com/jobs/search?ss=1
Titan Materials Group / Oglasi za posao u Titan Materials Group,icims,careers-serbia-titanmaterials.icims.com,https://careers-serbia-titanmaterials.icims.com/jobs/search?ss=1
Titan Materials Group / Oglasi za posao u Titan Materials Group,icims,careers-titancement-serbia.icims.com,https://careers-titancement-serbia.icims.com/jobs/search?ss=1
Titan Materials Group / Publikimet e Pozicioneve vakante tek Titan Materials Group,icims,careers-albania-titanmaterials.icims.com,https://careers-albania-titanmaterials.icims.com/jobs/search?ss=1
Titan Materials Group / Publikimet e Pozicioneve vakante tek Titan Materials Group,icims,careers-kosovo-titanmaterials.icims.com,https://careers-kosovo-titanmaterials.icims.com/jobs/search?ss=1
Titan Materials Group / Publikimet e Pozicioneve vakante tek Titan Materials Group,icims,careers-titancement-albania.icims.com,https://careers-titancement-albania.icims.com/jobs/search?ss=1
Titan Materials Group Career Portal,icims,careers-gcc-titanmaterials.icims.com,https://careers-gcc-titanmaterials.icims.com/jobs/search?ss=1
Titan Security Group,icims,careers-titansecurity.icims.com,https://careers-titansecurity.icims.com/jobs/search?ss=1
"Tivity Health, Inc.",icims,careers-tivityhealth.icims.com,https://careers-tivityhealth.icims.com/jobs/search?ss=1
TKC Holdings,icims,careers-tkcholdings.icims.com,https://careers-tkcholdings.icims.com/jobs/search?ss=1
Tkcholdings,icims,corporatecareers-tkcholdings.icims.com,https://corporatecareers-tkcholdings.icims.com/jobs/search?ss=1
TLC Physical Therapy,icims,careers-tlcpt.icims.com,https://careers-tlcpt.icims.com/jobs/search?ss=1
Tlcconstruction,icims,careers-tlcconstruction.icims.com,https://careers-tlcconstruction.icims.com/jobs/search?ss=1
Tlcmgmt,icims,careers-tlcmgmt.icims.com,https://careers-tlcmgmt.icims.com/jobs/search?ss=1
Tmcf,icims,careers-tmcf.icims.com,https://careers-tmcf.icims.com/jobs/search?ss=1
Together Women's Health,icims,careers-togetherwomenshealth.icims.com,https://careers-togetherwomenshealth.icims.com/jobs/search?ss=1
Toll Brothers,icims,jobs-tollbrothers.icims.com,https://jobs-tollbrothers.icims.com/jobs/search?ss=1
Tompkinsfinancial,icims,careers-tompkinsfinancial.icims.com,https://careers-tompkinsfinancial.icims.com/jobs/search?ss=1
Topco Associates,icims,careers-topco.icims.com,https://careers-topco.icims.com/jobs/search?ss=1
TopHat Logistical Solutions,icims,careers-tophatls.icims.com,https://careers-tophatls.icims.com/jobs/search?ss=1
Topsail,icims,careers-topsail.icims.com,https://careers-topsail.icims.com/jobs/search?ss=1
Touro University,icims,htccareers-touro.icims.com,https://htccareers-touro.icims.com/jobs/search?ss=1
Touro University,icims,internal-touro.icims.com,https://internal-touro.icims.com/jobs/search?ss=1
Touro University,icims,nymccareers-touro.icims.com,https://nymccareers-touro.icims.com/jobs/search?ss=1
Touro University,icims,tcnycareers-touro.icims.com,https://tcnycareers-touro.icims.com/jobs/search?ss=1
Touro University,icims,tcuscareers-touro.icims.com,https://tcuscareers-touro.icims.com/jobs/search?ss=1
Touro University,icims,tuccareers-touro.icims.com,https://tuccareers-touro.icims.com/jobs/search?ss=1
Touro University,icims,tuncareers-touro.icims.com,https://tuncareers-touro.icims.com/jobs/search?ss=1
Touro University,icims,tuwcareers-touro.icims.com,https://tuwcareers-touro.icims.com/jobs/search?ss=1
Tower Health,icims,internal-towerhealth.icims.com,https://internal-towerhealth.icims.com/jobs/search?ss=1
Towerhealth,icims,careers-towerhealth.icims.com,https://careers-towerhealth.icims.com/jobs/search?ss=1
Towerhealth,icims,medicalstaff-towerhealth.icims.com,https://medicalstaff-towerhealth.icims.com/jobs/search?ss=1
Town & Country Market Jobs,icims,jobs-townandcountrymarkets.icims.com,https://jobs-townandcountrymarkets.icims.com/jobs/search?ss=1
"Town & Country Markets, Inc.",icims,general-townandcountrymarkets.icims.com,https://general-townandcountrymarkets.icims.com/jobs/search?ss=1
"Town & Country Markets, Inc.",icims,internal-townandcountrymarkets.icims.com,https://internal-townandcountrymarkets.icims.com/jobs/search?ss=1
Town of Vail,icims,careers-vailgov.icims.com,https://careers-vailgov.icims.com/jobs/search?ss=1
Town Shoes Careers,icims,careersents-designerbrands.icims.com,https://careersents-designerbrands.icims.com/jobs/search?ss=1
Town Shoes Careers,icims,careersents-townshoes.icims.com,https://careersents-townshoes.icims.com/jobs/search?ss=1
Townshoes,icims,careersensc-townshoes.icims.com,https://careersensc-townshoes.icims.com/jobs/search?ss=1
Townshoes,icims,corporatecareers-townshoes.icims.com,https://corporatecareers-townshoes.icims.com/jobs/search?ss=1
Toyota Motor Europe,icims,employment-toyota-europe.icims.com,https://employment-toyota-europe.icims.com/jobs/search?ss=1
Toyota Motor Europe,icims,experienced-toyota-europe.icims.com,https://experienced-toyota-europe.icims.com/jobs/search?ss=1
Toyota Motor Europe,icims,graduate-toyota-europe.icims.com,https://graduate-toyota-europe.icims.com/jobs/search?ss=1
Toyota Motor Europe,icims,intern-toyota-europe.icims.com,https://intern-toyota-europe.icims.com/jobs/search?ss=1
Tracesystems,icims,careers-tracesystems.icims.com,https://careers-tracesystems.icims.com/jobs/search?ss=1
Trademark Mechnical,icims,careers-trademarkmechanical.icims.com,https://careers-trademarkmechanical.icims.com/jobs/search?ss=1
Tradesmen International Careers,icims,careers2-tradesmen.icims.com,https://careers2-tradesmen.icims.com/jobs/search?ss=1
Tradesmen International Careers,icims,jobs-tradesmen.icims.com,https://jobs-tradesmen.icims.com/jobs/search?ss=1
Trahan's Heating & Cooling,icims,careers-trahans.icims.com,https://careers-trahans.icims.com/jobs/search?ss=1
Trajector Inc.,icims,careers-trajectorservices.icims.com,https://careers-trajectorservices.icims.com/jobs/search?ss=1
Trajector Inc. Offer Management at Trajector Inc.,icims,india-trajectorservices.icims.com,https://india-trajectorservices.icims.com/jobs/search?ss=1
Trans Global,icims,careers-transglobal.icims.com,https://careers-transglobal.icims.com/jobs/search?ss=1
Transcare,icims,careers-transcare.icims.com,https://careers-transcare.icims.com/jobs/search?ss=1
"Transcat, Inc.",icims,careers-transcat.icims.com,https://careers-transcat.icims.com/jobs/search?ss=1
"Transcat, Inc.",icims,careersirl-nexa.icims.com,https://careersirl-nexa.icims.com/jobs/search?ss=1
"Transcat, Inc.",icims,careersus-nexa.icims.com,https://careersus-nexa.icims.com/jobs/search?ss=1
Transmed,icims,careers-transmed.icims.com,https://careers-transmed.icims.com/jobs/search?ss=1
Transworldsystems,icims,careers-transworldsystems.icims.com,https://careers-transworldsystems.icims.com/jobs/search?ss=1
TranSystems Corporation,icims,internal-transystems.icims.com,https://internal-transystems.icims.com/jobs/search?ss=1
Travel Careers in Banff | Banff Jasper Collection,icims,banffjaspercollection-pursuit.icims.com,https://banffjaspercollection-pursuit.icims.com/jobs/search?ss=1
Travel Careers in Banff | Banff Jasper Collection,icims,external-banffjaspercollection.icims.com,https://external-banffjaspercollection.icims.com/jobs/search?ss=1
Travel Careers in Banff | Banff Jasper Collection,icims,external-brewster.icims.com,https://external-brewster.icims.com/jobs/search?ss=1
Travel Careers in Glacier | Glacier Park Collection,icims,external-glacierpark-viad.icims.com,https://external-glacierpark-viad.icims.com/jobs/search?ss=1
Travel Careers in Glacier | Glacier Park Collection,icims,external-glacierparkcollection.icims.com,https://external-glacierparkcollection.icims.com/jobs/search?ss=1
Travel Careers in Glacier | Glacier Park Collection,icims,glacierparkcollection-pursuit.icims.com,https://glacierparkcollection-pursuit.icims.com/jobs/search?ss=1
Trccompanies,icims,careers-trccompanies.icims.com,https://careers-trccompanies.icims.com/jobs/search?ss=1
"Treasure Island, LLC",icims,careers-circuscircus.icims.com,https://careers-circuscircus.icims.com/jobs/search?ss=1
"Treasure Island, LLC",icims,careers-treasureisland.icims.com,https://careers-treasureisland.icims.com/jobs/search?ss=1
"Treliant, LLC",icims,capitalmarkets-treliant.icims.com,https://capitalmarkets-treliant.icims.com/jobs/search?ss=1
"Treliant, LLC",icims,careers-ireland-treliant.icims.com,https://careers-ireland-treliant.icims.com/jobs/search?ss=1
"Treliant, LLC",icims,careers-treliant.icims.com,https://careers-treliant.icims.com/jobs/search?ss=1
"Treliant, LLC",icims,careers-uk-treliant.icims.com,https://careers-uk-treliant.icims.com/jobs/search?ss=1
Tri City National Bank,icims,careers-tcnb.icims.com,https://careers-tcnb.icims.com/jobs/search?ss=1
Tri-City Medical Center,icims,careers-tricitymed.icims.com,https://careers-tricitymed.icims.com/jobs/search?ss=1
Tri-City Medical Center,icims,internal-tricitymed.icims.com,https://internal-tricitymed.icims.com/jobs/search?ss=1
TrialCard,icims,jobs-mercalis.icims.com,https://jobs-mercalis.icims.com/jobs/search?ss=1
TrialCard,icims,jobs-trialcard.icims.com,https://jobs-trialcard.icims.com/jobs/search?ss=1
Triblio,icims,tribliocareers-idg.icims.com,https://tribliocareers-idg.icims.com/jobs/search?ss=1
Trilogy Health Services,icims,employeereferral-trilogyhs.icims.com,https://employeereferral-trilogyhs.icims.com/jobs/search?ss=1
Trilogy Health Services,icims,highschool-trilogyhs.icims.com,https://highschool-trilogyhs.icims.com/jobs/search?ss=1
Trilogy Health Services,icims,pca-trilogyhs.icims.com,https://pca-trilogyhs.icims.com/jobs/search?ss=1
Trilogy Health Services,icims,synchronypharmacy-opportunities-trilogyhs.icims.com,https://synchronypharmacy-opportunities-trilogyhs.icims.com/jobs/search?ss=1
Trilogyhs,icims,cbscholarcareers-trilogyhs.icims.com,https://cbscholarcareers-trilogyhs.icims.com/jobs/search?ss=1
Trilogyhs,icims,trilogycareers-trilogyhs.icims.com,https://trilogycareers-trilogyhs.icims.com/jobs/search?ss=1
Trimac Transportation,icims,bulkpluslogistics-trimac.icims.com,https://bulkpluslogistics-trimac.icims.com/jobs/search?ss=1
Trimac Transportation,icims,careers-trimac.icims.com,https://careers-trimac.icims.com/jobs/search?ss=1
Trimac Transportation,icims,montrealtankwashe-trimac.icims.com,https://montrealtankwashe-trimac.icims.com/jobs/search?ss=1
Trimac Transportation,icims,nationaltankservicese-trimac.icims.com,https://nationaltankservicese-trimac.icims.com/jobs/search?ss=1
Trimac Transportation and Family of Companies,icims,aiplogistics-trimac.icims.com,https://aiplogistics-trimac.icims.com/jobs/search?ss=1
Trinity,icims,careers-trinity.icims.com,https://careers-trinity.icims.com/jobs/search?ss=1
Trinity Air,icims,careers-trinityair.icims.com,https://careers-trinityair.icims.com/jobs/search?ss=1
Trinseo LLC,icims,apaccareers-trinseo.icims.com,https://apaccareers-trinseo.icims.com/jobs/search?ss=1
Trinseo LLC,icims,emeacareers-trinseo.icims.com,https://emeacareers-trinseo.icims.com/jobs/search?ss=1
Trinseo LLC,icims,namcareers-trinseo.icims.com,https://namcareers-trinseo.icims.com/jobs/search?ss=1
Trinseo LLC 的職缺清單,icims,tw-apaccareers-trinseo.icims.com,https://tw-apaccareers-trinseo.icims.com/jobs/search?ss=1
Trinseo LLC 职位列表,icims,cn-apaccareers-trinseo.icims.com,https://cn-apaccareers-trinseo.icims.com/jobs/search?ss=1
Trinseo LLC의 직무 목록,icims,kr-apaccareers-trinseo.icims.com,https://kr-apaccareers-trinseo.icims.com/jobs/search?ss=1
Triple-S Steel,icims,arbor-metals.icims.com,https://arbor-metals.icims.com/jobs/search?ss=1
Triple-S Steel,icims,careers-sss-steel.icims.com,https://careers-sss-steel.icims.com/jobs/search?ss=1
Triple-S Steel,icims,internal-sss-steel.icims.com,https://internal-sss-steel.icims.com/jobs/search?ss=1
Trissential,icims,trissential-jobs.icims.com,https://trissential-jobs.icims.com/jobs/search?ss=1
Trouvez votre vocation chez Match Retail,icims,frca-careers-wow.icims.com,https://frca-careers-wow.icims.com/jobs/search?ss=1
Trudell Medical Limited,icims,careers-tmgcdn.icims.com,https://careers-tmgcdn.icims.com/jobs/search?ss=1
True Manufacturing,icims,factoryjobs-truemfg.icims.com,https://factoryjobs-truemfg.icims.com/jobs/search?ss=1
True Manufacturing,icims,jobs-truemfg.icims.com,https://jobs-truemfg.icims.com/jobs/search?ss=1
True Manufacturing,icims,officejobs-truemfg.icims.com,https://officejobs-truemfg.icims.com/jobs/search?ss=1
"Trustbridge, Inc.",icims,careers-trustbridgeinc.icims.com,https://careers-trustbridgeinc.icims.com/jobs/search?ss=1
"Trustbridge, Inc.",icims,internal-trustbridgeinc.icims.com,https://internal-trustbridgeinc.icims.com/jobs/search?ss=1
Trustmark,icims,jobs-trustmark.icims.com,https://jobs-trustmark.icims.com/jobs/search?ss=1
TSNE,icims,careers-tsne.icims.com,https://careers-tsne.icims.com/jobs/search?ss=1
"Tsymmetry, Inc.",icims,careers-tsymmetry.icims.com,https://careers-tsymmetry.icims.com/jobs/search?ss=1
TT Electronics,icims,china-ttelectronics.icims.com,https://china-ttelectronics.icims.com/jobs/search?ss=1
TT Electronics,icims,global-portal-ttelectronics.icims.com,https://global-portal-ttelectronics.icims.com/jobs/search?ss=1
TT Electronics,icims,mexico-ttelectronics.icims.com,https://mexico-ttelectronics.icims.com/jobs/search?ss=1
Tuality Healthcare,icims,careers-tuality.icims.com,https://careers-tuality.icims.com/jobs/search?ss=1
Tuality Healthcare | Employee Careers,icims,employees-tuality.icims.com,https://employees-tuality.icims.com/jobs/search?ss=1
Tuftscareers,icims,careers-tuftscareers.icims.com,https://careers-tuftscareers.icims.com/jobs/search?ss=1
Tuftscareers,icims,internal-tuftscareers.icims.com,https://internal-tuftscareers.icims.com/jobs/search?ss=1
"Turn 5, Inc.",icims,careers-turn5.icims.com,https://careers-turn5.icims.com/jobs/search?ss=1
U Chicago Medicine AdventHealth,icims,careers-adventhealthglr.icims.com,https://careers-adventhealthglr.icims.com/jobs/search?ss=1
UAB St. Vincent's,icims,careers-uabmedicine.icims.com,https://careers-uabmedicine.icims.com/jobs/search?ss=1
UAB St. Vincent's,icims,employees-uabmedicine.icims.com,https://employees-uabmedicine.icims.com/jobs/search?ss=1
Uber,icims,careers-uber.icims.com,https://careers-uber.icims.com/jobs/search?ss=1
Uber,icims,external-uber.icims.com,https://external-uber.icims.com/jobs/search?ss=1
Uber,icims,university-uber.icims.com,https://university-uber.icims.com/jobs/search?ss=1
Uci,icims,careers-uci.icims.com,https://careers-uci.icims.com/jobs/search?ss=1
Ucla,icims,careers-ucla.icims.com,https://careers-ucla.icims.com/jobs/search?ss=1
UCP Central Pa,icims,careers-ucpcentralpa.icims.com,https://careers-ucpcentralpa.icims.com/jobs/search?ss=1
UCP Central Pa,icims,careers2-ucpcentralpa.icims.com,https://careers2-ucpcentralpa.icims.com/jobs/search?ss=1
UF Health System,icims,employees-ufhealth.icims.com,https://employees-ufhealth.icims.com/jobs/search?ss=1
Ufhealth,icims,jobs-ufhealth.icims.com,https://jobs-ufhealth.icims.com/jobs/search?ss=1
Uhsinc,icims,apply-internal-uhsinc.icims.com,https://apply-internal-uhsinc.icims.com/jobs/search?ss=1
Uhsinc,icims,careers-uhsinc.icims.com,https://careers-uhsinc.icims.com/jobs/search?ss=1
UIC Alaska,icims,bowheadcareers-uicalaska.icims.com,https://bowheadcareers-uicalaska.icims.com/jobs/search?ss=1
UIC Alaska,icims,careers-uicalaska.icims.com,https://careers-uicalaska.icims.com/jobs/search?ss=1
UIC Alaska,icims,uiccareers-uicalaska.icims.com,https://uiccareers-uicalaska.icims.com/jobs/search?ss=1
Ulta,icims,cdcmcareers-ulta.icims.com,https://cdcmcareers-ulta.icims.com/jobs/search?ss=1
Ulta,icims,fdcnmcareers-ulta.icims.com,https://fdcnmcareers-ulta.icims.com/jobs/search?ss=1
Ulta Beauty,icims,internal-ulta.icims.com,https://internal-ulta.icims.com/jobs/search?ss=1
UltiSat,icims,careers-speedcast.icims.com,https://careers-speedcast.icims.com/jobs/search?ss=1
UltiSat,icims,careers-ultisat.icims.com,https://careers-ultisat.icims.com/jobs/search?ss=1
UltiSat,icims,careers2-globecomm.icims.com,https://careers2-globecomm.icims.com/jobs/search?ss=1
UltiSat,icims,careers2-speedcast.icims.com,https://careers2-speedcast.icims.com/jobs/search?ss=1
Underground Construction Co. Inc.,icims,careers-islandmechanicalgroup.icims.com,https://careers-islandmechanicalgroup.icims.com/jobs/search?ss=1
Underground Construction Co. Inc.,icims,careers-mears.icims.com,https://careers-mears.icims.com/jobs/search?ss=1
Underground Construction Co. Inc.,icims,careers-undergroundconstruction.icims.com,https://careers-undergroundconstruction.icims.com/jobs/search?ss=1
Uniphar,icims,careers-bestmsls.icims.com,https://careers-bestmsls.icims.com/jobs/search?ss=1
Unison,icims,careers-unisonglobal.icims.com,https://careers-unisonglobal.icims.com/jobs/search?ss=1
United Community Bank,icims,careers-navitas.icims.com,https://careers-navitas.icims.com/jobs/search?ss=1
United Community Bank,icims,careers-ucbi.icims.com,https://careers-ucbi.icims.com/jobs/search?ss=1
United Energy Workers Healthcare,icims,careers-fourcorners.icims.com,https://careers-fourcorners.icims.com/jobs/search?ss=1
United Energy Workers Healthcare,icims,careers-uewhealth.icims.com,https://careers-uewhealth.icims.com/jobs/search?ss=1
"United Grinding North America, Inc.",icims,careers-unitedgrinding.icims.com,https://careers-unitedgrinding.icims.com/jobs/search?ss=1
United Health Centers of the San Joaquin Valley,icims,nonprovider-unitedhealthcenters.icims.com,https://nonprovider-unitedhealthcenters.icims.com/jobs/search?ss=1
United Health Centers of the San Joaquin Valley,icims,provider-unitedhealthcenters.icims.com,https://provider-unitedhealthcenters.icims.com/jobs/search?ss=1
United Nations Federal Credit Union,icims,careers-unfcu.icims.com,https://careers-unfcu.icims.com/jobs/search?ss=1
Unitedsiteservices,icims,careers-unitedsiteservices.icims.com,https://careers-unitedsiteservices.icims.com/jobs/search?ss=1
"Unitek Learning, Inc.",icims,careers-brookline.icims.com,https://careers-brookline.icims.com/jobs/search?ss=1
"Unitek Learning, Inc.",icims,careers-eaglegate.icims.com,https://careers-eaglegate.icims.com/jobs/search?ss=1
"Unitek Learning, Inc.",icims,careers-provocollege.icims.com,https://careers-provocollege.icims.com/jobs/search?ss=1
"Unitek Learning, Inc.",icims,careers-unitek.icims.com,https://careers-unitek.icims.com/jobs/search?ss=1
"Unitek Learning, Inc.",icims,careers-unitekcollege.icims.com,https://careers-unitekcollege.icims.com/jobs/search?ss=1
"Unitek Learning, Inc.",icims,careers-unitekemt.icims.com,https://careers-unitekemt.icims.com/jobs/search?ss=1
Unitypoint,icims,careers-unitypoint.icims.com,https://careers-unitypoint.icims.com/jobs/search?ss=1
Unitypoint,icims,physiciansproviders-unitypoint.icims.com,https://physiciansproviders-unitypoint.icims.com/jobs/search?ss=1
Universal Health Services,icims,careers-universalhealthservices.icims.com,https://careers-universalhealthservices.icims.com/jobs/search?ss=1
Universal Health Services,icims,careers2-universalhealthservices.icims.com,https://careers2-universalhealthservices.icims.com/jobs/search?ss=1
Universal Technical Institute,icims,careers-concorde.icims.com,https://careers-concorde.icims.com/jobs/search?ss=1
Universal Technical Institute,icims,careers-uti.icims.com,https://careers-uti.icims.com/jobs/search?ss=1
University Hospital,icims,careers-uhnjcareers.icims.com,https://careers-uhnjcareers.icims.com/jobs/search?ss=1
University Hospital,icims,internal-uhnjcareers.icims.com,https://internal-uhnjcareers.icims.com/jobs/search?ss=1
University of British Columbia,icims,connect-ubc.icims.com,https://connect-ubc.icims.com/jobs/search?ss=1
University of Doha for Science and Technology,icims,academiccareers-udst.icims.com,https://academiccareers-udst.icims.com/jobs/search?ss=1
University of Doha for Science and Technology,icims,nonacademiccareers-udst.icims.com,https://nonacademiccareers-udst.icims.com/jobs/search?ss=1
University of Massachusetts Medical School,icims,careers-umms.icims.com,https://careers-umms.icims.com/jobs/search?ss=1
University of Massachusetts Medical School,icims,internal-umms.icims.com,https://internal-umms.icims.com/jobs/search?ss=1
University of St Thomas,icims,facultyemployment-stthomas.icims.com,https://facultyemployment-stthomas.icims.com/jobs/search?ss=1
University of St Thomas,icims,staffemployment-stthomas.icims.com,https://staffemployment-stthomas.icims.com/jobs/search?ss=1
University of St Thomas,icims,staffinternal-stthomas.icims.com,https://staffinternal-stthomas.icims.com/jobs/search?ss=1
University of St Thomas,icims,studentemployment-stthomas.icims.com,https://studentemployment-stthomas.icims.com/jobs/search?ss=1
University of Utah Health Care Jobs,icims,careers-uuhc.icims.com,https://careers-uuhc.icims.com/jobs/search?ss=1
University of Utah Health Care Jobs,icims,internal-uuhc.icims.com,https://internal-uuhc.icims.com/jobs/search?ss=1
University Radiology,icims,careers-univrad.icims.com,https://careers-univrad.icims.com/jobs/search?ss=1
Univest,icims,jobs-univest.icims.com,https://jobs-univest.icims.com/jobs/search?ss=1
Unlimited Instruction,icims,careers-universityinstructors.icims.com,https://careers-universityinstructors.icims.com/jobs/search?ss=1
Upbring,icims,careers-upbring.icims.com,https://careers-upbring.icims.com/jobs/search?ss=1
"Urban Outfitters, Inc.",icims,employees-urbn.icims.com,https://employees-urbn.icims.com/jobs/search?ss=1
"Urban Outfitters, Inc.",icims,homeoffice-eu-urbn.icims.com,https://homeoffice-eu-urbn.icims.com/jobs/search?ss=1
"Urban Outfitters, Inc.",icims,homeoffice-na-urbn.icims.com,https://homeoffice-na-urbn.icims.com/jobs/search?ss=1
"Urban Outfitters, Inc.",icims,hub-eu-urbn.icims.com,https://hub-eu-urbn.icims.com/jobs/search?ss=1
"Urban Outfitters, Inc.",icims,hub-na-urbn.icims.com,https://hub-na-urbn.icims.com/jobs/search?ss=1
"Urban Outfitters, Inc.",icims,hub-urbn.icims.com,https://hub-urbn.icims.com/jobs/search?ss=1
"Urban Outfitters, Inc.",icims,menusandvenues-na-urbn.icims.com,https://menusandvenues-na-urbn.icims.com/jobs/search?ss=1
"Urban Outfitters, Inc.",icims,stores-eu-urbn.icims.com,https://stores-eu-urbn.icims.com/jobs/search?ss=1
"Urban Outfitters, Inc.",icims,stores-na-urbn.icims.com,https://stores-na-urbn.icims.com/jobs/search?ss=1
"Urban Outfitters, Inc.",icims,supplychain-na-urbn.icims.com,https://supplychain-na-urbn.icims.com/jobs/search?ss=1
Urban Science,icims,careers-urbanscience.icims.com,https://careers-urbanscience.icims.com/jobs/search?ss=1
URS and PEHP Employment,icims,careers-urs.icims.com,https://careers-urs.icims.com/jobs/search?ss=1
US Premier Tube Mills,icims,careers-usptm.icims.com,https://careers-usptm.icims.com/jobs/search?ss=1
USA Health,icims,internal-usahealth.icims.com,https://internal-usahealth.icims.com/jobs/search?ss=1
Usac,icims,careers-usac.icims.com,https://careers-usac.icims.com/jobs/search?ss=1
Usahealth,icims,careers-usahealth.icims.com,https://careers-usahealth.icims.com/jobs/search?ss=1
USTA National Tennis Center Inc.,icims,administrative-usta.icims.com,https://administrative-usta.icims.com/jobs/search?ss=1
USTA National Tennis Center Inc.,icims,careers-ntc.icims.com,https://careers-ntc.icims.com/jobs/search?ss=1
USTA National Tennis Center Inc.,icims,careers-usopen.icims.com,https://careers-usopen.icims.com/jobs/search?ss=1
USTA National Tennis Center Inc.,icims,careers-usta-ny.icims.com,https://careers-usta-ny.icims.com/jobs/search?ss=1
USTA National Tennis Center Inc.,icims,careers-usta.icims.com,https://careers-usta.icims.com/jobs/search?ss=1
USTA National Tennis Center Inc.,icims,courtsandgrounds-usta.icims.com,https://courtsandgrounds-usta.icims.com/jobs/search?ss=1
USTA National Tennis Center Inc.,icims,eventoperations-usta.icims.com,https://eventoperations-usta.icims.com/jobs/search?ss=1
USTA National Tennis Center Inc.,icims,facilityoperations-usopen.icims.com,https://facilityoperations-usopen.icims.com/jobs/search?ss=1
USTA National Tennis Center Inc.,icims,guestexperience-usta.icims.com,https://guestexperience-usta.icims.com/jobs/search?ss=1
USTA National Tennis Center Inc.,icims,internalcandidates-usta.icims.com,https://internalcandidates-usta.icims.com/jobs/search?ss=1
USTA National Tennis Center Inc.,icims,playerexperience-usta.icims.com,https://playerexperience-usta.icims.com/jobs/search?ss=1
USTA National Tennis Center Inc.,icims,yearround-usta.icims.com,https://yearround-usta.icims.com/jobs/search?ss=1
Utah State University,icims,careers-usu.icims.com,https://careers-usu.icims.com/jobs/search?ss=1
Utah State University,icims,internal-usu.icims.com,https://internal-usu.icims.com/jobs/search?ss=1
Utah State University,icims,workforce-usu.icims.com,https://workforce-usu.icims.com/jobs/search?ss=1
UW Credit Union,icims,careers-uwcu.icims.com,https://careers-uwcu.icims.com/jobs/search?ss=1
UW Credit Union,icims,scholarships-uwcu.icims.com,https://scholarships-uwcu.icims.com/jobs/search?ss=1
UWM,icims,careers-unitedshore.icims.com,https://careers-unitedshore.icims.com/jobs/search?ss=1
UWM,icims,careers-uwmcareers.icims.com,https://careers-uwmcareers.icims.com/jobs/search?ss=1
UWM,icims,referral-uwmcareers.icims.com,https://referral-uwmcareers.icims.com/jobs/search?ss=1
V-Nova,icims,careers-v-nova.icims.com,https://careers-v-nova.icims.com/jobs/search?ss=1
Vacancies at B&Q,icims,careers-bandq.icims.com,https://careers-bandq.icims.com/jobs/search?ss=1
Vacancies at B&Q,icims,generalconsideration-bandq.icims.com,https://generalconsideration-bandq.icims.com/jobs/search?ss=1
Vacancies at Bovis Homes,icims,careers-bovishomes.icims.com,https://careers-bovishomes.icims.com/jobs/search?ss=1
Vacancies at Change Grow Live,icims,careers-changegrowlive.icims.com,https://careers-changegrowlive.icims.com/jobs/search?ss=1
Vacancies at Change Grow Live,icims,referrals-changegrowlive.icims.com,https://referrals-changegrowlive.icims.com/jobs/search?ss=1
Vacancies at Change Grow Live,icims,volunteers-changegrowlive.icims.com,https://volunteers-changegrowlive.icims.com/jobs/search?ss=1
Vacancies at Kingfisher,icims,careers-kingfisher2.icims.com,https://careers-kingfisher2.icims.com/jobs/search?ss=1
Vacancies at Linden Homes,icims,careers-lindenhomes.icims.com,https://careers-lindenhomes.icims.com/jobs/search?ss=1
Vacancies at Screwfix,icims,careers-screwfix.icims.com,https://careers-screwfix.icims.com/jobs/search?ss=1
Vacancies at Screwfix,icims,generalconsideration-screwfix.icims.com,https://generalconsideration-screwfix.icims.com/jobs/search?ss=1
Vacancies at Vistry Homes Ltd,icims,careers-vistrygroup.icims.com,https://careers-vistrygroup.icims.com/jobs/search?ss=1
Vacancies at Vistry Homes Ltd,icims,hub-vistrygroup.icims.com,https://hub-vistrygroup.icims.com/jobs/search?ss=1
Vacancies at Vistry Partnerships,icims,careers-vistrypartnerships.icims.com,https://careers-vistrypartnerships.icims.com/jobs/search?ss=1
Vacancies at Walker Morris LLP,icims,careers-walkermorris.icims.com,https://careers-walkermorris.icims.com/jobs/search?ss=1
"Vacatures bij AIT Worldwide Logistics, Inc",icims,belgium-careers-aitworldwide.icims.com,https://belgium-careers-aitworldwide.icims.com/jobs/search?ss=1
Vacatures bij Danone,icims,nlapply-danone.icims.com,https://nlapply-danone.icims.com/jobs/search?ss=1
Vacatures bij FEDNOT,icims,careersnl-fednot.icims.com,https://careersnl-fednot.icims.com/jobs/search?ss=1
Vacatures bij Merlin Entertainments,icims,careers-nl-merlinentertainments.icims.com,https://careers-nl-merlinentertainments.icims.com/jobs/search?ss=1
Vacatures bij Prodware Group,icims,dutch-external-prodwaredag.icims.com,https://dutch-external-prodwaredag.icims.com/jobs/search?ss=1
Vacatures bij Trinseo LLC,icims,du-emeacareers-trinseo.icims.com,https://du-emeacareers-trinseo.icims.com/jobs/search?ss=1
Valet Parking | Ofertas de empleo en Valet Parking,icims,careers-valetcleveland.icims.com,https://careers-valetcleveland.icims.com/jobs/search?ss=1
Valiant Solutions,icims,careers-valiantsolutions.icims.com,https://careers-valiantsolutions.icims.com/jobs/search?ss=1
Valor Healthcare,icims,careerchoice-concentra.icims.com,https://careerchoice-concentra.icims.com/jobs/search?ss=1
Vana Solutions,icims,careers-vanasolutions.icims.com,https://careers-vanasolutions.icims.com/jobs/search?ss=1
Vancouver Coastal Health,icims,careers-vch.icims.com,https://careers-vch.icims.com/jobs/search?ss=1
Vancouver Coastal Health,icims,internal-vch.icims.com,https://internal-vch.icims.com/jobs/search?ss=1
Vantage Airport Group Ltd.,icims,careers-vantageairportgroup.icims.com,https://careers-vantageairportgroup.icims.com/jobs/search?ss=1
Vantage Airport Group Ltd.,icims,laguardiacareers-vantageairportgroup.icims.com,https://laguardiacareers-vantageairportgroup.icims.com/jobs/search?ss=1
Vantage Airport Group Ltd.,icims,uscareers-vantageairportgroup.icims.com,https://uscareers-vantageairportgroup.icims.com/jobs/search?ss=1
Vector Careers Recruiting,icims,jobs-vseducation.icims.com,https://jobs-vseducation.icims.com/jobs/search?ss=1
Vectrus,icims,careers-vectrus.icims.com,https://careers-vectrus.icims.com/jobs/search?ss=1
Vectrus,icims,nonus-vectrus.icims.com,https://nonus-vectrus.icims.com/jobs/search?ss=1
Velocitiservices,icims,careers-velocitiservices.icims.com,https://careers-velocitiservices.icims.com/jobs/search?ss=1
"Velocity Clinical Research, Inc",icims,careers-velocityclinical.icims.com,https://careers-velocityclinical.icims.com/jobs/search?ss=1
Velocity Staff,icims,jobs-velocitystaff.icims.com,https://jobs-velocitystaff.icims.com/jobs/search?ss=1
Velosio,icims,careers-velosio.icims.com,https://careers-velosio.icims.com/jobs/search?ss=1
"Verathon, Inc.",icims,intl-careers-verathon.icims.com,https://intl-careers-verathon.icims.com/jobs/search?ss=1
"Verathon, Inc.",icims,intl-employees-verathon.icims.com,https://intl-employees-verathon.icims.com/jobs/search?ss=1
"Verathon, Inc.",icims,us-careers-verathon.icims.com,https://us-careers-verathon.icims.com/jobs/search?ss=1
"Verathon, Inc.",icims,us-employees-verathon.icims.com,https://us-employees-verathon.icims.com/jobs/search?ss=1
Verbalbeginnings,icims,careers-verbalbeginnings.icims.com,https://careers-verbalbeginnings.icims.com/jobs/search?ss=1
Verge Mobile LLC,icims,careers-vergemobilellc.icims.com,https://careers-vergemobilellc.icims.com/jobs/search?ss=1
Verify,icims,careers-ve.icims.com,https://careers-ve.icims.com/jobs/search?ss=1
Verify,icims,careers-verify.icims.com,https://careers-verify.icims.com/jobs/search?ss=1
Verify,icims,careers-vtr.icims.com,https://careers-vtr.icims.com/jobs/search?ss=1
Verify,icims,careers-vtruk.icims.com,https://careers-vtruk.icims.com/jobs/search?ss=1
"Veros Credit, LLC",icims,careers-veroscredit.icims.com,https://careers-veroscredit.icims.com/jobs/search?ss=1
Versiti,icims,careers-versiti.icims.com,https://careers-versiti.icims.com/jobs/search?ss=1
Versiti,icims,employees-versiti.icims.com,https://employees-versiti.icims.com/jobs/search?ss=1
Vertex,icims,vertexcareers-atriumworks.icims.com,https://vertexcareers-atriumworks.icims.com/jobs/search?ss=1
Vertical Screen/Fieldprint,icims,careers-verticalscreen.icims.com,https://careers-verticalscreen.icims.com/jobs/search?ss=1
Vertical Screen/Fieldprint,icims,fieldprint-verticalscreen.icims.com,https://fieldprint-verticalscreen.icims.com/jobs/search?ss=1
Vetcor,icims,careers-vet.icims.com,https://careers-vet.icims.com/jobs/search?ss=1
Vetcor,icims,careers-vetcor.icims.com,https://careers-vetcor.icims.com/jobs/search?ss=1
Vetcor,icims,careers-vettech.icims.com,https://careers-vettech.icims.com/jobs/search?ss=1
"Veterinary Staffing Solutions, LLC dba IndeVets",icims,hqcareers-indevets.icims.com,https://hqcareers-indevets.icims.com/jobs/search?ss=1
VHB,icims,careers-vhb.icims.com,https://careers-vhb.icims.com/jobs/search?ss=1
VHB,icims,careers2-vhb.icims.com,https://careers2-vhb.icims.com/jobs/search?ss=1
VHC Health,icims,careers-vhchealth.icims.com,https://careers-vhchealth.icims.com/jobs/search?ss=1
VHC Health,icims,careers-virginiahospitalcenter.icims.com,https://careers-virginiahospitalcenter.icims.com/jobs/search?ss=1
Vhchealth,icims,internal-vhchealth.icims.com,https://internal-vhchealth.icims.com/jobs/search?ss=1
ViaPath Technologies,icims,careers-2cworkforcesolutions.icims.com,https://careers-2cworkforcesolutions.icims.com/jobs/search?ss=1
ViaPath Technologies,icims,careers-viapath.icims.com,https://careers-viapath.icims.com/jobs/search?ss=1
Viasat,icims,careers-viasat.icims.com,https://careers-viasat.icims.com/jobs/search?ss=1
Viasat,icims,employees-viasat.icims.com,https://employees-viasat.icims.com/jobs/search?ss=1
"Viasat, Inc.",icims,globalcareers-viasat.icims.com,https://globalcareers-viasat.icims.com/jobs/search?ss=1
Vibrahealthcare,icims,careers-vibrahealthcare.icims.com,https://careers-vibrahealthcare.icims.com/jobs/search?ss=1
Viceroy,icims,externalmanagement-viceroy.icims.com,https://externalmanagement-viceroy.icims.com/jobs/search?ss=1
VIER PFOTEN International- Gemeinnützige Privatstiftung,icims,careers-four-paws.icims.com,https://careers-four-paws.icims.com/jobs/search?ss=1
Vinfen,icims,careers-vinfen.icims.com,https://careers-vinfen.icims.com/jobs/search?ss=1
Virginia Housing,icims,careers-virginiahousing.icims.com,https://careers-virginiahousing.icims.com/jobs/search?ss=1
Virginia Housing,icims,employees-virginiahousing.icims.com,https://employees-virginiahousing.icims.com/jobs/search?ss=1
Vision Innovation Partners,icims,careers-visioninnovation-partners.icims.com,https://careers-visioninnovation-partners.icims.com/jobs/search?ss=1
Vision Technologies Inc.,icims,careers-visiontechnologies.icims.com,https://careers-visiontechnologies.icims.com/jobs/search?ss=1
Vista America,icims,careers-gmjairshuttle.icims.com,https://careers-gmjairshuttle.icims.com/jobs/search?ss=1
Vista America,icims,careers-redwingaviation.icims.com,https://careers-redwingaviation.icims.com/jobs/search?ss=1
Vista America,icims,careers-vistaamerica.icims.com,https://careers-vistaamerica.icims.com/jobs/search?ss=1
Vista America,icims,careers-xojet.icims.com,https://careers-xojet.icims.com/jobs/search?ss=1
"Vista Equity Partners Management, LLC",icims,careers-vistaequitypartners.icims.com,https://careers-vistaequitypartners.icims.com/jobs/search?ss=1
"Vista Equity Partners Management, LLC",icims,careers2-vistaequitypartners.icims.com,https://careers2-vistaequitypartners.icims.com/jobs/search?ss=1
"Vista Equity Partners Management, LLC",icims,careers3-vistaequitypartners.icims.com,https://careers3-vistaequitypartners.icims.com/jobs/search?ss=1
"Vista Equity Partners Management, LLC",icims,internal-vistaequitypartners.icims.com,https://internal-vistaequitypartners.icims.com/jobs/search?ss=1
Vista Global,icims,careers-us-vistaglobal.icims.com,https://careers-us-vistaglobal.icims.com/jobs/search?ss=1
Vista Global,icims,careers-vistaglobal.icims.com,https://careers-vistaglobal.icims.com/jobs/search?ss=1
Vista Global,icims,careers-vistajet.icims.com,https://careers-vistajet.icims.com/jobs/search?ss=1
Vista Global,icims,hub-vistaglobal.icims.com,https://hub-vistaglobal.icims.com/jobs/search?ss=1
Vitamin Shoppe Careers & Employment,icims,careers-supersup.icims.com,https://careers-supersup.icims.com/jobs/search?ss=1
Vitamin Shoppe Careers & Employment,icims,corporatecareers-vitaminshoppe.icims.com,https://corporatecareers-vitaminshoppe.icims.com/jobs/search?ss=1
Vitamin Shoppe Careers & Employment,icims,distributioncentercareers-vitaminshoppe.icims.com,https://distributioncentercareers-vitaminshoppe.icims.com/jobs/search?ss=1
Vitamin Shoppe Careers & Employment,icims,retailcareers-vitaminshoppe.icims.com,https://retailcareers-vitaminshoppe.icims.com/jobs/search?ss=1
VNS Federal Services,icims,jobs-vnsfederalservices.icims.com,https://jobs-vnsfederalservices.icims.com/jobs/search?ss=1
VNS Federal Services,icims,jobs-wastrenadvantage.icims.com,https://jobs-wastrenadvantage.icims.com/jobs/search?ss=1
Vnshealth,icims,careers-vnshealth.icims.com,https://careers-vnshealth.icims.com/jobs/search?ss=1
Volunteer Listings at Altus Hospice,icims,volunteer-altushospice.icims.com,https://volunteer-altushospice.icims.com/jobs/search?ss=1
Volunteer Listings at Brookhaven Hospice,icims,volunteer-brookhavenhospice.icims.com,https://volunteer-brookhavenhospice.icims.com/jobs/search?ss=1
Volunteer Listings at Crescent Hospice,icims,volunteer-crescenthospice.icims.com,https://volunteer-crescenthospice.icims.com/jobs/search?ss=1
Volunteer Listings at Dierksen Hospice,icims,volunteer-dierksenhospice.icims.com,https://volunteer-dierksenhospice.icims.com/jobs/search?ss=1
Volunteer Listings at Frontier Hospice,icims,volunteer-frontierhospice.icims.com,https://volunteer-frontierhospice.icims.com/jobs/search?ss=1
Volunteer Listings at Hearth Hospice,icims,volunteer-hearthhospice.icims.com,https://volunteer-hearthhospice.icims.com/jobs/search?ss=1
Volunteer Listings at Heritage Hospice,icims,volunteer-heritagehospice.icims.com,https://volunteer-heritagehospice.icims.com/jobs/search?ss=1
Volunteer Listings at Holisticare Hospice,icims,volunteer-holisticarehospice.icims.com,https://volunteer-holisticarehospice.icims.com/jobs/search?ss=1
Volunteer Listings at Hospice at Home of Arizona,icims,volunteer-hospicehomeaz.icims.com,https://volunteer-hospicehomeaz.icims.com/jobs/search?ss=1
Volunteer Listings at Hospice of Alabama,icims,volunteer-hospiceofalabama.icims.com,https://volunteer-hospiceofalabama.icims.com/jobs/search?ss=1
Volunteer Listings at Hospice of Chattanooga,icims,volunteer-hospiceofchattanooga.icims.com,https://volunteer-hospiceofchattanooga.icims.com/jobs/search?ss=1
Volunteer Listings at Hospice of Florida,icims,volunteer-hospiceofflorida.icims.com,https://volunteer-hospiceofflorida.icims.com/jobs/search?ss=1
Volunteer Listings at Hospice of New Jersey,icims,volunteer-hospiceofnewjersey.icims.com,https://volunteer-hospiceofnewjersey.icims.com/jobs/search?ss=1
Volunteer Listings at Hospice of New Mexico,icims,volunteer-hospiceofnewmexico.icims.com,https://volunteer-hospiceofnewmexico.icims.com/jobs/search?ss=1
Volunteer Listings at Hospice of North Carolina,icims,volunteer-hospiceofnorthcarolina.icims.com,https://volunteer-hospiceofnorthcarolina.icims.com/jobs/search?ss=1
Volunteer Listings at Hospice of Tennessee,icims,volunteer-hospiceoftennessee.icims.com,https://volunteer-hospiceoftennessee.icims.com/jobs/search?ss=1
Volunteer Listings at Hospice of the South Coast,icims,volunteer-hospiceofthesouthcoast.icims.com,https://volunteer-hospiceofthesouthcoast.icims.com/jobs/search?ss=1
Volunteer Listings at Hospice of the West,icims,volunteer-hospiceofthewest.icims.com,https://volunteer-hospiceofthewest.icims.com/jobs/search?ss=1
Volunteer Listings at Hudson Valley Credit Union,icims,bod-hvcu.icims.com,https://bod-hvcu.icims.com/jobs/search?ss=1
Volunteer Listings at JerseySTEM,icims,volunteers-jerseystem.icims.com,https://volunteers-jerseystem.icims.com/jobs/search?ss=1
Volunteer Listings at Legacy Hospice,icims,volunteer-legacyhospice.icims.com,https://volunteer-legacyhospice.icims.com/jobs/search?ss=1
Volunteer Listings at Lighthouse Hospice,icims,volunteer-lighthousehospice.icims.com,https://volunteer-lighthousehospice.icims.com/jobs/search?ss=1
Volunteer Listings at Sanctuary Hospice,icims,volunteer-sanctuaryhospice.icims.com,https://volunteer-sanctuaryhospice.icims.com/jobs/search?ss=1
Volunteer Listings at Sanctuary Hospice,icims,volunteer-sanctuaryhospiceoh.icims.com,https://volunteer-sanctuaryhospiceoh.icims.com/jobs/search?ss=1
Volunteer Listings at Think Together,icims,volunteers-thinktogether.icims.com,https://volunteers-thinktogether.icims.com/jobs/search?ss=1
Volunteer Opportunities at Alpha Omega Hospice,icims,volunteer-alphaomegahospice.icims.com,https://volunteer-alphaomegahospice.icims.com/jobs/search?ss=1
Volunteer Opportunities at America First Credit Union,icims,volunteers-americafirst.icims.com,https://volunteers-americafirst.icims.com/jobs/search?ss=1
Volunteer Opportunities at Continuum Hospice,icims,volunteer-continuumhospice.icims.com,https://volunteer-continuumhospice.icims.com/jobs/search?ss=1
Volunteer Programs Listings at Garnet Health,icims,ghvolunteers-garnethealth.icims.com,https://ghvolunteers-garnethealth.icims.com/jobs/search?ss=1
"Volunteers of America NCNN, Inc.",icims,careers-voancnn.icims.com,https://careers-voancnn.icims.com/jobs/search?ss=1
"VP, INC",icims,jobs-veteransprime.icims.com,https://jobs-veteransprime.icims.com/jobs/search?ss=1
Vtgdefense,icims,careers-vtgdefense.icims.com,https://careers-vtgdefense.icims.com/jobs/search?ss=1
VTS Cyber,icims,careers-vtscyber.icims.com,https://careers-vtscyber.icims.com/jobs/search?ss=1
"Vytalogy Wellness, LLC",icims,careers-natrol-llc.icims.com,https://careers-natrol-llc.icims.com/jobs/search?ss=1
"Vytalogy Wellness, LLC",icims,jarrowcareers-natrol-llc.icims.com,https://jarrowcareers-natrol-llc.icims.com/jobs/search?ss=1
WaFd Bank,icims,careers-wafd.icims.com,https://careers-wafd.icims.com/jobs/search?ss=1
Waiward Steel LP,icims,jobs-waiward.icims.com,https://jobs-waiward.icims.com/jobs/search?ss=1
Wake County Public Schools,icims,careers-wcpss.icims.com,https://careers-wcpss.icims.com/jobs/search?ss=1
Wakely,icims,careers-wakely.icims.com,https://careers-wakely.icims.com/jobs/search?ss=1
Wakemed,icims,careers-wakemed.icims.com,https://careers-wakemed.icims.com/jobs/search?ss=1
WakeMed Health & Hospitals,icims,employees-wakemed.icims.com,https://employees-wakemed.icims.com/jobs/search?ss=1
Walker SCM,icims,careers-walkerscm.icims.com,https://careers-walkerscm.icims.com/jobs/search?ss=1
Wallenius Wilhelmsen Group of Companies,icims,arc-2wglobal.icims.com,https://arc-2wglobal.icims.com/jobs/search?ss=1
Wallenius Wilhelmsen Group of Companies,icims,becareers-2wglobal.icims.com,https://becareers-2wglobal.icims.com/jobs/search?ss=1
Walter Danley,icims,careers-danley911.icims.com,https://careers-danley911.icims.com/jobs/search?ss=1
Walter P Moore,icims,careers-walterpmoore.icims.com,https://careers-walterpmoore.icims.com/jobs/search?ss=1
WarHorse Casino,icims,careers-warhorsecasino.icims.com,https://careers-warhorsecasino.icims.com/jobs/search?ss=1
Warren Henry Auto Group,icims,careers-warrenhenryauto.icims.com,https://careers-warrenhenryauto.icims.com/jobs/search?ss=1
Warren Henry Auto Group,icims,hub-warrenhenryauto.icims.com,https://hub-warrenhenryauto.icims.com/jobs/search?ss=1
WATCH GUARD 247,icims,careers-watchguard247.icims.com,https://careers-watchguard247.icims.com/jobs/search?ss=1
Waters Corporation,icims,globalcareers-waters.icims.com,https://globalcareers-waters.icims.com/jobs/search?ss=1
Waters Corporation,icims,internalcareers-waters.icims.com,https://internalcareers-waters.icims.com/jobs/search?ss=1
Waters Corporation,icims,internationalcareers-waters.icims.com,https://internationalcareers-waters.icims.com/jobs/search?ss=1
Waters Corporation,icims,tacareers-waters.icims.com,https://tacareers-waters.icims.com/jobs/search?ss=1
Waters Corporation,icims,uscareers-waters.icims.com,https://uscareers-waters.icims.com/jobs/search?ss=1
Waterway Gas & Wash Company,icims,careers-waterway.icims.com,https://careers-waterway.icims.com/jobs/search?ss=1
Waterway Gas & Wash Company,icims,hourly-careers-waterway.icims.com,https://hourly-careers-waterway.icims.com/jobs/search?ss=1
WD-40,icims,aucareers-wd40company.icims.com,https://aucareers-wd40company.icims.com/jobs/search?ss=1
WD-40,icims,careers-wd40company.icims.com,https://careers-wd40company.icims.com/jobs/search?ss=1
WD-40,icims,chinacareers-wd40company.icims.com,https://chinacareers-wd40company.icims.com/jobs/search?ss=1
WD-40,icims,frcareers-wd40company.icims.com,https://frcareers-wd40company.icims.com/jobs/search?ss=1
WD-40,icims,germancareers-wd40company.icims.com,https://germancareers-wd40company.icims.com/jobs/search?ss=1
WD-40,icims,hub-wd40company.icims.com,https://hub-wd40company.icims.com/jobs/search?ss=1
WD-40,icims,italycareers-wd40company.icims.com,https://italycareers-wd40company.icims.com/jobs/search?ss=1
WD-40,icims,netherlandscareers-wd40company.icims.com,https://netherlandscareers-wd40company.icims.com/jobs/search?ss=1
WD-40,icims,portugalcareers-wd40company.icims.com,https://portugalcareers-wd40company.icims.com/jobs/search?ss=1
WD-40,icims,spaincareers-wd40company.icims.com,https://spaincareers-wd40company.icims.com/jobs/search?ss=1
WD-40,icims,ukcareers-wd40company.icims.com,https://ukcareers-wd40company.icims.com/jobs/search?ss=1
Welcome to ALS,icims,external-als.icims.com,https://external-als.icims.com/jobs/search?ss=1
Welcome to the Lithia Motors Talent Network,icims,careers-dch.icims.com,https://careers-dch.icims.com/jobs/search?ss=1
Welcome to the Lithia Motors Talent Network,icims,careers-lithia.icims.com,https://careers-lithia.icims.com/jobs/search?ss=1
Welcome to the Lithia Motors Talent Network,icims,welcome-lithia.icims.com,https://welcome-lithia.icims.com/jobs/search?ss=1
Wellbe Senior Medical,icims,careers-wellbeseniormedical.icims.com,https://careers-wellbeseniormedical.icims.com/jobs/search?ss=1
"WellBiz Brands, Inc.",icims,jobs-wellbizbrands.icims.com,https://jobs-wellbizbrands.icims.com/jobs/search?ss=1
Wellington Steele and Associates,icims,careers-wellingtonsteele.icims.com,https://careers-wellingtonsteele.icims.com/jobs/search?ss=1
Wellpath,icims,careers-correctcaresolutions.icims.com,https://careers-correctcaresolutions.icims.com/jobs/search?ss=1
Wellpath,icims,careers-recoverysolutions.icims.com,https://careers-recoverysolutions.icims.com/jobs/search?ss=1
Wellpath,icims,careers-wellpath.icims.com,https://careers-wellpath.icims.com/jobs/search?ss=1
Wellpath,icims,internal-wellpath.icims.com,https://internal-wellpath.icims.com/jobs/search?ss=1
Wellpath,icims,transitions-wellpath.icims.com,https://transitions-wellpath.icims.com/jobs/search?ss=1
Welzig Heating and Air,icims,careers-welzigheatingandair.icims.com,https://careers-welzigheatingandair.icims.com/jobs/search?ss=1
Wendys,icims,canadajobs-wendys.icims.com,https://canadajobs-wendys.icims.com/jobs/search?ss=1
Wendys,icims,corporatejobs-wendys.icims.com,https://corporatejobs-wendys.icims.com/jobs/search?ss=1
Wendys,icims,restaurantmanagementjobs-wendys.icims.com,https://restaurantmanagementjobs-wendys.icims.com/jobs/search?ss=1
Werfen,icims,careers-instrumentationlaboratory.icims.com,https://careers-instrumentationlaboratory.icims.com/jobs/search?ss=1
Werfen,icims,careers-werfen.icims.com,https://careers-werfen.icims.com/jobs/search?ss=1
Wertheim,icims,careers-wertheim.icims.com,https://careers-wertheim.icims.com/jobs/search?ss=1
Wesleyan,icims,careers-wesleyan.icims.com,https://careers-wesleyan.icims.com/jobs/search?ss=1
West Bend,icims,careers-thesilverlining.icims.com,https://careers-thesilverlining.icims.com/jobs/search?ss=1
"West Coast University, Inc",icims,careers-americancareercollege.icims.com,https://careers-americancareercollege.icims.com/jobs/search?ss=1
"West Coast University, Inc",icims,careers-westcoastuniversity.icims.com,https://careers-westcoastuniversity.icims.com/jobs/search?ss=1
Western & Southern Financial Group,icims,careers-westernsouthern.icims.com,https://careers-westernsouthern.icims.com/jobs/search?ss=1
Western & Southern Financial Group,icims,managementcareers-westernsouthern.icims.com,https://managementcareers-westernsouthern.icims.com/jobs/search?ss=1
Western & Southern Financial Group,icims,operationcareers-westernsouthern.icims.com,https://operationcareers-westernsouthern.icims.com/jobs/search?ss=1
Western & Southern Financial Group,icims,salescareers-westernsouthern.icims.com,https://salescareers-westernsouthern.icims.com/jobs/search?ss=1
Western Berks Physical Therapy,icims,careers-westernberkspt.icims.com,https://careers-westernberkspt.icims.com/jobs/search?ss=1
Western Dental,icims,brident-westerndental.icims.com,https://brident-westerndental.icims.com/jobs/search?ss=1
Western Dental,icims,careers-sonrava.icims.com,https://careers-sonrava.icims.com/jobs/search?ss=1
Western Dental,icims,careers-westerndental.icims.com,https://careers-westerndental.icims.com/jobs/search?ss=1
Western Dental,icims,vitalsmiles-westerndental.icims.com,https://vitalsmiles-westerndental.icims.com/jobs/search?ss=1
Western Milling,icims,careers-perfectionpetfoods.icims.com,https://careers-perfectionpetfoods.icims.com/jobs/search?ss=1
Western Milling,icims,careers-viseriongrain.icims.com,https://careers-viseriongrain.icims.com/jobs/search?ss=1
Western Milling,icims,careers-westernmilling.icims.com,https://careers-westernmilling.icims.com/jobs/search?ss=1
Western New York,icims,apply-westernnewyork.icims.com,https://apply-westernnewyork.icims.com/jobs/search?ss=1
"Westwood Professional Services, Inc.",icims,careers-westwoodps.icims.com,https://careers-westwoodps.icims.com/jobs/search?ss=1
WGI,icims,careers-wginc.icims.com,https://careers-wginc.icims.com/jobs/search?ss=1
WGI,icims,internship-wginc.icims.com,https://internship-wginc.icims.com/jobs/search?ss=1
Whalen & Ives,icims,careers-whalenives.icims.com,https://careers-whalenives.icims.com/jobs/search?ss=1
Wheels Up Partners LLC,icims,careers-airpartner.icims.com,https://careers-airpartner.icims.com/jobs/search?ss=1
Wheels Up Partners LLC,icims,careers-wheelsup.icims.com,https://careers-wheelsup.icims.com/jobs/search?ss=1
Wheels Up Partners LLC,icims,pilotpositions-wheelsup.icims.com,https://pilotpositions-wheelsup.icims.com/jobs/search?ss=1
Wheels Up Partners LLC,icims,tmcjets-wheelsup.icims.com,https://tmcjets-wheelsup.icims.com/jobs/search?ss=1
Whipple Service Champions,icims,careers-whippleservicechampions.icims.com,https://careers-whippleservicechampions.icims.com/jobs/search?ss=1
"Wieland North America, Inc.",icims,careers-chasebrass.icims.com,https://careers-chasebrass.icims.com/jobs/search?ss=1
Willard Heating and Cooling,icims,careers-willardac.icims.com,https://careers-willardac.icims.com/jobs/search?ss=1
Willkie Farr & Gallagher LLP,icims,confidential-willkie.icims.com,https://confidential-willkie.icims.com/jobs/search?ss=1
Willkie Farr & Gallagher LLP,icims,jobs-willkie.icims.com,https://jobs-willkie.icims.com/jobs/search?ss=1
Willkie Farr & Gallagher LLP,icims,uscareers-willkie.icims.com,https://uscareers-willkie.icims.com/jobs/search?ss=1
Willow Bridge,icims,internal-lincolnapts2.icims.com,https://internal-lincolnapts2.icims.com/jobs/search?ss=1
Willow Valley,icims,careers-willowvalleycommunities.icims.com,https://careers-willowvalleycommunities.icims.com/jobs/search?ss=1
Wilmington Air,icims,careers-wilmingtonair.icims.com,https://careers-wilmingtonair.icims.com/jobs/search?ss=1
Wilmington Plc,icims,careers-wilmingtonplc.icims.com,https://careers-wilmingtonplc.icims.com/jobs/search?ss=1
WinShape Foundation,icims,careers-winshape.icims.com,https://careers-winshape.icims.com/jobs/search?ss=1
"WISC Enterprises, LLC",icims,careers-wiscenterprises.icims.com,https://careers-wiscenterprises.icims.com/jobs/search?ss=1
Wisconsin Foundation and Alumni Association,icims,internal-supportuw.icims.com,https://internal-supportuw.icims.com/jobs/search?ss=1
Wisconsin Regional Fire Department Hiring | Search for Fire Department Jobs in Wisconsin,icims,firefighter-cvtc.icims.com,https://firefighter-cvtc.icims.com/jobs/search?ss=1
"Wisenbaker Builder Services, Inc.",icims,careers-buildon.icims.com,https://careers-buildon.icims.com/jobs/search?ss=1
"Wisenbaker Builder Services, Inc.",icims,careers-wbs.icims.com,https://careers-wbs.icims.com/jobs/search?ss=1
Wisinternational,icims,careersenglish-wisinternational.icims.com,https://careersenglish-wisinternational.icims.com/jobs/search?ss=1
Wisinternational,icims,uscareers-wisinternational.icims.com,https://uscareers-wisinternational.icims.com/jobs/search?ss=1
WMU Homer Stryker MD School of Medicine,icims,careers-wmich.icims.com,https://careers-wmich.icims.com/jobs/search?ss=1
WMU Homer Stryker MD School of Medicine,icims,internal-wmich.icims.com,https://internal-wmich.icims.com/jobs/search?ss=1
WOOD Consulting Services,icims,jobs-woodcons.icims.com,https://jobs-woodcons.icims.com/jobs/search?ss=1
Woodsservices,icims,careers-woodsservices.icims.com,https://careers-woodsservices.icims.com/jobs/search?ss=1
Workforce Opportunity Services,icims,careers-wforce.icims.com,https://careers-wforce.icims.com/jobs/search?ss=1
Working With Us: Become a Part of the Team | Icon,icims,careers-iconid.icims.com,https://careers-iconid.icims.com/jobs/search?ss=1
Working With Us: Become a Part of the Team | Icon,icims,careers-stratus.icims.com,https://careers-stratus.icims.com/jobs/search?ss=1
Workingatbooking,icims,careers-holdings-workingatbooking.icims.com,https://careers-holdings-workingatbooking.icims.com/jobs/search?ss=1
Workingatbooking,icims,external-workingatbooking.icims.com,https://external-workingatbooking.icims.com/jobs/search?ss=1
Worldpac,icims,globalcareers-worldpac.icims.com,https://globalcareers-worldpac.icims.com/jobs/search?ss=1
Worldpac,icims,uscareers-worldpac.icims.com,https://uscareers-worldpac.icims.com/jobs/search?ss=1
Wrench Group,icims,careers-boothes.icims.com,https://careers-boothes.icims.com/jobs/search?ss=1
Wrench Group,icims,careers-collinscomfort.icims.com,https://careers-collinscomfort.icims.com/jobs/search?ss=1
Wrench Group,icims,careers-comfortwave.icims.com,https://careers-comfortwave.icims.com/jobs/search?ss=1
Wrench Group,icims,careers-coolray.icims.com,https://careers-coolray.icims.com/jobs/search?ss=1
Wrench Group,icims,careers-cooltoday.icims.com,https://careers-cooltoday.icims.com/jobs/search?ss=1
Wrench Group,icims,careers-jarboes.icims.com,https://careers-jarboes.icims.com/jobs/search?ss=1
Wrench Group,icims,careers-mrplumberatlanta.icims.com,https://careers-mrplumberatlanta.icims.com/jobs/search?ss=1
Wrench Group,icims,careers-mrplumberindy.icims.com,https://careers-mrplumberindy.icims.com/jobs/search?ss=1
Wrench Group,icims,careers-parkerandsons.icims.com,https://careers-parkerandsons.icims.com/jobs/search?ss=1
Wrench Group,icims,careers-ragsdaleair.icims.com,https://careers-ragsdaleair.icims.com/jobs/search?ss=1
Wrench Group,icims,careers-servicechampions.icims.com,https://careers-servicechampions.icims.com/jobs/search?ss=1
Wrench Group,icims,careers-thomasgalbraith.icims.com,https://careers-thomasgalbraith.icims.com/jobs/search?ss=1
Wrench Group,icims,careers-williamscomfortair.icims.com,https://careers-williamscomfortair.icims.com/jobs/search?ss=1
Wrench Group,icims,careers-wrenchgroup.icims.com,https://careers-wrenchgroup.icims.com/jobs/search?ss=1
"WRH Realty Services, Inc.",icims,careers-wrhrealty.icims.com,https://careers-wrhrealty.icims.com/jobs/search?ss=1
Wtca,icims,careers-wtca.icims.com,https://careers-wtca.icims.com/jobs/search?ss=1
WuXi AppTec,icims,careers-oxgene.icims.com,https://careers-oxgene.icims.com/jobs/search?ss=1
WuXi AppTec,icims,careers-stapharma.icims.com,https://careers-stapharma.icims.com/jobs/search?ss=1
WuXi AppTec,icims,careers-wuxiapptec.icims.com,https://careers-wuxiapptec.icims.com/jobs/search?ss=1
WuXi AppTec,icims,careers-wuxichemistry.icims.com,https://careers-wuxichemistry.icims.com/jobs/search?ss=1
WuXi AppTec,icims,eucareers-wuxiapptec.icims.com,https://eucareers-wuxiapptec.icims.com/jobs/search?ss=1
WuXi AppTec,icims,ukcareers-wuxiapptec.icims.com,https://ukcareers-wuxiapptec.icims.com/jobs/search?ss=1
Wwclyde,icims,careers-wwclyde.icims.com,https://careers-wwclyde.icims.com/jobs/search?ss=1
WWF US,icims,careers-wwfus.icims.com,https://careers-wwfus.icims.com/jobs/search?ss=1
Xactlycorp,icims,careers-xactlycorp.icims.com,https://careers-xactlycorp.icims.com/jobs/search?ss=1
Xanterra,icims,apply-xanterra.icims.com,https://apply-xanterra.icims.com/jobs/search?ss=1
Xanterra,icims,careers-xanterra.icims.com,https://careers-xanterra.icims.com/jobs/search?ss=1
"Xanterra Parks & Resorts, Inc.",icims,internal-xanterra.icims.com,https://internal-xanterra.icims.com/jobs/search?ss=1
Xcel Physical Therapy,icims,careers-xcelphysicaltherapy.icims.com,https://careers-xcelphysicaltherapy.icims.com/jobs/search?ss=1
"Xeris Pharmaceuticals, Inc.",icims,careers-xerispharma.icims.com,https://careers-xerispharma.icims.com/jobs/search?ss=1
Xpress Global Systems,icims,careers-xpressglobalsystems.icims.com,https://careers-xpressglobalsystems.icims.com/jobs/search?ss=1
Yamaha Motor Manufacturing,icims,careers-ymmc.icims.com,https://careers-ymmc.icims.com/jobs/search?ss=1
"Yelp, Inc.",icims,cancareers-yelp.icims.com,https://cancareers-yelp.icims.com/jobs/search?ss=1
"Yelp, Inc.",icims,globalcareers-yelp.icims.com,https://globalcareers-yelp.icims.com/jobs/search?ss=1
"Yelp, Inc.",icims,uscareers-yelp.icims.com,https://uscareers-yelp.icims.com/jobs/search?ss=1
Yeshiva,icims,einsteincareers-yeshiva.icims.com,https://einsteincareers-yeshiva.icims.com/jobs/search?ss=1
YMCA of Catawba Valley,icims,careers-catawba-ymca.icims.com,https://careers-catawba-ymca.icims.com/jobs/search?ss=1
YMCA of Central New Mexico,icims,careers-centralnm-ymca.icims.com,https://careers-centralnm-ymca.icims.com/jobs/search?ss=1
YMCA of Greater Monmouth County,icims,full-time-cymca.icims.com,https://full-time-cymca.icims.com/jobs/search?ss=1
YMCA of Greater Monmouth County,icims,full-time-ymcanj.icims.com,https://full-time-ymcanj.icims.com/jobs/search?ss=1
YMCA of Greater Monmouth County,icims,part-time-cymca.icims.com,https://part-time-cymca.icims.com/jobs/search?ss=1
YMCA of Greater Monmouth County,icims,part-time-ymcanj.icims.com,https://part-time-ymcanj.icims.com/jobs/search?ss=1
YMCA of Greenville,icims,careers-ymcagreenville.icims.com,https://careers-ymcagreenville.icims.com/jobs/search?ss=1
YMCA of Kingston & Ulster County,icims,careers-kingstonulster-ymca.icims.com,https://careers-kingstonulster-ymca.icims.com/jobs/search?ss=1
YMCA of Northern Colorado,icims,careers-northerncolorado-ymca.icims.com,https://careers-northerncolorado-ymca.icims.com/jobs/search?ss=1
YMCA of Northern Utah,icims,careers-northernutah-ymca.icims.com,https://careers-northernutah-ymca.icims.com/jobs/search?ss=1
YMCA of Pikes Peak,icims,careers-pikespeak-ymca.icims.com,https://careers-pikespeak-ymca.icims.com/jobs/search?ss=1
YMCA of Pueblo,icims,careers-pueblo-ymca.icims.com,https://careers-pueblo-ymca.icims.com/jobs/search?ss=1
YMCA of San Diego County,icims,careers-ymcasd.icims.com,https://careers-ymcasd.icims.com/jobs/search?ss=1
YMCA of Southern Maine,icims,careers-southernmaine-ymca.icims.com,https://careers-southernmaine-ymca.icims.com/jobs/search?ss=1
YMCA of Superior,icims,careers-superior-ymca.icims.com,https://careers-superior-ymca.icims.com/jobs/search?ss=1
YMCA of the Pines,icims,careers-pines-ymca.icims.com,https://careers-pines-ymca.icims.com/jobs/search?ss=1
YMCA of the USA,icims,careers-yusa-ymca.icims.com,https://careers-yusa-ymca.icims.com/jobs/search?ss=1
Ynhhs,icims,external-ynhhs.icims.com,https://external-ynhhs.icims.com/jobs/search?ss=1
Ynhhs,icims,internal-ynhhs.icims.com,https://internal-ynhhs.icims.com/jobs/search?ss=1
Ynvgroup,icims,careers-ynvgroup.icims.com,https://careers-ynvgroup.icims.com/jobs/search?ss=1
Yokohama Tire,icims,careers-yokohamatire.icims.com,https://careers-yokohamatire.icims.com/jobs/search?ss=1
"Your Part-Time Controller, LLC",icims,careers-yptc.icims.com,https://careers-yptc.icims.com/jobs/search?ss=1
Youth Villages,icims,careers-youthvillages.icims.com,https://careers-youthvillages.icims.com/jobs/search?ss=1
Youth Villages,icims,internal-youthvillages.icims.com,https://internal-youthvillages.icims.com/jobs/search?ss=1
Yugo,icims,careers-yugo.icims.com,https://careers-yugo.icims.com/jobs/search?ss=1
Yusen Logistics (Americas) Inc.,icims,careers-yusen-logistics.icims.com,https://careers-yusen-logistics.icims.com/jobs/search?ss=1
Yusen Logistics (Americas) Inc.,icims,dot-yusen-logistics.icims.com,https://dot-yusen-logistics.icims.com/jobs/search?ss=1
Zebra,icims,apac-zebra.icims.com,https://apac-zebra.icims.com/jobs/search?ss=1
Zebra,icims,canada-zebra.icims.com,https://canada-zebra.icims.com/jobs/search?ss=1
Zebra,icims,early-careers-zebra.icims.com,https://early-careers-zebra.icims.com/jobs/search?ss=1
Zebra,icims,emea-zebra.icims.com,https://emea-zebra.icims.com/jobs/search?ss=1
Zebra,icims,intranet-zebra.icims.com,https://intranet-zebra.icims.com/jobs/search?ss=1
Zebra,icims,jobs-zebra.icims.com,https://jobs-zebra.icims.com/jobs/search?ss=1
Zebra,icims,latinam-canada-zebra.icims.com,https://latinam-canada-zebra.icims.com/jobs/search?ss=1
"ZemiTek, LLC",icims,careers-zemitek.icims.com,https://careers-zemitek.icims.com/jobs/search?ss=1
"ZemiTek, LLC",icims,zemitek-afritss.icims.com,https://zemitek-afritss.icims.com/jobs/search?ss=1
Zenimax,icims,careers-zenimax.icims.com,https://careers-zenimax.icims.com/jobs/search?ss=1
Zenith Insurance Company,icims,career-opportunities-thezenith.icims.com,https://career-opportunities-thezenith.icims.com/jobs/search?ss=1
Zertus UK & Ireland,icims,careers-zertusuk.icims.com,https://careers-zertusuk.icims.com/jobs/search?ss=1
ZOLL - ZOLL Medical Corporation,icims,careers-zoll.icims.com,https://careers-zoll.icims.com/jobs/search?ss=1
Zs,icims,careers-zs.icims.com,https://careers-zs.icims.com/jobs/search?ss=1
Zs,icims,incareers-zs.icims.com,https://incareers-zs.icims.com/jobs/search?ss=1
Zs,icims,sgcareers-zs.icims.com,https://sgcareers-zs.icims.com/jobs/search?ss=1
Списки вакансій у Danone,icims,ukapply-danone.icims.com,https://ukapply-danone.icims.com/jobs/search?ss=1
רשימת משרות,icims,hebrewcareers-pepsico.icims.com,https://hebrewcareers-pepsico.icims.com/jobs/search?ss=1
